word,row,synset_name,phrase
a-list,0,a-list.n.01,the boss gave me his <t>A-list</t> of people we should try to recruit
a_bit,1,a_bit.r.01,it's <t>a bit</t> warm
a_cappella,2,a_cappella.s.01,they sang an <t>a cappella</t> Mass
a_few,3,a_few.s.01,<t>a few</t> roses
a_great_deal,4,a_lot.r.01,this would help <t>a great deal</t>
a_little,5,a_bit.r.01,felt <t>a little</t> better
a_lot,6,a_lot.r.01,I feel <t>a lot</t> better
a_posteriori,7,a_posteriori.a.01,<t>a posteriori</t> demonstration
a_priori,8,a_priori.a.01,an <t>a priori</t> judgment
a_trifle,9,a_bit.r.01,<t>a trifle</t> smaller
aback,10,aback.r.01,the ship came up into the wind with all yards <t>aback</t>
abaft,11,aft.r.01,ships with square sails sail fairly efficiently with the wind <t>abaft</t>
abandon,12,abandon.n.01,she danced with <t>abandon</t>
abandoned,13,abandon.v.01,We <t>abandoned</t> the old car in the empty parking lot
abasement,14,abasement.n.01,each confession brought her into an attitude of <t>abasement</t>
abdicated,15,abdicate.v.01,The King <t>abdicated</t> when he married a divorcee
abhorrent,16,abhorrent.s.01,an <t>abhorrent</t> deed
abhors,17,abhor.v.01,She <t>abhors</t> cats
abject,18,abject.s.01,<t>abject</t> cowardice
abjured,19,abjure.v.01,She <t>abjured</t> her beliefs
ablaze,20,ablaze.s.01,his face all <t>ablaze</t> with excitement
able,21,able.a.01,<t>able</t> to swim
able-bodied,22,able.s.03,every <t>able-bodied</t> young man served in the army
abnegation,23,abnegation.n.01,<t>abnegation</t> of the Holy Trinity
abnormal,24,abnormal.a.01,<t>abnormal</t> powers of concentration
abnormally,25,abnormally.r.01,they were behaving <t>abnormally</t>
abolition,26,abolition.n.01,the <t>abolition</t> of capital punishment
abominable,27,abominable.s.01,<t>abominable</t> treatment of prisoners
abort,28,abort.n.01,I wasted a year of my life working on an <t>abort</t>
abortive,29,abortive.s.01,an <t>abortive</t> revolt
about,30,about.s.01,up and <t>about</t>
above,31,above.n.01,for instructions refer to the <t>above</t>
above_all,32,above_all.r.01,"<t>above all</t>, you must be independent"
abraham,33,abraham.n.01,"Judaism, Christianity, and Islam each has a special claim on <t>Abraham</t>"
abreast,34,abreast.s.01,kept <t>abreast</t> of the latest developments
abroad,35,abroad.s.01,markets <t>abroad</t>
abrupt,36,abrupt.s.01,<t>abrupt</t> prose
absconded,37,abscond.v.01,the accountant <t>absconded</t> with the cash from the safe
absence,38,absence.n.01,he was surprised by the <t>absence</t> of any explanation
absolute,39,absolute.n.01,no mortal being can influence the <t>absolute</t>
absolutely,40,absolutely.r.01,an <t>absolutely</t> magnificent painting
absolved,41,shrive.v.01,The priest <t>absolved</t> him and told him to say ten Hail Mary's
absorb,42,absorb.v.01,"The liquids, light, and gases <t>absorb</t>"
abstemious,43,abstemious.a.01,"the pleasures of the table, never of much consequence to one naturally <t>abstemious</t>"
abstract,44,abstraction.n.01,he loved her only in the <t>abstract</t>--not in person
abstruse,45,abstruse.s.01,the professor's lectures were so <t>abstruse</t> that students tended to avoid them
absurd,46,absurd.n.01,The <t>absurd</t> is the essential concept and the first truth
absurdly,47,absurdly.r.01,an <t>absurdly</t> rich young woman
abundance,48,abundance.n.01,an age of <t>abundance</t>
abundant,49,abundant.a.01,an <t>abundant</t> supply of water
abundantly,50,abundantly.r.01,they were <t>abundantly</t> supplied with food
abuse,51,maltreatment.n.01,the child showed signs of physical <t>abuse</t>
abusively,52,abusively.r.01,he behaved <t>abusively</t> toward his children
abuzz,53,abuzz.s.01,the room was <t>abuzz</t> over the latest scandal
abysmal,54,abysmal.s.01,<t>abysmal</t> misery
accelerated,55,accelerate.v.01,The car <t>accelerated</t>
accent,56,accent.n.01,he couldn't suppress his contemptuous <t>accent</t>
accept,57,accept.v.01,I cannot <t>accept</t> the dogma of this church
acceptable,58,acceptable.a.01,<t>acceptable</t> levels of radiation
acceptance,59,credence.n.01,<t>acceptance</t> of Newtonian mechanics was unquestioned for 200 years
acceptant,60,acceptive.s.01,an <t>acceptant</t> type of mind
accessible,61,accessible.a.01,a town <t>accessible</t> by rail
accidentally,62,by_chance.r.03,they met <t>accidentally</t>
acclaim,63,acclaim.n.01,the book met with modest <t>acclaim</t>
acclimatized,64,acclimatize.v.01,They never <t>acclimatized</t> in Egypt
accompanied,65,attach_to.v.01,heart attacks are <t>accompanied</t> by distruction of heart tissue
accordant,66,accordant.a.01,a place perfectly <t>accordant</t> with man's nature
accordingly,67,consequently.r.01,continued to have severe headaches and <t>accordingly</t> returned to the doctor
account,68,history.n.02,he gave an inaccurate <t>account</t> of the plot to kill the president
accounting,69,accounting.n.01,he was unable to give a clear <t>accounting</t> for his actions
accrues,70,accrue.v.01,The interest <t>accrues</t>
accumulating,71,roll_up.v.02,I am <t>accumulating</t> evidence for the man's unfaithfulness to his wife
accuracy,72,accuracy.n.01,he was beginning to doubt the <t>accuracy</t> of his compass
accurate,73,accurate.a.01,an <t>accurate</t> reproduction
accurately,74,accurately.r.01,he works very <t>accurately</t>
acervate,75,acervate.a.01,<t>acervate</t> fungous sporophores
achieved,76,achieve.v.01,she <t>achieved</t> her goal despite setbacks
achy,77,aching.s.01,her old <t>achy</t> joints
acknowledged,78,admit.v.01,She <t>acknowledged</t> that she might have forgotten
acknowledgement,79,recognition.n.01,she seems to avoid much in the way of recognition or <t>acknowledgement</t> of feminist work prior to her own
acme,80,acme.n.01,his landscapes were deemed the <t>acme</t> of beauty
acquaint,81,introduce.v.01,permit me to <t>acquaint</t> you with my son
acquired,82,get.v.01,They <t>acquired</t> a new pet
acquisition,83,acquisition.n.01,the <t>acquisition</t> of wealth
acquisitive,84,acquisitive.a.01,an <t>acquisitive</t> mind
acreage,85,acreage.n.01,he wanted some <t>acreage</t> to build on
acrid,86,pungent.s.01,the <t>acrid</t> smell of burning rubber
acrimonious,87,acrimonious.s.01,an <t>acrimonious</t> dispute
acrobatic,88,acrobatic.s.01,an <t>acrobatic</t> dance
across,89,across.r.01,the football field was 300 feet <t>across</t>
across-the-board,90,across-the-board.s.01,<t>across-the-board</t> pay increases
across_the_board,91,across_the_board.r.01,we got a pay raise <t>across the board</t>
act_as,92,act_as.v.01,This heap of stones will <t>act as</t> a barrier
act_on,93,pursue.v.04,Can you <t>act on</t> this matter soon?
acted,94,act.v.01,The nanny <t>acted</t> quickly by grabbing the toddler and covering him with a wet towel
actions,95,action.n.01,there were stories of murders and other unnatural <t>actions</t>
activity,96,activity.n.01,they avoided all recreational <t>activity</t>
actual,97,actual.a.01,the predicted temperature and the <t>actual</t> temperature were markedly different
actuality,98,actuality.n.01,a hope that progressed from possibility to <t>actuality</t>
actually,99,actually.r.01,to be nominally but not <t>actually</t> independent
actuate,100,trip.v.04,<t>actuate</t> the circuits
aculeate,101,aculeate.a.01,<t>aculeate</t> insects such as bees and wasps
acutely,102,acutely.r.01,she pitied her sister <t>acutely</t>
acuteness,103,acuteness.n.01,dogs have a remarkable <t>acuteness</t> of smell
ad-libs,104,ad-lib.n.01,his <t>ad-libs</t> got him in trouble with the politicians
ad_hoc,105,ad_hoc.s.01,an <t>ad hoc</t> committee meeting
ad_hominem,106,ad_hominem.s.01,<t>ad hominem</t> arguments
ad_infinitum,107,ad_infinitum.r.01,talked on and on <t>ad infinitum</t>
ad_interim,108,ad_interim.r.01,elected to serve <t>ad interim</t>
ad_lib,109,ad_lib.r.01,he spoke <t>ad lib</t>
ad_nauseam,110,ad_nauseam.r.01,he played the song <t>ad nauseam</t>
ad_valorem,111,ad_val.r.01,the goods were taxed <t>ad valorem</t>
ada,112,adenosine_deaminase.n.01,<t>ADA</t> deficiency can lead to one form of severe combined immunodeficiency disease
adagio,113,adagio.n.01,they played the <t>adagio</t> too quickly
adapt,114,adapt.v.01,<t>Adapt</t> our native cuisine to the available food resources of the new country
adaptable,115,adaptable.a.01,to succeed one must be <t>adaptable</t>
adaptation,116,adaptation.n.01,the play is an <t>adaptation</t> of a short novel
adaptive,117,adaptive.a.01,the <t>adaptive</t> coloring of a chameleon
add_on,118,add_on.v.01,Let's <t>add on</t> to this
added,119,add.v.01,We <t>added</t> two students to that dorm room
addict,120,addict.n.01,a golf <t>addict</t>
addictive,121,addictive.a.01,<t>addictive</t> drugs
addition,122,addition.n.01,the <t>addition</t> of a bathroom was a major improvement
additional,123,extra.s.03,called for <t>additional</t> troops
additionally,124,additionally.r.01,he serves <t>additionally</t> as the CEO
addressed,125,address.v.01,He <t>addressed</t> the crowd outside the window
adeptness,126,adeptness.n.01,his quick <t>adeptness</t> was a product of good design
adequacy,127,adequacy.n.01,he questioned the <t>adequacy</t> of the usual sentimental interpretation of the Golden Rule
adequate,128,adequate.a.01,she had <t>adequate</t> training
adequately,129,adequately.r.01,he was <t>adequately</t> prepared
adhere,130,adhere.v.01,You must <t>adhere</t> to the rules
adherence,131,attachment.n.05,<t>adherence</t> to a fat-free diet
adipose,132,adipose.s.01,<t>adipose</t> tissue constitutes the fat of meat
adjacent,133,adjacent.s.01,had <t>adjacent</t> rooms
adjourned,134,adjourn.v.01,The court <t>adjourned</t>
adjust,135,adjust.v.01,"<t>Adjust</t> the clock, please"
adjustable,136,adjustable.s.01,<t>adjustable</t> seat belts
administer,137,administer.v.01,<t>administer</t> a program
administers,138,administer.v.01,she <t>administers</t> the funds
admirable,139,admirable.s.01,trains ran with <t>admirable</t> precision
admissible,140,admissible.a.01,<t>admissible</t> evidence
admission,141,admission.n.01,the surgery was performed on his second <t>admission</t> to the clinic
admitted,142,admit.v.01,He <t>admitted</t> his errors
admonition,143,admonition.n.01,a letter of <t>admonition</t> about the dangers of immorality
adoption,144,adoption.n.01,its <t>adoption</t> by society
adoptive,145,adoptive.a.01,<t>adoptive</t> parents
adored,146,adore.v.01,he just <t>adored</t> his wife
adoringly,147,adoringly.r.01,he looked at his wife <t>adoringly</t>
adroit,148,adroit.a.01,an exceptionally <t>adroit</t> pianist
adroitly,149,adroitly.r.01,he handled the situation <t>adroitly</t>
adulterate,150,load.v.05,<t>adulterate</t> liquor
adulterous,151,adulterous.s.01,an <t>adulterous</t> relationship
adultery,152,adultery.n.01,<t>adultery</t> is often cited as grounds for divorce
adust,153,adust.s.01,a vast desert all <t>adust</t>
advantage,154,advantage.n.01,the experience gave him the <t>advantage</t> over me
advantageous,155,advantageous.a.01,a contract <t>advantageous</t> to our country
advantageously,156,well.r.11,The children were settled <t>advantageously</t> in Seattle
advent,157,advent.n.01,the <t>advent</t> of the computer
adventitious,158,adventitious.s.01,they had to decide whether his misconduct was <t>adventitious</t> or the result of a flaw in his character
adventuresome,159,adventurous.a.01,the risks and gains of an <t>adventuresome</t> economy
adventurous,160,adventurous.a.01,<t>adventurous</t> pioneers
adverse,161,adverse.s.01,<t>adverse</t> circumstances
adversely,162,adversely.r.01,she was <t>adversely</t> affected by the new regulations
adversity,163,adversity.n.01,debt-ridden farmers struggling with <t>adversity</t>
advertise,164,advertise.v.01,Please don't <t>advertise</t> the fact that he has AIDS
advisable,165,advisable.a.01,such action is neither necessary nor <t>advisable</t>
adviser,166,adviser.n.01,an <t>adviser</t> helped students select their courses
advisors,167,adviser.n.01,the United States sent military <t>advisors</t> to Guatemala
advisory,168,advisory.n.01,a frost <t>advisory</t>
aerate,169,air_out.v.01,<t>aerate</t> your old sneakers
aesthetics,170,aesthetics.n.01,traditional <t>aesthetics</t> assumed the existence of universal and timeless criteria of artistic value
afar,171,afar.r.01,we traveled <t>afar</t>
affable,172,affable.s.01,an <t>affable</t> smile
affair,173,matter.n.01,it is none of your <t>affair</t>
affairs,174,personal_business.n.01,get his <t>affairs</t> in order
affection,175,affection.n.01,he had trouble expressing the <t>affection</t> he felt
affectionate,176,affectionate.s.01,<t>affectionate</t> children
affiliation,177,affiliation.n.01,a valuable financial <t>affiliation</t>
affirmative,178,affirmative.n.01,he answered in the <t>affirmative</t>
afflatus,179,afflatus.n.01,divine <t>afflatus</t>
afflicted,180,afflict.v.01,she was <t>afflicted</t> by the death of her parents
afford,181,afford.v.01,I can't <t>afford</t> to spend two hours with this person
afghanistan,182,afghanistan.n.01,Soviet troops invaded <t>Afghanistan</t> in 1979
afield,183,afield.r.01,looking <t>afield</t> for new lands to conquer
afire,184,ablaze.s.02,forests set ablaze (or <t>afire</t>) by lightning
aflame,185,ablaze.s.01,he was <t>aflame</t> with desire
afoot,186,afoot.s.01,she was <t>afoot</t> when I saw her this morning
aforementioned,187,aforesaid.s.01,works of all the <t>aforementioned</t> authors
afoul,188,afoul.s.01,with its sails <t>afoul</t>
afraid,189,afraid.a.01,<t>afraid</t> even to turn his head
afresh,190,afresh.r.01,start <t>afresh</t>
afro-asian,191,afro-asian.a.01,<t>Afro-Asian</t> population
after_a_fashion,192,after_a_fashion.r.01,he speaks French <t>after a fashion</t>
after_all,193,after_all.r.01,"<t>after all</t>, she is your boss, so invite her"
after_hours,194,after_hours.r.01,he often worked <t>after hours</t>
aftermath,195,aftermath.n.01,the <t>aftermath</t> of war
afternoon,196,afternoon.n.01,he spent a quiet <t>afternoon</t> in the park
afterward,197,subsequently.r.01,it didn't happen until <t>afterward</t>
again,198,again.r.01,she tried <t>again</t>
age,199,age.n.01,it was replaced because of its <t>age</t>
age-old,200,age-old.s.01,<t>age-old</t> customs
aged,201,aged.n.01,special arrangements were available for the <t>aged</t>
ageless,202,ageless.s.01,the <t>ageless</t> themes of love and revenge
agelong,203,agelong.s.01,<t>agelong</t> struggle for freedom
agency,204,agency.n.01,the Central Intelligence <t>Agency</t>
agents,205,agent.n.01,their research uncovered new disease <t>agents</t>
aggravates,206,worsen.v.02,This drug <t>aggravates</t> the pain
aggressive,207,aggressive.a.01,an <t>aggressive</t> businessman
aggro,208,aggro.n.01,I skipped it because it was too much <t>aggro</t>
agile,209,agile.s.01,sleek and <t>agile</t> as a gymnast
agleam,210,agleam.s.01,from the plane we saw the city below <t>agleam</t> with lights
aglitter,211,aglitter.s.01,bugle beads all <t>aglitter</t>
aglow,212,aglow.s.01,a house <t>aglow</t> with lights
ago,213,ago.s.01,two years <t>ago</t>
agony,214,agony.n.01,an <t>agony</t> of doubt
agrarian,215,agrarian.s.01,an <t>agrarian</t> (or agricultural) society
agree,216,agree.v.01,I can't <t>agree</t> with you!
agreeable,217,agreeable.a.01,Is the plan <t>agreeable</t> to you?
agreed,218,agree.v.01,We <t>agreed</t> on the terms of the settlement
agreement,219,agreement.n.01,they had an <t>agreement</t> that they would not interfere in each other's business
agricultural,220,agricultural.a.01,<t>agricultural</t> engineering
aground,221,aground.a.01,a ship <t>aground</t> offshore
ahead,222,ahead.s.01,he is <t>ahead</t> by a pawn
ahead_of_time,223,early.r.02,the house was completed <t>ahead of time</t>
aim,224,purpose.n.01,it was created with the conscious <t>aim</t> of answering immediate needs
aimlessly,225,aimlessly.r.01,he wandered around <t>aimlessly</t>
air,226,air.n.01,<t>air</t> pollution
air_current,227,wind.n.01,the radioactivity was being swept upwards by the <t>air current</t> and out into the atmosphere
air_pollution,228,air_pollution.n.01,<t>air pollution</t> reduced the visibility
airdrop,229,airdrop.n.01,"until then, front line troops will be supplied by <t>airdrop</t>"
airflow,230,airflow.n.01,she adjusted the fan so that the <t>airflow</t> was directed right at her
airhead,231,airhead.n.01,she's a total <t>airhead</t>
airily,232,flippantly.r.01,this cannot be <t>airily</t> explained to your children
airless,233,airless.s.01,a dusty <t>airless</t> attic
airplane,234,airplane.n.01,the flight was delayed due to trouble with the <t>airplane</t>
airs,235,airs.n.01,don't put on <t>airs</t> with me
airtight,236,airtight.s.01,an <t>airtight</t> defense
airy,237,aired.s.01,<t>airy</t> rooms
ajar,238,ajar.s.01,the door was <t>ajar</t>
akimbo,239,akimbo.s.01,a tailor sitting with legs <t>akimbo</t>
akin,240,akin.s.01,a feeling <t>akin</t> to terror
alacrity,241,alacrity.n.01,he accepted with <t>alacrity</t>
alaska,242,alaska.n.01,<t>Alaska</t> is the largest state in the United States
albatross,243,albatross.n.01,she was an <t>albatross</t> around his neck
alchemy,244,chemistry.n.03,a mysterious <t>alchemy</t> brought them together
alcohol,245,alcohol.n.01,<t>alcohol</t> (or drink) ruined him
aldermen,246,alderman.n.01,<t>aldermen</t> usually represent city wards
aleatory,247,aleatory.s.01,the <t>aleatory</t> element in life
alert,248,alert.n.01,bombers were put on <t>alert</t> during the crisis
alerted,249,alarm.v.02,We <t>alerted</t> the new neighbors to the high rate of burglaries
alerting,250,alertness.n.02,<t>alerting</t> was indicated by the desynchronization of the EEG
alertly,251,alertly.r.01,"she got through the day <t>alertly</t>, despite being on drugs"
alfresco,252,alfresco.s.01,an <t>alfresco</t> lunch
algid,253,algid.s.01,a person who is <t>algid</t> is marked by prostration and has cold clammy skin and low blood pressure
alienated,254,estrange.v.02,She <t>alienated</t> her friends when she became fanatically religious
align,255,align.v.01,<t>align</t> the car with the curb
alike,256,alike.a.01,all politicians are <t>alike</t>
alive,257,alive.a.01,the happiest person <t>alive</t>
all,258,all.a.01,we sat up <t>all</t> night
all-embracing,259,across-the-board.s.01,an <t>all-embracing</t> definition
all-important,260,all-important.s.01,the <t>all-important</t> subject of disarmament
all-out,261,all-out.s.01,<t>all-out</t> war
all-rounder,262,all-rounder.n.01,she's the best <t>all-rounder</t> they've seen in years
all-time,263,all-time.s.01,prices at an <t>all-time</t> high
all_at_once,264,all_together.r.01,Let's say `Yes!' <t>all at once</t>
all_in,265,all_in.s.01,was <t>all in</t> at the end of the day
all_in_all,266,all_in_all.r.01,"<t>all in all</t>, it's not so bad"
all_right,267,all_right.s.01,the passengers were shaken up but are <t>all right</t>
all_the_same,268,however.r.01,"granted that it is dangerous, <t>all the same</t> I still want to go"
all_the_way,269,all_the_way.r.01,she climbed the mountain <t>all the way</t>
allegation,270,allegation.n.01,an <t>allegation</t> of malpractice
alleged,271,allege.v.01,He <t>alleged</t> that he was the victim of a crime
allegiant,272,allegiant.s.01,it is impossible to be <t>allegiant</t> to two opposing forces
allergic,273,allergic.a.01,an <t>allergic</t> reaction
allied,274,ally.v.01,He <t>allied</t> himself with the Communists
allow,275,let.v.01,This sealed door won't <t>allow</t> the water come into the basement
allowance,276,allowance.n.01,travel <t>allowance</t>
alloy,277,alloy.n.01,brass is an <t>alloy</t> of zinc and copper
alluded,278,allude.v.01,He <t>alluded</t> to the problem but did not mention it
allurement,279,allurement.n.01,its <t>allurement</t> was its remoteness
allusive,280,allusive.s.01,<t>allusive</t> speech is characterized by allusions
almost,281,about.r.07,the baby was <t>almost</t> asleep when the alarm sounded
aloft,282,aloft.r.01,climbed <t>aloft</t> to unfurl the sail
alone,283,alone.s.01,could be <t>alone</t> in a crowded room
along,284,along.r.01,we drove <t>along</t> admiring the view
aloof,285,aloof.s.01,stood apart with <t>aloof</t> dignity
aloud,286,aloud.r.01,please read the passage <t>aloud</t>
alphabetical,287,alphabetic.a.01,<t>alphabetical</t> writing system
alpine,288,alpine.a.01,<t>alpine</t> sports
already,289,already.r.01,she has <t>already</t> graduated
altered,290,change.v.01,The advent of the automobile may have <t>altered</t> the growth pattern of the city
alternation,291,alternation.n.01,a trill is a rapid <t>alternation</t> between the two notes
alternative,292,option.n.02,there no other <t>alternative</t>
alternatively,293,alternatively.r.01,<t>alternatively</t> we could buy a used car
altitude,294,altitude.n.01,the <t>altitude</t> gave her a headache
altogether,295,raw.n.01,in the <t>altogether</t>
always,296,always.r.01,I will <t>always</t> be there to help you
amain,297,amain.r.01,the children ran down the hill <t>amain</t>
amateurish,298,amateurish.s.01,a very <t>amateurish</t> job
amatory,299,amatory.s.01,her <t>amatory</t> affairs
amazingly,300,amazingly.r.01,"<t>amazingly</t>, he finished medical school in three years"
amber,301,amber.n.01,an <t>amber</t> light illuminated the room
ambidextrous,302,ambidextrous.a.01,an <t>ambidextrous</t> surgeon
ambient,303,ambient.s.01,the <t>ambient</t> air
ambiguous,304,equivocal.a.01,the polling had a complex and equivocal (or <t>ambiguous</t>) message for potential female candidates
ambit,305,scope.n.01,the <t>ambit</t> of municipal legislation
ambition,306,ambition.n.01,his <t>ambition</t> is to own his own business
ambivalent,307,ambivalent.s.01,was <t>ambivalent</t> about having children
ambrosial,308,ambrosial.s.01,<t>ambrosial</t> food
ambulation,309,ambulation.n.01,the hospital encouraged early <t>ambulation</t>
ambulatory,310,ambulatory.n.01,it has an <t>ambulatory</t> and seven chapels
amenable,311,amenable.s.01,someone <t>amenable</t> to persuasion
amend,312,amend.v.01,<t>amend</t> the document
amendatory,313,amendatory.s.01,added <t>amendatory</t> phrases to the text
amiable,314,amiable.s.01,an <t>amiable</t> villain with a cocky sidelong grin
amino_acids,315,amino_acid.n.01,proteins are composed of various proportions of about 20 common <t>amino acids</t>
amiss,316,amiss.s.01,something is <t>amiss</t>
amorous,317,amative.s.01,feeling <t>amorous</t>
amorphous,318,amorphous.s.01,<t>amorphous</t> clouds of insects
amount,319,sum.n.01,the <t>amount</t> he had in cash was insufficient
ample,320,ample.a.01,had <t>ample</t> food for the party
ampleness,321,ampleness.n.01,the <t>ampleness</t> of her servings more than satisfied his hunger
amply,322,amply.r.01,these voices were <t>amply</t> represented
amps,323,ampere.n.02,a typical household circuit carries 15 to 50 <t>amps</t>
amputate,324,amputate.v.01,<t>amputate</t> limbs
amuck,325,amuck.s.01,the soldier was completely <t>amuck</t>
amused,326,amuse.v.01,The play <t>amused</t> the ladies
amusingly,327,amusingly.r.01,Hollywood has grown too sophisticated to turn out anything really <t>amusingly</t> bad these days
anachronistic,328,anachronic.s.01,English public schools are <t>anachronistic</t>
anal,329,anal.a.01,<t>anal</t> thermometer
analogous,330,analogous.s.01,brains and computers are often considered <t>analogous</t>
analytic,331,analytic.a.01,<t>analytic</t> statics
analytical,332,analytic.a.02,<t>analytical</t> reasoning
analyze,333,analyze.v.01,<t>analyze</t> a sonnet by Shakespeare
anarchic,334,anarchic.s.01,the system is economically inefficient and politically <t>anarchic</t>
anastomose,335,anastomose.v.01,the blood vessels <t>anastomose</t>
anathema,336,anathema.n.01,he is an <t>anathema</t> to me
ancestral,337,ancestral.s.01,<t>ancestral</t> home
anchorage,338,anchorage.n.01,the plant needs a firm <t>anchorage</t>
ancillary,339,accessory.s.02,an <t>ancillary</t> pump
and_then_some,340,and_then_some.r.01,it cost me a week's salary <t>and then some</t>
anecdotal,341,anecdotal.a.01,<t>anecdotal</t> evidence
anew,342,afresh.r.01,wanted to write the story <t>anew</t>
angelic,343,angelic.s.01,<t>angelic</t> beneficence
angered,344,anger.v.01,The news <t>angered</t> him
angled,345,angle.v.01,he <t>angled</t> his way into the room
angrily,346,angrily.r.01,he <t>angrily</t> denied the accusation
angry,347,angry.a.01,<t>angry</t> at the weather
angular,348,angular.a.01,<t>angular</t> momentum
animal_fat,349,animal_fat.n.01,<t>animal fat</t> is high in saturated fatty acids
animatedly,350,animatedly.r.01,they talked <t>animatedly</t>
annexed,351,annex.v.01,Hitler <t>annexed</t> Lithuania
announcement,352,announcement.n.01,the government made an <t>announcement</t> about changes in the drug war
annually,353,annually.r.01,they travel to China <t>annually</t>
annuity,354,annuity.n.01,his retirement fund was set up to be paid as an <t>annuity</t>
annulled,355,invalidate.v.01,The contract was <t>annulled</t>
anointed,356,anoint.v.01,She was <t>anointed</t> the head of the Christian fundamentalist group
anomalous,357,anomalous.s.01,advanced forms of life may be <t>anomalous</t> in the universe
anon,358,anon.r.01,ever and <t>anon</t>
anonymous,359,anonymous.a.01,<t>anonymous</t> authors
anonymously,360,anonymously.r.01,she wrote these letters <t>anonymously</t>
another,361,another.s.01,put it off to <t>another</t> (or some other) day
answer,362,answer.n.01,I waited several days for his <t>answer</t>
answered,363,answer.v.01,We <t>answered</t> that we would accept the invitation
antarctica,364,antarctica.n.01,<t>Antarctica</t> is twice the size of Australia
antenatal,365,prenatal.a.01,<t>antenatal</t> care
anticlimax,366,anticlimax.n.01,the <t>anticlimax</t> of a brilliant career
antipathetic,367,antipathetic.s.01,<t>antipathetic</t> to new ideas
antipode,368,antipode.n.01,quiet: an <t>antipode</t> to focused busyness
antipodean,369,antipodal.a.01,<t>antipodean</t> latitudes
antipodes,370,antipodes.n.01,the North Pole and the South Pole are <t>antipodes</t>
antis,371,anti.n.01,the <t>antis</t> smelled victory after a long battle
antisocial,372,antisocial.s.01,standoffish and <t>antisocial</t>
antithesis,373,antithesis.n.01,his theory is the <t>antithesis</t> of mine
antithetical,374,antithetic.s.01,practices entirely <t>antithetical</t> to her professed beliefs
antonym,375,antonym.n.01,to him the <t>antonym</t> of `gay' was `depressed'
anxious,376,anxious.s.01,<t>anxious</t> to see the new show at the museum
anxiously,377,anxiously.r.01,we watched <t>anxiously</t>
any,378,any.s.01,give me <t>any</t> peaches you don't want
anyhow,379,anyhow.r.01,"<t>Anyhow</t>, he is dead now"
anymore,380,anymore.r.01,Alice doesn't live here <t>anymore</t>
anyway,381,anyhow.r.01,"I don't know what happened to it; <t>anyway</t>, it's gone"
apart,382,apart.s.01,existed over the centuries as a world <t>apart</t>
apathetic,383,apathetic.s.01,a woman who became active rather than <t>apathetic</t> as she grew older
apocope,384,apocope.n.01,the British get `pud' from `pudding' by <t>apocope</t>
apologetic,385,apologetic.a.01,an <t>apologetic</t> note
apologist,386,apologist.n.01,an <t>apologist</t> for capital punishment
apology,387,apology.n.01,he wrote a letter of <t>apology</t> to the hostess
apoplectic,388,apoplectic.a.01,<t>apoplectic</t> seizure
apostle,389,apostle.n.01,an <t>apostle</t> of revolution
appalling,390,appalling.n.01,is it better to view the <t>appalling</t> or merely hear of it?
appanage,391,appanage.n.01,for thousands of years the chair was an <t>appanage</t> of state and dignity rather than an article of ordinary use
apparel,392,apparel.n.01,she was refined in her choice of <t>apparel</t>
apparent,393,apparent.s.01,the effects of the drought are <t>apparent</t> to anyone who sees the parched fields
apparently,394,apparently.r.01,irrigation often produces bumper crops from <t>apparently</t> desert land
apparition,395,apparition.n.01,we were unprepared for the <t>apparition</t> that confronted us
appeal,396,entreaty.n.01,an <t>appeal</t> for help
appealed,397,appeal.v.01,He was found guilty but <t>appealed</t> immediately
appeared,398,look.v.02,They <t>appeared</t> like people who had not eaten or slept for a long time
appears,399,look.v.02,This <t>appears</t> to be a very difficult problem
appeaser,400,appeaser.n.01,An <t>appeaser</t> is one who feeds a crocodile--hoping it will eat him last
appended,401,append.v.01,He <t>appended</t> a glossary to his novel where he used an invented language
appetent,402,appetent.s.01,a big rich <t>appetent</t> Western city
appetite,403,appetite.n.01,an <t>appetite</t> for life
applicable,404,applicable.s.01,gave <t>applicable</t> examples to support her argument
application,405,application.n.01,he advocated the <t>application</t> of statistics to the problem
applied,406,use.v.01,This thinking was <t>applied</t> to many projects
apply,407,use.v.01,<t>Apply</t> a magnetic field here
appointment,408,appointment.n.01,the <t>appointment</t> had to be approved by the whole committee
apposite,409,apposite.s.01,the successful copywriter is a master of <t>apposite</t> and evocative verbal images
appreciable,410,appreciable.s.01,<t>appreciable</t> amounts of noxious wastes are dumped into the harbor
appreciative,411,appreciative.s.01,was <t>appreciative</t> of his efforts
apprehension,412,apprehension.n.01,the student looked around the examination room with <t>apprehension</t>
apprehensive,413,apprehensive.s.01,a kind and <t>apprehensive</t> friend
approach,414,approach.n.01,his <t>approach</t> to every problem is to draw up a list of pros and cons
approachable,415,accessible.s.01,the tales seem more <t>approachable</t> than his more difficult novels
appropriately,416,appropriately.r.01,he was <t>appropriately</t> dressed
approval,417,blessing.n.01,his decision merited the <t>approval</t> of any sensible person
approve,418,approve.v.01,I <t>approve</t> of his educational policies
approximate,419,approximate.v.01,Her results <t>approximate</t> my own
approximately,420,approximately.r.01,lasted <t>approximately</t> an hour
apt,421,apt.s.01,he is <t>apt</t> to ignore matters he considers unimportant
aptness,422,aptness.n.01,the <t>aptness</t> of iron to rust
aqueous,423,aqueous.a.01,<t>aqueous</t> solutions
arbiter,424,arbiter.n.01,she was the final <t>arbiter</t> on all matters of fashion
arbitrary,425,arbitrary.a.01,an <t>arbitrary</t> decision
arbitrator,426,arbiter.n.02,the <t>arbitrator</t>'s authority derived from the consent of the disputants
arcane,427,arcane.s.01,the <t>arcane</t> science of dowsing
archaic,428,antediluvian.s.01,<t>archaic</t> laws
archetypal,429,archetypal.s.01,<t>archetypal</t> patterns
architectural,430,architectural.a.01,<t>architectural</t> history
ardent,431,ardent.s.01,<t>ardent</t> love
ardently,432,ardently.r.01,the spirit of God knew very well that there was a deeper question to be settled before there could be the intervention in power that was so <t>ardently</t> desired
ardor,433,ardor.n.01,they were imbued with a revolutionary <t>ardor</t>
arduous,434,arduous.s.01,worked their <t>arduous</t> way up the mining valley
area,435,area.n.01,it was a mountainous <t>area</t>
arguably,436,arguably.r.01,she is <t>arguably</t> the best
argument,437,argument.n.01,it was a strong <t>argument</t> that his hypothesis was true
argumentative,438,argumentative.a.01,an <t>argumentative</t> discourse
arid,439,arid.s.01,an <t>arid</t> climate
aristocratic,440,aristocratic.s.01,an <t>aristocratic</t> family
arithmetically,441,arithmetically.r.01,this problem is <t>arithmetically</t> easy
arm-twisting,442,arm-twisting.n.01,some gentle <t>arm-twisting</t> produced the desired result
armless,443,armless.a.01,the <t>armless</t> Venus de Milo
armorial,444,armorial.a.01,<t>armorial</t> bearing
armpits,445,armpit.n.01,they were up to their <t>armpits</t> in water
army_officer,446,army_officer.n.01,he's a retired <t>army officer</t>
aromatic,447,aromatic.a.01,an <t>aromatic</t> organic compound
around,448,about.r.03,hanging <t>around</t>
around-the-clock,449,around-the-clock.s.01,<t>around-the-clock</t> nursing care
around_the_clock,450,around_the_clock.r.01,she worked <t>around the clock</t>
arousal,451,arousal.n.01,the purpose of art is the <t>arousal</t> of emotions
arouse,452,arouse.v.01,<t>arouse</t> pity
arrange,453,arrange.v.01,<t>arrange</t> the books on the shelves in chronological order
arrangements,454,agreement.n.04,they made <t>arrangements</t> to meet in Chicago
arrant,455,arrant.s.01,an <t>arrant</t> fool
array,456,array.n.01,an <t>array</t> of troops in battle order
arrears,457,arrears.n.01,an account in <t>arrears</t>
arrived,458,arrive.v.01,She <t>arrived</t> home at 7 o'clock
arrogant,459,arrogant.s.01,an <t>arrogant</t> official
arrogantly,460,arrogantly.r.01,in the old days she had been harsh and stiff ; afraid of her husband and yet <t>arrogantly</t> proud that she had a husband strong and fierce enough to make her afraid
arson,461,arson.n.01,the British term for <t>arson</t> is fire-raising
art,462,art.n.01,an <t>art</t> exhibition
arterial,463,arterial.a.01,<t>arterial</t> disease
artesian,464,artesian.a.01,an <t>artesian</t> well
artificial,465,artificial.a.01,<t>artificial</t> flowers
artificially,466,artificially.r.01,<t>artificially</t> induced conditions
artistic,467,artistic.a.01,his <t>artistic</t> background
arts,468,humanistic_discipline.n.01,the college of <t>arts</t> and sciences
artwork,469,artwork.n.01,the publisher was responsible for all the <t>artwork</t> in the book
as_a_matter_of_fact,470,in_fact.r.01,"<t>as a matter of fact</t>, he is several inches taller than his father"
as_it_is,471,as_it_is.r.01,he might have been killed; <t>as it is</t> he was severely injured
as_it_were,472,as_it_were.r.01,"she lives here, <t>as it were</t>"
as_much_as_possible,473,as_far_as_possible.r.01,she helped him <t>as much as possible</t>
as_the_crow_flies,474,as_the_crow_flies.r.01,it's 10 miles <t>as the crow flies</t>
as_usual,475,as_usual.r.01,"<t>as usual</t>, she arrived late"
ascendant,476,ascendant.n.01,that idea was in the <t>ascendant</t>
ascended,477,ascend.v.01,We <t>ascended</t> the mountain
asdic,478,sonar.n.01,<t>asdic</t> is an acronym for antisubmarine detection investigation committee
aseptic,479,aseptic.s.01,<t>aseptic</t> surgical instruments
asexual,480,asexual.a.01,an <t>asexual</t> spore
ashamed,481,ashamed.a.01,are you <t>ashamed</t> for having lied?
ashen,482,ashen.s.01,a face turned <t>ashen</t>
ashore,483,ashore.r.01,we invited them <t>ashore</t>
ask,484,ask.v.01,He had to <t>ask</t> directions several times
ask_for,485,invite.v.01,<t>ask for</t> trouble
askance,486,askance.s.01,her eyes with their misted <t>askance</t> look
asked,487,ask.v.01,I <t>asked</t> about their special today
asleep,488,asleep.a.01,were all <t>asleep</t> when the phone rang
asocial,489,asocial.s.01,bears are <t>asocial</t> secretive animals
asperity,490,asperity.n.01,the <t>asperity</t> of northern winters
aspersion,491,aspersion.n.01,in the 19th century any reference to female sexuality was considered a vile <t>aspersion</t>
aspirant,492,aspirant.n.01,a lofty <t>aspirant</t>
assailed,493,assail.v.01,Nightmares <t>assailed</t> him regularly
assassins,494,assassin.n.01,his <t>assassins</t> were hunted down like animals
assaulted,495,assail.v.01,The mugger <t>assaulted</t> the woman
assay,496,assay.n.01,they made an <t>assay</t> of the contents
assent,497,assent.n.01,he gave his <t>assent</t> eagerly
assented,498,assent.v.01,The Maestro <t>assented</t> to the request for an encore
assenting,499,accession.n.04,<t>assenting</t> to the Congressional determination
assertive,500,assertive.a.01,an energetic <t>assertive</t> boy who was always ready to argue
assertively,501,assertively.r.01,"`I will take care of my own life,' she said <t>assertively</t>"
assiduous,502,assiduous.s.01,her <t>assiduous</t> attempts to learn French
assist,503,aid.n.02,he gave me an <t>assist</t> with the housework
assistance,504,aid.n.02,could not walk without <t>assistance</t>
assistant,505,assistant.n.01,my invaluable <t>assistant</t>
associate,506,associate.n.01,he had to consult his <t>associate</t> before continuing
association,507,association.n.01,he joined the Modern Language <t>Association</t>
assonant,508,assonant.s.01,note the <t>assonant</t> words and syllables in `tilting at windmills'
assortment,509,assortment.n.01,a great <t>assortment</t> of cars was on display
assume,510,assume.v.01,I <t>assume</t> his train was late
assumption,511,premise.n.01,on the <t>assumption</t> that he has been injured we can infer that he will not to play
assurance,512,assurance.n.01,his <t>assurance</t> in his superiority did not make him popular
assuredly,513,assuredly.r.01,the grammar schools were <t>assuredly</t> not intended for the gentry alone
astern,514,astern.r.01,the steamer went <t>astern</t> at half speed
astir,515,astir.s.01,are they <t>astir</t> yet?
astonishment,516,astonishment.n.01,he looked at me in <t>astonishment</t>
astral,517,stellar.a.02,an <t>astral</t> body
astray,518,astray.r.01,he was led <t>astray</t>
astride,519,astride.r.01,she sat <t>astride</t> the chair
astute,520,astute.s.01,an <t>astute</t> tenant always reads the small print in a lease
astutely,521,astutely.r.01,he invested his fortune <t>astutely</t>
asunder,522,asunder.s.01,as wide <t>asunder</t> as pole from pole
at_a_loss,523,at_a_loss.s.01,<t>at a loss</t> to understand those remarks
at_a_time,524,at_a_time.r.01,he took three cookies <t>at a time</t>
at_any_rate,525,anyhow.r.01,but <t>at any rate</t> he got a knighthood for it
at_bay,526,at_bay.s.01,a stag <t>at bay</t>
at_best,527,at_best.r.01,<t>at best</t> we'll lose only the money
at_close_range,528,close_up.r.01,even firing <t>at close range</t> he missed
at_fault,529,at_fault.s.01,admitted to being <t>at fault</t>
at_first_sight,530,at_first_sight.r.01,it was love <t>at first sight</t>
at_hand,531,at_hand.s.01,the town is close <t>at hand</t>
at_heart,532,at_heart.r.01,she is very kind <t>at heart</t>
at_large,533,at_large.s.01,a convict still <t>at large</t>
at_least,534,at_least.r.01,<t>at least</t> he survived
at_length,535,lengthily.r.01,she talked <t>at length</t> about the problem
at_loggerheads,536,at_loggerheads.s.01,Sam and his parents were <t>at loggerheads</t> over the question of car privileges
at_most,537,at_most.r.01,spend <t>at most</t> $20 on the lunch
at_odds,538,at_odds.s.01,the figures are <t>at odds</t> with our findings
at_present,539,now.r.04,he is busy <t>at present</t> writing a new novel
at_random,540,randomly.r.01,bullets were fired into the crowd <t>at random</t>
at_stake,541,at_stake.r.01,there is more <t>at stake</t> than your modesty
at_the_ready,542,at_the_ready.s.01,soldiers with guns <t>at the ready</t>
at_will,543,at_will.r.01,he can roam the neighborhood <t>at will</t>
at_work,544,at_work.s.01,had been <t>at work</t> for over an hour before her boss arrived
athens,545,athens.n.01,in the 5th century BC ancient <t>Athens</t> was the world's most powerful and civilized city
athirst,546,athirst.s.01,<t>athirst</t> for knowledge
athletic,547,athletic.a.01,<t>athletic</t> facilities
atmosphere,548,atmosphere.n.01,there was an <t>atmosphere</t> of excitement
atomic,549,atomic.a.01,<t>atomic</t> structure
atrocious,550,atrocious.s.01,murder is an <t>atrocious</t> crime
attachable,551,attachable.a.01,a handle <t>attachable</t> by two bolts
attack,552,attack.n.01,the <t>attack</t> began at dawn
attacked,553,attack.v.01,"Hitler <t>attacked</t> Poland on September 1, 1939 and started World War II"
attainable,554,attainable.s.01,choose an <t>attainable</t> goal
attainment,555,attainment.n.01,the <t>attainment</t> of independence
attempted,556,try.v.01,The police <t>attempted</t> to stop the thief
attend,557,attend.v.01,I rarely <t>attend</t> services at my church
attend_to,558,attend_to.v.01,"<t>Attend to</t> your duties, please"
attends,559,attend.v.01,She <t>attends</t> class regularly
attentive,560,attentive.a.01,<t>attentive</t> to details
attested,561,attest.v.01,His high fever <t>attested</t> to his illness
attire,562,attire.n.01,formal <t>attire</t>
attitude,563,attitude.n.01,he had the <t>attitude</t> that work was fun
attract,564,attract.v.01,Her good looks <t>attract</t> the stares of many men
attractive,565,attractive.a.01,a remarkably <t>attractive</t> young man
attributed,566,impute.v.01,We <t>attributed</t> this quotation to Shakespeare
atypical,567,atypical.a.01,a group that is <t>atypical</t> of the target audience
au_courant,568,abreast.s.01,constant revision keeps the book <t>au courant</t>
auburn,569,auburn.s.01,<t>auburn</t> hair
audacious,570,audacious.s.01,<t>audacious</t> explorers
audibly,571,audibly.r.01,he spoke <t>audibly</t>
audience,572,audience.n.01,the <t>audience</t> applauded
audio,573,audio.n.01,they always raise the <t>audio</t> for commercials
auditory,574,auditory.a.01,<t>auditory</t> processing
auld,575,auld.s.01,<t>auld</t> lang syne
aurally,576,aurally.r.01,the new musical was visually and <t>aurally</t> appealing
auriferous,577,auriferous.s.01,<t>auriferous</t> quartz veins
auspices,578,auspices.n.01,the tournament was held under the <t>auspices</t> of the city council
auspicious,579,auspicious.a.01,an <t>auspicious</t> beginning for the campaign
austerely,580,austerely.r.01,the church was <t>austerely</t> simple
authentic,581,authentic.s.01,an <t>authentic</t> account by an eyewitness
authored,582,author.v.01,She <t>authored</t> this play
authoritative,583,authoritative.s.01,the captain's <t>authoritative</t> manner
authorities,584,government.n.01,the matter was referred to higher <t>authorities</t>
authority,585,authority.n.01,he has the <t>authority</t> to issue warrants
authorized,586,authorize.v.01,The rock star never <t>authorized</t> this slanderous biography
authorship,587,writing.n.01,it was a matter of disputed <t>authorship</t>
autocratic,588,autocratic.s.01,an <t>autocratic</t> person
autographed,589,autograph.v.01,The author <t>autographed</t> his book
automatic_pilot,590,automatic_pilot.n.01,she went about her chores on <t>automatic pilot</t>
automaton,591,automaton.n.01,only an <t>automaton</t> wouldn't have noticed
automotive,592,automotive.a.01,<t>automotive</t> supplies
autonomous,593,autonomous.s.01,an <t>autonomous</t> judiciary
autopilot,594,automatic_pilot.n.01,she talked and he dozed and my mind went on <t>autopilot</t>
avail,595,avail.n.01,of no <t>avail</t>
available,596,available.a.01,kept a fire extinguisher <t>available</t>
availed,597,avail.v.01,He <t>availed</t> himself of the available resources
avaricious,598,avaricious.s.01,they are <t>avaricious</t> and will do anything for money
avatar,599,embodiment.n.01,the very <t>avatar</t> of cunning
avenge,600,revenge.v.01,He wants to <t>avenge</t> the murder of his brother
avenue,601,avenue.n.01,they explored every <t>avenue</t> they could think of
avenues,602,avenue.n.01,it promises to open new <t>avenues</t> to understanding
averse,603,antipathetic.s.01,<t>averse</t> to taking risks
avert,604,debar.v.02,<t>avert</t> a strike
averting,605,averting.n.01,<t>averting</t> danger was his responsibility
avid,606,avid.s.01,<t>avid</t> for adventure
avoid,607,avoid.v.01,Her former friends now <t>avoid</t> her
awakening,608,awakening.n.01,it was an early <t>awakening</t>
aware,609,aware.a.01,was <t>aware</t> of his opponent's hostility
awareness,610,awareness.n.01,he had no <t>awareness</t> of his mistakes
awash,611,afloat.s.02,the main deck was afloat (or <t>awash</t>)
away,612,away.s.01,he's <t>away</t> right now
awe,613,awe.n.01,he stared over the edge with a feeling of <t>awe</t>
awe-inspiring,614,amazing.s.02,the Grand Canyon is an <t>awe-inspiring</t> sight
awed,615,awe.v.01,The famous professor <t>awed</t> the undergraduates
awesome,616,amazing.s.02,the <t>awesome</t> complexity of the universe
awestruck,617,awed.a.02,in grim despair and <t>awestruck</t> wonder
awful,618,atrocious.s.02,an <t>awful</t> voice
awhile,619,awhile.r.01,sit down and stay <t>awhile</t>
awkward,620,awkward.s.01,they arrived at an <t>awkward</t> time
awkwardly,621,awkwardly.r.01,he bent <t>awkwardly</t>
awned,622,awned.a.01,<t>awned</t> wheatgrass
awry,623,askew.s.01,a...youth with a gorgeous red necktie all <t>awry</t>
axiomatic,624,axiomatic.s.01,an <t>axiomatic</t> truth
azores,625,azores.n.01,the <t>Azores</t> are strategically located on transatlantic air and shipping routes
baby,626,baby.n.01,the <t>baby</t> began to cry again
bacchanalian,627,bacchanalian.s.01,a night of <t>bacchanalian</t> revelry
back,628,back.n.01,his <t>back</t> was nicely tanned
back_and_forth,629,back_and_forth.r.01,he traveled <t>back and forth</t> between Los Angeles and New York
back_burner,630,back_burner.n.01,dozens of cases were put on the <t>back burner</t>
back_door,631,back_door.n.01,he got his job through the <t>back door</t>
back_down,632,back_up.v.02,The bully had to <t>back down</t>
back_of_beyond,633,back_of_beyond.n.01,you'd have to go to the <t>back of beyond</t> to find one of those
backboard,634,backboard.n.01,he banked the shot off the <t>backboard</t>
backed,635,back.v.01,I <t>backed</t> Kennedy in 1960
background,636,background.n.01,he is a lawyer with a sports <t>background</t>
backing,637,backing.n.01,his vigorous <t>backing</t> of the conservatives got him in trouble with progressives
backseat,638,backseat.n.01,tennis has had to take a <t>backseat</t> while his work is so demanding
backup,639,backup.n.01,a traffic <t>backup</t> on the main street
backward,640,backward.a.01,a <t>backward</t> view
backwaters,641,backwater.n.01,the bayous and <t>backwaters</t> are breeding grounds for mosquitos
bad,642,bad.n.01,take the <t>bad</t> with the good
badge,643,badge.n.01,they checked everyone's <t>badge</t> before letting them in
badged,644,badge.v.01,The workers here must be <t>badged</t>
badly,645,badly.r.01,fingers so <t>badly</t> frozen they had to be amputated
baffled,646,baffled.n.01,the children's faces clearly expressed the frustration of the <t>baffled</t>
bag,647,bag.n.01,he stuffed his laundry into a large <t>bag</t>
bag_of_tricks,648,bag_of_tricks.n.01,every good mechanic has a large <t>bag of tricks</t>
baghdad,649,baghdad.n.01,<t>Baghdad</t> is one of the great cities of the Muslim world
bahaism,650,bahaism.n.01,<t>Bahaism</t> has no public rituals or sacraments and praying is done in private
bail,651,bail.n.01,"the judge set <t>bail</t> at $10,000"
bake,652,bake.v.01,<t>bake</t> the potatoes
baldly,653,baldly.r.01,"this book is, to put it <t>baldly</t>, an uneven work."
baleful,654,baleful.s.01,the Florida eagles have a fierce <t>baleful</t> look
balefully,655,balefully.r.01,she looked at him <t>balefully</t>
balk,656,balk.n.01,a player with ball in hand must play from the <t>balk</t>
ball,657,ball.n.01,the <t>ball</t> travelled 90 mph on his serve
ballistic,658,ballistic.a.01,<t>ballistic</t> missile
ballpark,659,ballpark.n.01,take me out to the <t>ballpark</t>
bally,660,bally.s.01,what a <t>bally</t> (or blinking) nuisance
bamboozled,661,bamboozle.v.01,He <t>bamboozled</t> his professors into thinking that he knew the subject well
banana_skin,662,banana_peel.n.01,he slipped on a <t>banana skin</t> and almost fell
banausic,663,banausic.s.01,he felt contempt for all <t>banausic</t> occupations
bandwagon,664,bandwagon.n.01,when they saw how things were going everybody jumped on the <t>bandwagon</t>
bane,665,bane.n.01,the <t>bane</t> of my life
bang,666,knock.n.03,he got a <t>bang</t> on the head
bank,667,bank.n.01,they pulled the canoe up on the <t>bank</t>
bankruptcy,668,bankruptcy.n.01,spiritual <t>bankruptcy</t>
baptism,669,baptism.n.01,most churches baptize infants but some insist on adult <t>baptism</t>
bar,670,barroom.n.01,he drowned his sorrows in whiskey at the <t>bar</t>
bar_mitzvah,671,bar_mitzvah.n.01,a <t>bar mitzvah</t> is an important social event
barbaric,672,barbarian.s.01,<t>barbaric</t> practices
barbarous,673,barbarous.s.01,a <t>barbarous</t> crime
barbed,674,barb.v.01,<t>barbed</t> wire
bardic,675,bardic.a.01,<t>bardic</t> poetry
bare,676,bare.v.01,<t>bare</t> your breasts
bare_bones,677,bare_bones.n.01,he told us only the <t>bare bones</t> of the story
barefaced,678,bald.s.01,a <t>barefaced</t> lie
barefoot,679,barefoot.s.01,the <t>barefoot</t> boy
barely,680,barely.r.01,they could <t>barely</t> hear the speaker
bargain,681,bargain.n.01,he made a <t>bargain</t> with the devil
bargained,682,dicker.v.01,We <t>bargained</t> for a beautiful rug in the bazaar
baronet,683,baronet.n.01,"since he was a <t>baronet</t> he had to be addressed as Sir Henry Jones, Bart."
barrage,684,barrage.n.01,a <t>barrage</t> of questions
barred,685,bar.v.01,He was <t>barred</t> from membership in the club
bart,686,baronet.n.01,"since he was a baronet he had to be addressed as Sir Henry Jones, <t>Bart</t>."
barter,687,barter.n.01,we had no money so we had to live by <t>barter</t>
basal,688,radical.a.05,<t>basal</t> placentation
basaltic,689,basaltic.a.01,<t>basaltic</t> magma is fluid
baseball,690,baseball.n.01,he played <t>baseball</t> in high school
baseless,691,baseless.s.01,<t>baseless</t> gossip
baseline,692,baseline.n.01,the established a <t>baseline</t> for the budget
bases,693,base.n.01,the attack wiped out our forward <t>bases</t>
bash,694,knock.n.03,he took a <t>bash</t> right in his face
bashful,695,bashful.s.01,"I never laughed, being <t>bashful</t>; lowering my head, I looked at the wall"
basically,696,basically.r.01,He is <t>basically</t> dishonest
basilica,697,basilica.n.01,the church was raised to the rank of <t>basilica</t>
basin,698,basin.n.01,she mixed the dough in a large <t>basin</t>
basis,699,footing.n.02,he worked on an interim <t>basis</t>
basked,700,enjoy.v.01,She relished her fame and <t>basked</t> in her glory
bastion,701,bastion.n.01,a <t>bastion</t> against corruption
bated,702,bate.v.01,He <t>bated</t> his breath when talking about this affair
bath,703,bath.n.01,she soaked the etching in an acid <t>bath</t>
bathe,704,bathe.n.01,the Englishman said he had a good <t>bathe</t>
battle,705,battle.n.01,Grant won a decisive victory in the <t>battle</t> of Chickamauga
battled,706,battle.v.01,they <t>battled</t> over the budget
bawdy,707,bawdry.n.01,they published a collection of Elizabethan <t>bawdy</t>
be-all_and_end-all,708,be-all_and_end-all.n.01,profit is the <t>be-all and end-all</t> of business
beamish,709,beamish.s.01,"Come to my arms, my <t>beamish</t> boy!"
bearded,710,beard.v.01,Houses <t>bearded</t> the top of the heights
bearing,711,bearing.n.01,those issues have no <t>bearing</t> on our situation
beat,712,beat.n.01,in the old days a policeman walked a <t>beat</t> and knew all his people by name
beat_back,713,repel.v.01,<t>beat back</t> the invaders
beaten-up,714,battered.s.01,the <t>beaten-up</t> old Ford
beatific,715,beatific.s.01,<t>beatific</t> peace
beaut,716,beauty.n.03,when I make a mistake it's a <t>beaut</t>
beautiful,717,beautiful.a.01,a <t>beautiful</t> child
became,718,become.v.01,He <t>became</t> annoyed when he heard the bad news
bed,719,bed.n.01,he sat on the edge of the <t>bed</t>
bedfellows,720,bedfellow.n.01,politics makes strange <t>bedfellows</t>
beefy,721,beefy.s.01,a <t>beefy</t> wrestler
befall,722,befall.v.01,He promised that no harm would <t>befall</t> her
before,723,earlier.r.01,I had known her <t>before</t>
before_long,724,soon.r.01,we should have news <t>before long</t>
beforehand,725,advance.s.01,was <t>beforehand</t> with her report
befuddled,726,confuse.v.02,This question <t>befuddled</t> even the teacher
beg,727,beg.v.01,I <t>beg</t> you to stop!
began,728,get_down.v.07,We <t>began</t> working at dawn
beggarly,729,beggarly.s.01,a <t>beggarly</t> existence in the slums
beginning,730,beginning.n.01,the <t>beginning</t> of the war
behalf,731,behalf.n.01,on <t>behalf</t> of
behave,732,act.v.02,Don't <t>behave</t> like a fool
beheaded,733,decapitate.v.01,the French King was <t>beheaded</t> during the Revolution
behindhand,734,behindhand.s.01,was <t>behindhand</t> with the rent
behold,735,behold.v.01,<t>behold</t> Christ!
being,736,being.n.01,a point of view gradually coming into <t>being</t>
belated,737,belated.s.01,a <t>belated</t> birthday card
belatedly,738,late.r.01,I <t>belatedly</t> wished her a happy birthday
believe,739,believe.v.01,We didn't <t>believe</t> his stories from the War
believed,740,believe.v.01,I <t>believed</t> his report
believing,741,believing.n.01,seeing is <t>believing</t>
belittle,742,minimize.v.03,Don't <t>belittle</t> his influence
belle,743,belle.n.01,she was the <t>belle</t> of the ball
bellicose,744,battleful.s.01,<t>bellicose</t> young officers
bellow,745,bellow.n.01,his <t>bellow</t> filled the hallway
bellyful,746,bellyful.n.01,a <t>bellyful</t> of your complaints
belonging,747,belonging.n.01,with his classmates he felt a sense of <t>belonging</t>
belongs,748,belong.v.01,This book <t>belongs</t> to me
below_the_belt,749,below_the_belt.s.01,her accusations were <t>below the belt</t>
ben,750,ben.n.01,they were climbing the <t>ben</t>
benchmark,751,benchmark.n.01,his painting sets the <t>benchmark</t> of quality
bend,752,bend.n.01,a <t>bend</t> in the road
bender,753,bender.n.01,he used pliers as a <t>bender</t>
beneficent,754,beneficent.a.01,the most <t>beneficent</t> regime in history
beneficial,755,beneficial.s.01,an arms limitation agreement <t>beneficial</t> to all countries
benevolent,756,benevolent.a.01,a <t>benevolent</t> society
benevolently,757,benevolently.r.01,she looked on <t>benevolently</t>
bent_on,758,bent.s.01,<t>bent on</t> going to the theater
berating,759,berating.n.01,he deserved the <t>berating</t> that the coach gave him
besides,760,besides.r.01,"I don't want to go to a restaurant; <t>besides</t>, we can't afford it"
best,761,best.n.01,they did their <t>best</t>
best-selling,762,best-selling.s.01,a <t>best-selling</t> novel
best_of_all,763,best_of_all.r.01,"<t>best of all</t>, we don't have any homework!"
bestial,764,beastly.s.02,a <t>bestial</t> nature
bestow,765,confer.v.02,<t>bestow</t> an honor on someone
betrayed,766,betray.v.01,Her smile <t>betrayed</t> her true feelings
better,767,better.n.01,a change for the <t>better</t>
better_off,768,better_off.s.01,she would have been <t>better off</t> if she had stuck with teaching
between,769,between.r.01,dancing all the dances with little rest <t>between</t>
beverage,770,beverage.n.01,may I take your <t>beverage</t> order?
bevy,771,bevy.n.01,he was surrounded by a <t>bevy</t> of beauties in bathing attire
beware,772,beware.v.01,<t>Beware</t> of telephone salesmen
beyond,773,beyond.r.01,through the valley and <t>beyond</t>
beyond_measure,774,beyond_measure.r.01,amazed <t>beyond measure</t>
bier,775,bier.n.01,we followed the <t>bier</t> to the graveyard
big,776,large.a.01,set out for the <t>big</t> city
big-chested,777,big-chested.s.01,"he was <t>big-chested</t>, big-shouldered and heavy-armed"
big_business,778,big_business.n.01,<t>big business</t> is growing so powerful it is difficult to regulate it effectively
big_deal,779,big_shot.n.01,she's a <t>big deal</t> in local politics
big_fish,780,big_shot.n.01,the Qaeda commander is a very <t>big fish</t>
big_shot,781,big_shot.n.01,he thinks he's a <t>big shot</t>
big_stick,782,big_stick.n.01,speak softly but carry a <t>big stick</t>
big_top,783,circus_tent.n.01,they had the <t>big top</t> up in less than an hour
bigoted,784,bigoted.s.01,a <t>bigoted</t> person
bill,785,bill.n.01,they held a public hearing on the <t>bill</t>
billowed,786,billow.v.01,smoke <t>billowed</t> up into the sky
binge,787,orgy.n.01,an emotional <t>binge</t>
binged,788,gorge.v.01,The kids <t>binged</t> on ice cream
biodegrade,789,biodegrade.v.01,Plastic bottles do not <t>biodegrade</t>
bioweapon,790,bioweapon.n.01,they feared use of the smallpox virus as a <t>bioweapon</t>
biracial,791,biracial.s.01,a <t>biracial</t> committee
birth,792,birth.n.01,they divorced after the <t>birth</t> of the child
birthday_suit,793,raw.n.01,in his <t>birthday suit</t>
birthright,794,birthright.n.01,free public education is the <t>birthright</t> of every American child
bisect,795,bisect.v.01,<t>bisect</t> a line
bit,796,spot.n.10,a <t>bit</t> of paper
bitch,797,bitch.n.01,this problem is a real <t>bitch</t>
bitter_end,798,bitter_end.n.01,he was determined to fight to the <t>bitter end</t>
bizarre,799,bizarre.s.01,"restaurants of <t>bizarre</t> design--one like a hat, another like a rabbit"
blackberrying,800,blackberry.v.01,The children went <t>blackberrying</t>
blackened,801,blacken.v.01,The smoke <t>blackened</t> the ceiling
blackish,802,blackish.s.01,<t>blackish</t> clouds
blame,803,incrimination.n.01,the police laid the <t>blame</t> on the driver
blameless,804,blameless.s.01,has lived a <t>blameless</t> life
blameworthy,805,blameworthy.s.01,<t>blameworthy</t> if not criminal behavior
bland,806,bland.s.01,a <t>bland</t> diet
blanketed,807,blanket.v.01,snow <t>blanketed</t> the fields
blase,808,blase.s.01,the <t>blase</t> traveler refers to the ocean he has crossed as `the pond'
blasphemous,809,blasphemous.s.01,<t>blasphemous</t> rites of a witches' Sabbath
blatant,810,blatant.s.01,<t>blatant</t> disregard of the law
blaze,811,blaze.n.01,the <t>blaze</t> spread rapidly
bleach,812,bleach.n.01,a complete <t>bleach</t> usually requires several applications
bleached,813,bleach.v.01,The sun <t>bleached</t> the red shirt
bleak,814,black.s.02,prospects were <t>bleak</t>
bleeped,815,bleep.v.01,The computer <t>bleeped</t> away
blemish,816,blemish.n.01,a facial <t>blemish</t>
blessed,817,bless.v.01,The dying man <t>blessed</t> his son
blessing,818,blessing.n.01,he gave the project his <t>blessing</t>
blind,819,blind.n.01,he spent hours reading to the <t>blind</t>
bling,820,bling.n.01,the rapper was loaded with <t>bling</t>
blip,821,blip.n.01,the market had one bad <t>blip</t> today
blips,822,blip.n.01,you can't react to the day-to-day <t>blips</t>
blissful,823,blissful.s.01,<t>blissful</t> young lovers
blithe,824,blithe.s.01,spoke with <t>blithe</t> ignorance of the true situation
blithesome,825,blithe.s.02,a merry <t>blithesome</t> nature
bloated,826,bloat.v.01,The dead man's stomach was <t>bloated</t>
blocks,827,block.n.01,the pyramids were built with large stone <t>blocks</t>
blog,828,web_log.n.01,postings on a <t>blog</t> are usually in chronological order
bloke,829,chap.n.01,he's a good <t>bloke</t>
blood,830,blood.n.01,<t>blood</t> carries oxygen and nutrients to the tissues and carries away waste products
bloodbath,831,bloodbath.n.01,a <t>bloodbath</t> took place when the leaders of the plot surrendered
bloodless,832,bloodless.s.01,the <t>bloodless</t> carcass of my Hector sold
bloodshed,833,bloodshed.n.01,he avenged the <t>bloodshed</t> of his kinsmen
bloodshot,834,bloodshot.s.01,<t>bloodshot</t> eyes
bloodthirsty,835,bloodthirsty.s.01,<t>bloodthirsty</t> yells
bloody,836,bloody.v.01,<t>bloody</t> your hands
bloody-minded,837,bloody-minded.s.01,unions...have never been as <t>bloody-minded</t> about demarcation as the shipbuilders
bloom,838,blooming.n.01,you will stop all <t>bloom</t> if you let the flowers go to seed
bloomed,839,bloom.v.01,The cherry tree <t>bloomed</t>
bloomer,840,bloomer.n.01,a night <t>bloomer</t>
bloomers,841,bloomers.n.01,she was afraid that her <t>bloomers</t> might have been showing
blow,842,blow.n.01,a <t>blow</t> on the head
blue,843,blue.n.01,he had eyes of bright <t>blue</t>
blue-blooded,844,aristocratic.s.01,the <t>blue-blooded</t> aristocracy
blue-chip,845,blue-chip.s.01,Rembrandt is considered a <t>blue-chip</t> artist
blue_murder,846,blue_murder.n.01,she screamed <t>blue murder</t>
blueprint,847,blueprint.n.01,a <t>blueprint</t> for a house
blundered,848,drop_the_ball.v.01,I <t>blundered</t> during the job interview
bluntly,849,bluffly.r.01,he spoke <t>bluntly</t>
blur,850,blur.n.01,it happened so fast it was just a <t>blur</t>
blurry,851,bleary.s.02,the trees were just <t>blurry</t> shapes
blushed,852,blush.v.01,The girl <t>blushed</t> when a young man whistled as she walked by
bluster,853,bluster.n.01,he was awakened by the <t>bluster</t> of their preparations
blustered,854,bluster.v.01,A southeaster <t>blustered</t> onshore
blustery,855,blustering.s.01,a cold <t>blustery</t> day
board,856,board.n.01,the <t>board</t> has seven members
board_up,857,board_up.v.01,<t>board up</t> windows before the hurricane
boards,858,boards.n.01,most actors love to stride the <t>boards</t>
boatload,859,boatload.n.01,he imported wine by the <t>boatload</t>
bobbed,860,bob.v.01,her rucksack <t>bobbed</t> gently on her back
bodacious,861,bodacious.s.01,a <t>bodacious</t> gossip
bode,862,bode.v.01,These signs <t>bode</t> bad news
bodiless,863,discorporate.s.01,<t>bodiless</t> ghosts
bodily,864,bodily.a.01,a <t>bodily</t> organ
body,865,body.n.01,he felt as if his whole <t>body</t> were on fire
bogged_down,866,bog_down.v.01,She <t>bogged down</t> many times while she wrote her dissertation
boggy,867,boggy.s.01,the ground was <t>boggy</t> under foot
boisterous,868,boisterous.s.01,a <t>boisterous</t> crowd
boldly,869,boldly.r.01,we must tackle these tasks <t>boldly</t>
boldness,870,boldness.n.01,the proposal required great <t>boldness</t>
bolted,871,bolt.v.01,She <t>bolted</t> from her seat
bombardment,872,barrage.n.01,a <t>bombardment</t> of mail complaining about his mistake
bombastically,873,turgidly.r.01,he lectured <t>bombastically</t> about his theories
bombed,874,bombard.v.02,The Americans <t>bombed</t> Dresden
bombshell,875,bombshell.n.01,she was a blonde <t>bombshell</t>
bona_fide,876,bona_fide.s.01,a <t>bona fide</t> offer
bondage,877,bondage.n.01,he was in <t>bondage</t> to fear:; 
bone-dry,878,bone-dry.s.01,<t>bone-dry</t> leaves are a fire hazard
bone_of_contention,879,bone_of_contention.n.01,"the real <t>bone of contention</t>, as you know, is money"
bone_up,880,cram.v.03,I had to <t>bone up</t> on my Latin verbs before the final exam
boneshaker,881,boneshaker.n.01,that old bike without rubber tires was a real <t>boneshaker</t>
bonny,882,bonny.s.01,my <t>bonny</t> lass
bony,883,bony.s.01,emaciated <t>bony</t> hands
book,884,book.n.01,I am reading a good <t>book</t> on economics
booked,885,book.v.01,Her agent had <t>booked</t> her for several concerts in Tokyo
bookings,886,engagement.n.05,the play had <t>bookings</t> throughout the summer
bookish,887,bookish.s.01,a <t>bookish</t> farmer who always had a book in his pocket
boomed,888,boom.v.01,His deep voice <t>boomed</t> through the hall
boon,889,blessing.n.02,a spanking breeze is a <t>boon</t> to sailors
boorish,890,boorish.s.01,was <t>boorish</t> and insensitive
boozy,891,bibulous.s.01,his <t>boozy</t> drinking companions
borrow,892,borrow.v.01,May I <t>borrow</t> your lawn mower?
bosom,893,bosom.n.01,his <t>bosom</t> was bursting with the secret
bossy,894,autocratic.s.01,a <t>bossy</t> way of ordering others around
botany,895,vegetation.n.01,the <t>botany</t> of China
botched,896,botch.v.01,I <t>botched</t> the dinner and we had to eat out
both,897,both.s.01,<t>both</t> girls are pretty
bother,898,fuss.n.02,a spot of <t>bother</t>
bothersome,899,annoying.s.01,aircraft noise is particularly <t>bothersome</t> near the airport
bottomless,900,bottomless.s.01,a <t>bottomless</t> pit
bounced,901,bounce.v.01,The rubber ball <t>bounced</t>
bouncy,902,bouncy.s.01,clean <t>bouncy</t> hair
bounded,903,jump.v.01,The horse <t>bounded</t> across the meadow
boundless,904,boundless.s.01,children with <t>boundless</t> energy
bountiful,905,big.s.11,<t>bountiful</t> compliments
bowed,906,bow.v.01,He <t>bowed</t> before the King
bowel_movement,907,bowel_movement.n.01,he had a <t>bowel movement</t>
box,908,box.n.01,he rummaged through a <t>box</t> of spare parts
boy,909,male_child.n.01,the baby was a <t>boy</t>
boyfriend,910,boyfriend.n.01,if I'd known he was her <t>boyfriend</t> I wouldn't have asked
boyish,911,boyish.s.01,a <t>boyish</t> grin
boys,912,male_child.n.01,most soldiers are only <t>boys</t> in uniform
brace,913,brace.n.01,he wore a <t>brace</t> on his knee
brachial,914,brachial.a.01,<t>brachial</t> artery
brackish,915,brackish.s.01,a thin <t>brackish</t> gruel
brag,916,brag.n.01,his <t>brag</t> is worse than his fight
brahman,917,brahman.n.01,a Boston <t>brahman</t>
brainchild,918,inspiration.n.02,after years of work his <t>brainchild</t> was a tangible reality
brainy,919,brainy.s.01,some men dislike <t>brainy</t> women
braise,920,braise.v.01,<t>braise</t> beef
branch,921,branch.n.01,a <t>branch</t> of Congress
brand-new,922,brand-new.s.01,shiny <t>brand-new</t> shoes
brash,923,brash.s.01,a <t>brash</t> newcomer disputed the age-old rules for admission to the club
bravura,924,bravura.n.01,in a final <t>bravura</t> the ballerina appeared to be floating in water
braw,925,brave.s.02,`<t>braw</t>' is a Scottish word
brazen,926,brazen.v.01,<t>brazen</t> it out
brazenly,927,brazenly.r.01,he spoke <t>brazenly</t>
breadth,928,breadth.n.01,a teacher must have a <t>breadth</t> of knowledge of the subject
break,929,interruption.n.02,there was a <t>break</t> in the action when a player was hurt
break_down,930,break_down.v.01,Martin Luther King tried to <t>break down</t> racial discrimination
break_into,931,break_into.v.01,<t>break into</t> a yodel
breakage,932,breakage.n.01,the total <t>breakage</t> was huge
breakaway,933,breakaway.n.01,there was a <t>breakaway</t> by the discontented members
breakdown,934,dislocation.n.02,his warning came after the <t>breakdown</t> of talks in London
breaking_away,935,breakaway.n.01,a <t>breaking away</t> from family and neighborhood
breakneck,936,breakneck.s.01,a <t>breakneck</t> pace
breakout,937,break.n.16,the <t>breakout</t> was carefully planned
breast,938,breast.n.01,he beat his <t>breast</t> in anger
breath,939,breath.n.01,he took a deep <t>breath</t> and dived into the pool
breath_of_fresh_air,940,breath_of_fresh_air.n.01,the new management was like a <t>breath of fresh air</t>
breathe,941,breathe.v.01,I can <t>breathe</t> better when the air is clean
breathless,942,breathless.a.01,<t>breathless</t> at thought of what I had done
breathtaking,943,breathless.s.01,<t>breathtaking</t> adventure
breed,944,breed.n.01,he experimented on a particular <t>breed</t> of white rats
breeze,945,breeze.n.01,the <t>breeze</t> was cooled by the lake
breezy,946,breezy.s.01,her <t>breezy</t> nature
bridgehead,947,bridgehead.n.01,an attempt to secure a <t>bridgehead</t> behind enemy lines
bridled,948,bridle.v.01,She <t>bridled</t> at his suggestion to elope
briefed,949,brief.v.01,The reporters were <t>briefed</t> about the President's plan to invade
briefly,950,briefly.r.01,she visited him <t>briefly</t>
bright,951,bright.a.01,the sun was <t>bright</t> and hot
bright_side,952,silver_lining.n.01,look on the <t>bright side</t> of it
brighten,953,brighten.v.01,The paint will <t>brighten</t> the room
brilliant,954,brilliant.s.01,a <t>brilliant</t> performance
brilliantly,955,brilliantly.r.01,the stars shone <t>brilliantly</t>
brimmed,956,brim.v.01,His eyes <t>brimmed</t> with tears
bring,957,bring.v.01,<t>Bring</t> me the box from the other room
brings,958,bring.v.01,This <t>brings</t> me to the main point
briskly,959,briskly.r.01,she walked <t>briskly</t> in the cold air
bristled,960,abound.v.02,The garden <t>bristled</t> with toddlers
bristly,961,bristly.s.01,<t>bristly</t> exchanges between the White House and the press
broad,962,broad.n.01,a <t>broad</t> is a woman who can throw a mean punch
broaden,963,broaden.v.01,<t>broaden</t> the road
broadly,964,broadly.r.01,he interprets the law <t>broadly</t>
broken-down,965,bedraggled.s.02,a <t>broken-down</t> fence
brother,966,brother.n.01,my <t>brother</t> still lives with our parents
brotherly,967,brotherly.a.01,<t>brotherly</t> feelings
browse,968,browse.n.01,a deer needs to eat twenty pounds of <t>browse</t> every day
bruised,969,bruise.v.01,I <t>bruised</t> my knee
bruiser,970,bull.n.02,a thick-skinned <t>bruiser</t> ready to give as good as he got
brunt,971,brunt.n.01,bore the <t>brunt</t> of the attack
brushed,972,brush.v.01,Johnson <t>brushed</t> the hairs from his jacket
brushwood,973,brushwood.n.01,they built a fire of <t>brushwood</t>
brusque,974,brusque.s.01,try to cultivate a less <t>brusque</t> manner
brutal,975,barbarous.s.01,<t>brutal</t> beatings
brutish,976,beastly.s.02,a dull and <t>brutish</t> man
bucking,977,buck.v.01,John is <t>bucking</t> for a promotion
buckshee,978,buckshee.s.01,if they deposit these shares in the scheme they will get further <t>buckshee</t> shares on a one-for-one basis
budget,979,budget.n.01,the laboratory runs on a <t>budget</t> of a million a year
budgetary,980,budgetary.a.01,<t>budgetary</t> considerations
buffoonish,981,buffoonish.s.01,a <t>buffoonish</t> walk
build_up,982,build_up.v.01,<t>build up</t> your savings
building,983,building.n.01,there was a three-story <t>building</t> on the corner
bulge,984,bulge.n.01,the gun in his pocket made an obvious <t>bulge</t>
bulk,985,majority.n.01,the <t>bulk</t> of the work is finished
bulletproof,986,bulletproof.v.01,<t>bulletproof</t> the car
bullied,987,strong-arm.v.02,Her big brother always <t>bullied</t> her when she was young
bum,988,rotter.n.01,throw the <t>bum</t> out
bumper,989,bumper.n.01,we quaffed a <t>bumper</t> of ale
bunch,990,bunch.n.01,a <t>bunch</t> of trees
bunker_mentality,991,bunker_mentality.n.01,after so many suicide bombings the Israelis have to resist developing a <t>bunker mentality</t>
buoyant,992,buoyant.s.01,<t>buoyant</t> balloons
burden,993,burden.n.01,the <t>burden</t> of responsibility
burdensome,994,burdensome.s.01,the <t>burdensome</t> task of preparing the income tax return
bureau,995,agency.n.01,the Census <t>Bureau</t>
burg,996,burg.n.01,I've lived in this <t>burg</t> all my life
burgeoning,997,burgeon.v.01,The <t>burgeoning</t> administration
buried,998,bury.v.01,Afghani women <t>buried</t> under their burkas
burly,999,beefy.s.01,had a tall <t>burly</t> frame
burned,1000,burn.v.01,They <t>burned</t> the house and his diaries
burner,1001,burner.n.01,a diesel engine is an oil <t>burner</t>
burning,1002,burning.n.01,the <t>burning</t> of leaves was prohibited by a town ordinance
burst,1003,explosion.n.02,the <t>burst</t> of an atom bomb creates enormous radiation aloft
burst_out,1004,burst_out.v.01,We <t>burst out</t> laughing
bus,1005,bus.n.01,he always rode the <t>bus</t> to work
busbar,1006,busbar.n.01,the <t>busbar</t> in this computer can transmit data either way between any two components of the system
business,1007,business.n.01,he bought his brother's <t>business</t>
business_deal,1008,deal.n.01,he's a master of the <t>business deal</t>
busking,1009,busk.v.01,three young men were <t>busking</t> in the plaza
busted,1010,break.v.04,He <t>busted</t> my radio!
buster,1011,fellow.n.06,"Hey <t>buster</t>, what's up?"
but,1012,merely.r.01,hopes that last <t>but</t> a moment
butty,1013,butty.n.01,a bacon <t>butty</t>
buy,1014,bargain.n.02,the stock was a real <t>buy</t> at that price
buzz,1015,buzz.n.01,the <t>buzz</t> of a bumble bee
buzzing,1016,buzz.v.01,bees were <t>buzzing</t> around the hive
by_all_means,1017,by_all_means.r.01,Visit us <t>by all means</t>
by_and_by,1018,by_and_by.r.01,<t>By and by</t> he'll understand
by_and_large,1019,by_and_large.r.01,<t>by and large</t> it doesn't rain much here
by_choice,1020,intentionally.r.01,I did this <t>by choice</t>
by_far,1021,by_far.r.01,she was <t>by far</t> the smartest student
by_hand,1022,by_hand.r.01,this dress is sewn <t>by hand</t>
by_heart,1023,by_heart.r.01,she knew the poem <t>by heart</t>
by_no_means,1024,by_no_means.r.01,the prize is <t>by no means</t> certain
bye,1025,bye.n.01,he had a <t>bye</t> in the first round
cabaret,1026,cabaret.n.01,don't expect a good meal at a <t>cabaret</t>
cable_car,1027,cable_car.n.01,they took a <t>cable car</t> to the top of the mountain
caboodle,1028,bunch.n.03,she bought the whole <t>caboodle</t>
cacophonous,1029,cacophonous.a.01,as <t>cacophonous</t> as a henyard
cadaver,1030,cadaver.n.01,the <t>cadaver</t> was intended for dissection
caesura,1031,caesura.n.01,after an ominous <t>caesura</t> the preacher continued
caged,1032,cage.v.01,The animal was <t>caged</t>
cagey,1033,cagey.s.01,a <t>cagey</t> lawyer
cahoots,1034,cahoot.n.01,in <t>cahoots</t> with
calamitous,1035,black.s.04,a <t>calamitous</t> defeat
calamity,1036,calamity.n.01,the whole city was affected by the irremediable <t>calamity</t>
calculi,1037,calculus.n.01,renal <t>calculi</t> can be very painful
calibrate,1038,calibrate.v.01,<t>calibrate</t> an instrument
calibration,1039,calibration.n.01,the thermometer needed <t>calibration</t>
call,1040,call.n.01,he placed a phone <t>call</t> to London
call_back,1041,recall.v.07,The manufacturer tried to <t>call back</t> the spoilt yoghurt
call_off,1042,cancel.v.01,<t>Call off</t> the engagement
callously,1043,callously.r.01,he <t>callously</t> exploited their feelings
calls,1044,call.n.01,she reported several anonymous <t>calls</t>
calmly,1045,calmly.r.01,he spoke <t>calmly</t> to the rioting students
calorific,1046,calorific.s.01,the <t>calorific</t> properties of fuels
calve,1047,calve.v.01,The icebergs and glaciers <t>calve</t>
came,1048,come.v.01,He <t>came</t> singing down the road
camouflaged,1049,camouflage.v.01,The troops <t>camouflaged</t> themselves before they went into enemy territory
camp,1050,camp.n.01,wherever he went in the <t>camp</t> the men were grumbling
campaign,1051,political_campaign.n.01,I managed his <t>campaign</t> for governor
campy,1052,camp.s.01,<t>campy</t> Hollywood musicals of the 1940's
can-do,1053,can-do.s.01,a <t>can-do</t> kind of person
canada,1054,canada.n.01,the border between the United States and <t>Canada</t> is the longest unguarded border in the world
candid,1055,blunt.s.03,I gave them my <t>candid</t> opinion
candidly,1056,honestly.r.01,"<t>candidly</t>, I think she doesn't have a conscience"
canon,1057,canon.n.01,the neoclassical <t>canon</t>
canonical,1058,canonic.a.01,a <t>canonical</t> book of the Christian New Testament
canons,1059,canon.n.01,<t>canons</t> of polite society
cantankerously,1060,cantankerously.r.01,he answered her <t>cantankerously</t>
capability,1061,capability.n.01,he worked to the limits of his <t>capability</t>
capable,1062,capable.a.01,<t>capable</t> of winning
capacious,1063,capacious.s.01,she carried a <t>capacious</t> bag
capaciousness,1064,capaciousness.n.01,the very <t>capaciousness</t> of the idea meant that agreement on fundamentals was unnecessary
capacity,1065,capacity.n.01,among his gifts is his <t>capacity</t> for true altruism
capital_gains_tax,1066,capital_gains_tax.n.01,he avoided the <t>capital gains tax</t> by short selling
capped,1067,cap.v.01,Snow <t>capped</t> the mountains
capricious,1068,capricious.s.01,a <t>capricious</t> summer breeze
capsize,1069,capsize.v.01,Don't rock the boat or it will <t>capsize</t>!
caption,1070,caption.n.01,a mere <t>caption</t> unworthy of a reply
captious,1071,captious.s.01,a <t>captious</t> pedant
captivity,1072,captivity.n.01,he was held in <t>captivity</t> until he died
caput,1073,caput.n.01,the <t>caput</t> humeri is the head of the humerus which fits into a cavity in the scapula
car,1074,car.n.01,he needs a <t>car</t> to get to work
caravan,1075,caravan.n.01,we were part of a <t>caravan</t> of almost a thousand camels
cardiac,1076,cardiac.a.01,<t>cardiac</t> arrest
care,1077,care.n.01,no medical <t>care</t> was required
careered,1078,career.v.01,The cars <t>careered</t> down the road
carefree,1079,carefree.s.01,the <t>carefree</t> joys of childhood
careful,1080,careful.a.01,they were <t>careful</t> when crossing the busy street
carefully,1081,carefully.r.01,they watched <t>carefully</t>
careless,1082,careless.a.01,<t>careless</t> about her clothes
carelessly,1083,carelessly.r.01,<t>carelessly</t> raised the children's hopes without thinking of their possible disappointment
caress,1084,caress.n.01,soft music was a fond <t>caress</t>
caressed,1085,caress.v.01,He <t>caressed</t> her face
caresses,1086,caress.n.01,he showered her with <t>caresses</t>
careworn,1087,careworn.s.01,looking <t>careworn</t> as she bent over her mending
carnal,1088,animal.s.01,<t>carnal</t> knowledge
carnivores,1089,carnivore.n.01,terrestrial <t>carnivores</t> have four or five clawed digits on each limb
caromed,1090,carom.v.01,The car <t>caromed</t> off several lampposts
carpetbaggers,1091,carpetbagger.n.01,after the Civil War the <t>carpetbaggers</t> from the north tried to take over the south
carrier,1092,carrier.n.01,the bonds were transmitted by <t>carrier</t>
carroty,1093,carroty.a.01,a boy with <t>carroty</t> hair
carry_out,1094,carry_through.v.01,<t>carry out</t> a task
carrying,1095,transport.v.02,This train is <t>carrying</t> nuclear waste
carve,1096,carve.v.01,<t>Carve</t> a flower from the ice
case,1097,case.n.01,it was a <t>case</t> of bad judgment
cased,1098,case.v.01,They men <t>cased</t> the housed
cash,1099,cash.n.01,there is a desperate shortage of hard <t>cash</t>
cashed,1100,cash.v.01,I <t>cashed</t> the check as soon as it arrived in the mail
caste,1101,caste.n.01,lose <t>caste</t> by doing work beneath one's station
casual,1102,casual.s.01,an ability to interest <t>casual</t> students
casually,1103,casually.r.01,he dealt with his course work <t>casually</t>
cataclysmic,1104,cataclysmal.s.01,<t>cataclysmic</t> nuclear war
catalysis,1105,catalysis.n.01,"of the top 50 commodity chemicals, 30 are created directly by <t>catalysis</t> and another 6 are made from raw materials that are catalytically produced"
catalytic,1106,catalytic.a.01,<t>catalytic</t> reactions
catapulted,1107,catapult.v.01,the enemy <t>catapulted</t> rocks towards the fort
catastrophic,1108,catastrophic.s.01,a <t>catastrophic</t> depression
catastrophically,1109,catastrophically.r.01,<t>catastrophically</t> complex
catch,1110,catch.n.01,it sounds good but what's the <t>catch</t>?
catchy,1111,catchy.s.01,a <t>catchy</t> question
cattle,1112,cattle.n.01,so many head of <t>cattle</t>
catwalk,1113,catwalk.n.01,models displayed clothes on a <t>catwalk</t> at the fashion show
caught,1114,catch.v.01,She <t>caught</t> her son eating candy
caught_up,1115,caught_up.s.01,<t>caught up</t> in the excitement of the crowd
causal,1116,causal.s.01,a <t>causal</t> relationship between scarcity and higher prices
cause,1117,cause.n.01,they are trying to determine the <t>cause</t> of the crash
caution,1118,caution.n.01,a man of <t>caution</t>
cautiously,1119,cautiously.r.01,she ventured <t>cautiously</t> downstairs
caveat,1120,caution.n.02,a <t>caveat</t> against unfair practices
cavernous,1121,cavernous.s.01,vast <t>cavernous</t> chambers hollowed out of limestone
ceaseless,1122,ceaseless.s.01,the <t>ceaseless</t> thunder of surf
ceiling,1123,ceiling.n.01,he hated painting the <t>ceiling</t>
celebrate,1124,observe.v.06,<t>celebrate</t> Christmas
celebrity,1125,celebrity.n.01,he was a baseball <t>celebrity</t>
celestial,1126,celestial.a.01,<t>celestial</t> map
cells,1127,cell.n.01,the <t>cells</t> of a honeycomb
cellular,1128,cellular.a.01,<t>cellular</t> walls
cement,1129,cement.n.01,they stood on the grey <t>cement</t> beside the pool
censorious,1130,censorious.s.01,was <t>censorious</t> of petty failings
center,1131,center.n.01,it is in the <t>center</t> of town
centrally,1132,centrally.r.01,The theater is <t>centrally</t> located
cerebral,1133,cerebral.a.01,a <t>cerebral</t> approach to the problem
ceremony,1134,ceremony.n.01,a <t>ceremony</t> commemorating Pearl Harbor
cert,1135,cert.n.01,it's a dead <t>cert</t>
certain,1136,certain.s.01,set aside a <t>certain</t> sum each week
certainly,1137,surely.r.01,she <t>certainly</t> is a hard worker
certainty,1138,certainty.n.01,his <t>certainty</t> reassured the others
cessation,1139,cessation.n.01,a <t>cessation</t> of the thunder
chafe,1140,chafe.n.01,he had a nasty <t>chafe</t> on his knee
chain,1141,chain.n.01,the <t>chain</t> of command
chair,1142,chair.n.01,he put his coat over the back of the <t>chair</t> and sat down
chairperson,1143,president.n.04,address your remarks to the <t>chairperson</t>
challenge,1144,challenge.n.01,they reacted irrationally to the <t>challenge</t> of Russian power
challenged,1145,challenge.v.01,She <t>challenged</t> his claims
chance,1146,opportunity.n.01,now is your <t>chance</t>
change,1147,change.n.01,the <t>change</t> was intended to increase sales
changeableness,1148,changeableness.n.01,the <t>changeableness</t> of the weather
changed,1149,change.v.01,The discussion has <t>changed</t> my thinking about the issue
channel,1150,channel.n.01,a <t>channel</t> is typically what you rent from a telephone company
channels,1151,channels.n.01,you have to go through <t>channels</t>
chanted,1152,chant.v.01,The rabbi <t>chanted</t> a prayer
chap,1153,chap.n.01,that <t>chap</t> is your host
chapter,1154,chapter.n.01,he read a <t>chapter</t> every night before falling asleep
character,1155,fictional_character.n.01,she is the main <t>character</t> in the novel
characteristics,1156,feature.n.01,generosity is one of his best <t>characteristics</t>
charge,1157,charge.n.01,the wrestler's <t>charge</t> carried him past his adversary
charging,1158,charge.v.01,he saw Jess <t>charging</t> at him with a pitchfork
charismatic,1159,charismatic.s.01,a <t>charismatic</t> leader
charitable,1160,charitable.a.01,a <t>charitable</t> foundation
chary,1161,cagey.s.02,<t>chary</t> of the risks involved
chaste,1162,chaste.a.01,a holy woman innocent and <t>chaste</t>
chastely,1163,chastely.r.01,she lived <t>chastely</t>
chastised,1164,chastise.v.01,She <t>chastised</t> him for his insensitive remarks
chat_up,1165,chat_up.v.01,The guys always try to <t>chat up</t> the new secretaries
cheap,1166,cheap.a.01,it would have been <t>cheap</t> at twice the price
cheated,1167,cheat.v.01,we were <t>cheated</t> by their clever-sounding scheme
check,1168,check.n.01,he paid all his bills by <t>check</t>
check_out,1169,check.v.01,<t>Check out</t> the engine
checkmated,1170,checkmate.v.01,Kasparov <t>checkmated</t> his opponent after only a few moves
cheer_up,1171,cheer.v.03,She tried to <t>cheer up</t> the disappointed child when he failed to win the spelling bee
cheerful,1172,cheerful.a.01,her <t>cheerful</t> nature
cheerfulness,1173,cheerfulness.n.01,flowers added a note of <t>cheerfulness</t> to the drab room
cheerless,1174,depressing.a.01,something <t>cheerless</t> about the room
cheerlessly,1175,cheerlessly.r.01,he <t>cheerlessly</t> set out to do the task
cheery,1176,cheery.s.01,a <t>cheery</t> hello
cheeseparing,1177,cheeseparing.s.01,our <t>cheeseparing</t> administration
chemical_reaction,1178,chemical_reaction.n.01,there was a <t>chemical reaction</t> of the lime with the ground water
cherubic,1179,angelic.s.02,a <t>cherubic</t> face
child_prodigy,1180,child_prodigy.n.01,Mozart was a <t>child prodigy</t>
childish,1181,childish.s.01,<t>childish</t> tantrums
children,1182,child.n.01,she writes books for <t>children</t>
chilled,1183,chill.v.01,The news of the city's surrender <t>chilled</t> the soldiers
chilliness,1184,chilliness.n.01,the <t>chilliness</t> of early morning
chimed,1185,chime.v.01,bells and gongs <t>chimed</t>
chimeric,1186,chimeric.a.01,his Utopia is not as <t>chimeric</t> commonwealth but a practical improvement on what already exists
chipped,1187,chip.v.01,Her tooth <t>chipped</t>
chipper,1188,chipper.s.01,"looking <t>chipper</t>, like a man...diverted by his own wit"
chirping,1189,peep.v.03,the birds were <t>chirping</t> in the bushes
chit,1190,chit.n.01,she was incensed that this <t>chit</t> of a girl should dare to make a fool of her in front of the class
chivalric,1191,chivalric.s.01,<t>chivalric</t> rites
chloroform,1192,chloroform.n.01,<t>chloroform</t> was the first inhalation anesthetic
choked,1193,choke.v.01,She <t>choked</t> with emotion when she spoke about her deceased husband
choleric,1194,choleric.s.01,men of the <t>choleric</t> type take to kicking and smashing
choose,1195,choose.v.01,<t>Choose</t> a good husband for your daughter
chop,1196,chop.n.01,the boat headed into the <t>chop</t>
chopin,1197,chopin.n.01,he practiced <t>Chopin</t> day and night
choppy,1198,choppy.s.01,<t>choppy</t> prose
chores,1199,job.n.02,the farmer's morning <t>chores</t>
chorus,1200,chorus.n.01,a <t>chorus</t> of boos
chosen,1201,chosen.n.01,she was Mama's <t>chosen</t>
chromatic,1202,chromatic.a.01,<t>chromatic</t> lens
chronic,1203,chronic.a.01,<t>chronic</t> indigestion
chubby,1204,chubby.s.01,a <t>chubby</t> child
chunky,1205,chunky.s.01,the dumplings were <t>chunky</t> pieces of uncooked dough
cinema,1206,film.n.02,this story would be good <t>cinema</t>
circle,1207,circle.n.01,he calculated the circumference of the <t>circle</t>
circuitous,1208,circuitous.s.01,the explanation was <t>circuitous</t> and puzzling
circular,1209,circular.n.01,he mailed the <t>circular</t> to all subscribers
circumlocutory,1210,circumlocutious.s.01,had a preference for circumlocutious (or <t>circumlocutory</t>) rather than forthright expression
circumnavigation,1211,circumnavigation.n.01,Magellan's <t>circumnavigation</t> of the earth proved that it is a globe
circumspect,1212,circumspect.s.01,<t>circumspect</t> actions
circumstances,1213,fortune.n.04,a victim of <t>circumstances</t>
circus,1214,circus.n.01,he ran away from home to join the <t>circus</t>
circus_tent,1215,circus_tent.n.01,he was afraid of a fire in the <t>circus tent</t>
city,1216,city.n.01,Ancient Troy was a great <t>city</t>
cityscape,1217,cityscape.n.01,the dominant character of the <t>cityscape</t> is it poverty
citywide,1218,citywide.s.01,<t>citywide</t> bussing
civic,1219,civic.a.01,<t>civic</t> center
civil,1220,civil.s.01,<t>civil</t> authorities
claim,1221,claim.n.01,his <t>claim</t> asked for damages
claimant,1222,claimant.n.01,he was a <t>claimant</t> to the throne
claimed,1223,claim.v.01,He <t>claimed</t> that he killed the burglar
clamber,1224,clamber.n.01,reaching the crest was a real <t>clamber</t>
clammy,1225,clammy.s.01,a <t>clammy</t> handshake
clamorous,1226,blatant.s.02,a <t>clamorous</t> uproar
clandestine,1227,clandestine.s.01,<t>clandestine</t> intelligence operations
clang,1228,clang.n.01,he could hear the <t>clang</t> of distant bells
clanger,1229,clanger.n.01,he dropped a <t>clanger</t>
clangorous,1230,clangorous.s.01,the <t>clangorous</t> locomotive works
clannish,1231,clannish.s.01,<t>clannish</t> loyalty
clapped,1232,clap.v.01,The judge <t>clapped</t> him in jail
clarification,1233,clarification.n.01,the professor's <t>clarification</t> helped her to understand the textbook
clarify,1234,clarify.v.01,<t>clarify</t> the mystery surrounding her death
clashed,1235,collide.v.03,Two meteors <t>clashed</t>
classes,1236,class.n.01,there are two <t>classes</t> of detergents
classicism,1237,classicism.n.01,<t>classicism</t> often derived its models from the ancient Greeks and Romans
classify,1238,classify.v.01,How would you <t>classify</t> these pottery shards--are they prehistoric?
classless,1239,classless.s.01,a <t>classless</t> society
classy,1240,classy.s.01,<t>classy</t> clothes
clawed,1241,claw.v.01,They <t>clawed</t> their way to the top of the mountain
clean-cut,1242,clean-cut.s.01,a <t>clean-cut</t> and well-bred young man
cleaned,1243,clean.v.01,The dentist <t>cleaned</t> my teeth
cleaning,1244,cleaning.n.01,he gave his shoes a good <t>cleaning</t>
clear,1245,clear.n.01,investigation showed that he was in the <t>clear</t>
clear-cut,1246,clear-cut.v.01,<t>clear-cut</t> an acre of forest
clear_the_air,1247,clear_the_air.v.01,The group called a meeting to finally <t>clear the air</t>
clearly,1248,clearly.r.01,they were <t>clearly</t> lost
cleavage,1249,cleavage.n.01,there was a <t>cleavage</t> between the liberal and conservative members
cleave,1250,cleave.v.01,<t>cleave</t> the bone
clement,1251,clement.a.01,<t>clement</t> weather
clerical,1252,clerical.a.01,<t>clerical</t> work
clerihew,1253,clerihew.n.01,"`The president is George W. Bush, Who is happy to sit on his tush, While sending his armies to fight, For anything he thinks is right' is a <t>clerihew</t>"
clever,1254,cagey.s.01,too <t>clever</t> to be sound
cleverly,1255,cleverly.r.01,they were <t>cleverly</t> arranged
clicked,1256,snap.v.04,he <t>clicked</t> on the light
clientele,1257,clientele.n.01,they have an upper class <t>clientele</t>
cliff,1258,cliff.n.01,he stood on a high <t>cliff</t> overlooking the town
climactic,1259,climactic.a.01,a <t>climactic</t> development
climate,1260,climate.n.01,the dank <t>climate</t> of southern Wales
climax,1261,climax.n.01,the <t>climax</t> of the artist's career
clinical,1262,clinical.a.01,<t>clinical</t> observation
cloak-and-dagger,1263,clandestine.s.01,<t>cloak-and-dagger</t> activities behind enemy lines
clobber,1264,stuff.n.03,did you take all your <t>clobber</t>?
clobbered,1265,clobber.v.01,She <t>clobbered</t> the man who tried to attack her
clocked,1266,clock.v.01,he <t>clocked</t> the runners
clocking,1267,clocking.n.01,it was a world record <t>clocking</t>
close,1268,stopping_point.n.01,they were playing better at the <t>close</t> of the season
close-set,1269,close-set.s.01,<t>close-set</t> eyes
close_at_hand,1270,at_hand.s.01,the town is <t>close at hand</t>
close_together,1271,approximate.s.03,with heads <t>close together</t>
close_up,1272,close_up.v.01,<t>close up</t> the shop
closely,1273,closely.r.01,the onsets were <t>closely</t> timed
closeness,1274,closeness.n.01,their <t>closeness</t> grew as the night wore on
closer,1275,closer.n.01,whoever is the <t>closer</t> has to turn out the lights and lock up
cloth,1276,fabric.n.01,woven <t>cloth</t> originated in Mesopotamia around 5000 BC
clothes,1277,apparel.n.01,he always bought his <t>clothes</t> at the same store
cloudless,1278,cloudless.s.01,under a <t>cloudless</t> sky
cloudy,1279,cloudy.s.01,gropes among <t>cloudy</t> issues toward a feeble conclusion
clouted,1280,clout.v.01,He <t>clouted</t> his attacker
clownish,1281,buffoonish.s.01,a <t>clownish</t> face
club,1282,baseball_club.n.01,each <t>club</t> played six home games with teams in its own division
clubbable,1283,clubbable.s.01,a <t>clubbable</t> man
clubbed,1284,club.v.01,The two men <t>clubbed</t> together
clubby,1285,clubbish.s.01,we got rather <t>clubby</t>
clumsily,1286,clumsily.r.01,he snatched the bills <t>clumsily</t>
clumsy,1287,gawky.s.01,<t>clumsy</t> fingers
cluster,1288,bunch.n.01,a <t>cluster</t> of admirers
coagulated,1289,clot.v.01,<t>coagulated</t> blood
coarse,1290,coarse.a.01,<t>coarse</t> meal
coarsely,1291,coarsely.r.01,the surfaces were <t>coarsely</t> granular
coarsen,1292,coarsen.v.01,<t>coarsen</t> the surface
coastal,1293,coastal.a.01,<t>coastal</t> erosion
cobblers,1294,cobblers.n.01,I think that is a load of <t>cobblers</t>
cocksure,1295,cocksure.s.01,an arrogant and <t>cocksure</t> materialist
cocky,1296,cocky.s.01,a very <t>cocky</t> young man
coercive,1297,coercive.s.01,authority is directional instead of <t>coercive</t>
coffee,1298,coffee.n.01,he ordered a cup of <t>coffee</t>
cog,1299,cog.n.01,he was a small <t>cog</t> in a large machine
cogent,1300,cogent.s.01,a <t>cogent</t> argument
cogitative,1301,cogitative.a.01,the <t>cogitative</t> faculty
cohere,1302,cling.v.01,The sushi rice grains <t>cohere</t>
coherent,1303,coherent.a.01,a <t>coherent</t> argument
coherently,1304,coherently.r.01,she could not talk <t>coherently</t> after the accident
coil,1305,coil.n.01,a <t>coil</t> of rope
coincident,1306,coincident.s.01,a series of <t>coincident</t> events
cold,1307,cold.n.01,will they never find a cure for the common <t>cold</t>?
cold-blooded,1308,cold.s.07,<t>cold-blooded</t> killing
cold-shouldered,1309,slight.v.01,She <t>cold-shouldered</t> her ex-fiance
cold_feet,1310,cold_feet.n.01,I was going to tell him but I got <t>cold feet</t>
cold_turkey,1311,cold_turkey.n.01,I told him <t>cold turkey</t>
cold_water,1312,cold_water.n.01,she poured <t>cold water</t> on the whole idea of going to Africa
collaboration,1313,collaboration.n.01,they worked either in <t>collaboration</t> or independently
collage,1314,collage.n.01,he used his computer to make a <t>collage</t> of pictures superimposed on a map
collapsed,1315,collapse.v.01,The wall <t>collapsed</t>
collision,1316,collision.n.01,the <t>collision</t> of the particles resulted in an exchange of energy and a change of direction
collocate,1317,collocate.v.01,The words 'new' and 'world' <t>collocate</t>
colony,1318,colony.n.01,the American <t>colony</t> in Paris
colossal,1319,colossal.s.01,<t>colossal</t> crumbling ruins of an ancient temple
comatose,1320,comatose.a.01,<t>comatose</t> breathing
combust,1321,burn.v.05,We <t>combust</t> coal and other fossil fuels
come_to_life,1322,come_to_life.v.01,All these flowers <t>come to life</t> when the rains come
comely,1323,becoming.s.01,<t>comely</t> behavior
comfort,1324,comfort.n.01,he is a man who enjoys his <t>comfort</t>
comfortable,1325,comfortable.a.01,<t>comfortable</t> clothes
comfortably,1326,comfortably.r.01,he works <t>comfortably</t> on three continents
comforts,1327,comforts.n.01,all the <t>comforts</t> of home
comfy,1328,comfortable.a.01,feeling <t>comfy</t> now?
comical,1329,amusing.s.02,a <t>comical</t> look of surprise
comically,1330,comically.r.01,the tone was <t>comically</t> desperate
commanded,1331,command.v.01,The general <t>commanded</t> a huge army
commandeered,1332,commandeer.v.01,The Cubans <t>commandeered</t> the plane and flew it to Miami
commander_in_chief,1333,commander_in_chief.n.01,in the U.S. the president is the <t>commander in chief</t>
commendable,1334,applaudable.s.01,a <t>commendable</t> sense of purpose
commensurate,1335,commensurate.a.01,pay should be <t>commensurate</t> with the time worked
comment,1336,remark.n.01,from time to time she contributed a personal <t>comment</t> on his account
commitment,1337,committedness.n.01,a man of energy and <t>commitment</t>
committee,1338,committee.n.01,a <t>committee</t> is a group that keeps minutes and loses hours
commodious,1339,commodious.a.01,a <t>commodious</t> harbor
common_or_garden,1340,common_or_garden.s.01,it is a <t>common or garden</t> sparrow
common_people,1341,folk.n.01,the <t>common people</t> determine the group character and preserve its customs from one generation to the next
common_sense,1342,common_sense.n.01,<t>Common sense</t> is not so common
commonsense,1343,commonsense.s.01,<t>commonsense</t> scholarship on the foibles of a genius
commonsensical,1344,commonsense.s.01,unlearned and <t>commonsensical</t> countryfolk were capable of solving problems that beset the more sophisticated
communal,1345,communal.s.01,dipping each his bread into a <t>communal</t> dish of stew
communicate,1346,communicate.v.01,Please <t>communicate</t> this message to all employees
communication,1347,communication.n.01,they could not act without official <t>communication</t> from Moscow
communications,1348,communications.n.01,<t>communications</t> is his major field of study
communicative,1349,communicative.a.01,<t>communicative</t> arts
communion,1350,communion.n.01,the governor took <t>Communion</t> with the rest of the congregation
community,1351,community.n.01,the team is drawn from all parts of the <t>community</t>
commute,1352,commute.n.01,there is standing room only on the high-speed <t>commute</t>
companies,1353,company.n.01,he only invests in large well-established <t>companies</t>
companionable,1354,companionable.s.01,a <t>companionable</t> pet
companions,1355,companion.n.01,drinking <t>companions</t>
company,1356,company.n.01,he started the <t>company</t> in his garage
comparably,1357,comparably.r.01,you will have to work <t>comparably</t> harder
comparative,1358,comparative.n.01,`faster' is the <t>comparative</t> of the adjective `fast'
compare,1359,comparison.n.03,beyond <t>compare</t>
compared,1360,compare.v.01,John <t>compared</t> his haircut to his friend's
comparison,1361,comparison.n.01,they made a <t>comparison</t> of noise levels
compatible,1362,compatible.a.01,a <t>compatible</t> married couple
compel,1363,compel.v.01,We <t>compel</t> all students to fill out this form
compendious,1364,compendious.s.01,a short and <t>compendious</t> book
competent,1365,competent.a.01,a <t>competent</t> typist
competition,1366,competition.n.01,business <t>competition</t> can be fiendish at times
competitive,1367,competitive.a.01,<t>competitive</t> games
compiling,1368,compilation.n.02,the job of <t>compiling</t> the inventory took several hours
complacent,1369,complacent.s.01,he had become <t>complacent</t> after years of success
complacently,1370,complacently.r.01,he <t>complacently</t> lived out his life as a village school teacher
complains,1371,complain.v.01,My mother <t>complains</t> all day
complaisant,1372,complaisant.s.01,to close one's eyes like a <t>complaisant</t> husband whose wife has taken a lover
completed,1373,complete.v.01,She <t>completed</t> the requirements for her Master's Degree
completely,1374,wholly.r.01,it was <t>completely</t> different from what we expected
complex,1375,complex.n.01,"the <t>complex</t> of shopping malls, houses, and roads created a new town"
complexity,1376,complexity.n.01,he enjoyed the <t>complexity</t> of modern computers
compliant,1377,compliant.a.01,children <t>compliant</t> with the parental will
complicated,1378,complicate.v.01,There was a new development that <t>complicated</t> the matter
complied,1379,comply.v.01,He <t>complied</t> with my instructions
complimentary,1380,complimentary.a.01,a <t>complimentary</t> remark
complimented,1381,compliment.v.01,He <t>complimented</t> her on her last physics paper
comply,1382,comply.v.01,You must <t>comply</t> or else!
component,1383,component.n.01,jealousy was a <t>component</t> of his character
composed,1384,compose.v.01,Greed and ambition <t>composed</t> his personality
composition,1385,composition.n.01,harmonious <t>composition</t> is essential in a serious work of art
composure,1386,composure.n.01,he accepted their problems with <t>composure</t> and she with equanimity
comprehend,1387,grok.v.01,Do you <t>comprehend</t> the meaning of this letter?
comprehensible,1388,comprehensible.a.01,an idea <t>comprehensible</t> to the average mind
comprehension,1389,comprehension.n.01,how you can do that is beyond my <t>comprehension</t>
comprised,1390,consist.v.04,The land he conquered <t>comprised</t> several provinces
compulsion,1391,compulsion.n.01,he felt a <t>compulsion</t> to babble on about the accident
compulsory,1392,compulsory.s.01,in most schools physical education is <t>compulsory</t>
computationally,1393,computationally.r.01,"<t>computationally</t>, this is a tricky problem"
comrades,1394,companion.n.01,<t>comrades</t> in arms
conceited,1395,conceited.s.01,a <t>conceited</t> fool
conceivably,1396,conceivably.r.01,the weather may <t>conceivably</t> change
conceived,1397,gestate.v.01,He <t>conceived</t> of a robot that would help paralyzed patients
concern,1398,concern.n.01,the safety of the ship is the captain's <t>concern</t>
concession,1399,concession.n.01,he got the beer <t>concession</t> at the ball park
conciliation,1400,conciliation.n.01,there was a brief period of <t>conciliation</t> but the fighting soon resumed
concise,1401,concise.a.01,a <t>concise</t> explanation
concisely,1402,concisely.r.01,the history is summed up <t>concisely</t> in this book
conclusion,1403,decision.n.02,his <t>conclusion</t> took the evidence into account
conclusive,1404,conclusive.a.01,<t>conclusive</t> proof
concordant,1405,accordant.s.01,expressed views <t>concordant</t> with his background
concurrently,1406,concurrently.r.01,<t>concurrently</t> with the conference an exhibition of things associated with Rutherford was held
condemn,1407,condemn.v.01,We <t>condemn</t> the racism in South Africa
condemnation,1408,disapprobation.n.01,his uncompromising <t>condemnation</t> of racism
condign,1409,condign.s.01,<t>condign</t> censure
condiments,1410,condiment.n.01,mustard and ketchup are <t>condiments</t>
condition,1411,condition.n.01,a <t>condition</t> (or state) of disrepair
conditioner,1412,conditioner.n.01,farm work can be a good <t>conditioner</t>
conditions,1413,conditions.n.01,there were wide variations in the <t>conditions</t> of observation
condolences,1414,condolence.n.01,they sent their <t>condolences</t>
confectionery,1415,confectionery.n.01,the business decided to concentrate on <t>confectionery</t> and soft drinks
conferred,1416,confer.v.01,We <t>conferred</t> about a plan of action
confidence,1417,assurance.n.01,after that failure he lost his <t>confidence</t>
confident,1418,confident.a.01,a <t>confident</t> speaker
confidential,1419,confidential.s.01,a <t>confidential</t> secretary
confidentiality,1420,confidentiality.n.01,you must respect the <t>confidentiality</t> of your client's communications
confidentially,1421,confidentially.r.01,spoke to him intimately and <t>confidentially</t>
configuration,1422,configuration.n.01,the outcome depends on the <t>configuration</t> of influences at the time
configure,1423,configure.v.01,<t>configure</t> my new computer
confines,1424,confines.n.01,he stayed within the <t>confines</t> of the city
confirmation,1425,confirmation.n.01,fossils provided further <t>confirmation</t> of the evolutionary theory
confirmed,1426,confirm.v.01,his story <t>confirmed</t> my doubts
confiscated,1427,impound.v.01,The police <t>confiscated</t> the stolen artwork
conflict,1428,conflict.n.01,the harder the <t>conflict</t> the more glorious the triumph
confluence,1429,confluence.n.01,Pittsburgh is located at the <t>confluence</t> of the Allegheny and Monongahela rivers
confront,1430,confront.v.01,You must <t>confront</t> your opponent
confronted,1431,confront.v.01,The two enemies finally <t>confronted</t> each other
confusing,1432,confuse.v.01,you are <t>confusing</t> me with the other candidate
confusion,1433,confusion.n.01,the army retreated in <t>confusion</t>
congenial,1434,congenial.a.01,a <t>congenial</t> atmosphere to work in
conjecture,1435,speculation.n.02,he dismissed it as mere <t>conjecture</t>
conjugal,1436,conjugal.a.01,<t>conjugal</t> visits
connect,1437,connect.v.01,Can you <t>connect</t> the two loudspeakers?
connection,1438,connection.n.01,there was a <t>connection</t> between eating that pickle and having that nightmare
connector,1439,connection.n.03,he didn't have the right <t>connector</t> between the amplifier and the speakers
conquer,1440,suppress.v.01,<t>conquer</t> one's desires
conscientious,1441,conscientious.s.01,<t>conscientious</t> application to the work at hand
conscious,1442,conscious.s.01,a <t>conscious</t> effort to speak more slowly
consciousness,1443,consciousness.n.01,he lost <t>consciousness</t>
consecration,1444,consecration.n.01,his <t>consecration</t> to study
consensus,1445,consensus.n.01,the lack of <t>consensus</t> reflected differences in theoretical positions
consent,1446,consent.n.01,he indicated his <t>consent</t>
consequences,1447,consequence.n.01,his decision had depressing <t>consequences</t> for business
consequent,1448,attendant.s.02,the period of tension and <t>consequent</t> need for military preparedness
consequential,1449,consequential.s.01,the year's only really <t>consequential</t> legislation
consequently,1450,consequently.r.01,"<t>consequently</t>, he didn't do it"
consider,1451,see.v.05,I <t>consider</t> her to be shallow
considerable,1452,considerable.a.01,a <t>considerable</t> quantity
considerably,1453,well.r.07,painting the room white made it seem <t>considerably</t> (or substantially) larger
considerate,1454,considerate.a.01,friends <t>considerate</t> enough to leave us alone
considerately,1455,considerately.r.01,they <t>considerately</t> withdrew
consistency,1456,consistency.n.01,when the dough has enough <t>consistency</t> it is ready to bake
consistent,1457,consistent.a.01,testimony <t>consistent</t> with the known facts
consolidated,1458,consolidate.v.01,The companies <t>consolidated</t>
conspicuous,1459,conspicuous.a.01,a tower <t>conspicuous</t> at a great distance
conspiratorial,1460,conspiratorial.a.01,a <t>conspiratorial</t> whisper
conspired,1461,conspire.v.01,They <t>conspired</t> to overthrow the government
constancy,1462,constancy.n.01,early mariners relied on the <t>constancy</t> of the trade winds
constantly,1463,constantly.r.01,<t>constantly</t> kind and gracious
constituent,1464,component.n.03,a component or <t>constituent</t> element of a system
constitute,1465,constitute.v.01,These <t>constitute</t> my entire belonging
constructed,1466,construct.v.01,Some eccentric <t>constructed</t> an electric brassiere warmer
construction,1467,construction.n.01,during the <t>construction</t> we had to take a detour
consult,1468,consult.v.01,<t>Consult</t> your local broker
consultation,1469,consultation.n.01,he had a <t>consultation</t> with the judge
consultative,1470,advisory.s.01,his function was purely <t>consultative</t>
consummate,1471,consummate.v.01,<t>consummate</t> a marriage
contact,1472,contact.n.01,they kept in daily <t>contact</t>
contacted,1473,reach.v.04,He never <t>contacted</t> his children after he emigrated to Australia
contagious,1474,contagious.s.01,a <t>contagious</t> grin
container_ship,1475,container_ship.n.01,the weight of the documentation of all the consignments on board a contemporary <t>container ship</t> can exceed 90 pounds
contains,1476,incorporate.v.02,The record <t>contains</t> many old songs from the 1930's
contemplate,1477,contemplate.v.01,<t>contemplate</t> one's navel
contemporaneous,1478,contemporaneous.s.01,a rise in interest rates is often <t>contemporaneous</t> with an increase in inflation
contempt,1479,contempt.n.01,he was held in <t>contempt</t>
contended,1480,contend.v.01,He <t>contended</t> that Communism had no future
content,1481,content.n.01,the two groups were similar in <t>content</t>
contented,1482,content.v.01,He <t>contented</t> himself with one glass of beer per day
contentious,1483,contentious.s.01,a style described as abrasive and <t>contentious</t>
contested,1484,contest.v.01,They <t>contested</t> the outcome of the race
contiguous,1485,contiguous.s.01,<t>contiguous</t> events
continent,1486,continent.n.01,pioneers had to cross the <t>continent</t> on foot
continental,1487,continental.a.01,a <t>Continental</t> breakfast
contingent,1488,contingent.n.01,each nation sent a <t>contingent</t> of athletes to the Olympics
continual,1489,continual.a.01,the <t>continual</t> banging of the shutters
continually,1490,continually.r.01,complained <t>continually</t> that there wasn't enough money
continued,1491,continue.v.01,We <t>continued</t> to work into the night
continuous,1492,continuous.a.01,a <t>continuous</t> rearrangement of electrons in the solar atoms results in the emission of light
continuously,1493,continuously.r.01,The function is <t>continuously</t> differentiable
contracting,1494,catching.n.03,the <t>contracting</t> of a serious illness can be financially catastrophic
contrast,1495,contrast.n.01,in <t>contrast</t> to
contretemps,1496,contretemps.n.01,he tried to smooth over his <t>contretemps</t> with the policeman
contribution,1497,contribution.n.01,I am proud of my <t>contribution</t> in advancing the project
contributory,1498,conducive.s.01,a <t>contributory</t> factor
contrived,1499,plan.v.03,They <t>contrived</t> to murder their boss
control,1500,control.n.01,under <t>control</t>
controversial,1501,controversial.a.01,the issue of the death penalty is highly <t>controversial</t>
convenience,1502,convenience.n.01,chairs arranged for his own <t>convenience</t>
convenient,1503,convenient.a.01,a <t>convenient</t> excuse for not going
conveniently,1504,handily.r.01,the switch was <t>conveniently</t> located
convention,1505,convention.n.01,political <t>convention</t>
conventional,1506,conventional.a.01,<t>conventional</t> wisdom
converge,1507,converge.v.01,The lines <t>converge</t> at this point
conversant,1508,conversant.s.01,<t>conversant</t> with business trends
conversational,1509,colloquial.s.01,the broken syntax and casual enunciation of <t>conversational</t> English
converted,1510,convert.v.01,We <t>converted</t> from 220 to 110 Volt
conveyed,1511,convey.v.01,She <t>conveyed</t> the message to me
convinced,1512,convert.v.09,He had finally <t>convinced</t> several customers of the advantages of his product
convincingly,1513,convincingly.r.01,he argued <t>convincingly</t>
convivial,1514,convivial.s.01,a <t>convivial</t> atmosphere at the reunion
cookery,1515,cooking.n.01,people are needed who have experience in <t>cookery</t>
cooking,1516,cooking.n.01,<t>cooking</t> can be a great art
cool,1517,cool.n.01,the <t>cool</t> of early morning
coolant,1518,coolant.n.01,he added more <t>coolant</t> to the car's radiator
coolheaded,1519,cool.s.01,stayed <t>coolheaded</t> in the crisis
coolness,1520,coolness.n.01,he performed with all the <t>coolness</t> of a veteran
cooperation,1521,cooperation.n.01,their <t>cooperation</t> with us was essential for the success of our mission
copacetic,1522,copacetic.s.01,his smile said that everything was <t>copacetic</t>
copenhagen,1523,copenhagen.n.01,<t>Copenhagen</t> is sometimes called the Paris of the North
copious,1524,copious.s.01,she took <t>copious</t> notes
cord,1525,cord.n.01,the bundle was tied with a <t>cord</t>
core,1526,core.n.01,five periodicals make up the <t>core</t> of their publishing program
corker,1527,corker.n.01,that story was a <t>corker</t>
corner,1528,corner.n.01,he tripled to the rightfield <t>corner</t>
corolla,1529,corolla.n.01,we cultivate the flower for its <t>corolla</t>
corporate,1530,corporate.a.01,<t>corporate</t> rates
corporeal,1531,corporeal.a.01,that which is created is of necessity <t>corporeal</t> and visible and tangible
corpse,1532,cadaver.n.01,the end of the police search was the discovery of a <t>corpse</t>
correct,1533,correct.v.01,<t>Correct</t> the mistakes
correctional,1534,correctional.s.01,a <t>correctional</t> institution
correctly,1535,correctly.r.01,the flower had been <t>correctly</t> depicted by his son
correspondingly,1536,correspondingly.r.01,the temperature decreases <t>correspondingly</t>
corroded,1537,corrode.v.01,The acid <t>corroded</t> the metal
corrupt,1538,corrupt.v.01,<t>corrupt</t> the morals
corruptible,1539,corruptible.s.01,<t>corruptible</t> judges
corrupting,1540,corrupt.v.01,Socrates was accused of <t>corrupting</t> young men
cosmic,1541,cosmic.a.01,<t>cosmic</t> laws
cost_of_living,1542,cost_of_living.n.01,a rise in the <t>cost of living</t> reflects the rate of inflation
costume,1543,costume.n.01,he won the prize for best <t>costume</t>
council,1544,council.n.01,student <t>council</t>
counselled,1545,rede.v.02,The lawyer <t>counselled</t> me when I was accused of tax fraud
count,1546,count.n.01,a blood <t>count</t>
countenance,1547,countenance.n.01,a pleasant <t>countenance</t>
counterblast,1548,counterblast.n.01,her tirade provoked a <t>counterblast</t> from her husband
counting,1549,count.n.02,the <t>counting</t> continued for several hours
countless,1550,countless.s.01,<t>countless</t> hours
countrified,1551,countrified.s.01,<t>countrified</t> clothes
country,1552,state.n.04,the <t>country</t>'s largest manufacturer
country-style,1553,country-style.s.01,<t>country-style</t> sausage
county,1554,county.n.01,"the <t>county</t> has a population of 12,345 people"
couple,1555,couple.n.01,the engaged <t>couple</t>
coupled,1556,match.v.03,This fact is <t>coupled</t> to the other one
courageous,1557,brave.a.01,a frank <t>courageous</t> heart...triumphed over pain
course,1558,course.n.01,he took a <t>course</t> in basket weaving
course_of_action,1559,course.n.04,once a nation is embarked on a <t>course of action</t> it becomes extremely difficult for any retraction to take place
courtly,1560,courtly.s.01,a <t>courtly</t> gentleman
courtship,1561,courtship.n.01,its was a brief and intense <t>courtship</t>
coventry,1562,banishment.n.01,"the association should get rid of its elderly members--not by euthanasia, of course, but by <t>Coventry</t>"
cover,1563,screen.n.04,under <t>cover</t> of darkness
covering,1564,covering.n.01,under a <t>covering</t> of dust
covertly,1565,covertly.r.01,he did it <t>covertly</t>
covetous,1566,covetous.s.01,he was never <t>covetous</t> before he met her
covets,1567,covet.v.01,She <t>covets</t> her sister's house
cow,1568,cow.n.01,`moo-<t>cow</t>' is a child's term
cowardly,1569,cowardly.a.01,"<t>cowardly</t> dogs, ye will not aid me then"
cows,1570,cattle.n.01,wait till the <t>cows</t> come home
cracked,1571,crack.v.01,The glass <t>cracked</t> when it was heated
cracking,1572,crack.n.04,he heard the <t>cracking</t> of the ice
craftily,1573,craftily.r.01,he <t>craftily</t> arranged to be there when the decision was announced
craftsman,1574,craftsman.n.01,as an actor he was a consummate <t>craftsman</t>
crank_up,1575,crank.v.02,<t>crank up</t> the engine
crapulent,1576,crapulent.s.01,<t>crapulent</t> sleep
crash_course,1577,crash_course.n.01,he took a <t>crash course</t> in Italian on his way to Italy
crashed,1578,crash.v.01,The branch <t>crashed</t> down on my car
crawl,1579,crawl.n.01,the traffic advanced at a <t>crawl</t>
creaky,1580,creaky.s.01,a <t>creaky</t> shack
cream,1581,cream.n.01,the <t>cream</t> of England's young men were killed in the Great War
creamy,1582,creamy.s.01,<t>creamy</t> translucent pebbles
crease,1583,fold.n.01,a <t>crease</t> in his trousers
create,1584,make.v.03,<t>create</t> a furor
creative,1585,creative.a.01,a <t>creative</t> imagination
credence,1586,credence.n.01,he gave <t>credence</t> to the gossip
credible,1587,credible.a.01,completely <t>credible</t> testimony
credit,1588,recognition.n.03,he was given <t>credit</t> for his work
creditable,1589,creditable.s.01,the student's effort on the essay--though not outstanding--was <t>creditable</t>
credited,1590,credit.v.01,We <t>credited</t> her for saving our jobs
credulous,1591,credulous.a.01,the gimmick would convince none but the most <t>credulous</t>
creek,1592,brook.n.01,the <t>creek</t> dried up every summer
creepy,1593,creepy.s.01,some <t>creepy</t> kids were bothering her
creepy-crawlies,1594,creepy-crawlies.n.01,the cave gave me the <t>creepy-crawlies</t>
cremate,1595,cremate.v.01,<t>Cremate</t> a corpse
crepuscular,1596,crepuscular.s.01,the evening's <t>crepuscular</t> charm
cried,1597,shout.v.02,she <t>cried</t> with pain when the doctor inserted the needle
cries,1598,cry.n.01,the speaker was interrupted by loud <t>cries</t> from the rear of the audience
crimes,1599,crime.n.01,a long record of <t>crimes</t>
criminal_record,1600,criminal_record.n.01,he ruled that the <t>criminal record</t> of the defendant could not be disclosed to the court
crippled,1601,cripple.v.01,This measure <t>crippled</t> our efforts
crisis,1602,crisis.n.01,they went bankrupt during the economic <t>crisis</t>
critical,1603,critical.a.01,a <t>critical</t> attitude
critical_point,1604,juncture.n.02,he must be made to realize that the company stands at a <t>critical point</t>
critically,1605,critically.r.01,this must be examined <t>critically</t>
criticism,1606,criticism.n.01,the senator received severe <t>criticism</t> from his opponent
criticized,1607,knock.v.06,The paper <t>criticized</t> the new movie
crooked,1608,crook.v.01,He <t>crooked</t> his index finger
cross-country,1609,cross-country.r.01,they liked to race <t>cross-country</t>
cross-section,1610,cross-section.s.01,<t>cross-section</t> views of the neck
crotch,1611,fork.n.03,he climbed into the <t>crotch</t> of a tree
crowd,1612,crowd.n.01,a <t>crowd</t> of insects assembled around the flowers
crowding,1613,crowding.n.01,he didn't like the <t>crowding</t> on the beach
crown,1614,crown.n.01,the colonies revolted against the <t>Crown</t>
crowned,1615,crown.v.01,The prince was <t>crowned</t> in Westminster Abbey
crucial,1616,crucial.a.01,a <t>crucial</t> moment in his career
crucially,1617,crucially.r.01,<t>crucially</t> important
crudely,1618,crudely.r.01,he was <t>crudely</t> bold
cruel,1619,barbarous.s.01,<t>cruel</t> tortures
cruelly,1620,cruelly.r.01,a <t>cruelly</t> bitter winter
crumb,1621,crumb.n.01,he gave only a <t>crumb</t> of information about his plans
crumbs,1622,crumb.n.01,there were few <t>crumbs</t> of comfort in the report
crunch,1623,crunch.n.01,he heard the <t>crunch</t> of footsteps on the gravel path
crying,1624,crying.n.01,I hate to hear the <t>crying</t> of a child
cryonics,1625,cryonics.n.01,<t>cryonics</t> is more science fiction than serious science
cryptic,1626,cryptic.s.01,the new insurance policy is written without <t>cryptic</t> or mysterious terms
crystal_clear,1627,crystalline.s.02,<t>crystal clear</t> skies
culmination,1628,apogee.n.01,their achievements stand as a <t>culmination</t> of centuries of development
culpable,1629,blameworthy.s.01,<t>culpable</t> negligence
cultivation,1630,cultivation.n.01,her <t>cultivation</t> was remarkable
cultural,1631,cultural.a.01,<t>cultural</t> events
cumbersome,1632,cumbersome.s.01,a <t>cumbersome</t> piece of machinery
cunningly,1633,cunningly.r.01,how <t>cunningly</t> the olive-green dress with its underskirt of rose-brocade fitted her perfect figure
cup,1634,cup.n.01,he put the <t>cup</t> back in the saucer
cup_of_tea,1635,cup_of_tea.n.01,chemistry is not my <t>cup of tea</t>
curare,1636,tubocurarine.n.01,<t>curare</t> acts by blocking cholinergic transmission at the myoneural junction
curd,1637,curd.n.01,bean <t>curd</t>
cured,1638,bring_around.v.02,The treatment <t>cured</t> the boy's acne
curious,1639,curious.s.01,a <t>curious</t> hybrid accent
curiously,1640,curiously.r.01,had a <t>curiously</t> husky voice
curmudgeonly,1641,crusty.s.02,his <t>curmudgeonly</t> temper
current,1642,current.n.01,the <t>current</t> was measured in amperes
currently,1643,presently.r.02,<t>currently</t> they live in Connecticut
cursing,1644,curse.v.01,The drunken men were <t>cursing</t> loudly in the street
cursory,1645,casual.s.05,a casual (or <t>cursory</t>) inspection failed to reveal the house's structural flaws
curt,1646,brusque.s.01,a <t>curt</t> reply
curtail,1647,restrict.v.01,<t>curtail</t> drinking in school
curvaceous,1648,bosomy.s.01,Hollywood seems full of <t>curvaceous</t> blondes
curvature,1649,curvature.n.01,<t>curvature</t> of the spine
cushy,1650,cushy.s.01,what a <t>cushy</t> job!
custodial,1651,custodial.s.01,daycare that is educational and not just <t>custodial</t>
custody,1652,detention.n.01,he is in the <t>custody</t> of police
customary,1653,customary.s.01,sealed the deal with the <t>customary</t> handshake
cut,1654,cut.n.01,everyone got a <t>cut</t> of the earnings
cut-rate,1655,bargain-priced.s.01,<t>cut-rate</t> goods
cut_back,1656,cut_back.v.01,the film <t>cut back</t> to an earlier event in the story
cut_corners,1657,cut_corners.v.01,<t>Cut corners</t> to make a cheaper product
cut_out,1658,cut_out.v.01,<t>Cut out</t> the extra text
cut_short,1659,cut_short.v.01,We had to <t>cut short</t> our vacation
cute,1660,cunning.s.01,a <t>cute</t> kid with pigtails
cutting-edge,1661,up-to-date.s.02,<t>cutting-edge</t> technology
cyborg,1662,cyborg.n.01,a <t>cyborg</t> is a cybernetic organism
cycle,1663,cycle.n.01,the never-ending <t>cycle</t> of the seasons
cyclopean,1664,cyclopean.a.01,<t>Cyclopean</t> eye
cynosure,1665,cynosure.n.01,let faith be your <t>cynosure</t> to walk by
daintiness,1666,daintiness.n.01,the <t>daintiness</t> of her touch
damaged,1667,damage.v.01,The snow <t>damaged</t> the roof
damn,1668,damn.n.01,his promise is not worth a <t>damn</t>
damnable,1669,damnable.s.01,her <t>damnable</t> pride
damned,1670,damned.n.01,he felt he had visited the realm of the <t>damned</t>
dampener,1671,dampener.n.01,he used a <t>dampener</t> to moisten the shirts before he ironed them
danced,1672,dance.v.01,The young girl <t>danced</t> into the room
danger,1673,danger.n.01,you are in no <t>danger</t>
dangerous,1674,dangerous.a.01,a <t>dangerous</t> criminal
dank,1675,clammy.s.01,a <t>dank</t> cellar
danube,1676,danube.n.01,"Vienna, Budapest, and Belgrade are on the banks of the <t>Danube</t>"
dapper,1677,dapper.s.01,a <t>dapper</t> young man
dare,1678,dare.n.01,he could never refuse a <t>dare</t>
daringly,1679,daringly.r.01,<t>daringly</t> he took the first step
dark-haired,1680,dark-haired.s.01,a <t>dark-haired</t> beauty
darkened,1681,darken.v.01,The sky <t>darkened</t>
dash,1682,dash.n.01,he wooed her with the confident <t>dash</t> of a cavalry officer
dashed,1683,dart.v.02,She <t>dashed</t> into the yard
dastardly,1684,dastard.s.01,the unprovoked and <t>dastardly</t> attack by Japan on...December 7th
data,1685,data.n.01,statistical <t>data</t>
date,1686,date.n.01,what is the <t>date</t> today?
dateless,1687,dateless.s.01,the <t>dateless</t> rise and fall of the tides
daughter,1688,daughter.n.01,her <t>daughter</t> cared for her in her old age
dawn,1689,dawn.n.01,we got up before <t>dawn</t>
day,1690,day.n.01,they put on two performances every <t>day</t>
day_off,1691,day_off.n.01,Thursday is his <t>day off</t>
days,1692,days.n.01,the monarch's last <t>days</t>
daytime,1693,day.n.04,it is easier to make the repairs in the <t>daytime</t>
daze,1694,daze.n.01,his mother's death left him in a <t>daze</t>
dazzled,1695,dazzle.v.01,She was <t>dazzled</t> by the bright headlights
de_facto,1696,de_facto.a.01,<t>de facto</t> segregation is as real as segregation imposed by law
de_jure,1697,de_jure.a.01,<t>de jure</t> recognition of the new government
de_rigueur,1698,de_rigueur.s.01,instruction as to when and where a silk hat is <t>de rigueur</t>
dead,1699,dead.n.01,they buried the <t>dead</t>
dead_drop,1700,dead_drop.n.01,a <t>dead drop</t> avoids the need for an intelligence officer and a spy to be present at the same time
dead_duck,1701,dead_duck.n.01,he finally admitted that the legislation was a <t>dead duck</t>
dead_set,1702,bent.s.01,<t>dead set</t> against intervening
deadly,1703,deadly.s.01,a <t>deadly</t> enemy
deadness,1704,unresponsiveness.n.01,in an instant all the <t>deadness</t> and withdrawal were wiped away
deadpan,1705,deadpan.s.01,<t>deadpan</t> humor
deaf,1706,deaf.n.01,many of the <t>deaf</t> use sign language
deafening,1707,deafen.v.01,a <t>deafening</t> noise
deal,1708,deal.n.01,it was a package <t>deal</t>
dealing,1709,dealing.n.01,honest <t>dealing</t>
dearly,1710,dearly.r.01,I would <t>dearly</t> love to know
death,1711,death.n.01,her <t>death</t> came as a terrible shock
deathly,1712,deathlike.s.01,a <t>deathly</t> pallor
debated,1713,debate.v.01,We <t>debated</t> the question of abortion
debonair,1714,debonair.s.01,a <t>debonair</t> gentleman
debriefed,1715,debrief.v.01,The released hostages were <t>debriefed</t>
debt,1716,debt.n.01,he is badly in <t>debt</t>
debug,1717,debug.v.01,<t>debug</t> this program
debunked,1718,debunk.v.01,The physicist <t>debunked</t> the psychic's claims
debut,1719,introduction.n.01,they looked forward to the <t>debut</t> of their new product line
decease,1720,death.n.01,upon your <t>decease</t> the capital will pass to your grandchildren
deceitful,1721,deceitful.s.01,<t>deceitful</t> advertising
decent,1722,decent.s.01,from a <t>decent</t> family
deceptive,1723,deceptive.s.01,<t>deceptive</t> calm
decided,1724,decide.v.01,We finally <t>decided</t> after lengthy deliberations
decidedly,1725,decidedly.r.01,it was <t>decidedly</t> too expensive
decision,1726,decision.n.01,the burden of <t>decision</t> was his
decisive,1727,decisive.a.01,cast the <t>decisive</t> vote
declared,1728,declare.v.01,He <t>declared</t> that he needed more money to carry out the task he was charged with
decompress,1729,decompress.v.01,<t>decompress</t> data
decontaminated,1730,decontaminate.v.01,The soil around the housing development had to be <t>decontaminated</t> by the city
decorate,1731,decorate.v.01,<t>Decorate</t> the room for the party
decorative,1732,cosmetic.s.01,the buildings were utilitarian rather than <t>decorative</t>
decorous,1733,decorous.a.01,the tete-a-tete was <t>decorous</t> in the extreme
decrease,1734,decrease.n.01,there was a <t>decrease</t> in his temperature as the fever subsided
decreased,1735,decrease.v.01,The amount of homework <t>decreased</t> towards the end of the semester
decrepit,1736,creaky.s.01,a <t>decrepit</t> bus...its seats held together with friction tape
deductive,1737,deductive.a.01,<t>deductive</t> reasoning
deed,1738,deed.n.01,he signed the <t>deed</t>
deeds,1739,works.n.03,salvation by <t>deeds</t>
deep,1740,deep.n.01,in the <t>deep</t> of night
deep-rooted,1741,deep-rooted.s.01,<t>deep-rooted</t> prejudice
deep-seated,1742,deep-rooted.s.01,<t>deep-seated</t> differences of opinion
deepened,1743,intensify.v.02,This event only <t>deepened</t> my convictions
deeply,1744,profoundly.r.01,They felt the loss <t>deeply</t>
defacement,1745,defacement.n.01,the <t>defacement</t> of an Italian mosaic during the Turkish invasion
defamed,1746,defame.v.01,The journalists have <t>defamed</t> me!
default,1747,default.n.01,he lost the game by <t>default</t>
defeat,1748,defeat.n.01,it was a narrow <t>defeat</t>
defeated,1749,defeated.n.01,the Romans had no pity for the <t>defeated</t>
defective,1750,defective.s.01,I returned the appliance because it was <t>defective</t>
defects,1751,defect.n.01,visual <t>defects</t>
deference,1752,deference.n.01,his <t>deference</t> to her wishes was very flattering
deferentially,1753,deferentially.r.01,he always acts so <t>deferentially</t> around his supervisor
defiant,1754,defiant.a.01,brought up to be aggressive and <t>defiant</t>
deficiency,1755,lack.n.01,water is the critical <t>deficiency</t> in desert regions
deficient,1756,deficient.s.01,a <t>deficient</t> education
deficit,1757,deficit.n.01,new blood vessels bud out from the already dilated vascular bed to make up the nutritional <t>deficit</t>
defied,1758,defy.v.01,The politician <t>defied</t> public opinion
definite,1759,definite.a.01,I want a <t>definite</t> answer
deflate,1760,deflate.v.01,<t>deflate</t> a balloon
deflation,1761,deflation.n.01,a constant <t>deflation</t> of the desert landscape
deformed,1762,deform.v.01,the heat <t>deformed</t> the plastic sculpture
defrauded,1763,victimize.v.03,She <t>defrauded</t> the customers who trusted her
defrost,1764,defrost.v.01,<t>Defrost</t> the car window
deft,1765,deft.s.01,a <t>deft</t> waiter
defunct,1766,defunct.s.01,a <t>defunct</t> law
degage,1767,degage.s.01,rather <t>degage</t> after the nervousness he had shown at dinner
degree,1768,degree.n.01,it is all a matter of <t>degree</t>
dehisce,1769,dehisce.v.01,flowers <t>dehisce</t> when they release pollen
dehydrated,1770,dehydrate.v.01,carry <t>dehydrated</t> food on your camping trip
delay,1771,delay.n.01,instant replay caused too long a <t>delay</t>
delayed,1772,delay.v.01,Traffic was <t>delayed</t> by the bad weather
delete,1773,delete.v.01,Please <t>delete</t> my name from your list
deleterious,1774,deleterious.s.01,<t>deleterious</t> chemical additives
delicate,1775,delicate.a.01,a <t>delicate</t> violin passage
delight,1776,delight.n.01,his <t>delight</t> to see her was obvious to all
delightful,1777,delightful.s.01,a <t>delightful</t> surprise
delightfully,1778,delightfully.r.01,"the farm house, though in itself a small one, is <t>delightfully</t> situated"
deliverance,1779,rescue.n.01,work is the <t>deliverance</t> of mankind
delivery,1780,delivery.n.01,his reluctant <t>delivery</t> of bad news
delta,1781,delta.n.01,the Mississippi River <t>delta</t>
delusive,1782,delusive.s.01,<t>delusive</t> faith in a wonder drug
demanded,1783,demand.v.01,The boss <t>demanded</t> that he be fired immediately
demanding,1784,demand.v.01,The victim's family is <t>demanding</t> compensation
demands,1785,demand.n.01,his <t>demands</t> for attention were unceasing
demist,1786,demist.v.01,<t>demist</t> the car windows
democratic,1787,democratic.a.01,<t>democratic</t> government
demode,1788,antique.s.02,<t>demode</t> (or outmoded) attire
demolish,1789,demolish.v.01,<t>demolish</t> your enemies
demolished,1790,demolish.v.01,the wrecking ball <t>demolished</t> the building
demonic,1791,demonic.s.01,something <t>demonic</t> in him--something that could be cruel
demonstrable,1792,demonstrable.s.01,<t>demonstrable</t> truths
demonstration,1793,presentation.n.02,he gave the customer a <t>demonstration</t>
demoted,1794,demote.v.01,She was <t>demoted</t> because she always speaks up
demotic,1795,demotic.n.01,<t>Demotic</t> script was eventually replaced by Greek
dendritic,1796,dendritic.a.01,<t>dendritic</t> fiber
denial,1797,denial.n.01,it resulted in a complete <t>denial</t> of his privileges
denied,1798,deny.v.01,He <t>denied</t> the allegations
denoted,1799,denote.v.01,Her smile <t>denoted</t> that she agreed
denounced,1800,denounce.v.01,He <t>denounced</t> the Nazis
dense,1801,dense.s.01,<t>dense</t> smoke
dent,1802,dent.n.01,it made a <t>dent</t> in my bank account
dented,1803,indent.v.03,The bicycle <t>dented</t> my car
denude,1804,denude.v.01,<t>denude</t> a forest
department,1805,department.n.01,you'll find it in the hardware <t>department</t>
departmental,1806,departmental.a.01,<t>departmental</t> policy
departs,1807,go.v.03,The train <t>departs</t> at noon
dependable,1808,reliable.a.01,a <t>dependable</t> worker
depends,1809,depend.v.01,That <t>depends</t>
depicts,1810,picture.v.02,This scene <t>depicts</t> country life
deplorable,1811,deplorable.s.01,my finances were in a <t>deplorable</t> state
deplore,1812,deplore.v.01,We <t>deplore</t> the government's treatment of political prisoners
deportation,1813,exile.n.03,his <t>deportation</t> to a penal colony
depravity,1814,corruption.n.04,"its brothels, its opium parlors, its <t>depravity</t>"
depressed,1815,depress.v.01,These news <t>depressed</t> her
depth,1816,depth.n.01,the <t>depth</t> of the water
derail,1817,derail.v.01,they had planned to <t>derail</t> the trains that carried atomic waste
derided,1818,deride.v.01,He <t>derided</t> his student's attempt to solve the biggest problem in mathematics
derisive,1819,derisive.s.01,<t>derisive</t> laughter
derivation,1820,derivation.n.01,he prefers shoes of Italian <t>derivation</t>
derogatory,1821,derogative.s.01,<t>derogatory</t> comments
desecrate,1822,desecrate.v.01,<t>desecrate</t> a cemetery
desecration,1823,profanation.n.01,<t>desecration</t> of the Holy Sabbath
desensitized,1824,desensitize.v.01,The war <t>desensitized</t> many soldiers
deserted,1825,abandon.v.05,The mother <t>deserted</t> her children
deserve,1826,deserve.v.01,You <t>deserve</t> a promotion after all the hard work you have done
desiderata,1827,desideratum.n.01,the <t>desiderata</t> for a vacation are time and money
design,1828,design.n.01,he contributed to the <t>design</t> of a new instrument
design_criteria,1829,design_criteria.n.01,the job specifications summarized the <t>design criteria</t>
desirable,1830,desirable.a.01,a <t>desirable</t> job
desirous,1831,desirous.a.01,<t>desirous</t> of high office
despair,1832,despair.n.01,in the depths of <t>despair</t>
desperate,1833,desperate.n.01,they prey on the hopes of the <t>desperate</t>
desperately,1834,urgently.r.01,the soil <t>desperately</t> needed potash
desperation,1835,despair.n.01,courage born of <t>desperation</t>
despicable,1836,despicable.s.01,would do something as <t>despicable</t> as murder
despicably,1837,despicably.r.01,he acted <t>despicably</t>
despises,1838,contemn.v.01,He <t>despises</t> the people he has to work for
despite,1839,contempt.n.01,the <t>despite</t> in which outsiders were held is legendary
despondent,1840,despondent.s.01,<t>despondent</t> about his failure
destination,1841,finish.n.04,he was nearly exhausted as their <t>destination</t> came into view
destined,1842,destine.v.01,She was <t>destined</t> to become a great pianist
destroyed,1843,destroy.v.01,The fire <t>destroyed</t> the house
destruct,1844,destruct.v.01,The engineers had to <t>destruct</t> the rocket for safety reasons
destructive,1845,destructive.a.01,a policy that is <t>destructive</t> to the economy
desultory,1846,desultory.s.01,<t>desultory</t> thoughts
detach,1847,detach.v.01,<t>detach</t> the skin from the chicken before you eat it
details,1848,details.n.01,after the trial he gave us the real <t>details</t>
detected,1849,detect.v.01,She <t>detected</t> high levels of lead in her drinking water
detection,1850,detection.n.01,early <t>detection</t> can often lead to a cure
detention,1851,detention.n.01,his <t>detention</t> was politically motivated
deterge,1852,deterge.v.01,This drug is powerful enough to <t>deterge</t>
deteriorated,1853,deteriorate.v.01,His mind <t>deteriorated</t>
determinant,1854,determinant.n.01,education is an important <t>determinant</t> of one's outlook on life
determination,1855,determination.n.01,the <t>determination</t> of molecular structures
detests,1856,hate.v.01,She <t>detests</t> politicians
detract,1857,take_away.v.07,His bad manners <t>detract</t> from his good character
detractive,1858,detractive.s.01,<t>detractive</t> influences on the volume of investment
deuced,1859,blasted.s.01,a <t>deuced</t> idiot
developed,1860,develop.v.01,Her company <t>developed</t> a new kind of building material that withstands all kinds of weather
development,1861,development.n.01,he congratulated them on their <t>development</t> of a plan to meet the emergency
deviation,1862,deviation.n.01,the <t>deviation</t> from the mean
device,1863,device.n.01,the <t>device</t> is small enough to wear on your wrist
devices,1864,devices.n.01,eventually the family left the house to the <t>devices</t> of this malevolent force
devilish,1865,devilish.s.01,<t>devilish</t> schemes
devious,1866,devious.s.01,used <t>devious</t> means to achieve success
deviously,1867,deviously.r.01,he got the promotion by behaving <t>deviously</t>
devising,1868,devising.n.01,the <t>devising</t> of plans
devoid,1869,barren.s.03,the sentence was <t>devoid</t> of meaning
devotedly,1870,devotedly.r.01,He served his master <t>devotedly</t>
devotion,1871,devotion.n.01,their <t>devotion</t> to each other was beautiful
devoured,1872,devour.v.01,Fire had <t>devoured</t> our home
dew,1873,dew.n.01,in the morning the grass was wet with <t>dew</t>
dewy-eyed,1874,childlike.s.02,<t>dewy-eyed</t> innocence
dextral,1875,dextral.a.01,a <t>dextral</t> gastropod shell with the apex upward has its opening on the right when facing the observer
diabolical,1876,devilish.s.01,the <t>diabolical</t> expression on his face
diagnostic,1877,diagnostic.a.01,a <t>diagnostic</t> reading test
diagonally,1878,diagonally.r.01,she lives <t>diagonally</t> across the street from us
dialect,1879,dialect.n.01,the immigrants spoke an odd <t>dialect</t> of English
diaphragm,1880,diaphragm.n.01,the new cameras adjust the <t>diaphragm</t> automatically
dibs,1881,dibs.n.01,I have <t>dibs</t> on that last slice of pizza
dicey,1882,chancy.s.01,"an extremely <t>dicey</t> future on a brave new world of liquid nitrogen, tar, and smog"
dickens,1883,devil.n.03,the <t>dickens</t> you say
dictatorial,1884,dictatorial.a.01,<t>dictatorial</t> powers
die-cast,1885,die-cast.s.01,a <t>die-cast</t> seal
die-hard,1886,die-hard.s.01,an inflexible (or <t>die-hard</t>) conservative
die_hard,1887,prevail.v.03,These stories <t>die hard</t>
died,1888,die.v.01,She <t>died</t> from cancer
differ,1889,differ.v.01,These two tests <t>differ</t> in only one respect
differences,1890,difference.n.01,there are many <t>differences</t> between jazz and rock
different,1891,different.a.01,took <t>different</t> approaches to the problem
differentially,1892,differentially.r.01,Hubel and Wiesel have found cells that respond <t>differentially</t> according to the direction in which a stimulus is moved across the retina
differently,1893,differently.r.01,very soon you will know <t>differently</t>
difficult,1894,difficult.a.01,a <t>difficult</t> task
difficulty,1895,trouble.n.04,had <t>difficulty</t> walking
diffident,1896,diffident.s.01,she was <t>diffident</t> when offering a comment on the professor's lecture
dig,1897,dig.n.01,they set up camp next to the <t>dig</t>
digital,1898,digital.a.01,<t>digital</t> clock
digits,1899,digit.n.01,0 and 1 are <t>digits</t>
dignified,1900,ennoble.v.01,He was <t>dignified</t> with a title
dignity,1901,dignity.n.01,it was beneath his <t>dignity</t> to cheat
digress,1902,digress.v.01,Don't <t>digress</t> when you give a lecture
digressive,1903,digressive.s.01,a <t>digressive</t> allusion to the day of the week
dilated,1904,dilate.v.01,His pupils were <t>dilated</t>
diligent,1905,diligent.s.01,a <t>diligent</t> (or patient) worker
dimly,1906,dimly.r.01,we perceived the change only <t>dimly</t>
dine,1907,dine.v.01,We often <t>dine</t> with friends in this restaurant
dingbat,1908,dingbat.n.01,you would be a <t>dingbat</t> even to try it
dingy,1909,begrimed.s.01,<t>dingy</t> linen
dining_area,1910,dining_area.n.01,they put up tents for the <t>dining area</t>
dinner,1911,dinner.n.01,<t>dinner</t> will be at 8
dinner_party,1912,dinner.n.02,guests should never be late to a <t>dinner party</t>
dip,1913,dip.n.01,there was a <t>dip</t> in the road
diplomatic,1914,diplomatic.a.01,<t>diplomatic</t> immunity
dire,1915,desperate.s.06,a <t>dire</t> emergency
directed,1916,direct.v.01,He <t>directed</t> the children to do their homework
direction,1917,direction.n.01,he looked the other <t>direction</t>
directives,1918,directive.n.01,the boss loves to send us <t>directives</t>
directly,1919,directly.r.01,the path leads <t>directly</t> to the lake
direful,1920,awful.s.02,a career or vengeance so <t>direful</t> that London was shocked
dirt_cheap,1921,dirt_cheap.s.01,a <t>dirt cheap</t> property
dirtily,1922,dirtily.r.01,as <t>dirtily</t> drunk as usual
disability,1923,disability.n.01,reading <t>disability</t>
disable,1924,disable.v.01,<t>disable</t> this command on your computer
disabled,1925,disabled.n.01,technology to help the elderly and the <t>disabled</t>
disagreeable,1926,disagreeable.a.01,a <t>disagreeable</t> situation
disagrees,1927,disagree.v.01,She <t>disagrees</t> with her husband on many questions
disappeared,1928,disappear.v.01,He <t>disappeared</t> without a trace
disappointment,1929,disappointment.n.01,his hopes were so high he was doomed to <t>disappointment</t>
disaster,1930,catastrophe.n.02,his policies were a <t>disaster</t>
disavowed,1931,disavow.v.01,Her husband <t>disavowed</t> her after 30 years of marriage and six children
disbanded,1932,disband.v.01,the principal <t>disbanded</t> the political student organization
discernible,1933,discernible.a.01,things happen in the earth and sky with no <t>discernible</t> cause
disciplinary,1934,disciplinary.a.01,<t>disciplinary</t> problems in the classroom
discipline,1935,discipline.n.01,in what <t>discipline</t> is his doctorate?
disclose,1936,unwrap.v.02,The auction house would not <t>disclose</t> the price at which the van Gogh had sold
disconnect,1937,gulf.n.02,there is a vast <t>disconnect</t> between public opinion and federal policy
discordant,1938,discordant.a.01,views <t>discordant</t> with present-day ideas
discourage,1939,deter.v.01,We should <t>discourage</t> this practice among our youth
discourteous,1940,discourteous.a.01,a distant and at times <t>discourteous</t> young
discredit,1941,disrepute.n.01,your actions will bring <t>discredit</t> to your name
discredited,1942,discredit.v.01,The paper <t>discredited</t> the politician with its nasty commentary
discreet,1943,discreet.a.01,his trusted <t>discreet</t> aide
discreetly,1944,discreetly.r.01,I sent for the sergeant of the platoon both men were in and asked him to try to find out <t>discreetly</t> what lay behind this
discrete,1945,discrete.s.01,a government with three <t>discrete</t> divisions
discretionary,1946,discretionary.s.01,The commission has <t>discretionary</t> power to award extra funds
discussed,1947,discourse.v.01,The class <t>discussed</t> Dante's `Inferno'
discussion,1948,discussion.n.01,the book contains an excellent <t>discussion</t> of modal logic
diseased,1949,diseased.s.01,<t>diseased</t> tonsils
disengage,1950,disengage.v.01,I want to <t>disengage</t> myself from his influence
disfigured,1951,deface.v.01,The vandals <t>disfigured</t> the statue
disgracefully,1952,disgracefully.r.01,his grades were <t>disgracefully</t> low
disgruntled,1953,disgruntle.v.01,The employees were <t>disgruntled</t> by their bad working conditions
disguise,1954,disguise.n.01,the theatrical notion of <t>disguise</t> is always associated with catastrophe in his stories
disguised,1955,disguise.v.01,We <t>disguised</t> our faces before robbing the bank
disgustingly,1956,disgustingly.r.01,the beggar was <t>disgustingly</t> filthy
dish_the_dirt,1957,dish_the_dirt.v.01,She won't <t>dish the dirt</t>
dishes,1958,dish.n.01,we gave them a set of <t>dishes</t> for a wedding present
dishonestly,1959,dishonestly.r.01,he acted <t>dishonestly</t> when he gave the contract to his best friend
dishy,1960,dishy.s.01,a <t>dishy</t> blonde
disinclination,1961,disinclination.n.01,his <t>disinclination</t> for modesty is well known
disinfect,1962,disinfect.v.01,<t>disinfect</t> a wound
dislocate,1963,dislocate.v.01,<t>dislocate</t> joints
dislodged,1964,dislodge.v.01,The dentist <t>dislodged</t> the piece of food that had been stuck under my gums
dismal,1965,blue.s.08,the first <t>dismal</t> dispiriting days of November
dismally,1966,dismally.r.01,"in August 1914 , there was a <t>dismally</t> sentimental little dinner, when the French, German, Austrian and Belgian members of the committee drank together to the peace of the future"
dismissed,1967,dismiss.v.01,She <t>dismissed</t> his advances
dismissive,1968,dismissive.s.01,a <t>dismissive</t> shrug
disobedient,1969,disobedient.a.01,<t>disobedient</t> children
disorder,1970,disorder.n.01,the doctor prescribed some medicine for the <t>disorder</t>
disorderly,1971,disorderly.a.01,<t>disorderly</t> youths
disparaged,1972,disparage.v.01,She <t>disparaged</t> her student's efforts
disparagingly,1973,disparagingly.r.01,these mythological figures are described <t>disparagingly</t> as belonging `only to a story'
disparate,1974,disparate.s.01,such <t>disparate</t> attractions as grand opera and game fishing
dispassion,1975,dispassion.n.01,her manner assumed a <t>dispassion</t> and dryness very unlike her usual tone
dispassionate,1976,dispassionate.s.01,a journalist should be a <t>dispassionate</t> reporter of fact
dispel,1977,chase_away.v.01,<t>dispel</t> doubts
dispensable,1978,dispensable.a.01,<t>dispensable</t> items of personal property
displaced,1979,displace.v.01,the refugees were <t>displaced</t> by the war
display,1980,display.n.01,made a <t>display</t> of strength
disposal,1981,disposal.n.01,used all the resources at his <t>disposal</t>
disposed,1982,dispose.v.01,She <t>disposed</t> of her parents' possessions
disposition,1983,disposition.n.01,he has a happy <t>disposition</t>
disputatious,1984,contentious.s.01,a <t>disputatious</t> lawyer
dispute,1985,dispute.n.01,he had a <t>dispute</t> with his wife
disrepute,1986,disrepute.n.01,because of the scandal the school has fallen into <t>disrepute</t>
disrespectful,1987,disrespectful.a.01,remarks <t>disrespectful</t> of the law
disruptive,1988,disruptive.s.01,effects of the struggle will be violent and <t>disruptive</t>
dissatisfaction,1989,dissatisfaction.n.01,he was never slow to express his <t>dissatisfaction</t> with the service he received
dissect,1990,dissect.v.01,<t>dissect</t> the bodies for analysis
dissent,1991,dissent.n.01,he expressed his <t>dissent</t> in a contrary opinion
disservice,1992,disservice.n.01,he did them a <t>disservice</t>
dissimilar,1993,dissimilar.a.01,a group of very <t>dissimilar</t> people
dissipation,1994,dissipation.n.01,the <t>dissipation</t> of the mist
dissuade,1995,dissuade.v.01,Negative campaigning will only <t>dissuade</t> people
distant,1996,distant.a.01,<t>distant</t> villages
distinct,1997,distinct.s.01,plants of several <t>distinct</t> types
distinction,1998,differentiation.n.01,it is necessary to make a <t>distinction</t> between love and infatuation
distinctive,1999,distinctive.s.01,Jerusalem has a <t>distinctive</t> Middle East flavor
distinctively,2000,distinctively.r.01,the <t>distinctively</t> conservative district of the county
distinctly,2001,distinctly.r.01,it's <t>distinctly</t> possible
distinguish,2002,distinguish.v.01,We <t>distinguish</t> several kinds of maple
distracted,2003,distract.v.01,The thief <t>distracted</t> the bystanders
distraction,2004,distraction.n.01,he drives me to <t>distraction</t>
distraught,2005,distraught.s.01,<t>distraught</t> with grief
distress,2006,distress.n.01,the death of his wife caused him great <t>distress</t>
distrustful,2007,distrustful.a.01,a man of <t>distrustful</t> nature
disturbance,2008,perturbation.n.03,he looked around for the source of the <t>disturbance</t>
dither,2009,dither.n.01,he was in a <t>dither</t>
diurnal,2010,diurnal.a.01,<t>diurnal</t> animals are active during the day
diverge,2011,diverge.v.01,The two paths <t>diverge</t> here
divergence,2012,divergence.n.01,an angle is formed by the <t>divergence</t> of two straight lines
divergent,2013,divergent.s.01,a <t>divergent</t> opinion
diverse,2014,divers.s.01,a person of <t>diverse</t> talents
diversify,2015,diversify.v.01,<t>diversify</t> a course of study
diversion,2016,diversion.n.01,scuba diving is provided as a <t>diversion</t> for tourists
diversity,2017,diverseness.n.01,a <t>diversity</t> of possibilities
divisions,2018,division.n.01,two infantry <t>divisions</t> were held in reserve
divot,2019,divot.n.01,it was a good drive but the ball ended up in a <t>divot</t>
do-or-die,2020,desperate.s.02,<t>do-or-die</t> revolutionaries
do_well,2021,do_well.v.01,You will <t>do well</t> to arrive on time tomorrow!
docile,2022,docile.a.01,the <t>docile</t> masses of an enslaved nation
docked,2023,dock.v.01,the ship <t>docked</t>
doctor,2024,doctor.n.01,I felt so bad I went to see my <t>doctor</t>
dodged,2025,dodge.v.01,The child <t>dodged</t> the teacher's blow
doer,2026,actor.n.02,when you want something done get a <t>doer</t>
dog,2027,dog.n.01,the <t>dog</t> barked all night
dog-eared,2028,dog-eared.s.01,a somewhat <t>dog-eared</t> duke...a bit run down
dog-tired,2029,exhausted.s.01,he went to bed <t>dog-tired</t>
dogfight,2030,dogfight.n.01,their rancor dated from a political <t>dogfight</t> between them
doggerel,2031,doggerel.n.01,he had heard some silly <t>doggerel</t> that kept running through his mind
doggo,2032,doggo.r.01,he lay <t>doggo</t>
dole_out,2033,distribute.v.01,<t>dole out</t> some money
doleful,2034,doleful.s.01,the child's <t>doleful</t> expression
domesticate,2035,domesticate.v.01,<t>domesticate</t> oats
dominion,2036,dominion.n.01,France held undisputed <t>dominion</t> over vast areas of Africa
donate,2037,donate.v.01,<t>donate</t> money to the orphanage
donated,2038,donate.v.01,I <t>donated</t> blood to the Red Cross for the victims of the earthquake
donates,2039,donate.v.01,She <t>donates</t> to her favorite charity every month
done_with,2040,done_with.s.01,<t>done with</t> gambling
donned,2041,wear.v.09,The princess <t>donned</t> a long blue dress
doodad,2042,doodad.n.01,she eased the ball-shaped <t>doodad</t> back into its socket
doom,2043,doom.n.01,everyone was aware of the approaching <t>doom</t> but was helpless to avoid it
doomed,2044,doomed.n.01,the agony of the <t>doomed</t> was in his voice
door,2045,door.n.01,he knocked on the <t>door</t>
doorway,2046,doorway.n.01,he stuck his head in the <t>doorway</t>
dopey,2047,anserine.s.01,a <t>dopey</t> answer
dormant,2048,dormant.s.01,<t>dormant</t> buds
dorsal,2049,dorsal.a.01,the <t>dorsal</t> fin is the vertical fin on the back of a fish and certain marine mammals
dosed,2050,dose.v.01,The ray <t>dosed</t> the paint
dots,2051,point.n.09,draw lines between the <t>dots</t>
dotted_line,2052,dotted_line.n.01,just sign on the <t>dotted line</t>
double,2053,double.n.01,he hit a <t>double</t> to deep centerfield
double-crossing,2054,double_cross.n.01,I could no longer tolerate his impudent <t>double-crossing</t>
double-edged,2055,double-edged.s.01,<t>double-edged</t> praise
double-faced,2056,double-faced.s.01,damask is a <t>double-faced</t> fabric
doubled,2057,double.v.01,The population <t>doubled</t> within 50 years
doubling,2058,doubling.n.01,<t>doubling</t> with a computer took no time at all
doubtful,2059,doubtful.s.01,the candidate's <t>doubtful</t> past
doughy,2060,doughy.s.01,the cake fell; it's a <t>doughy</t> mess
dour,2061,dogged.s.01,<t>dour</t> determination
douse,2062,douse.v.01,<t>Douse</t> the lights
dow_jones,2063,dow_jones.n.01,the <t>Dow Jones</t> Industrial Average is the most widely cited indicator of how the stock market is doing
down-and-out,2064,down-and-out.n.01,he tried to help the <t>down-and-out</t>
down-to-earth,2065,down-to-earth.s.01,has a straightforward <t>down-to-earth</t> approach to a problem
downed,2066,toss_off.v.02,He <t>downed</t> three martinis before dinner
downhearted,2067,gloomy.s.02,feeling discouraged and <t>downhearted</t>
downing_street,2068,downing_street.n.01,the Prime Minister lives at No. 10 <t>Downing Street</t>
downright,2069,downright.s.01,a <t>downright</t> answer
downside,2070,downside.n.01,there is a <t>downside</t> even to motherhood
downstairs,2071,downstairs.a.01,the <t>downstairs</t> (or downstair) phone
downtown,2072,business_district.n.01,the heart of Birmingham's <t>downtown</t>
downturn,2073,downturn.n.01,the market took a <t>downturn</t>
downward,2074,down.s.01,the <t>downward</t> course of the stream
dozy,2075,drowsy.s.01,a tired <t>dozy</t> child
draconian,2076,draconian.a.01,<t>Draconian</t> measures
dragged,2077,drag.v.01,He <t>dragged</t> the big suitcase behind him
dragging,2078,drag.v.01,These worries were <t>dragging</t> at him
dragnet,2079,dragnet.n.01,caught in the police <t>dragnet</t>
dramatic,2080,dramatic.a.01,a <t>dramatic</t> entrance in a swirling cape
drastic,2081,drastic.s.01,<t>drastic</t> measures
drawbacks,2082,drawback.n.01,he pointed out all the <t>drawbacks</t> to my plan
drawing,2083,drawing.n.01,it is shown by the <t>drawing</t> in Fig. 7
drawn-out,2084,drawn-out.s.01,a <t>drawn-out</t> argument
drawstring,2085,drawstring.n.01,he pulled the <t>drawstring</t> and closed the bag
dreadful,2086,awful.s.02,a <t>dreadful</t> storm
dream,2087,dream.n.01,I had a <t>dream</t> about you last night
dreamlike,2088,dreamlike.s.01,night invested the lake with a <t>dreamlike</t> quality
dreary,2089,drab.s.01,a series of <t>dreary</t> dinner parties
drink,2090,drink.n.01,I asked for a hot <t>drink</t>
drink_up,2091,drain_the_cup.v.01,<t>drink up</t>--there's more wine coming
drip,2092,drip.n.01,there's a <t>drip</t> through the roof
drippy,2093,drippy.s.01,a wet <t>drippy</t> day
drive,2094,drive.n.01,after reaching the desired velocity the <t>drive</t> is cut off
drive_away,2095,chase_away.v.01,<t>Drive away</t> potential burglars
driveway,2096,driveway.n.01,they parked in the <t>driveway</t>
droll,2097,droll.s.01,a <t>droll</t> little man with a quiet tongue-in-cheek kind of humor
drop_by,2098,drop_by.v.01,We frequently <t>drop by</t> the neighbors' house for a cup of coffee
dropper,2099,dropper.n.01,she used an eye <t>dropper</t> to administer medication to the eyes
drops,2100,drop.n.01,he studied the shapes of low-viscosity <t>drops</t>
drought,2101,drought.n.01,farmers most affected by the <t>drought</t> hope that there may yet be sufficient rain early in the growing season
drowned,2102,submerge.v.02,I was <t>drowned</t> in work
drowsy,2103,drowsy.s.01,made <t>drowsy</t> by the long ride
drugged,2104,drug.v.01,They <t>drugged</t> the kidnapped tourist
drum_up,2105,beat_up.v.02,<t>drum up</t> support
drumming,2106,drumming.n.01,he practiced his <t>drumming</t> several hours every day
drunken,2107,bibulous.s.01,a <t>drunken</t> binge
dual,2108,double.s.02,<t>dual</t> controls for pilot and copilot
dual_carriageway,2109,divided_highway.n.01,in Britain they call a divided highway a <t>dual carriageway</t>
dubious,2110,doubtful.s.02,<t>dubious</t> about agreeing to go
ducal,2111,ducal.a.01,<t>ducal</t> palace
duct,2112,duct.n.01,the tear <t>duct</t> was obstructed
duct_tape,2113,duct_tape.n.01,<t>duct tape</t> holds the world together
due,2114,due.n.01,give the devil his <t>due</t>
duffer,2115,duffer.n.01,as a golfer he was only a <t>duffer</t>
dulcet,2116,dulcet.s.01,the most <t>dulcet</t> swimming on the most beautiful and remote beaches
duly,2117,punctually.r.01,she was <t>duly</t> apprised of the raise
dumps,2118,dumps.n.01,in the <t>dumps</t>
dunkirk,2119,dunkirk.n.01,the Russians had to pull off a <t>Dunkirk</t> to get out of there
duped,2120,gull.v.02,The immigrant was <t>duped</t> because he trusted everyone
duple,2121,double.s.02,<t>duple</t> (or double) time consists of two (or a multiple of two) beats to a measure
durable,2122,durable.s.01,hopes for a <t>durable</t> peace
duress,2123,duress.n.01,confessed under <t>duress</t>
dust,2124,dust.n.01,the furniture was covered with <t>dust</t>
duster,2125,dust_storm.n.01,it was the kind of <t>duster</t> not experienced in years
dusty,2126,dusty.s.01,a <t>dusty</t> pile of books
dutch,2127,dutch.n.01,the <t>Dutch</t> are famous for their tulips
duteous,2128,dutiful.s.01,Patient Griselda was a chaste and <t>duteous</t> wife
dutiful,2129,dutiful.s.01,a <t>dutiful</t> child
dutifully,2130,dutifully.r.01,he <t>dutifully</t> visited his mother every Sunday
duty,2131,duty.n.01,we must instill a sense of <t>duty</t> in our children
dwelling,2132,dwelling.n.01,he built a modest <t>dwelling</t> near the pond
dying,2133,death.n.04,a <t>dying</t> of old hopes
dynamic,2134,moral_force.n.01,they hoped it would act as a spiritual <t>dynamic</t> on all churches
e-mailed,2135,e-mail.v.01,she <t>e-mailed</t> me the good news
each,2136,each.s.01,<t>each</t> person is mortal
eagerly,2137,eagerly.r.01,the news was <t>eagerly</t> awaited
eared,2138,dog-eared.s.01,a somewhat dog-<t>eared</t> duke...a bit run down
earlier,2139,earlier.s.01,a fashion popular in <t>earlier</t> times
earliest,2140,earlier.s.01,Verdi's <t>earliest</t> and most raucous opera
early,2141,early.a.01,<t>early</t> morning
early_on,2142,early_on.r.01,<t>early on</t> in her career
earnestly,2143,seriously.r.01,talking <t>earnestly</t> with his son
earns,2144,gain.v.08,She <t>earns</t> a lot in her new job
earth,2145,earth.n.01,the <t>Earth</t> moves around the sun
earthborn,2146,earthborn.s.01,<t>earthborn</t> existence
earthen,2147,earthen.a.01,an <t>earthen</t> pot
earthly,2148,earthly.a.01,<t>earthly</t> beings
earthy,2149,crude.s.02,an <t>earthy</t> sense of humor
ease,2150,ease.n.01,he rose through the ranks with apparent <t>ease</t>
eased,2151,ease.v.01,He <t>eased</t> himself into the chair
easily,2152,easily.r.01,she was <t>easily</t> excited
easiness,2153,easiness.n.01,the <t>easiness</t> we feel when sleeping
eastern,2154,eastern.s.01,the <t>eastern</t> end of the island
easy,2155,easy.a.01,an <t>easy</t> job
easygoing,2156,easy.s.01,at a leisurely (or <t>easygoing</t>) pace
eat,2157,eat.v.01,What did you <t>eat</t> for dinner last night?
ebbed,2158,ebb.v.01,the tides <t>ebbed</t> at noon
echoes,2159,echo.n.01,she could hear <t>echoes</t> of her own footsteps
echoing,2160,repeat.v.04,followers <t>echoing</t> the cries of their leaders
eclat,2161,acclaim.n.01,they gave him more <t>eclat</t> than he really deserved
ecological,2162,ecological.a.01,an <t>ecological</t> disaster
economic,2163,economic.a.01,<t>economic</t> growth
economical,2164,economic.s.01,a modern <t>economical</t> heating system
economically,2165,economically.r.01,<t>economically</t> this proposal makes no sense
economize,2166,conserve.v.03,I try to <t>economize</t> my spare time
ecumenical,2167,ecumenic.s.01,<t>ecumenical</t> thinking
edacious,2168,edacious.s.01,<t>edacious</t> vultures
edged,2169,edge.v.01,He <t>edged</t> towards the car
edgewise,2170,edgeways.r.02,held it <t>edgewise</t>
edifice,2171,building.n.01,it was an imposing <t>edifice</t>
edit,2172,edit.v.01,<t>Edit</t> a book on lexical semantics
edited,2173,edit.v.01,she <t>edited</t> the letters of the politician so as to omit the most personal passages
educate,2174,educate.v.01,We must <t>educate</t> our youngsters better
education,2175,education.n.01,he received no formal <t>education</t>
educational,2176,educational.a.01,<t>educational</t> psychology
eerie,2177,eerie.s.01,an <t>eerie</t> feeling of deja vu
eerily,2178,eerily.r.01,it was <t>eerily</t> quiet in the chapel
efface,2179,obliterate.v.03,<t>efface</t> the memory of the time in the camps
effect,2180,consequence.n.01,the magnetic <t>effect</t> was greater when the rod was lengthwise
effective,2181,effective.a.01,an air-cooled motor was more <t>effective</t> than a witch's broomstick for rapid long-distance transportation
effectively,2182,efficaciously.r.01,these are real problems that can be dealt with most <t>effectively</t> by rational discussion
effects,2183,effects.n.01,she left some of her personal <t>effects</t> in the house
effete,2184,decadent.s.01,a group of <t>effete</t> self-professed intellectuals
efficacious,2185,efficacious.a.01,written propaganda is less <t>efficacious</t> than the habits and prejudices...of the readers
efficient,2186,efficient.a.01,an <t>efficient</t> production manager
efficiently,2187,efficiently.r.01,he functions <t>efficiently</t>
effigy,2188,effigy.n.01,the coin bears an <t>effigy</t> of Lincoln
effort,2189,attempt.n.01,made an <t>effort</t> to cover all the reading material
effortless,2190,effortless.a.01,the swallows glided in an <t>effortless</t> way through the busy air
effortlessness,2191,effortlessness.n.01,such <t>effortlessness</t> is achieved only after hours of practice
effulgent,2192,beaming.s.03,the <t>effulgent</t> daffodils
effused,2193,effuse.v.01,<t>effused</t> brine
egghead,2194,egghead.n.01,in spite of her love of reading she denied being an <t>egghead</t>
egregious,2195,crying.s.02,an <t>egregious</t> lie
either,2196,either.r.01,"he isn't stupid, but he isn't exactly a genius <t>either</t>"
elaboration,2197,amplification.n.01,an <t>elaboration</t> of the sketch followed
elapsed,2198,elapse.v.01,three years <t>elapsed</t>
elbow_room,2199,room.n.02,hardly enough <t>elbow room</t> to turn around
elbowing,2200,elbowing.n.01,<t>elbowing</t> is a foul in basketball
eldritch,2201,eldritch.s.01,an <t>eldritch</t> screech
elect,2202,chosen.n.03,one of the <t>elect</t> who have power inside the government
elected,2203,elect.v.01,We <t>elected</t> him chairman of the board
election,2204,election.n.01,the results of the <t>election</t> will be announced tonight
electoral,2205,electoral.a.01,<t>electoral</t> process
electrical,2206,electrical.a.01,an <t>electrical</t> engineer
electromagnetic,2207,electromagnetic.a.01,<t>electromagnetic</t> energy
electronic,2208,electronic.a.01,<t>electronic</t> devices
electronic_mail,2209,electronic_mail.n.01,you cannot send packages by <t>electronic mail</t>
elegance,2210,elegance.n.01,she conveys an aura of <t>elegance</t> and gentility
elegant,2211,elegant.a.01,<t>elegant</t> handwriting
elegantly,2212,elegantly.r.01,the room was <t>elegantly</t> decorated
elegiac,2213,elegiac.a.01,an <t>elegiac</t> poem on a friend's death
elemental,2214,elemental.a.01,<t>elemental</t> sulphur
elementary,2215,elementary.s.01,an <t>elementary</t> problem in statistics
elements,2216,elements.n.01,they felt the full fury of the <t>elements</t>
elevation,2217,elevation.n.01,an <t>elevation</t> of the temperature in the afternoon
eleventh_hour,2218,eleventh_hour.n.01,money became available at the <t>eleventh hour</t>
elfin,2219,elfin.s.01,thunderbolts quivered with <t>elfin</t> flares of heat lightning
elided,2220,elide.v.01,This vowel is usually <t>elided</t> before a single consonant
eligibility,2221,eligibility.n.01,<t>eligibility</t> of a candidate for office
eligible,2222,eligible.a.01,<t>eligible</t> to run for office
eliminate,2223,extinguish.v.04,Let's <t>eliminate</t> the course on Akkadian hieroglyphics
elizabeth,2224,elizabeth.n.01,<t>Elizabeth</t> II is the head of state in Great Britain
elizabeth_ii,2225,elizabeth.n.01,<t>Elizabeth II</t> is the head of state in Great Britain
ellipse,2226,ellipse.n.01,the sums of the distances from the foci to any point on an <t>ellipse</t> is constant
eloquence,2227,eloquence.n.01,his <t>eloquence</t> attracted a large congregation
elsewhere,2228,elsewhere.r.01,he went <t>elsewhere</t>
eluded,2229,elude.v.01,The thief <t>eluded</t> the police
elusive,2230,elusive.s.01,a haunting <t>elusive</t> odor
emaciated,2231,waste.v.08,The treatment <t>emaciated</t> him
emanates,2232,emanate.v.01,Water <t>emanates</t> from this hole in the ground
emancipator,2233,emancipator.n.01,Lincoln is known as the Great <t>Emancipator</t>
emasculated,2234,emasculate.v.01,The Senate <t>emasculated</t> the law
embargoed,2235,embargo.v.01,<t>embargoed</t> publications
embattled,2236,embattle.v.01,an <t>embattled</t> castle
embellishments,2237,embellishment.n.01,the mystery has been heightened by many <t>embellishments</t> in subsequent retellings
embittered,2238,embitter.v.01,These injustices <t>embittered</t> her even more
embitterment,2239,embitterment.n.01,the <t>embitterment</t> that resulted from the loss of his job never left him
emblematic,2240,emblematic.s.01,a crown is <t>emblematic</t> of royalty
embodiment,2241,embodiment.n.01,the <t>embodiment</t> of hope
embossed,2242,emboss.v.01,<t>embossed</t> stationery
embryonic,2243,embryonic.s.01,in the <t>embryonic</t> stage
emended,2244,emend.v.01,the text was <t>emended</t> in the second edition
emerged,2245,emerge.v.01,"Suddenly, the proprietor <t>emerged</t> from his office"
emergence,2246,emergence.n.01,figurines presage the <t>emergence</t> of sculpture in Greece
emergency,2247,emergency.n.01,he never knew what to do in an <t>emergency</t>
emergent,2248,emergent.s.01,<t>emergent</t> repair of an aorta
emigrate,2249,emigrate.v.01,Many people had to <t>emigrate</t> during the Nazi period
eminence,2250,eminence.n.01,a scholar of great <t>eminence</t>
eminent,2251,eminent.s.01,<t>eminent</t> members of the community
eminently,2252,eminently.r.01,two subjects on which he was <t>eminently</t> qualified to make an original contribution
emoluments,2253,emolument.n.01,a clause in the U.S. constitution prevents sitting legislators from receiving <t>emoluments</t> from their own votes
emotional,2254,emotional.a.01,it was an <t>emotional</t> judgment
emotional_state,2255,emotional_state.n.01,his <t>emotional state</t> depended on her opinion
emotionless,2256,emotionless.s.01,he kept his <t>emotionless</t> objectivity and faith in the cause he served
empathetic,2257,empathic.s.01,a sensitive and <t>empathetic</t> school counselor
emphasis,2258,emphasis.n.01,the red light gave the central figure increased <t>emphasis</t>
emphasizes,2259,stress.v.01,Dr. Jones <t>emphasizes</t> exercise in addition to a change in diet
emphatic,2260,emphatic.s.01,an <t>emphatic</t> word
empiric,2261,empiric.a.01,<t>empiric</t> treatment
empirical,2262,empirical.a.01,an <t>empirical</t> basis for an ethical theory
employ,2263,employment.n.01,he was in the <t>employ</t> of the city
employment,2264,employment.n.01,they are looking for <t>employment</t>
emptied,2265,empty.v.01,The alarm <t>emptied</t> the building
empties,2266,empty.n.01,return all <t>empties</t> to the store
emulating,2267,emulate.v.01,He is <t>emulating</t> the skating skills of his older sister
emulsion,2268,emulsion.n.01,an oil-in-water <t>emulsion</t>
en_famille,2269,en_famille.r.01,we'll have dinner <t>en famille</t>
en_masse,2270,en_masse.r.01,the students turned out <t>en masse</t>
enable,2271,enable.v.01,This skill will <t>enable</t> you to find a job on Wall Street
enables,2272,enable.v.01,The rope <t>enables</t> you to secure yourself when you climb the mountain
enacted,2273,ordain.v.01,the legislature <t>enacted</t> this law in 1985
encased,2274,encase.v.01,my feet were <t>encased</t> in mud
encircle,2275,encircle.v.01,<t>encircle</t> the errors
encode,2276,encode.v.01,<t>encode</t> pictures digitally
end,2277,end.n.01,the <t>end</t> of the pier
endeared,2278,endear.v.01,This behavior <t>endeared</t> her to me
endgame,2279,endgame.n.01,the diplomatic <t>endgame</t>
ending,2280,ending.n.01,I don't like words that have -ism as an <t>ending</t>
endless,2281,endless.s.01,<t>endless</t> debates
endurance,2282,endurance.n.01,the marathon tests a runner's <t>endurance</t>
endure,2283,digest.v.03,The new secretary had to <t>endure</t> a lot of unprofessional remarks
endways,2284,endways.r.01,sticks leaning against the wall <t>endways</t>
enemy,2285,enemy.n.01,the <t>enemy</t> attacked at dawn
energetic,2286,energetic.a.01,an <t>energetic</t> fund raiser for the college
energy,2287,energy.n.01,<t>energy</t> can take a wide variety of forms
engaged,2288,prosecute.v.03,They <t>engaged</t> in a discussion
engagement,2289,battle.n.01,he lost his romantic ideas about war when he got into a real <t>engagement</t>
engrave,2290,scratch.v.07,<t>engrave</t> a pen
engraved,2291,scratch.v.07,<t>engraved</t> the trophy cupt with the winner's
enhance,2292,enhance.v.01,This will <t>enhance</t> your enjoyment
enigmatic,2293,enigmatic.s.01,I didn't grasp the meaning of that <t>enigmatic</t> comment until much later
enjoyable,2294,enjoyable.s.01,the company was <t>enjoyable</t>
enlarged,2295,enlarge.v.01,She <t>enlarged</t> the flower beds
enlighten,2296,enlighten.v.01,Can you <t>enlighten</t> me--I don't understand this proposal
enormous,2297,enormous.s.01,an <t>enormous</t> boulder
enormously,2298,enormously.r.01,he was <t>enormously</t> popular
enough,2299,enough.n.01,<t>enough</t> is as good as a feast
enriched,2300,enrich.v.01,The experience <t>enriched</t> her understanding
enrobe,2301,enrobe.v.01,<t>enrobe</t> the nuts with chocolate
ensconced,2302,ensconce.v.01,He <t>ensconced</t> himself in the chair
ensemble,2303,ensemble.n.01,a string <t>ensemble</t>
enshrined,2304,enshrine.v.01,the saint's bones were <t>enshrined</t> in the cathedral
ensure,2305,guarantee.v.02,This nest egg will <t>ensure</t> a nice retirement for us
entered,2306,enter.v.01,the boat <t>entered</t> an area of shallow marshes
enterprise,2307,enterprise.n.01,he had doubts about the whole <t>enterprise</t>
enterprising,2308,enterprising.a.01,an <t>enterprising</t> foreign policy
enterprisingly,2309,enterprisingly.r.01,"`Let's go up that mountain,' she said <t>enterprisingly</t>"
enthalpy,2310,heat_content.n.01,<t>enthalpy</t> is the amount of energy in a system capable of doing mechanical work
enthusiastic,2311,enthusiastic.a.01,<t>enthusiastic</t> crowds filled the streets
enthusiastically,2312,enthusiastically.r.01,they discussed the question <t>enthusiastically</t>
entirely,2313,wholly.r.01,<t>entirely</t> satisfied with the meal
entirety,2314,entirety.n.01,he read the article in its <t>entirety</t>
entitlements,2315,entitlement.n.01,<t>entitlements</t> make up the major part of the federal budget
entitles,2316,entitle.v.01,The Freedom of Information Act <t>entitles</t> you to request your FBI file
entombed,2317,bury.v.02,The pharaohs were <t>entombed</t> in the pyramids
entrance,2318,entrance.n.01,they waited at the <t>entrance</t> to the garden
entrant,2319,entrant.n.01,a well publicized <t>entrant</t> is the pocket computer
entreaty,2320,entreaty.n.01,an <t>entreaty</t> to stop the fighting
entrepot,2321,entrepot.n.01,Bahrain has been an <t>entrepot</t> of trade between Arabia and India since the second millennium BC
entrusted,2322,entrust.v.01,The messenger was <t>entrusted</t> with the general's secret
enveloped,2323,envelop.v.01,Fog <t>enveloped</t> the house
enviable,2324,enviable.s.01,an <t>enviable</t> position
envious,2325,covetous.s.01,<t>envious</t> of their art collection
environment,2326,environment.n.01,he longed for the comfortable <t>environment</t> of his living room
environmental,2327,environmental.a.01,<t>environmental</t> factors
epilate,2328,epilate.v.01,<t>epilate</t> her legs
episcopal,2329,episcopal.a.01,the <t>Episcopal</t> hierarchy
episodic,2330,episodic.s.01,the book is <t>episodic</t> and the incidents don't always hang together
epochal,2331,epochal.s.01,<t>epochal</t> decisions made by Roosevelt and Churchill
eponym,2332,eponym.n.01,Constantine I is the <t>eponym</t> for Constantinople
equable,2333,equable.s.01,an <t>equable</t> climate
equably,2334,equably.r.01,he is an <t>equably</t> cheerful fellow
equally,2335,equally.r.01,they were <t>equally</t> beautiful
equanimity,2336,composure.n.01,he accepted their problems with composure and she with <t>equanimity</t>
equate,2337,compare.v.03,You cannot <t>equate</t> success in financial matters with greed
equator,2338,equator.n.01,the <t>equator</t> is the boundary between the northern and southern hemispheres
equipped,2339,equip.v.01,"The expedition was <t>equipped</t> with proper clothing, food, and other necessities"
equitable,2340,equitable.a.01,<t>equitable</t> treatment of all citizens
equitably,2341,equitably.r.01,the inheritance was <t>equitably</t> divided among the sisters
equivalent,2342,equivalent.n.01,send two dollars or the <t>equivalent</t> in stamps
equivocal,2343,equivocal.a.01,an <t>equivocal</t> statement
erasable,2344,effaceable.s.01,a signal too loud to be <t>erasable</t> in a single pass through the erase head
erased,2345,erase.v.01,The Turks <t>erased</t> the Armenians in 1915
erasures,2346,erasure.n.01,there were many <t>erasures</t> in the typescript
eroded,2347,erode.v.01,Her confidence <t>eroded</t>
erosive,2348,erosive.s.01,the <t>erosive</t> effects of waves on the shoreline
errant,2349,errant.s.01,<t>errant</t> youngsters
erratic,2350,erratic.s.01,<t>erratic</t> behavior
erroneous,2351,erroneous.s.01,<t>erroneous</t> conclusions
errorless,2352,errorless.s.01,an <t>errorless</t> baseball game
errors,2353,mistake.n.01,she was quick to point out my <t>errors</t>
erstwhile,2354,erstwhile.s.01,<t>erstwhile</t> friend
erudite,2355,erudite.s.01,an <t>erudite</t> professor
escalation,2356,escalation.n.01,higher wages caused an <t>escalation</t> of prices
escape,2357,escape.n.01,he made his <t>escape</t> from the mental hospital
escaped,2358,escape.v.01,The convicted murderer <t>escaped</t> from a high security prison
escapism,2359,escape.n.02,his alcohol problem was a form of <t>escapism</t>
esoteric,2360,esoteric.a.01,a compilation of <t>esoteric</t> philosophical theories
especial,2361,especial.s.01,he paid <t>especial</t> attention to her
especially,2362,particularly.r.01,an <t>especially</t> (or specially) cautious approach to the danger
espouses,2363,adopt.v.01,The candidate <t>espouses</t> Republican ideals
essayed,2364,try.v.01,The infant had <t>essayed</t> a few wobbly steps
essentially,2365,basically.r.01,the argument was <t>essentially</t> a technical one
essentials,2366,necessity.n.02,the <t>essentials</t> of the good life
establishment,2367,constitution.n.02,it was the <t>establishment</t> of his reputation
estate_agent,2368,real_estate_broker.n.01,in England they call a real <t>estate agent</t> a land agent
esteem,2369,esteem.n.01,it is held in <t>esteem</t>
estimate,2370,estimate.n.01,an <t>estimate</t> of what it would cost
estranged,2371,estrange.v.01,years of boarding school <t>estranged</t> the child from her home
esurient,2372,famished.s.01,fell into the <t>esurient</t> embrance of a predatory enemy
et_al,2373,et_al..r.01,the data reported by Smith <t>et al</t>.
eta,2374,basque_homeland_and_freedom.n.01,in 1968 <t>ETA</t> launched a campaign of political assassinations of government officials
etched,2375,etch.v.01,He <t>etched</t> her image into the surface
eternal,2376,ageless.s.01,<t>eternal</t> truths
ethereal,2377,aeriform.s.02,physical rather than <t>ethereal</t> forms
ethic,2378,ethic.n.01,the Puritan <t>ethic</t>
ethical,2379,ethical.a.01,<t>ethical</t> codes
ethically,2380,ethically.r.01,he behaved <t>ethically</t>
ethnicity,2381,ethnicity.n.01,<t>ethnicity</t> has a strong influence on community status relations
ethos,2382,ethos.n.01,the Greek <t>ethos</t>
eutrophication,2383,eutrophication.n.01,he argued that the controlling factor in <t>eutrophication</t> is not nitrate but phosphate
evacuated,2384,evacuate.v.01,"After the earthquake, residents were <t>evacuated</t>"
evade,2385,hedge.v.01,They tend to <t>evade</t> their responsibilities
evaded,2386,hedge.v.01,he <t>evaded</t> the questions skillfully
evanescence,2387,evanescence.n.01,the <t>evanescence</t> of the morning mist
evanescent,2388,evanescent.s.01,<t>evanescent</t> beauty
evangelical,2389,evangelical.a.01,<t>evangelical</t> Christianity
evangelistic,2390,evangelistic.a.01,<t>evangelistic</t> fervor
evaporate,2391,evaporate.v.01,<t>evaporate</t> milk
evasive,2392,evasive.s.01,"his answers were brief, constrained and <t>evasive</t>"
evening,2393,evening.n.01,he enjoyed the <t>evening</t> light across the lake
evenly,2394,evenly.r.01,a class <t>evenly</t> divided between girls and boys
eventful,2395,eventful.a.01,the most exhausting and <t>eventful</t> day of my life
eventual,2396,eventual.s.01,hope of <t>eventual</t> (or ultimate) rescue
ever,2397,ever.r.01,did you <t>ever</t> smoke?
ever_so,2398,ever.r.03,she was <t>ever so</t> friendly
evermore,2399,evermore.r.01,lead a blameless life <t>evermore</t>
every,2400,every.s.01,<t>every</t> person is mortal
every_inch,2401,every_inch.r.01,he was <t>every inch</t> a statesman
every_so_often,2402,every_so_often.r.01,<t>every so often</t> she visits her father
everyday,2403,everyday.s.01,a placid <t>everyday</t> scene
everywhere,2404,everywhere.r.01,You find fast food stores <t>everywhere</t>
evict,2405,evict.v.01,The landlord wanted to <t>evict</t> the tenants so he banged on the pipes every morning at 3 a.m.
evidence,2406,evidence.n.01,the <t>evidence</t> that smoking causes lung cancer is very compelling
evident,2407,apparent.s.01,<t>evident</t> hostility
evidently,2408,obviously.r.01,she was in bed and <t>evidently</t> in great pain
evilly,2409,wickedly.r.01,grin <t>evilly</t>
evoke,2410,arouse.v.01,<t>evoke</t> sympathy
evolution,2411,development.n.02,the <t>evolution</t> of Greek civilization
evolutionary,2412,evolutionary.a.01,<t>evolutionary</t> biology
ex_gratia,2413,ex_gratia.s.01,<t>ex gratia</t> payments made to nonstriking workers
exaction,2414,exaction.n.01,<t>exaction</t> of tribute
exactitude,2415,exactness.n.01,a man of great <t>exactitude</t>
exactly,2416,precisely.r.01,he was doing precisely (or <t>exactly</t>) what she had told him to do
exactness,2417,exactness.n.01,he demanded <t>exactness</t> in all details
exaggerate,2418,overstate.v.01,tended to romanticize and <t>exaggerate</t> this `gracious Old South' imagery
example,2419,example.n.01,this patient provides a typical <t>example</t> of the syndrome
excavate,2420,excavate.v.01,<t>excavate</t> gold
excavated,2421,excavate.v.01,Schliemann <t>excavated</t> Troy
excavation,2422,excavation.n.01,there's an interesting <t>excavation</t> going on near Princeton
exceeds,2423,exceed.v.01,Their loyalty <t>exceeds</t> their national bonds
excelled,2424,excel.v.01,She <t>excelled</t> in math
excellent,2425,excellent.s.01,made an <t>excellent</t> speech
exception,2426,exception.n.01,"with the <t>exception</t> of the children, everyone was told the news"
exceptionable,2427,exceptionable.s.01,a thoroughly unpleasant highly <t>exceptionable</t> piece of writing
exceptional,2428,exceeding.s.01,an <t>exceptional</t> memory
exceptionally,2429,exceptionally.r.01,it worked <t>exceptionally</t> well
excessive,2430,excessive.s.01,<t>excessive</t> charges
excision,2431,deletion.n.03,both parties agreed on the <t>excision</t> of the proposed clause
excitedly,2432,excitedly.r.01,she shook his hand <t>excitedly</t>
excitement,2433,exhilaration.n.01,he could hardly conceal his <t>excitement</t> when she agreed
exclaimed,2434,exclaim.v.01,`I won!' he <t>exclaimed</t>
exclamation,2435,exclamation.n.01,she gave an <t>exclamation</t> of delight
excluded,2436,exclude.v.01,The bad results were <t>excluded</t> from the report
exclusively,2437,entirely.r.02,he works for Mr. Smith <t>exclusively</t>
excursions,2438,excursion.n.01,many summer <t>excursions</t> to the shore
excuses,2439,excuse.n.01,he kept finding <t>excuses</t> to stay
executed,2440,execute.v.01,"In some states, criminals are <t>executed</t>"
exemplar,2441,exemplar.n.01,an <t>exemplar</t> of success
exemplary,2442,exemplary.s.01,<t>exemplary</t> behavior
exemplified,2443,exemplify.v.01,This compositional style is <t>exemplified</t> by this fugue
exempted,2444,exempt.v.01,She <t>exempted</t> me from the exam
exercise,2445,exercise.n.01,the doctor recommended regular <t>exercise</t>
exercising,2446,exercise.n.01,he did some <t>exercising</t>
exert,2447,exert.v.01,<t>exert</t> one's power or influence
exhale,2448,exhale.v.01,<t>Exhale</t> when you lift the weight
exhaustive,2449,exhaustive.s.01,an <t>exhaustive</t> study
exhibition,2450,exhibition.n.01,a remarkable <t>exhibition</t> of musicianship
exigency,2451,exigency.n.01,the health-care <t>exigency</t>
exigent,2452,clamant.s.02,regarded literary questions as <t>exigent</t> and momentous
exiguity,2453,meagerness.n.01,an <t>exiguity</t> of cloth that would only allow of miniature capes
exiled,2454,expatriate.v.01,The poet was <t>exiled</t> because he signed a letter protesting the government's actions
existence,2455,being.n.01,laws in <t>existence</t> for centuries
existent,2456,existent.a.01,an attempt to refine the <t>existent</t> machinery to make it more efficient
exorbitant,2457,exorbitant.s.01,<t>exorbitant</t> rent
exorcise,2458,exorcise.v.01,<t>exorcise</t> evil spirits
exoteric,2459,exoteric.a.01,writings of an <t>exoteric</t> nature
exotic,2460,alien.s.02,<t>exotic</t> plants in a greenhouse
expands,2461,expand.v.01,The dough <t>expands</t>
expansive,2462,expansive.a.01,<t>Expansive</t> materials
expatriates,2463,exile.n.01,American <t>expatriates</t>
expatriation,2464,exile.n.03,the <t>expatriation</t> of wealthy farmers
expectant,2465,anticipant.s.01,an <t>expectant</t> hush
expecting,2466,expect.v.01,The meteorologists are <t>expecting</t> rain for tomorrow
expedite,2467,expedite.v.01,This should <t>expedite</t> the process
expelled,2468,expel.v.01,He was <t>expelled</t> from his native country
expended,2469,use.v.03,The legislature <t>expended</t> its time on school questions
expensive,2470,expensive.a.01,<t>expensive</t> clothes
experience,2471,experience.n.01,a man of <t>experience</t>
experimental,2472,experimental.a.01,<t>experimental</t> physics
experimentation,2473,experiment.n.02,not all <t>experimentation</t> is done in laboratories
expertly,2474,expertly.r.01,he repaired the TV set <t>expertly</t>
expiate,2475,expiate.v.01,<t>expiate</t> one's sins
expiatory,2476,expiatory.a.01,<t>expiatory</t> (or propitiatory) sacrifice
expired,2477,run_out.v.04,My passports <t>expired</t> last month
explained,2478,explain.v.01,He <t>explained</t> the laws of physics to his students
explanation,2479,explanation.n.01,the <t>explanation</t> was very simple
explanatory,2480,explanatory.s.01,<t>explanatory</t> notes
expletives,2481,curse.n.01,<t>expletives</t> were deleted
explicit,2482,explicit.a.01,<t>explicit</t> instructions
explicitly,2483,explicitly.r.01,in his foreword Professor Clark puts it <t>explicitly</t>
exploded,2484,explode.v.01,We <t>exploded</t> the nuclear bomb
exploitation,2485,exploitation.n.01,the <t>exploitation</t> of copper deposits
exploring,2486,research.v.02,Scientists are <t>exploring</t> the nature of consciousness
expose,2487,expose.n.01,he published an <t>expose</t> of the graft and corruption in city government
expository,2488,expository.s.01,clean <t>expository</t> writing
exposure,2489,exposure.n.01,<t>exposure</t> to the weather
expression,2490,expression.n.01,a sad <t>expression</t>
expressionless,2491,deadpan.s.01,his face remained <t>expressionless</t> as the verdict was read
expressive,2492,expressive.s.01,a very <t>expressive</t> face
expressly,2493,expressly.r.01,she needs the money <t>expressly</t> for her patients
expulsion,2494,ejection.n.02,the child's <t>expulsion</t> from school
exquisite,2495,exquisite.s.01,suffered <t>exquisite</t> pain
extant,2496,extant.a.01,<t>extant</t> manuscripts
extempore,2497,ad-lib.s.01,an <t>extempore</t> skit
extend,2498,widen.v.04,<t>Extend</t> your backyard
extended,2499,widen.v.04,The law was <t>extended</t> to all citizens
extension,2500,extension.n.01,they applied for an <t>extension</t> of the loan
extensive,2501,extensive.s.01,an <t>extensive</t> Roman settlement in northwest England
extensively,2502,extensively.r.01,oxidation ponds are <t>extensively</t> used for sewage treatment in the Midwest
extensiveness,2503,largeness.n.02,the very <t>extensiveness</t> of his power was a temptation to abuse it
extent,2504,extent.n.01,the <t>extent</t> of the damage
extenuate,2505,extenuate.v.01,The circumstances <t>extenuate</t> the crime
exterminate,2506,exterminate.v.01,"Hitler wanted to <t>exterminate</t> the Jews, Gypsies, Communists, and homosexuals of Europe"
extinct,2507,extinct.a.01,an <t>extinct</t> species of fish
extinction,2508,extinction.n.01,the <t>extinction</t> of the volcano
extol,2509,laud.v.01,<t>extol</t> the virtues of one's children
extortionate,2510,exorbitant.s.01,<t>extortionate</t> prices
extramarital,2511,adulterous.s.01,<t>extramarital</t> affairs
extraneous,2512,extraneous.s.01,an issue <t>extraneous</t> to the debate
extraordinaire,2513,extraordinaire.s.01,a woodworker <t>extraordinaire</t>
extraordinarily,2514,inordinately.r.01,it will be an <t>extraordinarily</t> painful step to negotiate
extraordinary,2515,extraordinary.a.01,<t>extraordinary</t> authority
extravagance,2516,extravagance.n.01,we were surprised by the <t>extravagance</t> of his description
extravagant,2517,excessive.s.02,<t>extravagant</t> praise
extremely,2518,highly.r.01,<t>extremely</t> interesting
extremes,2519,extreme.n.01,he carried it to <t>extremes</t>
extremities,2520,extremity.n.01,it is important to keep the <t>extremities</t> warm
extricate,2521,extricate.v.01,I cannot <t>extricate</t> myself from this task
extrinsic,2522,extrinsic.a.01,<t>extrinsic</t> evidence
extrude,2523,extrude.v.01,<t>extrude</t> steel
exuberantly,2524,exuberantly.r.01,the <t>exuberantly</t> baroque decoration of the church
exude,2525,exude.v.01,<t>exude</t> sweat through the pores
eye-catching,2526,attention-getting.s.01,<t>eye-catching</t> posters
eye_candy,2527,eye_candy.n.01,he wanted to put some <t>eye candy</t> on their web site
eyeful,2528,eyeful.n.01,she was a statuesque redheaded <t>eyeful</t>
eyeless,2529,eyeless.a.01,<t>eyeless</t> fish that evolved in dark caves
eyes,2530,eyes.n.01,in the <t>eyes</t> of the law
fabled,2531,fabled.s.01,the <t>fabled</t> Paul Bunyan and his blue ox
fabric,2532,fabric.n.01,the <t>fabric</t> in the curtains was light and semitransparent
fabulous,2533,fabulous.s.01,a <t>fabulous</t> vacation
face,2534,face.n.01,he washed his <t>face</t>
face_to_face,2535,face_to_face.r.01,they spoke <t>face to face</t>
faced,2536,confront.v.02,He <t>faced</t> the terrible consequences of his mistakes
faceless,2537,faceless.a.01,a <t>faceless</t> apparition
facet,2538,aspect.n.01,he studied every <t>facet</t> of the question
facetious,2539,bantering.s.01,<t>facetious</t> remarks
facile,2540,facile.s.01,too <t>facile</t> a solution for so complex a problem
facilitate,2541,facilitate.v.01,you could <t>facilitate</t> the process by sharing your knowledge
facility,2542,facility.n.01,the assembly plant is an enormous <t>facility</t>
fact-finding,2543,fact-finding.s.01,a <t>fact-finding</t> committee
factors,2544,factor.n.01,a number of <t>factors</t> determined the outcome
facts,2545,fact.n.01,first you must collect all the <t>facts</t> of the case
fads,2546,fad.n.01,he always follows the latest <t>fads</t>
fag_end,2547,fag_end.n.01,the <t>fag end</t> of this crisis-ridden century
fagin,2548,fagin.n.01,<t>Fagin</t> was a fence who trained boys as pickpockets
failed,2549,fail.v.01,She <t>failed</t> to notice that her child was no longer in his crib
failings,2550,failing.n.01,he was quick to point out his wife's <t>failings</t>
failure,2551,failure.n.01,his <t>failure</t> to pass the test
faintly,2552,faintly.r.01,between him and the dim light a form was outlined <t>faintly</t>
fair-haired,2553,blue-eyed.s.01,the <t>fair-haired</t> boy of the literary set
fair_game,2554,prey.n.01,everyone was <t>fair game</t>
fair_sex,2555,womanhood.n.02,the <t>fair sex</t> gathered on the veranda
fairish,2556,fair.s.01,a <t>fairish</t> income
fairly,2557,reasonably.r.01,he is <t>fairly</t> clever with computers
fairness,2558,fairness.n.01,the judge recognized the <t>fairness</t> of my claim
faith,2559,religion.n.01,he lost his <t>faith</t> but not his morality
faithless,2560,faithless.s.01,the <t>faithless</t> Benedict Arnold
faked,2561,forge.v.02,he <t>faked</t> the signature
fall,2562,fall.n.01,in the <t>fall</t> of 1973
fallacious,2563,fallacious.s.01,<t>fallacious</t> reasoning
fallible,2564,fallible.a.01,everyone is <t>fallible</t> to some degree
false,2565,false.a.01,gave <t>false</t> testimony under oath
falsely,2566,falsely.r.01,"a seduction on my part would land us with the necessity to rise, bathe and dress, chat <t>falsely</t> about this and that, and emerge into the rest of the evening as though nothing had happened"
falsity,2567,falsity.n.01,argument could not determine its truth or <t>falsity</t>
famed,2568,celebrated.s.01,a <t>famed</t> scientist
family,2569,family.n.01,he moved his <t>family</t> to Virginia
famous,2570,celebrated.s.01,a <t>famous</t> actor
fanatic,2571,fanatic.n.01,A <t>fanatic</t> is one who can't change his mind and won't change the subject
fanciful,2572,fanciful.s.01,a <t>fanciful</t> mind
fancy-free,2573,fancy-free.s.01,a <t>fancy-free</t> bachelor
fanny,2574,buttocks.n.01,are you going to sit on your <t>fanny</t> and do nothing?
fanny_adams,2575,bugger_all.n.01,I know sweet <t>Fanny Adams</t> about surgery
fantastic,2576,antic.s.01,<t>fantastic</t> Halloween costumes
fantasy,2577,fantasy.n.01,a schoolgirl <t>fantasy</t>
far-flung,2578,far-flung.s.01,<t>far-flung</t> trading operations
far-off,2579,faraway.s.01,troops landing on <t>far-off</t> shores
far_and_away,2580,by_far.r.01,it was <t>far and away</t> the best meal he had ever eaten
far_and_wide,2581,far_and_wide.r.01,he traveled <t>far and wide</t>
far_cry,2582,far_cry.n.01,it's a <t>far cry</t> from here
faraway,2583,faraway.s.01,<t>faraway</t> mountains
farcical,2584,farcical.s.01,the wild <t>farcical</t> exuberance of a clown
farm,2585,farm.n.01,it takes several people to work the <t>farm</t>
farsi,2586,farsi.n.01,many <t>Farsi</t> emigrated to India near Bombay
fashion,2587,manner.n.01,in an abrasive <t>fashion</t>
fashionable,2588,fashionable.a.01,<t>fashionable</t> clothing
fashionably,2589,fashionably.r.01,his voice had no trace of the drawl that you would expect to find in a <t>fashionably</t> dressed young man
fashioned,2590,fashion.v.01,She <t>fashioned</t> a tent out of a sheet and a few sticks
fast_buck,2591,fast_buck.n.01,they are traders out to make a <t>fast buck</t>
fast_one,2592,trick.n.01,he pulled a <t>fast one</t> and got away with it
fast_track,2593,fast_track.n.01,they saw independence as the <t>fast track</t> to democracy
fasten,2594,fasten.v.01,<t>fasten</t> the lock onto the door
fastener,2595,fastener.n.01,he found the door fastened and wondered who the <t>fastener</t> was
fastidious,2596,fastidious.a.01,a <t>fastidious</t> and incisive intellect
fastidiousness,2597,fastidiousness.n.01,neatness and <t>fastidiousness</t> of dress
fat,2598,fat.n.01,pizza has too much <t>fat</t>
fat-free,2599,nonfat.a.01,nonfat or <t>fat-free</t> milk
fatally,2600,fatally.r.01,he was <t>fatally</t> ill equipped for the climb
fateful,2601,fateful.s.01,that <t>fateful</t> meeting of the U.N. when...it declared war on North Korea
father,2602,father.n.01,his <t>father</t> was born in Atlanta
fatigue,2603,fatigue.n.01,he was hospitalized for extreme <t>fatigue</t>
fatness,2604,fatness.n.01,she disliked <t>fatness</t> in herself as well as in others
fatty_tissue,2605,adipose_tissue.n.01,<t>fatty tissue</t> protected them from the severe cold
faultless,2606,faultless.s.01,<t>faultless</t> logic
faults,2607,mistake.n.01,I could understand his English in spite of his grammatical <t>faults</t>
fauna,2608,fauna.n.01,the <t>fauna</t> of China
faustian,2609,faustian.a.01,a <t>Faustian</t> pact with the Devil
faux,2610,fake.s.02,<t>faux</t> pearls
fearful,2611,fearful.s.01,a <t>fearful</t> glance
fearlessly,2612,fearlessly.r.01,"<t>fearlessly</t>, he led the troops into combat"
fearsomely,2613,fearsomely.r.01,a sabre slammed <t>fearsomely</t> through the thicket in all directions
feat,2614,feat.n.01,he performed a great <t>feat</t>
feathery,2615,featherlike.s.01,<t>feathery</t> palm trees
featureless,2616,featureless.s.01,the <t>featureless</t> landscape of the steppe
features,2617,feature.n.01,the map showed roads and other <t>features</t>
febrile,2618,febrile.a.01,a <t>febrile</t> reaction caused by an allergen
fed_up,2619,disgusted.s.01,<t>fed up</t> with their complaints
feeble,2620,feeble.s.01,a <t>feeble</t> excuse
feebly,2621,feebly.r.01,"the lighthouse, flashing <t>feebly</t> against the sleet-blurred, rocky backdrop of the coast of north west Norway"
feel,2622,feel.n.01,he has a <t>feel</t> for animals
feel_like,2623,feel_like.v.01,I <t>feel like</t> staying in bed all day
feeling,2624,feeling.n.01,she had a <t>feeling</t> of euphoria
feelings,2625,feelings.n.01,the remark hurt his <t>feelings</t>
feet,2626,foot.n.01,his bare <t>feet</t> projected from his trousers
feigned,2627,feign.v.01,He <t>feigned</t> that he was ill
feisty,2628,feisty.s.01,the champion is faced with a <t>feisty</t> challenger
fellow,2629,chap.n.01,there's a <t>fellow</t> at the door
fellowship,2630,family.n.08,the church welcomed new members into its <t>fellowship</t>
felonious,2631,criminal.s.03,<t>felonious</t> intent
fenced,2632,fence.v.01,we <t>fenced</t> in our yard
fend,2633,fend.v.01,The youngsters had to <t>fend</t> for themselves after their parents died
fender,2634,fender.n.01,in Britain they call a <t>fender</t> a wing
feral,2635,feral.s.01,a pack of <t>feral</t> dogs
ferment,2636,agitation.n.02,the political <t>ferment</t> produced new leadership
ferocious,2637,ferocious.s.01,a <t>ferocious</t> beating
ferociously,2638,ferociously.r.01,silence broken by dogs barking <t>ferociously</t>
fervent,2639,ardent.s.01,a <t>fervent</t> desire to change society
fervently,2640,fierily.r.01,both those for and against are <t>fervently</t> convinced they speak for the great majority of the people
festal,2641,gay.s.05,a festive (or <t>festal</t>) occasion
festive,2642,gay.s.05,a <t>festive</t> (or festal) occasion
fetishes,2643,fetish.n.01,"common male <t>fetishes</t> are breasts, legs, hair, shoes, and underwear"
fettle,2644,fettle.n.01,in fine <t>fettle</t>
fever_pitch,2645,fever_pitch.n.01,the crowd was at <t>fever pitch</t>
fevered,2646,fevered.s.01,a <t>fevered</t> imagination
feverish,2647,feverish.s.01,worked at a <t>feverish</t> pace
few,2648,few.n.01,it was designed for the discriminating <t>few</t>
fewest,2649,fewest.a.01,the <t>fewest</t> birds in recent memory
fib,2650,fib.n.01,he told a <t>fib</t> about eating his spinach
fickle,2651,fickle.s.01,<t>fickle</t> friends
fictional,2652,fictional.a.01,clever <t>fictional</t> devices
fictive,2653,assumed.s.01,<t>fictive</t> sympathy
fidgeting,2654,fidget.v.01,The child is always <t>fidgeting</t> in his seat
fiducial,2655,fiduciary.a.01,<t>fiducial</t> power
field,2656,field.n.01,he planted a <t>field</t> of wheat
fiendish,2657,demonic.s.01,a <t>fiendish</t> despot
fierce,2658,ferocious.s.01,<t>fierce</t> fighting
fiercely,2659,ferociously.r.01,they fought <t>fiercely</t>
fiery,2660,ardent.s.01,<t>fiery</t> oratory
fifty-fifty,2661,even.s.01,it was a <t>fifty-fifty</t> (or even) split
fight_off,2662,repel.v.03,<t>fight off</t> the onslaught
fighting,2663,fight.n.02,there was <t>fighting</t> in the streets
figment,2664,figment.n.01,a <t>figment</t> of the imagination
figurative,2665,figurative.a.01,<t>figurative</t> language
figuratively,2666,figuratively.r.01,"<t>figuratively</t> speaking,..."
figure,2667,figure.n.01,the area covered can be seen from <t>Figure</t> 2
fill,2668,fill.n.01,he ate his <t>fill</t> of potatoes
fill_out,2669,complete.v.05,"<t>fill out</t> this questionnaire, please!"
fillip,2670,bonus.n.01,his approval was an added <t>fillip</t>
film,2671,movie.n.01,the <t>film</t> was shot on location
film_noir,2672,film_noir.n.01,<t>film noir</t> was applied by French critics to describe American thriller or detective films in the 1940s
filmy,2673,diaphanous.s.01,<t>filmy</t> wings of a moth
filthy,2674,filthy.s.01,as <t>filthy</t> as a pigsty
fine-looking,2675,fine-looking.s.01,a <t>fine-looking</t> woman
fine_print,2676,fine_print.n.01,don't sign a contract without reading the <t>fine print</t>
fined,2677,ticket.v.01,I was <t>fined</t> for parking on the wrong side of the street
finer,2678,finer.s.01,a <t>finer</t> wine
fines_herbes,2679,fines_herbes.n.01,an omelet flavored with <t>fines herbes</t>
fingers,2680,finger.n.01,her <t>fingers</t> were long and thin
finicky,2681,finical.s.01,a <t>finicky</t> eater
finish,2682,coating.n.02,the boat had a metallic <t>finish</t>
finished,2683,complete.v.01,He <t>finished</t> the dishes
fire,2684,fire.n.01,they lost everything in the <t>fire</t>
fire-raising,2685,arson.n.01,the British term for arson is <t>fire-raising</t>
firearm,2686,firearm.n.01,he wore his <t>firearm</t> in a shoulder holster
fireplace,2687,fireplace.n.01,the <t>fireplace</t> was so large you could walk inside it
firewall,2688,firewall.n.01,he moved the throttle to the <t>firewall</t>
firewood,2689,firewood.n.01,they collected and cut their own <t>firewood</t>
firm_up,2690,firm_up.v.01,<t>firm up</t> one's plans
firmly,2691,firm.r.01,we <t>firmly</t> believed it
firmness,2692,firmness.n.01,his muscular <t>firmness</t>
first,2693,first.n.01,He wanted to be the <t>first</t>
first-class,2694,excellent.s.01,a <t>first-class</t> mind
first-rate,2695,ace.s.01,a <t>first-rate</t> golfer
first_and_last,2696,first_and_last.r.01,she was <t>first and last</t> a scientist
first_degree,2697,first_degree.n.01,all of the terms in a linear equation are of the <t>first degree</t>
firsthand,2698,firsthand.s.01,<t>firsthand</t> information
fiscal,2699,fiscal.a.01,<t>fiscal</t> responsibility
fish,2700,fish.n.01,the shark is a large <t>fish</t>
fishy,2701,fishy.a.01,the soup had a <t>fishy</t> smell
fit,2702,fit.n.01,he had a <t>fit</t>
fit_the_bill,2703,fit_the_bill.v.01,Does this restaurant <t>fit the bill</t> for the celebration?
fitful,2704,fitful.s.01,<t>fitful</t> bursts of energy
fitfully,2705,fitfully.r.01,he slept <t>fitfully</t>
fitness,2706,fitness.n.01,they had to prove their <t>fitness</t> for the position
fix,2707,fix.n.01,he got into a terrible <t>fix</t>
flabby,2708,soft.s.07,<t>flabby</t> around the middle
flaccid,2709,flaccid.s.01,a <t>flaccid</t> penis
flag_down,2710,flag_down.v.01,Let's <t>flag down</t> a cab--it's starting to rain
flagging,2711,flagging.n.01,there was a pile of <t>flagging</t> waiting to be laid in place
flagrant,2712,crying.s.02,<t>flagrant</t> violation of human rights
flagrantly,2713,flagrantly.r.01,he is <t>flagrantly</t> disregarding the law
flagship,2714,flagship.n.01,it is their <t>flagship</t> newspaper
flair,2715,flair.n.01,he has a <t>flair</t> for mathematics
flaky,2716,flaky.a.01,<t>flaky</t> soap
flamboyance,2717,flamboyance.n.01,he wrote with great <t>flamboyance</t>
flap,2718,flap.n.01,he wrote on the <t>flap</t> of the envelope
flare,2719,flare.n.01,the skirt had a wide <t>flare</t>
flashy,2720,brassy.s.01,a <t>flashy</t> ring
flatly,2721,flatly.r.01,he <t>flatly</t> denied the charges
flatten,2722,flatten.v.01,<t>flatten</t> a road
flaunt,2723,flaunt.n.01,his behavior was an outrageous <t>flaunt</t>
flaw,2724,defect.n.03,a <t>flaw</t> caused the crystal to shatter
flawless,2725,flawless.s.01,a <t>flawless</t> gemstone
flaxen,2726,flaxen.s.01,<t>flaxen</t> locks
flea-bitten,2727,creaky.s.01,a <t>flea-bitten</t> sofa
fled,2728,flee.v.01,He threw down his gun and <t>fled</t>
fleetness,2729,fleetness.n.01,<t>fleetness</t> of foot
flex,2730,flex.n.01,he gave his biceps a <t>flex</t> to impress the ladies
flexible,2731,flexible.a.01,<t>flexible</t> schedules
flexibly,2732,flexibly.r.01,"`Come whenever you are free,' he said <t>flexibly</t>"
flick,2733,flick.n.01,he gave it a <t>flick</t> with his finger
flighty,2734,flighty.s.01,<t>flighty</t> young girls
flip_over,2735,flip.v.08,<t>flip over</t> the pork chop
floaty,2736,buoyant.s.01,a <t>floaty</t> scarf
flogged,2737,flog.v.01,The teacher often <t>flogged</t> the students
flooded,2738,deluge.v.01,The images <t>flooded</t> his mind
floor,2739,floor.n.01,we spread our sleeping bags on the dry <t>floor</t> of the tent
floored,2740,shock.v.01,I was <t>floored</t> when I heard that I was promoted
floors,2741,floor.n.01,they needed rugs to cover the bare <t>floors</t>
floppy,2742,diskette.n.01,<t>floppy</t> disks are noted for their relatively slow speed and small capacity and low price
flops,2743,floating-point_operation.n.01,this computer can perform a million <t>flops</t> per second
flora,2744,vegetation.n.01,the <t>flora</t> of southern California
floral,2745,floral.s.01,an unusual <t>floral</t> design
florid,2746,aureate.s.01,the senator's <t>florid</t> speech
florist,2747,florist.n.01,the <t>florist</t> made up an attractive bouquet
flourish,2748,flourish.n.01,she entered with a great <t>flourish</t>
flout,2749,scoff.v.02,<t>flout</t> the rules
flowed,2750,flow.v.01,The crowd <t>flowed</t> out of the stadium
flowery,2751,flowery.a.01,a <t>flowery</t> hat
fluency,2752,eloquence.n.01,<t>fluency</t> in spoken and written English is essential
fluff_up,2753,fluff_up.v.01,<t>fluff up</t> the pillows
fluky,2754,chancy.s.02,getting that job was definitely <t>fluky</t>
flying,2755,flight.n.02,<t>flying</t> was still an exciting adventure for him
foam,2756,foam.n.01,the beer had a thick head of <t>foam</t>
focal,2757,focal.s.01,<t>focal</t> point
focus,2758,focus.n.01,the <t>focus</t> of activity shifted to molecular biology
foil,2759,foil.n.01,the photographic film was wrapped in <t>foil</t>
foiled,2760,foil.v.01,"In this picture, the figures are <t>foiled</t> against the background"
foisted,2761,foist.v.01,He <t>foisted</t> his work on me
fold,2762,fold.n.01,a <t>fold</t> in the napkin
fold_up,2763,fold.v.01,<t>fold up</t> the newspaper
folding,2764,protein_folding.n.01,understanding protein <t>folding</t> is the next step in deciphering the genetic code
folk,2765,folk.n.01,they're just country <t>folk</t>
folks,2766,folks.n.01,he wrote to his <t>folks</t> every day
folksy,2767,cracker-barrel.s.01,<t>folksy</t> humor
follow,2768,follow.v.01,Please <t>follow</t> the guide through the museum
follow-up,2769,follow-up.n.01,his new software is a <t>follow-up</t> to the programs they started with
followed,2770,follow.v.01,The ducklings <t>followed</t> their mother around the pond
fond,2771,affectionate.s.01,a <t>fond</t> embrace
fondled,2772,caress.v.01,They <t>fondled</t> in the back seat of the taxi
fondly,2773,fondly.r.01,she spoke to her children <t>fondly</t>
fondness,2774,fondness.n.01,he had a <t>fondness</t> for whiskey
foolhardy,2775,foolhardy.s.01,<t>foolhardy</t> enough to try to seize the gun from the hijacker
foolish,2776,foolish.a.01,<t>foolish</t> remarks
foolproof,2777,goofproof.v.01,<t>foolproof</t> this appliance
foot,2778,foot.n.01,armored from head to <t>foot</t>
footage,2779,footage.n.01,"they had stock <t>footage</t> of lightning, tornados, and hurricanes"
foothold,2780,bridgehead.n.01,the only <t>foothold</t> left for British troops in Europe was Gibraltar
footing,2781,footing.n.01,on a friendly <t>footing</t>
footloose,2782,footloose.s.01,Americans have always been a <t>footloose</t> people always moving on
footsteps,2783,footfall.n.01,he heard <t>footsteps</t> on the porch
for_a_song,2784,for_a_song.r.01,we bought the house <t>for a song</t>
for_certain,2785,surely.r.01,"they are coming, <t>for certain</t>"
for_example,2786,for_example.r.01,"take ribbon snakes, <t>for example</t>"
for_good_measure,2787,for_good_measure.r.01,"the car salesman threw in the radio, <t>for good measure</t>"
for_keeps,2788,for_keeps.r.01,they played <t>for keeps</t>
for_love_or_money,2789,for_love_or_money.r.01,she wouldn't give up her pets <t>for love or money</t>
for_one,2790,for_one.r.01,I <t>for one</t> feel very grateful
for_short,2791,for_short.r.01,call me Bob <t>for short</t>
for_sure,2792,for_sure.s.01,she wanted to go; that was <t>for sure</t>
for_that_matter,2793,for_that_matter.r.01,<t>for that matter</t> I don't care either
for_the_time_being,2794,for_the_moment.r.01,we'll stop <t>for the time being</t>
forager,2795,forager.n.01,in Japan a fungus <t>forager</t> can earn a good living
forbid,2796,forbid.v.01,I <t>forbid</t> you to call me late at night
force,2797,force.n.01,the <t>force</t> of his eloquence easily persuaded them
forced,2798,coerce.v.01,She <t>forced</t> him to take a job in the city
forceful,2799,forceful.a.01,a <t>forceful</t> speaker
forcefully,2800,forcefully.r.01,we are seeing this film too late to feel its original impact <t>forcefully</t>
forcefulness,2801,force.n.03,a government has not the vitality and <t>forcefulness</t> of a living man
forceless,2802,forceless.a.01,a <t>forceless</t> argument
forcible,2803,forcible.s.01,<t>forcible</t> entry
fordable,2804,fordable.s.01,the stream was <t>fordable</t>
foreboding,2805,foreboding.n.01,a steadily escalating sense of <t>foreboding</t>
forefathers,2806,forefather.n.01,keep the faith of our <t>forefathers</t>
forefront,2807,forefront.n.01,he was in the <t>forefront</t>
foreign,2808,foreign.a.01,<t>foreign</t> trade
foreign_country,2809,foreign_country.n.01,working in a <t>foreign country</t> takes a bit of getting used to
foreman,2810,foreman.n.01,if you want to leave early you have to ask the <t>foreman</t>
foremost,2811,first.s.04,the <t>foremost</t> figure among marine artists
forever,2812,everlastingly.r.01,no one can live <t>forever</t>
forgave,2813,forgive.v.01,I <t>forgave</t> him his infidelity
forgive,2814,forgive.v.01,She cannot <t>forgive</t> him for forgetting her birthday
forlorn,2815,forlorn.s.01,the last <t>forlorn</t> attempt
formality,2816,formality.n.01,a mere <t>formality</t>
formally,2817,formally.r.01,the club will be <t>formally</t> recognized
formation,2818,formation.n.01,a defensive <t>formation</t>
formed,2819,form.v.01,They <t>formed</t> a company
former,2820,former.n.01,Tom and Dick were both heroes but only the <t>former</t> is remembered today
formidable,2821,formidable.s.01,a <t>formidable</t> opponent
formless,2822,amorphous.s.01,an aggregate of <t>formless</t> particles
forms,2823,form.n.01,the inflected <t>forms</t> of a word can be represented by a stem and a list of inflections to be attached
forte,2824,forte.n.01,cooking is his <t>forte</t>
forthright,2825,blunt.s.03,<t>forthright</t> criticism
forthwith,2826,immediately.r.01,an official accused of dishonesty should be suspended <t>forthwith</t>
fortnight,2827,fortnight.n.01,most major tennis tournaments last a <t>fortnight</t>
fortuitous,2828,causeless.s.02,<t>fortuitous</t> encounters--strange accidents of fortune
fortunate,2829,fortunate.a.01,"other, less <t>fortunate</t>, children died"
fortunately,2830,fortunately.r.01,<t>fortunately</t> the weather was good
forward-looking,2831,advanced.s.03,a <t>forward-looking</t> corporation
forwarding,2832,forwarding.n.01,the <t>forwarding</t> of mail to a new address is done automatically
fought,2833,contend.v.06,the tribesmen <t>fought</t> each other
foul-mouthed,2834,foul-mouthed.s.01,noisy <t>foul-mouthed</t> women all shouting at once
foully,2835,foully.r.01,this internationally known writer was <t>foully</t> condemned by the Muslim fundamentalists
found,2836,found.n.01,they worked for $30 and <t>found</t>
foundation,2837,foundation.n.01,there is little <t>foundation</t> for his objections
foursome,2838,quartet.n.04,the <t>foursome</t> teed off before 9 a.m.
foxy,2839,crafty.s.01,a <t>foxy</t> scheme
fractional,2840,fractional.a.01,a <t>fractional</t> share of the vote
fractious,2841,fractious.s.01,a <t>fractious</t> animal that would not submit to the harness
fracture,2842,fracture.n.01,it was a nasty <t>fracture</t>
fragile,2843,delicate.s.02,<t>fragile</t> porcelain plates
fragment,2844,fragment.n.01,a <t>fragment</t> of rock
fragmentary,2845,fragmental.s.01,<t>fragmentary</t> remains
fragmented,2846,break_up.v.16,The plate <t>fragmented</t>
frangible,2847,frangible.s.01,the museum stored all <t>frangible</t> articles in locked showcases
frankly,2848,honestly.r.01,"<t>frankly</t>, my dear, I don't give a damn"
frantic,2849,frantic.s.01,<t>frantic</t> with anger and frustration
fraternal,2850,fraternal.a.01,a <t>fraternal</t> order
fraudulent,2851,deceitful.s.01,a <t>fraudulent</t> scheme to escape paying taxes
fraught,2852,fraught.s.01,a <t>fraught</t> mother-daughter relationship
frayed,2853,fray.v.01,The friction <t>frayed</t> the sleeve
freakish,2854,capricious.s.01,<t>freakish</t> weather
freaky,2855,freaky.s.01,the whole experience was really <t>freaky</t>
free,2856,free.n.01,the home of the <t>free</t> and the brave
free_hand,2857,free_hand.n.01,many have doubts about giving him a <t>free hand</t> to attack
free_lunch,2858,free_lunch.n.01,there is no <t>free lunch</t> in politics or Hollywood
free_rein,2859,free_rein.n.01,he gave <t>free rein</t> to his impulses
freebie,2860,freebie.n.01,the road map was a <t>freebie</t>
freehand,2861,freehand.s.01,a <t>freehand</t> drawing
freeloading,2862,freeload.v.01,This young man refuses to work and is <t>freeloading</t>
freely,2863,freely.r.01,the painting featured <t>freely</t> brushed strokes
freemasonry,2864,freemasonry.n.01,he enjoyed the <t>freemasonry</t> of the Press
freestanding,2865,freestanding.s.01,a <t>freestanding</t> bell tower
freewill,2866,freewill.s.01,a <t>freewill</t> offering
freeze-dry,2867,freeze-dry.v.01,<t>freeze-dry</t> the strawberries
frenetic,2868,frantic.s.01,<t>frenetic</t> screams followed the accident
frenzied,2869,frenzied.s.01,a <t>frenzied</t> attack
frenziedly,2870,frenziedly.r.01,we rehearsed <t>frenziedly</t> the last few days before the premiere
frequency,2871,frequency.n.01,the <t>frequency</t> of modulation was 40 cycles per second
fresh,2872,fresh.a.01,<t>fresh</t> bread
freshness,2873,freshness.n.01,she loved the <t>freshness</t> of newly baked bread
fretful,2874,antsy.s.01,a constant <t>fretful</t> stamping of hooves
fried,2875,fry.v.01,"If the children stay out on the beach for another hour, they'll be <t>fried</t>"
friend,2876,friend.n.01,he was my best <t>friend</t> at the university
frighteningly,2877,frighteningly.r.01,"the disturbing thing about the Minister's behavior is that far from being artificial, it too often rings <t>frighteningly</t> true"
frightens,2878,frighten.v.01,The stranger who hangs around the building <t>frightens</t> me
frightful,2879,atrocious.s.03,a <t>frightful</t> crime of decapitation
frigid,2880,cold.s.06,a <t>frigid</t> woman
fringe_benefits,2881,fringe_benefit.n.01,a limousine is one of the <t>fringe benefits</t> of the job
frisk,2882,frisk.n.01,he gave the suspect a quick <t>frisk</t>
frisson,2883,frisson.n.01,a <t>frisson</t> of surprise shot through him
fritter_away,2884,fritter.v.01,<t>Fritter away</t> one's inheritance
frivolous,2885,frivolous.a.01,a <t>frivolous</t> novel
frivolously,2886,frivolously.r.01,she spends her time <t>frivolously</t> enjoying the easy life of a rich and spoiled girl
frolic,2887,play.n.14,their <t>frolic</t> in the surf threatened to become ugly
frolicked,2888,frolic.v.01,The children <t>frolicked</t> in the garden
frolicsome,2889,coltish.s.01,<t>frolicsome</t> students celebrated their graduation with parties and practical jokes
from_pillar_to_post,2890,from_pillar_to_post.r.01,we were driven <t>from pillar to post</t>
from_the_heart,2891,from_the_heart.r.01,he spoke <t>from the heart</t>
frontier,2892,frontier.n.01,the individualism of the <t>frontier</t> in Andrew Jackson's day
frosty,2893,frigid.s.03,got a <t>frosty</t> reception
frothing,2894,foam.v.01,The boiling soup was <t>frothing</t>
frothy,2895,bubbling.s.01,foamy (or <t>frothy</t>) beer
frowzy,2896,frowsy.s.01,filled the door with her <t>frowzy</t> bulk
froze,2897,freeze.v.01,When he saw the police car he <t>froze</t>
frugal,2898,economical.s.02,a <t>frugal</t> farmer
fruitful,2899,fruitful.a.01,be <t>fruitful</t> and multiply
fruitless,2900,bootless.s.01,a <t>fruitless</t> search
frumpish,2901,dowdy.s.02,nothing so <t>frumpish</t> as last year's gambling game
frustrated,2902,thwart.v.01,What ultimately <t>frustrated</t> every challenger was Ruth's amazing September surge
fuddy-duddy,2903,fuddy-duddy.n.01,you may accuse me of being and old <t>fuddy-duddy</t> trying to stop young people having fun
fuel,2904,fuel.n.01,more <t>fuel</t> is needed during the winter months
fugitives,2905,fugitive.n.01,<t>fugitives</t> from the sweatshops
full,2906,full_moon.n.01,the moon is at the <t>full</t>
full-length,2907,full-length.s.01,a <t>full-length</t> portrait
full-time,2908,full-time.a.01,a <t>full-time</t> job
full_complement,2909,complement.n.03,a <t>full complement</t> of workers
full_of_life,2910,full_of_life.s.01,a dynamic <t>full of life</t> woman
full_treatment,2911,whole_shebang.n.01,for $10 you get the <t>full treatment</t>
fully,2912,fully.r.01,<t>fully</t> grown
fulsome,2913,buttery.s.01,gave him a <t>fulsome</t> introduction
fun,2914,fun.n.01,I do it for the <t>fun</t> of it
functional,2915,functional.a.01,a style of writing in which every word is <t>functional</t>
fundamentals,2916,fundamentals.n.01,first you must learn the <t>fundamentals</t>
fundus,2917,fundus.n.01,the uterine <t>fundus</t>
funeral,2918,funeral.n.01,hundreds of people attended his <t>funeral</t>
funereal,2919,funereal.s.01,<t>funereal</t> gloom
funk,2920,funk.n.01,he was in a <t>funk</t>
funky,2921,fetid.s.01,the kitchen smelled really <t>funky</t>
funny,2922,funny_story.n.01,she told a <t>funny</t> story
funny_story,2923,funny_story.n.01,she told a <t>funny story</t>
furious,2924,ferocious.s.01,a <t>furious</t> battle
furiously,2925,furiously.r.01,winds were blowing <t>furiously</t>
furniture,2926,furniture.n.01,they had too much <t>furniture</t> for the small apartment
furry,2927,furred.s.01,a <t>furry</t> teddy bear
furthermore,2928,furthermore.r.01,"computer chess games are getting cheaper all the time; <t>furthermore</t>, their quality is improving"
furthest,2929,farthermost.s.01,explored the <t>furthest</t> reaches of space
furtive,2930,furtive.s.01,a <t>furtive</t> manner
fury,2931,fury.n.01,hell hath no <t>fury</t> like a woman scorned
fusillade,2932,fusillade.n.01,our <t>fusillade</t> from the left flank caught them by surprise
futile,2933,futile.s.01,a <t>futile</t> effort
future_perfect,2934,future_perfect.n.01,`I will have finished' is an example of the <t>future perfect</t>
fuzz,2935,hair.n.03,peach <t>fuzz</t>
gabby,2936,chatty.s.01,kept from her housework by <t>gabby</t> neighbors
gadgetry,2937,gadgetry.n.01,laborsaving <t>gadgetry</t>
gagged,2938,gag.v.01,The press was <t>gagged</t>
gags,2939,joke.n.01,he knows a million <t>gags</t>
gaily,2940,gaily.r.01,the scandals were <t>gaily</t> diverting
gain,2941,addition.n.03,they recorded the cattle's <t>gain</t> in weight over a period of weeks
galactic,2942,galactic.a.01,the <t>galactic</t> plane
gallic,2943,gallic.a.01,Ancient <t>Gallic</t> dialects
galloping,2944,gallop.v.01,He was <t>galloping</t> down the road
galore,2945,galore.s.01,daffodils <t>galore</t>
galumphed,2946,galumph.v.01,the giant tortoises <t>galumphed</t> around in their pen
galvanic,2947,voltaic.a.01,a <t>galvanic</t> cell
gambling,2948,gambling.n.01,his <t>gambling</t> cost him a fortune
game,2949,game.n.01,you need four people to play this <t>game</t>
game_plan,2950,game_plan.n.01,newscasters speculated about the President's <t>game plan</t> for an invasion
gamut,2951,gamut.n.01,a face that expressed a <t>gamut</t> of emotions
gamy,2952,blue.s.05,he skips asterisks and gives you the <t>gamy</t> details
gang,2953,gang.n.01,police tried to break up the <t>gang</t>
gangling,2954,gangling.s.01,a <t>gangling</t> teenager
gap,2955,gap.n.01,<t>gap</t> between income and outgo
garish,2956,brassy.s.01,<t>garish</t> colors
garlanded,2957,garland.v.01,They <t>garlanded</t> the statue
garlicky,2958,garlicky.a.01,<t>garlicky</t> sauce
garments,2959,garment.n.01,<t>garments</t> of the finest silk
garnished,2960,garnishee.v.01,His employer <t>garnished</t> his wages in order to pay his debt
garrotted,2961,garrote.v.01,people were <t>garrotted</t> during the Inquisition in Spain
gas_up,2962,gas_up.v.01,<t>Gas up</t> the car
gasp,2963,gasp.n.01,she gave a <t>gasp</t> and fainted
gassed,2964,gas.v.01,The despot <t>gassed</t> the rebellious tribes
gastric,2965,gastric.a.01,<t>gastric</t> ulcer
gastronomic,2966,gastronomic.a.01,<t>gastronomic</t> adventures
gauche,2967,gauche.s.01,too <t>gauche</t> to leave the room when the conversation became intimate
gaunt,2968,bony.s.01,a nightmare population of <t>gaunt</t> men and skeletal boys
gauntlet,2969,gauntlet.n.01,threw down the <t>gauntlet</t>
gave,2970,give.v.01,She <t>gave</t> him a black eye
gawky,2971,gawky.s.01,a <t>gawky</t> lad with long ungainly legs
gaze,2972,gaze.n.01,he fixed his paternal <t>gaze</t> on me
gelid,2973,arctic.s.02,<t>gelid</t> waters of the North Atlantic
gelled,2974,gel.v.01,"The solid, when heated, <t>gelled</t>"
geminate,2975,geminate.n.01,the `n' in `thinness' is a <t>geminate</t>
gen,2976,gen.n.01,give me the <t>gen</t> on your new line of computers
generalist,2977,renaissance_man.n.01,a statistician has to be something of a <t>generalist</t>
generated,2978,generate.v.01,The new manager <t>generated</t> a lot of problems
generous,2979,generous.a.01,a <t>generous</t> donation
genial,2980,affable.s.01,a <t>genial</t> host
genius,2981,genius.n.01,Mozart was a child <t>genius</t>
genome,2982,genome.n.01,the human <t>genome</t> contains approximately three billion chemical base pairs
genteel,2983,civilized.s.01,a <t>genteel</t> old lady
gently,2984,gently.r.01,a <t>gently</t> sloping terrain
genuine,2985,genuine.a.01,a <t>genuine</t> Picasso
genuinely,2986,truly.r.01,a <t>genuinely</t> open society
genus,2987,genus.n.01,ignore the <t>genus</t> communism
geological_periods,2988,period.n.04,ganoid fishes swarmed during the earlier <t>geological periods</t>
geometric,2989,geometric.s.01,a buffalo hide painted with red and black <t>geometric</t> designs
geriatric,2990,geriatric.a.01,<t>geriatric</t> disorder
germane,2991,germane.s.01,he asks questions that are <t>germane</t> and central to the issue
get-go,2992,beginning.n.02,she knew from the <t>get-go</t> that he was the man for her
get_across,2993,get_across.v.01,I couldn't <t>get across</t> the message
get_cracking,2994,get_cracking.v.01,"<t>Get cracking</t>, please!"
get_down,2995,get_down.v.01,<t>Get down</t> on your knees!
get_off_the_ground,2996,get_off_the_ground.v.01,the project took a long time to <t>get off the ground</t>
get_rid_of,2997,get_rid_of.v.01,<t>Get rid of</t> these old shoes!
getting,2998,acquiring.n.01,he's much more interested in the <t>getting</t> than in the giving
getup,2999,outfit.n.02,his <t>getup</t> was exceedingly elegant
ghana,3000,ghana.n.01,<t>Ghana</t> was colonized as the Gold Coast by the British
ghanaian,3001,ghanaian.a.01,<t>Ghanaian</t> cocoa production
ghastly,3002,ghastly.s.01,<t>ghastly</t> wounds
ghetto,3003,ghetto.n.01,the Warsaw <t>ghetto</t>
ghost,3004,ghost.n.01,he looked like he had seen a <t>ghost</t>
ghosted,3005,ghost.v.01,The masked men <t>ghosted</t> across the moonlit yard
ghostly,3006,apparitional.s.01,a <t>ghostly</t> face at the window
giddy,3007,dizzy.s.01,had a headache and felt <t>giddy</t>
gigantic,3008,gigantic.s.01,a <t>gigantic</t> redwood
gingerly,3009,gingerly.s.01,they proceeded with <t>gingerly</t> footwork over the jagged stones
girlfriend,3010,girlfriend.n.01,Mary and her <t>girlfriend</t> organized the party
git,3011,rotter.n.01,the British call a contemptible person a `<t>git</t>'
give_a_damn,3012,care_a_hang.v.01,She doesn't <t>give a damn</t> about her job
give_a_hoot,3013,care_a_hang.v.01,I don't <t>give a hoot</t>
give_it_a_whirl,3014,give_it_a_whirl.v.01,let's <t>give it a whirl</t>!
give_or_take,3015,give_or_take.r.01,"it is a mile away, <t>give or take</t> a few hundred yards"
gizmo,3016,doodad.n.01,there may be some great new <t>gizmo</t> around the corner that you will want to use
gladly,3017,gladly.r.01,this was <t>gladly</t> agreed to
gladsome,3018,gladsome.s.01,a <t>gladsome</t> smile
glamorous,3019,glamorous.s.01,<t>glamorous</t> movie stars
glanced,3020,glance.v.01,She only <t>glanced</t> at the paper
glandular,3021,glandular.a.01,<t>glandular</t> malfunctions
glare,3022,glare.n.01,a <t>glare</t> of sunlight
glared,3023,glower.v.01,The girl <t>glared</t> at the man who tried to make a pass at her
glassy,3024,glassy.s.01,the <t>glassy</t> surface of the lake
glaucoma,3025,glaucoma.n.01,"contrary to popular belief, <t>glaucoma</t> is not always caused by elevated intraocular pressure"
gleefully,3026,gleefully.r.01,the old man had greeted her <t>gleefully</t>
glib,3027,glib.s.01,<t>glib</t> generalizations
glibness,3028,glibness.n.01,the <t>glibness</t> of a high-pressure salesman
glimpsed,3029,glimpse.v.01,We <t>glimpsed</t> the Queen as she got into her limousine
glistening,3030,glitter.v.01,His eyes were <t>glistening</t>
glittery,3031,aglitter.s.01,<t>glittery</t> costume jewelry
global,3032,global.s.01,<t>global</t> war
globally,3033,globally.r.01,this is <t>globally</t> significant
gloom,3034,gloom.n.01,he struck a match to dispel the <t>gloom</t>
gloomy,3035,glooming.s.01,the <t>gloomy</t> forest
glorify,3036,laud.v.01,<t>glorify</t> one's spouse's cooking
glorious,3037,glorious.a.01,a long and <t>glorious</t> career
glory,3038,glory.n.01,he valued <t>glory</t> above life itself
gluttonous,3039,gluttonous.a.01,over-fed women and their <t>gluttonous</t> husbands
gnarled,3040,gnarl.v.01,The wind has <t>gnarled</t> this old tree
gnaw,3041,gnaw.v.01,<t>gnaw</t> an old cracker
gnomic,3042,gnomic.a.01,<t>gnomic</t> verse
go,3043,go.n.01,it's my <t>go</t>
go_about,3044,set_about.v.01,<t>go about</t> a difficult problem
go_around,3045,go_around.v.01,There's not enough to <t>go around</t>
go_away,3046,go.v.03,<t>Go away</t> before I start to cry
go_ballistic,3047,flip_one's_lid.v.01,Spam makes me <t>go ballistic</t>
go_dutch,3048,go_dutch.v.01,My boyfriend and I always <t>go Dutch</t>
go_far,3049,arrive.v.02,"You will <t>go far</t>, my boy!"
go_for,3050,apply.v.02,The same rules <t>go for</t> everyone
go_through,3051,experience.v.01,We had many trials to <t>go through</t>
go_to,3052,attend.v.01,did you <t>go to</t> the meeting?
goddam,3053,blasted.s.01,he's a damn (or <t>goddam</t> or goddamned) fool
godforsaken,3054,godforsaken.s.01,a <t>godforsaken</t> wilderness crossroads
godlike,3055,divine.s.05,a man of <t>godlike</t> sagacity
godly,3056,godly.s.01,a <t>godly</t> man
golden,3057,aureate.s.02,long aureate (or <t>golden</t>) hair
golden_age,3058,golden_age.n.01,it was the <t>golden age</t> of cinema
golden_rule,3059,golden_rule.n.01,the <t>golden rule</t> of teaching is to be clear
goner,3060,goner.n.01,I'm a <t>goner</t> if this plan doesn't work
good,3061,good.n.01,for your own <t>good</t>
good-looking,3062,fine-looking.s.01,a <t>good-looking</t> man
good-natured,3063,good-natured.a.01,too <t>good-natured</t> to resent a little criticism
good_for_you,3064,healthy.s.02,carrots are <t>good for you</t>
good_form,3065,good_form.n.01,it is not <t>good form</t> to brag about winning
good_sense,3066,common_sense.n.01,fortunately she had the <t>good sense</t> to run away
good_time,3067,good_time.n.01,we had a <t>good time</t> at the party
good_turn,3068,turn.n.11,he did me a <t>good turn</t>
goodish,3069,goodish.s.01,a <t>goodish</t> wine
goodly,3070,goodly.s.01,a <t>goodly</t> amount
goose_egg,3071,nothing.n.01,we racked up a pathetic <t>goose egg</t>
gorgeous,3072,gorgeous.s.01,a <t>gorgeous</t> Victorian gown
gory,3073,bloodstained.s.01,a <t>gory</t> dagger
got,3074,get.v.01,She <t>got</t> a lot of paintings from her uncle
governance,3075,administration.n.02,the <t>governance</t> of an association is responsible to its members
governed,3076,governed.n.01,governments derive their just powers from the consent of the <t>governed</t>
governing,3077,government.n.02,regulations for the <t>governing</t> of state prisons
government,3078,government.n.01,the <t>government</t> reduced taxes
governmental,3079,governmental.s.01,<t>governmental</t> policy
grace,3080,grace.n.01,the conception of <t>grace</t> developed alongside the conception of sin
graceless,3081,graceless.s.01,a totally <t>graceless</t> hostess
gracious,3082,gracious.a.01,<t>gracious</t> even to unexpected visitors
graciously,3083,graciously.r.01,he did not have a chance to grow up <t>graciously</t>
gradations,3084,gradation.n.01,subtle <t>gradations</t> in color
gradually,3085,gradually.r.01,the snake moved <t>gradually</t> toward its victim
graduated,3086,graduate.v.01,She <t>graduated</t> in 1990
grain,3087,grain.n.01,a <t>grain</t> of sand
grainy,3088,farinaceous.s.02,the photographs were <t>grainy</t> and indistinct
grandeur,3089,magnificence.n.02,an imaginative mix of old-fashioned <t>grandeur</t> and colorful art
grandly,3090,grandly.r.01,the mansion seemed <t>grandly</t> large by today's standards
granular,3091,farinaceous.s.02,<t>granular</t> sugar
grappling,3092,wrestle.n.01,we watched his <t>grappling</t> and wrestling with the bully
grasp,3093,appreciation.n.01,he has a good <t>grasp</t> of accounting practices
grass_roots,3094,grass_roots.n.01,the problem was attacked at the <t>grass roots</t>
grated,3095,grate.v.01,a <t>grated</t> fireplace
grateful,3096,grateful.a.01,a <t>grateful</t> heart
gratification,3097,gratification.n.01,dull repetitious work gives no <t>gratification</t>
gratitude,3098,gratitude.n.01,he was overwhelmed with <t>gratitude</t> for their help
gratuitous,3099,gratuitous.s.01,a <t>gratuitous</t> insult
grave,3100,grave.n.01,he went to his <t>grave</t> without forgiving me
graven_image,3101,idol.n.01,thou shalt not make unto thee any <t>graven image</t>
gravity,3102,gravity.n.01,the more remote the body the less the <t>gravity</t>
greasy,3103,greasy.s.01,<t>greasy</t> hamburgers
greater,3104,greater.a.01,for the <t>greater</t> good of the community
greatly,3105,greatly.r.01,he improved <t>greatly</t>
greats,3106,great.n.01,he is one of the <t>greats</t> of American music
greedy,3107,avaricious.s.01,<t>greedy</t> for money and power
green_cards,3108,green_card.n.01,he was surprised to discover that <t>green cards</t> are no longer green
greenwood,3109,greenwood.n.01,the <t>greenwood</t> was Robin Hood's home
gregarious,3110,gregarious.a.01,<t>gregarious</t> bird species
grew,3111,turn.v.07,She <t>grew</t> angry
greyish,3112,grey.s.01,a man with <t>greyish</t> hair
grievous,3113,dangerous.s.01,<t>grievous</t> bodily harm
grim,3114,grim.s.01,<t>grim</t> determination
grimace,3115,grimace.n.01,she made a <t>grimace</t> at the prospect
grimaced,3116,grimace.v.01,He <t>grimaced</t> when he saw the amount of homework he had to do
grimy,3117,begrimed.s.01,<t>grimy</t> hands
grip,3118,clasp.n.02,he has a strong <t>grip</t> for an old man
gripe,3119,gripe.n.01,I have a <t>gripe</t> about the service here
gripped,3120,grip.v.01,He <t>gripped</t> the steering wheel
grisly,3121,ghastly.s.01,a <t>grisly</t> murder
groaned,3122,groan.v.01,The students <t>groaned</t> when the professor got out the exam booklets
groped,3123,grope.v.01,She <t>groped</t> for her glasses in the darkness of the bedroom
grotty,3124,grotty.s.01,a <t>grotty</t> little play
ground,3125,land.n.04,he dropped the logs on the <t>ground</t>
grounding,3126,foundation.n.04,a good <t>grounding</t> in mathematics
grub_up,3127,grub_up.v.01,<t>grub up</t> roots and tree stumps
grudge,3128,grudge.n.01,holding a <t>grudge</t>
gruesome,3129,ghastly.s.01,<t>gruesome</t> evidence of human sacrifice
gruff,3130,crusty.s.02,<t>gruff</t> manner
grumbled,3131,grouch.v.01,We <t>grumbled</t> about the increased work load
guarding,3132,guard.v.01,there would be men <t>guarding</t> the horses
guillotined,3133,guillotine.v.01,The French <t>guillotined</t> many Vietnamese while they occupied the country
guilty,3134,guilty.a.01,<t>guilty</t> of murder
guise,3135,guise.n.01,under the <t>guise</t> of friendship he betrayed them
gullible,3136,fleeceable.s.01,at that early age she had been <t>gullible</t> and in love
gulp,3137,gulp.n.01,he finished it at a single <t>gulp</t>
gulped,3138,gulp.v.01,The men <t>gulped</t> down their beers
gunfire,3139,gunfire.n.01,the <t>gunfire</t> endangered innocent bystanders
gush,3140,flush.n.06,there was a little <t>gush</t> of blood
gushed,3141,spurt.v.01,water <t>gushed</t> forth
gust,3142,gust.n.01,the tree was bent almost double by the <t>gust</t>
gusty,3143,gusty.s.01,<t>gusty</t> winds 
gutless,3144,gutless.a.01,he was a yellow <t>gutless</t> worm
guts,3145,backbone.n.02,he didn't have the <t>guts</t> to try it
gutsy,3146,gutsy.a.01,you have to admire her; it was a <t>gutsy</t> thing to do
guy,3147,guy.n.01,a nice <t>guy</t>
gymnastic,3148,acrobatic.s.01,<t>gymnastic</t> exercises
gyrated,3149,gyrate.v.01,the young people <t>gyrated</t> on the dance floor
habit,3150,habit.n.01,it was their <t>habit</t> to dine at 7 every evening
habitat,3151,habitat.n.01,a marine <t>habitat</t>
habitual,3152,accustomed.s.01,his <t>habitual</t> comment
habitue,3153,regular.n.01,an <t>habitue</t> of the racetrack
hackneyed,3154,banal.s.01,<t>hackneyed</t> phrases
hailed,3155,acclaim.v.01,The critics <t>hailed</t> the young pianist as a new Rubinstein
hair,3156,hair.n.01,he combed his <t>hair</t>
hair-raiser,3157,hair-raiser.n.01,the movie was an old-fashioned <t>hair-raiser</t>
hairy,3158,hairy.a.01,Jacob was a <t>hairy</t> man
hajj,3159,hajj.n.01,for a Muslim the <t>hajj</t> is the ultimate act of worship
half,3160,one-half.n.01,<t>half</t> a loaf
half-baked,3161,crazy.s.02,<t>half-baked</t> ideas
half-term,3162,half-term.n.01,he came to visit at <t>half-term</t>
half-time,3163,half-time.s.01,he had two years of <t>half-time</t> training
half-track,3164,half-track.s.01,<t>half-track</t> armored vehicles
hall,3165,hallway.n.01,the elevators were at the end of the <t>hall</t>
halt,3166,arrest.n.02,during the <t>halt</t> he got some lunch
halve,3167,halve.v.01,<t>Halve</t> the cake
hammer_out,3168,thrash_out.v.01,The leaders of the various Middle Eastern countries are trying to <t>hammer out</t> a peace agreement
hampered,3169,hamper.v.01,He was <t>hampered</t> in his efforts by the bad weather
hamstrung,3170,hamstring.v.01,The teachers were <t>hamstrung</t> by the overly rigid schedules
hand-held,3171,hand-held.a.01,a <t>hand-held</t> computer
hand_in_glove,3172,hand_in_glove.r.01,they work <t>hand in glove</t>
hand_in_hand,3173,hand_in_hand.r.01,<t>hand in hand</t> with hope went fear
hand_over_fist,3174,hand_over_fist.r.01,made money <t>hand over fist</t>
handcart,3175,handcart.n.01,he used a <t>handcart</t> to carry the rocks away
handcuffed,3176,manacle.v.01,The police <t>handcuffed</t> the suspect at the scene of the crime
handful,3177,handful.n.01,only a <t>handful</t> of responses were received
handle,3178,handle.n.01,he grabbed the hammer by the <t>handle</t>
handmaiden,3179,handmaid.n.01,theology should be the <t>handmaiden</t> of ethics
handover,3180,handover.n.01,the <t>handover</t> of occupied territory
hands,3181,hands.n.01,my fate is in your <t>hands</t>
handsome,3182,fine-looking.s.01,very pretty but not so extraordinarily <t>handsome</t>
handsomely,3183,handsomely.r.01,the volume was <t>handsomely</t> bound
handwriting,3184,handwriting.n.01,she recognized his <t>handwriting</t>
hang,3185,bent.n.04,he couldn't get the <t>hang</t> of it
hang_together,3186,hang_together.v.01,In my heart I can make the world <t>hang together</t>
hangdog,3187,guilty.s.01,the <t>hangdog</t> and shamefaced air of the retreating enemy
hangings,3188,hanging.n.01,the cold castle walls were covered with <t>hangings</t>
hansard,3189,hansard.n.01,the Canadian <t>Hansard</t> is published in both English and French
haphazard,3190,haphazard.s.01,a <t>haphazard</t> plan of action
hapless,3191,hapless.s.01,a <t>hapless</t> victim
haply,3192,haply.r.01,betrayed by a word <t>haply</t> overheard
happily,3193,happily.r.01,they shouted <t>happily</t>
happy,3194,happy.a.01,a <t>happy</t> smile
harassment,3195,harassment.n.01,so great was his <t>harassment</t> that he wanted to destroy his tormentors
hard,3196,difficult.a.01,why is it so <t>hard</t> for you to keep a secret?
hard-and-fast,3197,hard-and-fast.s.01,<t>hard-and-fast</t> rules
hard-core,3198,hard-core.s.01,<t>hard-core</t> addicts
hard-hitting,3199,hard-hitting.s.01,a <t>hard-hitting</t> expose
hard-nosed,3200,hardheaded.s.02,a <t>hard-nosed</t> labor leader
hard-pressed,3201,distressed.s.01,financially <t>hard-pressed</t> Mexican hotels are lowering their prices
hard_cash,3202,cash.n.01,there is a desperate shortage of <t>hard cash</t>
hard_copy,3203,hard_copy.n.01,he ran off a <t>hard copy</t> of the report
hard_currency,3204,hard_currency.n.01,"the countries agreed to conduct their bilateral trade in <t>hard currency</t>, replacing previous barter arrangements"
hard_time,3205,hard_time.n.01,we had a <t>hard time</t> getting here
hard_to_please,3206,hard-to-please.s.01,was very <t>hard to please</t>
hardened,3207,harden.v.01,The wax <t>hardened</t>
hardly,3208,barely.r.01,we <t>hardly</t> knew them
hardship,3209,adversity.n.01,a life of <t>hardship</t>
hardware_store,3210,hardware_store.n.01,in Great Britain they used to call a <t>hardware store</t> an ironmonger's shop
harebrained,3211,harebrained.s.01,<t>harebrained</t> ideas
hared,3212,hare.v.01,He <t>hared</t> down the hill
harmful,3213,harmful.a.01,too much sun is <t>harmful</t> to the skin
harmless,3214,harmless.a.01,<t>harmless</t> bacteria
harmonize,3215,harmonize.v.01,The colors don't <t>harmonize</t>
harry,3216,harass.v.01,He is known to <t>harry</t> his staff when he is overworked
harsh,3217,harsh.s.01,wild and <t>harsh</t> country full of hot sand and cactus
harshly,3218,harshly.r.01,"`That's enough!,' he cut in <t>harshly</t>"
haste,3219,haste.n.01,he soon regretted his <t>haste</t>
hastily,3220,hurriedly.r.01,"<t>hastily</t>, he scanned the headlines"
hasty,3221,hasty.s.01,made a <t>hasty</t> exit
hateful,3222,hateful.a.01,no vice is universally as <t>hateful</t> as ingratitude
haughty,3223,disdainful.s.02,<t>haughty</t> aristocrats
haul,3224,draw.n.09,the <t>haul</t> up the hill went very slowly
haunted,3225,haunt.v.01,the ghost of her mother <t>haunted</t> her
have_a_look,3226,take_a_look.v.01,<t>Have a look</t> at this!
hawkish,3227,militant.s.01,<t>hawkish</t> congressman
hazard,3228,hazard.n.01,drinking alcohol is a health <t>hazard</t>
hazardous,3229,hazardous.s.01,skydiving is a <t>hazardous</t> sport
head,3230,head.n.01,he stuck his <t>head</t> out the window
head-on,3231,head-on.s.01,a <t>head-on</t> confrontation
head-to-head,3232,tete-a-tete.s.01,a <t>head-to-head</t> conversation
head_off,3233,debar.v.02,<t>head off</t> a confrontation
head_over_heels,3234,head_over_heels.r.01,we ran <t>head over heels</t> toward the shelter
headband,3235,headband.n.01,the earphones were held in place by a <t>headband</t>
headed,3236,head.v.01,We were <t>headed</t> for the mountains
headfirst,3237,headfirst.s.01,a <t>headfirst</t> plunge down the stairs
heading,3238,heading.n.01,the <t>heading</t> seemed to have little to do with the text
headlong,3239,hasty.s.01,a <t>headlong</t> rush to sell
headquarters,3240,headquarters.n.01,many companies have their <t>headquarters</t> in New York
health,3241,health.n.01,physicians should be held responsible for the <t>health</t> of their patients
healthily,3242,healthily.r.01,the answers were <t>healthily</t> individual
healthy,3243,healthy.a.01,a rosy <t>healthy</t> baby
heaped,3244,heap.v.01,He <t>heaped</t> him with work
heart,3245,heart.n.01,in your <t>heart</t> you know it is true
heart_and_soul,3246,kernel.n.03,the <t>heart and soul</t> of the Republican Party
heartbreaking,3247,grievous.s.02,her sigh was <t>heartbreaking</t>
heartfelt,3248,dear.s.03,<t>heartfelt</t> condolences
hearth,3249,fireplace.n.01,he laid a fire in the <t>hearth</t> and lit it
heartrending,3250,grievous.s.02,the <t>heartrending</t> words of Rabin's granddaughter
heartstrings,3251,heartstrings.n.01,many adoption cases tug at the <t>heartstrings</t>
hearty,3252,hearty.s.01,a <t>hearty</t> welcome
heaved,3253,heave.v.01,She <t>heaved</t> a deep sigh when she saw the list of things to do
heaven-sent,3254,heaven-sent.s.01,a <t>heaven-sent</t> rain saved the crops
heavenly,3255,celestial.a.02,<t>heavenly</t> hosts
heavily,3256,heavily.r.01,he relied <t>heavily</t> on others' data
heaviness,3257,heaviness.n.01,the <t>heaviness</t> of lead
heaving,3258,heave.n.01,the <t>heaving</t> of waves on a rough sea
heavyset,3259,compact.s.01,he was tall and <t>heavyset</t>
hedonistic,3260,hedonic.s.01,lives of unending <t>hedonistic</t> delight
heed,3261,attentiveness.n.01,he spends without <t>heed</t> to the consequences
heedful,3262,heedful.a.01,<t>heedful</t> of the warnings
heedless,3263,heedless.a.01,We have always known that <t>heedless</t> self-interest was bad morals; we know now that it is bad economics
heeled,3264,list.v.04,The balloon <t>heeled</t> over
hefty,3265,brawny.s.01,a <t>hefty</t> athlete
hegemony,3266,hegemony.n.01,the <t>hegemony</t> of a single member state is not incompatible with a genuine confederation
heightened,3267,heighten.v.01,The tension <t>heightened</t>
heights,3268,high.n.05,he doesn't like <t>heights</t>
heinous,3269,flagitious.s.01,<t>heinous</t> accusations
heinously,3270,heinously.r.01,the child was <t>heinously</t> murdered
held,3271,keep.v.01,She always <t>held</t> herself as a lady
hell,3272,hell.n.01,the <t>hell</t> of battle
hell-bent,3273,hell-bent.s.01,<t>hell-bent</t> on winning
hellish,3274,beastly.s.01,<t>hellish</t> weather
help,3275,aid.n.02,offered his <t>help</t> in unloading
help_out,3276,help_out.v.01,Can you <t>help out</t> tonight with the dinner guests?
helped,3277,help.v.01,Everyone <t>helped</t> out during the earthquake
helpless,3278,helpless.s.01,lying ill and <t>helpless</t>
hem,3279,hem.n.01,the <t>hem</t> of her dress was stained
hemlock,3280,hemlock.n.01,Socrates refused to flee and died by drinking <t>hemlock</t>
hence,3281,therefore.r.01,the eggs were fresh and <t>hence</t> satisfactory
herald,3282,herald.n.01,the chieftain had a <t>herald</t> who announced his arrival with a trumpet
heraldic,3283,heraldic.s.01,the Beatles were <t>heraldic</t> of a new style of music
herculean,3284,herculean.s.01,<t>herculean</t> exertions
herded,3285,herd.v.01,We <t>herded</t> the children into a spare classroom
here,3286,here.n.01,where do we go from <t>here</t>?
here_and_now,3287,here_and_now.n.01,the disappointments of the <t>here and now</t>
here_and_there,3288,here_and_there.r.01,he worked <t>here and there</t> but never for long in one town
herein,3289,herein.r.01,I shall discuss the question <t>herein</t>
hereunder,3290,hereinafter.r.01,the terms specified <t>hereunder</t>
heritage,3291,heritage.n.01,a <t>heritage</t> of freedom
heroes,3292,hero.n.01,RAF pilots were the <t>heroes</t> of the Battle of Britain
heroically,3293,heroically.r.01,he become reconciled to not dying <t>heroically</t> in her arms
heroism,3294,heroism.n.01,he showed great <t>heroism</t> in battle
hesitantly,3295,hesitantly.r.01,he finally accepted <t>hesitantly</t>
hesitate,3296,hesitate.v.01,Authorities <t>hesitate</t> to quote exact figures
hesperian,3297,occidental.s.01,<t>Hesperian</t> culture
het_up,3298,heated.s.01,he was all <t>het up</t> and sweaty
heterogeneous,3299,heterogeneous.a.01,the population of the United States is vast and <t>heterogeneous</t>
hew,3300,hew.v.01,<t>hew</t> out a path in the rock
hibernate,3301,hibernate.v.01,Bears must eat a lot of food before they <t>hibernate</t> in their caves
hideous,3302,hideous.s.01,a <t>hideous</t> pattern of injustice
hideously,3303,hideously.r.01,her face was <t>hideously</t> disfigured after the accident
hierarchical,3304,hierarchical.a.01,it has been said that only a <t>hierarchical</t> society with a leisure class at the top can produce works of art
hierarchy,3305,hierarchy.n.01,put honesty first in her <t>hierarchy</t> of values
high,3306,high.n.01,summer temperatures reached an all-time <t>high</t>
high-flown,3307,high-flown.s.01,<t>high-flown</t> talk of preserving the moral tone of the school
high-level,3308,high-level.s.01,a <t>high-level</t> official
high-powered,3309,high-octane.s.02,<t>high-powered</t> executives
high-rise,3310,high-rise.n.01,`tower block' is the British term for `<t>high-rise</t>'
high-voltage,3311,high-voltage.s.01,a <t>high-voltage</t> generator
high_and_low,3312,high_and_low.r.01,searched <t>high and low</t>
high_point,3313,high_point.n.01,the trumpet solo was the <t>high point</t> of the concert
high_priest,3314,high_priest.n.01,he's the <t>high priest</t> of contemporary jazz
high_time,3315,high_time.n.01,it is <t>high time</t> you went to work
high_winds,3316,high_wind.n.01,rain and <t>high winds</t> covered the region
highbrowed,3317,highbrow.s.01,a <t>highbrowed</t> literary critic
higher,3318,higher.s.01,<t>higher</t> finance
highlight,3319,highlight.n.01,the <t>highlight</t> of the tour was our visit to the Vatican
highlighted,3320,foreground.v.01,The introduction <t>highlighted</t> the speaker's distinguished career in linguistics
highly,3321,highly.r.01,<t>highly</t> successful
hike,3322,hike.n.01,she enjoys a <t>hike</t> in her spare time
hiked,3323,hike.v.01,The landlord <t>hiked</t> up the rents
hilarious,3324,hilarious.s.01,<t>hilarious</t> broad comedy
hills,3325,hill.n.01,they loved to roam the <t>hills</t> of West Virginia
himalayan,3326,himalayan.a.01,<t>Himalayan</t> peaks
hindsight,3327,hindsight.n.01,<t>hindsight</t> is always better than foresight
hinny,3328,hinny.n.01,a <t>hinny</t> has a gentler disposition than a mule
hire_car,3329,car_rental.n.01,she picked up a <t>hire car</t> at the airport and drove to her hotel
hired,3330,hire.v.01,They <t>hired</t> two new secretaries in the department
hired_hand,3331,hired_hand.n.01,the <t>hired hand</t> fixed the railing
hires,3332,hire.n.01,the new <t>hires</t> need special training
hispid,3333,hispid.s.01,plants with <t>hispid</t> stems
hissing,3334,hiss.n.01,the performers could not be heard over the <t>hissing</t> of the audience
historic,3335,historic.s.01,<t>historic</t> victories
historical,3336,historical.a.01,<t>historical</t> scholars
history,3337,history.n.01,a critical time in the school's <t>history</t>
histrionic,3338,histrionic.s.01,<t>histrionic</t> gestures
hit,3339,hit.n.01,he came all the way around on Williams' <t>hit</t>
hit-and-run,3340,hit-and-run.s.01,<t>hit-and-run</t> units
hit-or-miss,3341,haphazard.s.01,his judgment is rather <t>hit-or-miss</t>
hitting,3342,hit.n.02,repeated <t>hitting</t> raised a large bruise
ho-hum,3343,boring.s.01,a <t>ho-hum</t> speaker who couldn't capture their attention
hoarse,3344,gruff.s.02,<t>hoarse</t> cries
hoary,3345,grey.s.02,nodded his <t>hoary</t> head
hobbyhorse,3346,hobbyhorse.n.01,don't get him started on his <t>hobbyhorse</t>
hobnobs,3347,hobnob.v.01,He <t>hobnobs</t> with the best of society
hold,3348,clasp.n.02,she kept a firm <t>hold</t> on the railing
hold_water,3349,stand_up.v.06,This theory won't <t>hold water</t>
holder,3350,holder.n.01,a towel <t>holder</t>
hole-and-corner,3351,hole-and-corner.s.01,a <t>hole-and-corner</t> life in some obscure community
holiday,3352,vacation.n.01,we took a short <t>holiday</t> in Puerto Rico
hollows,3353,hollow.n.01,hunger had caused the <t>hollows</t> in their cheeks
holocaust,3354,holocaust.n.01,a nuclear <t>holocaust</t>
home,3355,home.n.01,deliver the package to my <t>home</t>
homegrown,3356,homegrown.s.01,stands selling <t>homegrown</t> fruits and vegetables
homeless,3357,homeless.n.01,a <t>homeless</t> was found murdered in Central Park
homely,3358,homely.s.01,a <t>homely</t> child
homeric,3359,homeric.a.01,<t>Homeric</t> Greek
homicidal,3360,homicidal.s.01,a <t>homicidal</t> rage
homogeneity,3361,homogeneity.n.01,there is a remarkable <t>homogeneity</t> between the two companies
honest,3362,honest.a.01,<t>honest</t> lawyers
honestly,3363,honestly.r.01,"<t>honestly</t>, I don't believe it"
honorary,3364,honorary.s.01,an <t>honorary</t> degree
hoodoo,3365,hoodoo.n.01,a tall sandstone <t>hoodoo</t>
hoof_it,3366,foot.v.02,let's <t>hoof it</t> to the disco
hook_up,3367,hook_up.v.01,<t>hook up</t> the houses to the gas supply line
hookah,3368,hookah.n.01,a bipolar world with the <t>hookah</t> and Turkish coffee versus hamburgers and Coca Cola
hooks,3369,hooks.n.01,wait till I get my <t>hooks</t> on him
hope,3370,hope.n.01,it revived their <t>hope</t> of winning the pennant
hopefully,3371,hopefully.r.01,we searched <t>hopefully</t> for a good position
hopeless,3372,hopeless.a.01,in an agony of <t>hopeless</t> grief
horrendous,3373,awful.s.02,<t>horrendous</t> explosions shook the city
horrible,3374,atrocious.s.03,war is beyond all words <t>horrible</t>
horrid,3375,horrid.s.01,when she was bad she was <t>horrid</t>
horrific,3376,hideous.s.01,<t>horrific</t> conditions in the mining industry
horrified,3377,dismay.v.02,I was <t>horrified</t> at the thought of being late for my interview
hospitable,3378,hospitable.a.01,soil sufficiently <t>hospitable</t> for forest growth
hosted,3379,host.v.01,We <t>hosted</t> 4 couples last night
hostilities,3380,hostilities.n.01,the outbreak of <t>hostilities</t>
hostility,3381,hostility.n.01,he could not conceal his <t>hostility</t>
hot,3382,hot.a.01,<t>hot</t> stove
hot-blooded,3383,hot-blooded.s.01,<t>hot-blooded</t> Latin-Americans
hot_potato,3384,hot_potato.n.01,he dropped the topic like a <t>hot potato</t>
hot_spots,3385,hot_spot.n.01,the United States cannot police all of the world's <t>hot spots</t>
hot_stuff,3386,hot_stuff.n.01,he thought she was really <t>hot stuff</t>
hot_water,3387,hot_water.n.01,his views on race got him into political <t>hot water</t>
hotbed,3388,hotbed.n.01,it was a <t>hotbed</t> of vice
hotheaded,3389,choleric.s.02,a <t>hotheaded</t> commander
hotly,3390,heatedly.r.01,the children were arguing <t>hotly</t>
hounded,3391,hound.v.01,the detectives <t>hounded</t> the suspect until they found him
hour,3392,hour.n.01,the job will take more than an <t>hour</t>
hourly,3393,hourly.s.01,<t>hourly</t> chimes
hours,3394,hours.n.01,they work long <t>hours</t>
house,3395,house.n.01,he has a <t>house</t> on Cape Cod
household,3396,family.n.01,It was a good Christian <t>household</t>
housing_development,3397,housing_development.n.01,they live in the new <t>housing development</t>
however,3398,however.r.01,"although I'm a little afraid, <t>however</t> I'd like to try it"
howl,3399,howl.n.01,he gave a <t>howl</t> of pain
howls,3400,howl.n.01,<t>howls</t> of laughter
hued,3401,hue.v.01,In highlights it <t>hued</t> to a dull silver-grey
hug,3402,hug.n.01,come here and give me a big <t>hug</t>
huge,3403,huge.s.01,<t>huge</t> government spending
hugged,3404,embrace.v.02,He <t>hugged</t> her close to him
hugger-mugger,3405,hugger-mugger.n.01,he engaged in the <t>hugger-mugger</t> of international finance
hum,3406,busyness.n.01,there is a constant <t>hum</t> of military preparation
human_body,3407,human_body.n.01,Leonardo studied the <t>human body</t>
human_nature,3408,human_nature.n.01,a great observer of <t>human nature</t>
humane,3409,humanist.a.03,a <t>humane</t> education
humble,3410,humble.v.01,This experience will <t>humble</t> him
humdinger,3411,humdinger.n.01,a <t>humdinger</t> of a secretary
humdrum,3412,monotony.n.01,he was sick of the <t>humdrum</t> of his fellow prisoners
humid,3413,humid.s.01,<t>humid</t> air
humiliated,3414,humiliate.v.01,He <t>humiliated</t> his colleague by criticising him in front of the boss
humility,3415,humility.n.01,not everyone regards <t>humility</t> as a virtue
hummed,3416,hum.v.01,She <t>hummed</t> a melody
humorous,3417,humorous.a.01,<t>humorous</t> stories
humorously,3418,humorously.r.01,Dickens had <t>humorously</t> suggested a special service of intercession at St. Paul's Cathedral
hump,3419,bulge.n.01,the <t>hump</t> of a camel
hung,3420,hang.v.01,The flag <t>hung</t> on the wall
hungry,3421,hungry.a.01,a world full of <t>hungry</t> people
hunted,3422,hunt.v.01,Goering often <t>hunted</t> wild boars in Poland
hurrah,3423,hurrah.n.01,let's give the team a big <t>hurrah</t>
hurriedly,3424,hurriedly.r.01,the way they buried him so <t>hurriedly</t> was disgraceful
hurry,3425,hurry.n.01,in a <t>hurry</t> to lock the door
hurtful,3426,hurtful.s.01,her <t>hurtful</t> unconsidered words
hurtled,3427,hurtle.v.01,The cars <t>hurtled</t> by
hydra,3428,hydra.n.01,<t>Hydra</t> was slain by Hercules
hydrated,3429,hydrate.v.01,the bicyclists must be <t>hydrated</t> frequently
hygiene,3430,hygiene.n.01,personal <t>hygiene</t>
hygienic,3431,hygienic.s.01,<t>hygienic</t> habits like using disposable tissues
hyperactive,3432,hyperactive.s.01,a <t>hyperactive</t> child
hypercritical,3433,hypercritical.s.01,<t>hypercritical</t> of colloquial speech
hypersensitive,3434,allergic.s.01,<t>hypersensitive</t> to pollen
hypocritical,3435,hypocritical.s.01,<t>hypocritical</t> praise
hysterical,3436,hysteric.s.01,during <t>hysterical</t> conditions various functions of the human body are disordered
ibuprofen,3437,ibuprofen.n.01,daily use of <t>ibuprofen</t> can irritate the stomach
ice,3438,ice.n.01,Americans like <t>ice</t> in their drinks
ice_age,3439,ice_age.n.01,the most recent <t>ice age</t> was during the Pleistocene
icy,3440,frigid.s.03,<t>icy</t> stare
idea,3441,idea.n.01,it was not a good <t>idea</t>
ideally,3442,ideally.r.01,"<t>ideally</t>, this will remove all problems"
identical,3443,identical.s.01,rows of <t>identical</t> houses
identified,3444,identify.v.01,She <t>identified</t> the man on the 'wanted' poster
identity,3445,identity.n.01,you can lose your <t>identity</t> when you join the army
idiomatic,3446,idiomatic.a.01,<t>idiomatic</t> English
idiosyncratic,3447,idiosyncratic.s.01,we all have our own <t>idiosyncratic</t> gestures
idiotic,3448,crackbrained.s.01,an <t>idiotic</t> idea
idle,3449,idle.n.01,the car engine was running at <t>idle</t>
idly,3450,idly.r.01,"this is what I always imagined myself doing in the south of France, sitting <t>idly</t>, drinking coffee, watching the people"
idolatrous,3451,idolatrous.a.01,<t>idolatrous</t> worship
idyllic,3452,idyllic.s.01,an <t>idyllic</t> spot for a picnic
if_not,3453,if_not.r.01,will yield 10% <t>if not</t> more
iffy,3454,chancy.s.02,an <t>iffy</t> proposition
igbo,3455,igbo.n.01,most <t>Igbo</t> are farmers
igneous,3456,igneous.a.01,<t>igneous</t> rock is rock formed by solidification from a molten state; especially from molten magma
ignite,3457,ignite.v.01,Great heat can <t>ignite</t> almost any dry matter
ignoble,3458,ignoble.a.01,something cowardly and <t>ignoble</t> in his attitude
ignominy,3459,shame.n.02,suffered the <t>ignominy</t> of being sent to prison
ignorant,3460,ignorant.s.01,an <t>ignorant</t> man
ilk,3461,like.n.02,I can't tolerate people of his <t>ilk</t>
ill-advised,3462,ill-advised.a.01,<t>ill-advised</t> efforts
ill-considered,3463,ill-considered.s.01,<t>ill-considered</t> actions often result in disaster
ill-defined,3464,ill-defined.a.01,he confuses the reader with <t>ill-defined</t> terms and concepts
ill-equipped,3465,ill-equipped.s.01,the school was <t>ill-equipped</t>
ill-fated,3466,doomed.s.03,an <t>ill-fated</t> business venture
ill-gotten,3467,dirty.s.05,<t>ill-gotten</t> gains
ill-judged,3468,ill-considered.s.01,an <t>ill-judged</t> attempt
ill-starred,3469,doomed.s.03,an <t>ill-starred</t> romance
ill-timed,3470,ill-timed.s.01,an <t>ill-timed</t> intervention
ill_at_ease,3471,awkward.s.05,<t>ill at ease</t> among eddies of people he didn't know
illegal,3472,illegal.a.01,an <t>illegal</t> chess move
illegible,3473,illegible.a.01,<t>illegible</t> handwriting
illicit,3474,illicit.a.01,an <t>illicit</t> association with his secretary
illusive,3475,illusive.s.01,<t>illusive</t> hopes of finding a better job
illusory,3476,illusive.s.01,Secret activities offer presidents the alluring but often <t>illusory</t> promise that they can achieve foreign policy goals without the bothersome debate and open decision that are staples of democracy
illustrious,3477,celebrated.s.01,an <t>illustrious</t> judge
images,3478,image.n.01,her imagination forced <t>images</t> upon her too awful to contemplate
imagination,3479,imagination.n.01,popular <t>imagination</t> created a world of demons
imaginative,3480,imaginative.s.01,an <t>imaginative</t> use of material
imbalance,3481,imbalance.n.01,a hormonal <t>imbalance</t>
imbricate,3482,imbricate.v.01,<t>imbricate</t> the roof tiles
imitated,3483,imitate.v.01,The mime <t>imitated</t> the passers-by
imitative,3484,imitative.a.01,acting is an <t>imitative</t> art
immaculate,3485,immaculate.s.01,the apartment was <t>immaculate</t>
immanent,3486,immanent.a.01,a cognition is an <t>immanent</t> act of mind
immaterial,3487,immaterial.a.01,an objection that is <t>immaterial</t> after the fact
immature,3488,immature.a.01,<t>immature</t> behavior
immediate,3489,immediate.s.01,the <t>immediate</t> revisions
immediately,3490,immediately.r.01,he answered <t>immediately</t>
immense,3491,huge.s.01,the Los Angeles aqueduct winds like an <t>immense</t> snake along the base of the mountains
immerse,3492,immerse.v.01,<t>Immerse</t> yourself in hot water
immigrate,3493,immigrate.v.01,only few plants can <t>immigrate</t> to the island
imminent,3494,at_hand.s.02,in <t>imminent</t> danger
immoderate,3495,immoderate.a.01,<t>immoderate</t> laughter
immodest,3496,immodest.a.01,brash <t>immodest</t> boasting
immodestly,3497,immodestly.r.01,"the book was entitled, <t>immodestly</t>, `All about Wisdom'"
immolate,3498,immolate.v.01,<t>immolate</t> the valuables at the temple
immorality,3499,immorality.n.01,the <t>immorality</t> of basing the defense of the West on the threat of mutual assured destruction
immorally,3500,immorally.r.01,he acted <t>immorally</t> when his own interests were at stake
immutable,3501,immutable.a.01,"the view of that time was that all species were <t>immutable</t>, created by God"
impaired,3502,impair.v.01,His vision was <t>impaired</t>
impale,3503,transfix.v.02,<t>impale</t> a shrimp on a skewer
impart,3504,impart.v.01,<t>impart</t> a new skill to the students
impartial,3505,impartial.a.01,the cold neutrality of an <t>impartial</t> judge
impasse,3506,deadlock.n.01,reached an <t>impasse</t> on the negotiations
impassioned,3507,ardent.s.01,an <t>impassioned</t> appeal
impassive,3508,impassive.s.01,her <t>impassive</t> remoteness
impassively,3509,impassively.r.01,he submitted <t>impassively</t> to his arrest
impatient,3510,impatient.a.01,<t>impatient</t> with the slower students
impeach,3511,impeach.v.01,the lawyers tried to <t>impeach</t> the credibility of the witnesses
impeccable,3512,faultless.s.01,speaks <t>impeccable</t> French
impeding,3513,impede.v.01,She is <t>impeding</t> the progress of our project
impending,3514,impend.v.01,Changes are <t>impending</t>
impenetrable,3515,impenetrable.a.01,an <t>impenetrable</t> fortress
impersonal,3516,impersonal.a.01,an <t>impersonal</t> corporation
impersonates,3517,impersonate.v.01,She <t>impersonates</t> Madonna
imperturbable,3518,imperturbable.s.01,"hitherto <t>imperturbable</t>, he now showed signs of alarm"
impervious,3519,impervious.a.01,a material <t>impervious</t> to water
impetuous,3520,hotheaded.s.02,an <t>impetuous</t> display of spending and gambling
impish,3521,arch.s.03,teasing and worrying with <t>impish</t> laughter
impishly,3522,impishly.r.01,she asked him <t>impishly</t> to come in
implacable,3523,implacable.a.01,an <t>implacable</t> enemy
implanted,3524,implant.v.01,The dentist <t>implanted</t> a tooth in the gum
implausible,3525,implausible.a.01,gave the teacher an <t>implausible</t> excuse
implementation,3526,execution.n.06,the agency was created for the <t>implementation</t> of the policy
implicated,3527,implicate.v.01,He is <t>implicated</t> in the scheme to defraud the government
implications,3528,deduction.n.03,his resignation had political <t>implications</t>
implicit,3529,implicit.a.01,an <t>implicit</t> agreement not to raise the subject
implosion,3530,implosion.n.01,the <t>implosion</t> of a light bulb
impolitic,3531,impolitic.a.01,an <t>impolitic</t> approach to a sensitive issue
importance,3532,importance.n.01,the <t>importance</t> of a well-balanced diet
important,3533,important.a.01,<t>important</t> people
importantly,3534,importantly.r.01,"more <t>importantly</t>, Weber held that the manifold meaning attached to the event by the social scientist could alter his definition of the concrete event itself"
importunate,3535,importunate.s.01,an <t>importunate</t> job applicant
importune,3536,importune.v.01,I <t>importune</t> you to help them
impose,3537,enforce.v.02,Social relations <t>impose</t> courtesy
impossible,3538,impossible.n.01,his assignment verged on the <t>impossible</t>
impotent,3539,impotent.a.01,Technology without morality is barbarous; morality without technology is <t>impotent</t>
impounded,3540,impound.v.01,The customs agents <t>impounded</t> the illegal shipment
impracticable,3541,impracticable.s.01,refloating the sunken ship proved <t>impracticable</t> because of its fragility
impractical,3542,impractical.a.01,refloating the ship proved <t>impractical</t> because of the expense
imprecise,3543,imprecise.a.01,<t>imprecise</t> astronomical observations
impregnable,3544,impregnable.s.01,an <t>impregnable</t> fortress
impressed,3545,affect.v.05,This child <t>impressed</t> me as unusually mature
impression,3546,impression.n.01,his <t>impression</t> of her was favorable
impressionable,3547,impressionable.a.01,an <t>impressionable</t> youngster
impressive,3548,impressive.a.01,an <t>impressive</t> ceremony
impressively,3549,impressively.r.01,the students progressed <t>impressively</t> fast
imprint,3550,imprint.n.01,English stills bears the <t>imprint</t> of the Norman invasion
imprisoned,3551,imprison.v.01,The suspects were <t>imprisoned</t> without trial
improbable,3552,improbable.a.01,an <t>improbable</t> event
impromptu,3553,impromptu.n.01,a witty <t>impromptu</t> must not sound premeditated
improper,3554,improper.a.01,slightly <t>improper</t> to dine alone with a married man
improperly,3555,improperly.r.01,he checked whether the wound had healed <t>improperly</t>
improved,3556,better.v.02,The editor <t>improved</t> the manuscript with his changes
imprudent,3557,imprudent.a.01,very <t>imprudent</t> of her mother to encourage her in such silly romantic ideas
imprudently,3558,imprudently.r.01,"<t>imprudently</t>, he downed tools and ran home to make his wife happy"
impudent,3559,impudent.s.01,the student was kept in for <t>impudent</t> behavior
impudently,3560,impertinently.r.01,"a lean, swarthy fellow was peering through the window, grinning <t>impudently</t>"
impulses,3561,urge.n.01,profound religious <t>impulses</t>
impulsive,3562,impulsive.s.01,an <t>impulsive</t> gesture of affection
impulsively,3563,impetuously.r.01,he often acts <t>impulsively</t> and later regrets it
impute,3564,impute.v.01,People <t>impute</t> great cleverness to cats
in-between,3565,in-between.s.01,adolescence is an awkward <t>in-between</t> age
in-your-face,3566,in-your-face.s.01,on-line hard-boiled <t>in-your-face</t> pornography
in_a_bad_way,3567,distressed.s.01,found themselves <t>in a bad way</t> financially
in_a_nutshell,3568,in_a_nutshell.r.01,gave the facts <t>in a nutshell</t>
in_a_way,3569,in_a_way.r.01,she was right <t>in a way</t>
in_all_likelihood,3570,probably.r.01,<t>in all likelihood</t> we are headed for war
in_any_case,3571,anyhow.r.01,"I don't know how it started; <t>in any case</t>, there was a brief scuffle"
in_any_event,3572,anyhow.r.01,"<t>in any event</t>, the government faced a serious protest"
in_arrears,3573,behind.r.05,<t>in arrears</t> with their utility bills
in_case,3574,in_case.r.01,<t>in case</t> of trouble call 911
in_chorus,3575,in_unison.r.01,they responded <t>in chorus</t> to the teacher's questions
in_common,3576,in_common.r.01,we have several things <t>in common</t>
in_concert,3577,in_concert.r.01,act <t>in concert</t>
in_detail,3578,in_detail.r.01,he studied the snake <t>in detail</t>
in_due_course,3579,in_due_course.r.01,we'll get to this question <t>in due course</t>
in_earnest,3580,seriously.r.01,she started studying snakes <t>in earnest</t>
in_effect,3581,effective.s.03,the law is already <t>in effect</t> (or in force)
in_evidence,3582,in_evidence.s.01,they were much <t>in evidence</t> during the fighting
in_fact,3583,in_fact.r.01,"<t>in fact</t>, it was a wonder anyone survived"
in_flight,3584,in_flight.r.01,we saw the ducks <t>in flight</t>
in_force,3585,effective.s.03,the law is already in effect (or <t>in force</t>)
in_front,3586,ahead.r.01,we couldn't see over the heads of the people <t>in front</t>
in_full,3587,in_full.r.01,the amount was paid <t>in full</t>
in_gear,3588,in_gear.s.01,the car is <t>in gear</t>
in_general,3589,generally.r.02,he is interested in snakes <t>in general</t>
in_hand,3590,in_hand.r.01,the riots were <t>in hand</t>
in_haste,3591,hurriedly.r.01,sold <t>in haste</t> and at a sacrifice
in_league,3592,in_league.s.01,they found out that some policemen were <t>in league</t> with the criminals
in_line,3593,in_line.s.01,he was <t>in line</t> for the presidency
in_name_only,3594,in_name.r.01,he's a doctor <t>in name only</t>
in_no_time,3595,in_no_time.r.01,she finished the assignment <t>in no time</t>
in_operation,3596,operational.s.02,bus service is <t>in operation</t> during the emergency
in_order,3597,in_order.s.01,everything is <t>in order</t> for their arrival
in_other_words,3598,in_other_words.r.01,"<t>in other words</t>, we are broke"
in_particular,3599,particularly.r.02,recommended one book <t>in particular</t>
in_passing,3600,in_passing.r.01,he made this remark <t>in passing</t>
in_perpetuity,3601,in_perpetuity.r.01,desire happiness <t>in perpetuity</t>
in_person,3602,personally.r.04,he appeared <t>in person</t>
in_place,3603,in_situ.r.01,the archeologists left the pottery <t>in place</t>
in_play,3604,in_play.s.01,the ball is still <t>in play</t>
in_principle,3605,in_principle.r.01,"<t>in principle</t>, we agree"
in_private,3606,privately.r.01,he was questioned <t>in private</t>
in_reality,3607,actually.r.02,they thought they made the rules but <t>in reality</t> they were only puppets
in_secret,3608,secretly.r.01,they arranged to meet <t>in secret</t>
in_sight,3609,in_sight.s.01,not a policeman <t>in sight</t>
in_situ,3610,in_situ.r.01,carcinoma <t>in situ</t>
in_spades,3611,decidedly.r.01,she told him off <t>in spades</t>
in_store,3612,in_store.s.01,gave us a hint of the excitement that was <t>in store</t> for us
in_tandem,3613,tandem.r.01,riding horses down the path <t>in tandem</t>
in_the_air,3614,in_the_air.r.01,Christmas was <t>in the air</t>
in_the_first_place,3615,in_the_first_place.r.01,why didn't you tell me <t>in the first place</t>?
in_the_flesh,3616,in-person.s.01,a personal appearance is an appearance by a person <t>in the flesh</t>
in_the_long_run,3617,in_the_long_run.r.01,she will succeed <t>in the long run</t>
in_the_meantime,3618,meanwhile.r.02,<t>in the meantime</t> the police were notified
in_the_same_breath,3619,in_the_same_breath.r.01,she praised and criticized him <t>in the same breath</t>
in_time,3620,in_time.n.01,the dancers moved <t>in time</t> with the music
in_toto,3621,in_toto.r.01,they bought the business <t>in toto</t>
in_truth,3622,in_truth.r.01,"<t>in truth</t>, moral decay hastened the decline of the Roman Empire"
in_turn,3623,successively.r.01,talked to each child <t>in turn</t>
in_unison,3624,in_unison.r.01,they shouted `Yes!' <t>in unison</t>
in_use,3625,busy.s.04,the lavatory is <t>in use</t>
in_utero,3626,in_utero.r.01,the child was infected <t>in utero</t> from the mother
in_vain,3627,vainly.r.01,he looked for her <t>in vain</t>
inaccurate,3628,inaccurate.a.01,an <t>inaccurate</t> translation
inaccurately,3629,inaccurately.r.01,this student works rather <t>inaccurately</t> and sloppily
inactive,3630,inactive.s.01,desired amounts of <t>inactive</t> chlorine
inadequacy,3631,insufficiency.n.03,the <t>inadequacy</t> of unemployment benefits
inadequate,3632,inadequate.a.01,<t>inadequate</t> training
inadequately,3633,inadequately.r.01,the temporary camps were <t>inadequately</t> equipped
inadvertent,3634,accidental.s.01,with an <t>inadvertent</t> gesture she swept the vase off the table
inanimate,3635,inanimate.a.01,the word `car' is <t>inanimate</t>
inappropriate,3636,inappropriate.a.01,noise seems <t>inappropriate</t> at a time of sadness
inarticulate,3637,inarticulate.a.01,<t>inarticulate</t> beasts
inattentive,3638,inattentive.a.01,<t>inattentive</t> students
inaudible,3639,inaudible.a.01,an <t>inaudible</t> conversation
inauguration,3640,inauguration.n.01,he opposed the <t>inauguration</t> of fluoridation
incandescent,3641,incandescent.s.01,an <t>incandescent</t> bulb
incapable,3642,incapable.a.01,<t>incapable</t> of carrying a tune
incarcerated,3643,imprison.v.01,the murderer was <t>incarcerated</t> for the rest of his life
incarnation,3644,embodiment.n.01,the <t>incarnation</t> of evil
incautious,3645,incautious.a.01,an <t>incautious</t> remark
incessant,3646,ceaseless.s.01,night and day we live with the <t>incessant</t> noise of the city
inchoate,3647,incipient.s.01,a vague <t>inchoate</t> idea
incidental,3648,incidental_expense.n.01,he requested reimbursement of $7 for <t>incidental</t> expenses
incidentally,3649,by_the_way.r.01,"<t>incidentally</t>, I won't go to the party"
incipience,3650,incipiency.n.01,he placed the <t>incipience</t> of democratic faith at around 1850
incipient,3651,incipient.s.01,<t>incipient</t> civil disorder
incisive,3652,acute.s.02,<t>incisive</t> comments
incitement,3653,incitation.n.02,the <t>incitement</t> of mutiny
inclination,3654,inclination.n.01,he had an <t>inclination</t> to give up too easily
inclined,3655,tend.v.01,He <t>inclined</t> to corpulence
includes,3656,include.v.01,The list <t>includes</t> the names of many famous writers
inclusive,3657,inclusive.a.01,an <t>inclusive</t> art form
incoherent,3658,incoherent.a.01,a turgid <t>incoherent</t> presentation
incomparable,3659,incomparable.a.01,an <t>incomparable</t> week of rest and pleasure
incompatible,3660,incompatible.a.01,<t>incompatible</t> personalities
incomplete,3661,incomplete.a.01,an <t>incomplete</t> account of his life
inconclusive,3662,inconclusive.a.01,an <t>inconclusive</t> reply
incongruous,3663,incongruous.a.01,a plan <t>incongruous</t> with reason
inconsequent,3664,inconsequent.s.01,the quite <t>inconsequent</t> fellow was managed like a puppet
inconsequential,3665,inconsequent.s.01,his work seems trivial and <t>inconsequential</t>
inconsiderable,3666,inconsiderable.a.01,passed his life in an <t>inconsiderable</t> village
inconsiderate,3667,inconsiderate.a.01,shockingly <t>inconsiderate</t> behavior
inconsistent,3668,inconsistent.a.01,<t>inconsistent</t> statements cannot both be true at the same time
inconsolable,3669,inconsolable.a.01,<t>inconsolable</t> when her son died
inconspicuous,3670,inconspicuous.a.01,he pushed the string through an <t>inconspicuous</t> hole
inconstant,3671,inconstant.a.01,<t>inconstant</t> affections
incontrovertible,3672,incontrovertible.s.01,<t>incontrovertible</t> proof of the defendant's innocence
inconvenient,3673,inconvenient.a.01,it is <t>inconvenient</t> not to have a telephone in the kitchen
incorporated,3674,integrate.v.01,She <t>incorporated</t> his suggestions into her proposal
incorrect,3675,incorrect.a.01,an <t>incorrect</t> calculation
incorrupt,3676,incorrupt.a.01,a policeman who was <t>incorrupt</t> and incorruptible
incorruptible,3677,incorruptible.s.01,<t>incorruptible</t> judges are the backbone of the society
increased,3678,increase.v.01,The amount of work <t>increased</t>
increasingly,3679,increasingly.r.01,she became <t>increasingly</t> depressed
incredible,3680,incredible.a.01,at <t>incredible</t> speed
incredibly,3681,incredibly.r.01,behind you the coastal hills plunge to the <t>incredibly</t> blue sea backed by the Turkish mountains
inculcate,3682,inculcate.v.01,<t>inculcate</t> values into the young generation
incur,3683,incur.v.01,People who smoke <t>incur</t> a great danger to their health
incurious,3684,incurious.a.01,strangely <t>incurious</t> about the cause of the political upheaval surrounding them
incursion,3685,incursion.n.01,the <t>incursion</t> of television into the American living room
indecent,3686,indecent.s.01,was buried with <t>indecent</t> haste
indecently,3687,indecently.r.01,she was rather <t>indecently</t> dressed
indecision,3688,indecision.n.01,his <t>indecision</t> was only momentary but the opportunity was lost
indecisive,3689,indecisive.a.01,an <t>indecisive</t> manager brought the enterprise to a standstill
indecorous,3690,indecorous.a.01,<t>indecorous</t> behavior
indeed,3691,indeed.r.01,they said the car would break down and <t>indeed</t> it did
indefatigable,3692,indefatigable.s.01,an <t>indefatigable</t> advocate of equal rights
indefinite,3693,indefinite.a.01,must you be so <t>indefinite</t>?
indefinitely,3694,indefinitely.r.01,this could go on <t>indefinitely</t>
indelible,3695,indelible.s.01,an <t>indelible</t> stain
indelicate,3696,indelicate.s.01,an <t>indelicate</t> remark
independently,3697,independently.r.01,the children worked on the project <t>independently</t>
indescribable,3698,indefinable.s.02,<t>indescribable</t> beauty
indeterminate,3699,indeterminate.a.01,of <t>indeterminate</t> age
indicate,3700,bespeak.v.01,These symptoms <t>indicate</t> a serious illness
indication,3701,indication.n.01,an <t>indication</t> of foul play
indications,3702,indication.n.01,<t>indications</t> of strain
indifferent,3703,apathetic.s.02,the universe is neither hostile nor friendly; it is simply <t>indifferent</t>
indifferently,3704,indifferently.r.01,she shrugged <t>indifferently</t>
indigence,3705,indigence.n.01,their <t>indigence</t> appalled him
indigenous,3706,autochthonal.s.01,the Ainu are <t>indigenous</t> to the northernmost islands of Japan
indignant,3707,indignant.s.01,an <t>indignant</t> denial
indirect,3708,indirect.s.01,reflection from the ceiling provided a soft <t>indirect</t> light
indirectly,3709,indirectly.r.01,he answered very <t>indirectly</t>
indiscernible,3710,indiscernible.a.01,an <t>indiscernible</t> increase in temperature
indiscreet,3711,indiscreet.a.01,her behavior was <t>indiscreet</t> at the very best
indispensable,3712,indispensable.a.01,foods <t>indispensable</t> to good nutrition
indistinct,3713,indistinct.a.01,<t>indistinct</t> shapes in the gloom
indistinguishable,3714,identical.s.01,they wore <t>indistinguishable</t> hats
individually,3715,individually.r.01,"taken <t>individually</t>, the rooms were, in fact, square"
indoctrinate,3716,indoctrinate.v.01,The Moonies <t>indoctrinate</t> their disciples
indolent,3717,faineant.s.01,an <t>indolent</t> hanger-on
indoor,3718,indoor.a.01,<t>indoor</t> activities for a rainy day
indrawn,3719,indrawn.s.01,a quiet <t>indrawn</t> man
induce,3720,induce.v.01,<t>induce</t> a crisis
induct,3721,induct.v.01,there was a ceremony to <t>induct</t> the president of the Academy
induction,3722,initiation.n.01,he was ordered to report for <t>induction</t> into the army
indulged,3723,indulge.v.01,The writer <t>indulged</t> in metaphorical language
indulgent,3724,indulgent.a.01,<t>indulgent</t> grandparents
industrial,3725,industrial.a.01,<t>industrial</t> output
industry,3726,industry.n.01,each <t>industry</t> has its own trade publications
indweller,3727,indweller.n.01,the Holy Spirit is the <t>indweller</t> of the church and its members
inebriated,3728,exhilarate.v.01,He was <t>inebriated</t> by his phenomenal success
ineffable,3729,indefinable.s.02,<t>ineffable</t> ecstasy
ineffective,3730,ineffective.a.01,an <t>ineffective</t> teacher
inefficient,3731,inefficient.a.01,an <t>inefficient</t> campaign against drugs
inelastic,3732,inelastic.a.01,economists speak of an <t>inelastic</t> price structure
ineligible,3733,ineligible.a.01,<t>ineligible</t> to vote
ineluctable,3734,ineluctable.s.01,an <t>ineluctable</t> destiny
inept,3735,awkward.s.03,"if the rumor is true, can anything be more <t>inept</t> than to repeat it now?"
ineptly,3736,ineptly.r.01,he performed his functions <t>ineptly</t>
inequality,3737,inequality.n.01,the growing <t>inequality</t> between rich and poor
inerrant,3738,inerrable.s.01,the Church was...theoretically <t>inerrant</t> and omnicompetent
inertia,3739,inactiveness.n.02,he had to overcome his <t>inertia</t> and get back to work
inescapable,3740,ineluctable.s.01,<t>inescapable</t> conclusion
inestimable,3741,incomputable.s.01,jewels of <t>inestimable</t> value
inevitable,3742,inevitable.n.01,don't argue with the <t>inevitable</t>
inexhaustible,3743,inexhaustible.s.01,an <t>inexhaustible</t> supply of coal
inexorable,3744,grim.s.01,"Russia's final hour, it seemed, approached with <t>inexorable</t> certainty"
inexpedient,3745,inexpedient.a.01,an <t>inexpedient</t> tactic
inexpensive,3746,cheap.a.01,<t>inexpensive</t> family restaurants
inexperience,3747,inexperience.n.01,procedural <t>inexperience</t> created difficulties
inexpert,3748,amateurish.s.01,<t>inexpert</t> but conscientious efforts
inexplicable,3749,inexplicable.a.01,<t>inexplicable</t> errors
infallible,3750,infallible.a.01,an <t>infallible</t> antidote
infamous,3751,ill-famed.s.01,the <t>infamous</t> Benedict Arnold
infamy,3752,infamy.n.01,a date which will live in <t>infamy</t>
infantile,3753,childish.s.01,<t>infantile</t> behavior
infatuated,3754,infatuate.v.01,His new car has <t>infatuated</t> him
infected,3755,infect.v.01,Your children have <t>infected</t> you with this head cold
infernally,3756,infernally.r.01,<t>infernally</t> clever
inferno,3757,hell.n.01,the <t>inferno</t> of the engine room
infertile,3758,sterile.a.01,an <t>infertile</t> couple
infested,3759,infest.v.01,the roaches <t>infested</t> our kitchen
infinite,3760,space.n.01,the boundless regions of the <t>infinite</t>
inflamed,3761,inflame.v.01,The repetitive motion <t>inflamed</t> her joint
inflammatory,3762,inflammatory.s.01,an <t>inflammatory</t> process
inflatable,3763,inflatable.s.01,an <t>inflatable</t> mattress
inflated,3764,inflate.v.01,The charges were <t>inflated</t>
inflation,3765,inflation.n.01,in <t>inflation</t> everything gets more valuable except money
inflexible,3766,inflexible.a.01,a man of <t>inflexible</t> purpose
influence,3767,influence.n.01,used her parents' <t>influence</t> to get the job
influenced,3768,influence.v.01,The artist's work <t>influenced</t> the young painter
influential,3769,influential.a.01,an <t>influential</t> newspaper
informal,3770,informal.a.01,conservative people unaccustomed to <t>informal</t> dress
informally,3771,informally.r.01,he visited us <t>informally</t>
informed,3772,inform.v.01,I <t>informed</t> him of his rights
infra,3773,below.r.03,vide <t>infra</t>
infra_dig,3774,infra_dig.s.01,considered helping with the dishes to be <t>infra dig</t>
infrared,3775,infrared.n.01,they could sense radiation in the <t>infrared</t>
infrequent,3776,infrequent.a.01,<t>infrequent</t> outbursts of temper
ingenious,3777,clever.s.03,an <t>ingenious</t> solution to the problem
ingenuous,3778,ingenuous.a.01,an <t>ingenuous</t> admission of responsibility
ingrown,3779,ingrowing.s.01,an <t>ingrown</t> toenail
inhabited,3780,populate.v.01,The people <t>inhabited</t> the islands that are now deserted
inhaled,3781,inhale.v.01,Clinton smoked marijuana but never <t>inhaled</t>
inherence,3782,inherence.n.01,the <t>inherence</t> of polysemy in human language
inherently,3783,inherently.r.01,"the subject matter is sexual activity of any overt kind, which is depicted as <t>inherently</t> desirable and exciting"
inherited,3784,inherit.v.01,I <t>inherited</t> a castle from my French grandparents
inhospitable,3785,inhospitable.a.01,the barren <t>inhospitable</t> desert
inhumane,3786,inhumane.a.01,humans are innately <t>inhumane</t>; this explains much of the misery and suffering in the world
inhumanely,3787,inhumanely.r.01,the prisoners of war were treated <t>inhumanely</t>
inimical,3788,unfriendly.s.01,an <t>inimical</t> critic
inimitable,3789,inimitable.s.01,an <t>inimitable</t> style
iniquitous,3790,iniquitous.s.01,<t>iniquitous</t> deeds
initials,3791,initial.n.01,he refused to put the <t>initials</t> FRS after his name
initiated,3792,originate.v.02,He <t>initiated</t> a new program
initiation,3793,initiation.n.01,his <t>initiation</t> into the club
injected,3794,inject.v.01,We <t>injected</t> the glucose into the patient's vein
inked,3795,ink.v.01,They <t>inked</t> the contract
inkling,3796,inkling.n.01,he had no <t>inkling</t> what was about to happen
inner,3797,inner.s.01,Beethoven's manuscript looks like a bloody record of a tremendous <t>inner</t> battle
innermost,3798,inmost.s.01,one's <t>innermost</t> feelings
innocently,3799,innocently.r.01,he claimed to have purchased the contraband <t>innocently</t>
innovative,3800,advanced.s.03,is British industry <t>innovative</t> enough?
innumerable,3801,countless.s.01,<t>innumerable</t> difficulties
inoffensive,3802,inoffensive.a.01,<t>inoffensive</t> behavior
inoperative,3803,inoperative.a.01,an <t>inoperative</t> law
inopportune,3804,inopportune.a.01,arrived at a most <t>inopportune</t> hour
inordinate,3805,excessive.s.01,a book of <t>inordinate</t> length
inordinately,3806,inordinately.r.01,she was <t>inordinately</t> smart
inorganic,3807,inorganic.a.01,hydrochloric and sulfuric acids are called <t>inorganic</t> substances
inquisitive,3808,inquisitive.s.01,if someone saw a man climbing a light post they might get <t>inquisitive</t>
inroads,3809,inroad.n.01,they made <t>inroads</t> in the United States market
insane,3810,insane.a.01,was declared <t>insane</t>
insanely,3811,insanely.r.01,she behaved <t>insanely</t>
insatiable,3812,insatiate.a.01,an <t>insatiable</t> demand for old buildings to restore
inscrutable,3813,cryptic.s.01,the <t>inscrutable</t> workings of Providence
insecure,3814,insecure.a.01,the hinge is <t>insecure</t>
insensate,3815,insentient.a.01,insentient (or <t>insensate</t>) stone
insensible,3816,insensible.a.01,<t>insensible</t> to pain
insensitive,3817,insensitive.a.01,<t>insensitive</t> to radiation
insensitively,3818,insensitively.r.01,the police officer questioned the woman rather <t>insensitively</t> about the attack
insentient,3819,insentient.a.01,<t>insentient</t> (or insensate) stone
inseparable,3820,inseparable.s.01,<t>inseparable</t> pieces of rock
insertions,3821,interpolation.n.01,with many <t>insertions</t> in the margins
inside_job,3822,inside_job.n.01,the police decided that the crime was an <t>inside job</t>
inside_out,3823,inside_out.r.01,she turned the shirt <t>inside out</t>
insidious,3824,insidious.s.01,<t>insidious</t> pleasures
insightful,3825,insightful.s.01,an <t>insightful</t> parent
insincere,3826,insincere.a.01,a charming but thoroughly <t>insincere</t> woman
insinuated,3827,insinuate.v.01,He <t>insinuated</t> himself into the conversation of the people at the nearby table
insipid,3828,bland.s.01,<t>insipid</t> hospital food
insist,3829,insist.v.01,I must <t>insist</t>!
insistent,3830,insistent.s.01,the bluejay's <t>insistent</t> cry
insouciant,3831,casual.s.01,an utterly <t>insouciant</t> financial policy
inspect,3832,inspect.v.01,Please <t>inspect</t> your father's will carefully
inspection,3833,inspection.n.01,we had to wait for the <t>inspection</t> before we could use the elevator
inst,3834,instant.s.02,your letter of the 10th <t>inst</t>
install,3835,install.v.01,<t>install</t> the washer and dryer
installation,3836,installation.n.01,the telephone <t>installation</t> took only a few minutes
instance,3837,case.n.01,another <t>instance</t> occurred yesterday
instant_coffee,3838,instant_coffee.n.01,the advantages of <t>instant coffee</t> are speed of preparation and long shelf life
instantaneous,3839,instantaneous.s.01,relief was <t>instantaneous</t>
instead,3840,alternatively.r.01,Felix became a herpetologist <t>instead</t>
instigator,3841,instigator.n.01,she was the <t>instigator</t> of their quarrel
instilled,3842,instill.v.01,Her presence <t>instilled</t> faith into the children
instinct,3843,instinct.n.01,the spawning <t>instinct</t> in salmon
instinctive,3844,natural.s.02,offering to help was as <t>instinctive</t> as breathing
instructed,3845,teach.v.01,He <t>instructed</t> me in building a boat
instrument_panel,3846,control_panel.n.01,he checked the <t>instrument panel</t>
instrumental,3847,instrumental.a.01,<t>instrumental</t> compositions
insubordinate,3848,insubordinate.a.01,a history of <t>insubordinate</t> behavior
insubstantial,3849,insubstantial.a.01,as <t>insubstantial</t> as a dream
insufferable,3850,impossible.s.02,<t>insufferable</t> insolence
insufficient,3851,insufficient.a.01,<t>insufficient</t> funds
insular,3852,insular.a.01,<t>insular</t> territories
insulated,3853,insulate.v.01,We had his bedroom <t>insulated</t> before winter came
insulation,3854,insulation.n.01,the <t>insulation</t> of England was preserved by the English Channel
insulted,3855,diss.v.01,He <t>insulted</t> her with his rude remarks
insults,3856,abuse.n.02,they yelled <t>insults</t> at the visiting team
insurmountable,3857,insurmountable.a.01,<t>insurmountable</t> disadvantages
intact,3858,integral.s.02,fought to keep the union <t>intact</t>
integer,3859,integer.n.01,an <t>integer</t> is a number that is not a fraction
integrity,3860,integrity.n.01,the <t>integrity</t> of the nervous system is required for normal development
intellect,3861,mind.n.07,he has a keen <t>intellect</t>
intelligent,3862,intelligent.a.01,is there <t>intelligent</t> life in the universe?
intemperate,3863,intemperate.a.01,an <t>intemperate</t> climate
intense,3864,intense.a.01,<t>intense</t> heat
intensely,3865,intensely.r.01,he worked <t>intensely</t>
intensity,3866,intensity.n.01,he adjusted the <t>intensity</t> of the sound
intent,3867,purpose.n.01,his <t>intent</t> was to provide a new translation
intentional,3868,intentional.s.01,<t>intentional</t> damage
intentionally,3869,intentionally.r.01,he used that word <t>intentionally</t>
intentions,3870,purpose.n.01,good <t>intentions</t> are not enough
intently,3871,intently.r.01,listened <t>intently</t>
interact,3872,interact.v.01,He should <t>interact</t> more with his colleagues
interchangeable,3873,interchangeable.s.01,"the arguments of the symmetric relation, `is a sister of,' are <t>interchangeable</t>"
interchanged,3874,substitute.v.01,synonyms can be <t>interchanged</t> without a changing the context's meaning
intercommunicate,3875,intercommunicate.v.01,These rooms <t>intercommunicate</t>
interest,3876,interest.n.01,an <t>interest</t> in music
interlock,3877,interlock.n.01,car theives know how to bypass the ignition <t>interlock</t>
interminable,3878,endless.s.01,an <t>interminable</t> sermon
intermingle,3879,blend.v.01,We don't <t>intermingle</t> much
intermittent,3880,intermittent.s.01,<t>intermittent</t> rain showers
intermittently,3881,intermittently.r.01,<t>intermittently</t> we questioned the barometer
internal,3882,internal.a.01,<t>internal</t> organs
internecine,3883,internecine.s.01,an <t>internecine</t> feud among proxy holders
interned,3884,intern.v.01,"During WW II, Japanese were <t>interned</t> in camps in the West"
internees,3885,internee.n.01,the <t>internees</t> were enemy aliens and suspected terrorists
interpret,3886,interpret.v.01,How do you <t>interpret</t> his behavior?
interpreting,3887,interpretation.n.04,he annoyed us with his <t>interpreting</t> of parables
intersperse,3888,intersperse.v.01,<t>intersperse</t> exclamation marks in the text
interspersion,3889,interspersion.n.01,the <t>interspersion</t> of illustrations in the text
intertwine,3890,intertwine.v.01,<t>intertwine</t> the ribbons
intertwined,3891,intertwine.v.01,<t>intertwined</t> hearts
intervene,3892,intervene.v.01,Why did the U.S. not <t>intervene</t> earlier in WW II?
intervention,3893,intervention.n.01,it occurs without human <t>intervention</t>
intestate,3894,intestate.a.01,he died <t>intestate</t>
intifada,3895,intifada.n.01,the first <t>intifada</t> ended when Israel granted limited autonomy to the Palestine National Authority in 1993
intimacy,3896,familiarity.n.03,the absence of fences created a mysterious <t>intimacy</t> in which no one knew privacy
intimately,3897,closely.r.03,the two phenomena are <t>intimately</t> connected
intimidates,3898,intimidate.v.01,Her boss <t>intimidates</t> her
intolerable,3899,intolerable.a.01,an <t>intolerable</t> degree of sentimentality
intolerance,3900,intolerance.n.01,his <t>intolerance</t> of interruptions
intonate,3901,intonate.v.01,please <t>intonate</t> with sadness
intractable,3902,intractable.a.01,an <t>intractable</t> disposition
intransigent,3903,adamant.s.01,an <t>intransigent</t> conservative opposed to every liberal tendency
intrepid,3904,audacious.s.01,<t>intrepid</t> pioneers
intricate,3905,intricate.s.01,<t>intricate</t> lacework
intrinsic,3906,intrinsic.a.01,"form was treated as something <t>intrinsic</t>, as the very essence of the thing"
introduce,3907,introduce.v.01,<t>introduce</t> the new neighbors to the community
intrusive,3908,intrusive.a.01,she felt her presence there was <t>intrusive</t>
intuitive,3909,intuitive.s.01,an <t>intuitive</t> revulsion
inundated,3910,deluge.v.01,the basement was <t>inundated</t> after the storm
inured,3911,inure.v.01,He was <t>inured</t> to the cold
invaded,3912,invade.v.01,"Hitler <t>invaded</t> Poland on September 1, 1939"
inventive,3913,imaginative.s.01,had an <t>inventive</t> turn of mind
inverse,3914,inverse.n.01,when the direct approach failed he tried the <t>inverse</t>
inverted,3915,invert.v.01,here the theme is <t>inverted</t>
investigate,3916,investigate.v.01,Let's <t>investigate</t> the syntax of Chinese
invidious,3917,discriminatory.s.01,<t>invidious</t> comparisons
invincible,3918,invincible.s.01,an <t>invincible</t> army
inviolable,3919,inviolable.a.01,the person of the king is <t>inviolable</t>
invisible,3920,invisible.a.01,the <t>invisible</t> man
invitation,3921,invitation.n.01,an <t>invitation</t> to lunch
invite,3922,invite.n.01,he didn't get no <t>invite</t> to the party
involuntary,3923,involuntary.a.01,<t>involuntary</t> manslaughter
invulnerable,3924,invulnerable.a.01,gunners raked the beach from <t>invulnerable</t> positions on the cliffs
inward,3925,inward.a.01,a concern with <t>inward</t> reflections
inwardly,3926,inwardly.r.01,"<t>inwardly</t>, she was raging"
ipso_facto,3927,ipso_facto.r.01,"<t>ipso facto</t>, her innocence was established"
iraqi,3928,iraqi.n.01,the majority of <t>Iraqi</t> are Arab Shiite Muslims although Sunni Muslims control the government
irate,3929,irate.s.01,<t>irate</t> protesters
irately,3930,irately.r.01,"`Get out,' he shouted <t>irately</t>"
ireful,3931,irate.s.01,<t>ireful</t> words
iridescent,3932,changeable.s.02,"a dragonfly hovered, vibrating and <t>iridescent</t>"
irksome,3933,boring.s.01,what an <t>irksome</t> task the writing of long letters is
iron_out,3934,iron_out.v.01,we need to <t>iron out</t> our disagreements
ironic,3935,dry.s.01,an <t>ironic</t> remark often conveys an intended meaning obliquely
ironical,3936,ironic.s.02,it was <t>ironical</t> that the well-planned scheme failed so completely
ironically,3937,ironically.r.01,"<t>ironically</t>, he ended up losing money under his own plan"
ironing,3938,ironing.n.01,there was a basketful of <t>ironing</t> to do
ironmonger,3939,ironmonger.n.01,in England they call a hardwareman an <t>ironmonger</t>
ironwork,3940,ironwork.n.01,the houses had much ornamental <t>ironwork</t>
irony,3941,sarcasm.n.01,<t>irony</t> is wasted on the stupid
irrefutable,3942,incontrovertible.s.01,an <t>irrefutable</t> argument
irregularly,3943,irregularly.r.01,the patient is breathing <t>irregularly</t>
irrelevant,3944,irrelevant.a.01,an <t>irrelevant</t> comment
irreplaceable,3945,irreplaceable.a.01,<t>irreplaceable</t> antiques
irrepressible,3946,irrepressible.s.01,an <t>irrepressible</t> chatterbox
irresistible,3947,irresistible.a.01,<t>irresistible</t> (or resistless) impulses
irresolute,3948,irresolute.a.01,the committee was timid and mediocre and <t>irresolute</t>
irresponsible,3949,irresponsible.a.01,behaved like an <t>irresponsible</t> idiot
irreverent,3950,irreverent.a.01,<t>irreverent</t> scholars mocking sacred things
irreverently,3951,irreverently.r.01,the student <t>irreverently</t> mimicked the teacher in his presence
irritates,3952,annoy.v.01,It <t>irritates</t> me that she never closes the door after she leaves
irrupted,3953,intrude.v.01,She <t>irrupted</t> into our sitting room
irruption,3954,irruption.n.01,the recent <t>irruption</t> of bad manners
is,3955,be.v.01,John <t>is</t> rich
islam,3956,islam.n.01,"<t>Islam</t> is predominant in northern Africa, the Middle East, Pakistan, and Indonesia"
islamic,3957,muslim.a.01,<t>Islamic</t> art
isolated,3958,isolate.v.01,They <t>isolated</t> the political prisoners from the other inmates
issue,3959,issue.n.01,the <t>issue</t> could be settled by requiring public education for everyone
issues,3960,issue.n.01,politicians never discuss the real <t>issues</t>
itch,3961,scabies.n.01,he has a bad case of the <t>itch</t>
item,3962,item.n.01,he noticed an <t>item</t> in the New York Times
items,3963,item.n.01,she had several <t>items</t> on her shopping list
iterations,3964,iteration.n.01,the solution took hundreds of <t>iterations</t>
itinerant,3965,itinerant.n.01,<t>itinerant</t> traders
ivied,3966,ivied.s.01,Harvard's <t>ivied</t> buildings
ivory_tower,3967,ivory_tower.n.01,he lived in the <t>ivory tower</t> of speculation
jab,3968,jab.n.01,he warned me with a <t>jab</t> with his finger
jabbed,3969,jab.v.01,he <t>jabbed</t> his finger into her ribs
jack,3970,jack.n.01,you don't know <t>jack</t>
jack_up,3971,jack.v.01,<t>jack up</t> the car so you can change the tire
jacketed,3972,jacket.v.01,The tubing needs to be <t>jacketed</t>
jag,3973,jag.n.01,he clutched a <t>jag</t> of the rock
jain,3974,jain.a.01,<t>Jain</t> gods
jam-packed,3975,jammed.s.01,stands <t>jam-packed</t> with fans
jangle,3976,jingle.n.01,the <t>jangle</t> of spurs
janissaries,3977,janissary.n.01,every politician has a following of <t>janissaries</t>
jape,3978,joke.n.01,even a schoolboy's <t>jape</t> is supposed to have some ascertainable point
jaundiced,3979,jaundice.v.01,Jealousy had <t>jaundiced</t> his judgment
jaunty,3980,dapper.s.01,a <t>jaunty</t> red hat
jazz,3981,wind.n.04,don't give me any of that <t>jazz</t>
jealous,3982,covetous.s.01,<t>jealous</t> of his success and covetous of his possessions
jeered,3983,jeer.v.01,The crowd <t>jeered</t> at the speaker
jejune,3984,insubstantial.s.01,the <t>jejune</t> diets of the very poor
jemmy,3985,jimmy.n.01,in Britain they call a jimmy and <t>jemmy</t>
jeremiad,3986,jeremiad.n.01,a <t>jeremiad</t> against any form of government
jerry-built,3987,jerry-built.s.01,mean little <t>jerry-built</t> houses
jest,3988,joke.n.01,he laughed unpleasantly at his own <t>jest</t>
jetted,3989,jet.v.01,Water <t>jetted</t> forth
jewish,3990,jewish.a.01,He is <t>Jewish</t>
jimmy,3991,jimmy.n.01,in Britain they call a <t>jimmy</t> and jemmy
jingle,3992,jingle.n.01,the <t>jingle</t> of coins
jittery,3993,jittery.a.01,a <t>jittery</t> ride
jobless,3994,idle.s.06,<t>jobless</t> transients
jocund,3995,gay.s.02,"a poet could not but be gay, in such a <t>jocund</t> company"
jog,3996,jog.n.01,there was a <t>jog</t> in the road
joined,3997,join.v.01,He <t>joined</t> the Communist Party as a young man
joined_forces,3998,collaborate.v.01,We <t>joined forces</t> with another research group
joining,3999,joining.n.01,the <t>joining</t> of hands around the table
jointly,4000,jointly.r.01,this paper was written <t>jointly</t>
joke,4001,joke.n.01,he told a very funny <t>joke</t>
jolt,4002,jolt.n.01,the door closed with a <t>jolt</t>
jolts,4003,jolt.n.01,all the jars and <t>jolts</t> were smoothed out by the shock absorbers
jovial,4004,gay.s.02,a <t>jovial</t> old gentleman
joyful,4005,joyful.a.01,make a <t>joyful</t> noise
joyous,4006,joyous.a.01,felt a <t>joyous</t> abandon
judgment,4007,judgment.n.01,he was reluctant to make his <t>judgment</t> known
judgmental,4008,judgmental.a.01,a <t>judgmental</t> error
judicial,4009,judicial.s.01,a <t>judicial</t> decision
judicious,4010,judicious.s.01,<t>judicious</t> use of one's money
jumbo,4011,elephantine.s.01,a <t>jumbo</t> jet
jump,4012,jump.n.01,a <t>jump</t> in attendance
jumper,4013,jumper.n.01,as the <t>jumper</t> neared the ground he lost control
junior,4014,junior.n.01,"look here, <t>junior</t>, it's none of your business"
jurisdiction,4015,legal_power.n.01,courts having <t>jurisdiction</t> in this district
just,4016,just.a.01,a <t>just</t> and lasting peace
just_about,4017,approximately.r.01,in <t>just about</t> a minute
just_as,4018,even_as.r.01,the building collapsed <t>just as</t> he arrived
just_in_case,4019,in_case.r.01,"I have money, <t>just in case</t>"
just_now,4020,just.r.03,the sun <t>just now</t> came out
just_so,4021,just_so.r.01,you must treat this plant <t>just so</t>
just_the_ticket,4022,ticket.n.05,this car could be <t>just the ticket</t> for a small family
justification,4023,justification.n.01,he considered misrule a <t>justification</t> for revolution
justifies,4024,justify.v.01,The end <t>justifies</t> the means
juxtaposition,4025,juxtaposition.n.01,it is the result of the <t>juxtaposition</t> of contrasting colors
keenly,4026,keenly.r.01,he was <t>keenly</t> aware of his own shortcomings
keenness,4027,acuteness.n.02,I admired the <t>keenness</t> of his mind
keep,4028,support.n.06,each child was expected to pay for their <t>keep</t>
keep_an_eye_on,4029,watch.v.02,"<t>Keep an eye on</t> the baby, please!"
keep_off,4030,keep_off.v.01,I <t>keep off</t> drugs
keep_track,4031,keep_track.v.01,I <t>keep track</t> of the stock market developments
keep_up,4032,keep_up.v.01,He could not <t>keep up</t> and dropped out of the race
keeper,4033,keeper.n.01,am I my brother's <t>keeper</t>?
keeping,4034,keeping.n.01,his behavior was not in <t>keeping</t> with the occasion
kempt,4035,kempt.s.01,a nicely <t>kempt</t> beard
ken,4036,cognizance.n.02,beyond my <t>ken</t>
kernels,4037,kernel.n.01,black walnut <t>kernels</t> are difficult to get out of the shell
keystone,4038,anchor.n.02,the <t>keystone</t> of campaign reform was the ban on soft money
kick,4039,kick.n.01,he gave the ball a powerful <t>kick</t>
kicking,4040,kick.n.06,the swimmer's <t>kicking</t> left a wake behind him
kidnapped,4041,kidnap.v.01,The industrialist's son was <t>kidnapped</t>
kidney,4042,kidney.n.01,urine passes out of the <t>kidney</t> through ureters to the bladder
kids,4043,child.n.01,they're just <t>kids</t>
killed,4044,kill.v.01,This man <t>killed</t> several people when he tried to rob a bank
kilogram,4045,kilogram.n.01,a <t>kilogram</t> is approximately 2.2 pounds
kilter,4046,kilter.n.01,out of <t>kilter</t>
kin,4047,kin.n.01,he's <t>kin</t>
kind_of,4048,rather.r.02,he is <t>kind of</t> shy
kindly,4049,charitable.s.01,<t>kindly</t> criticism
kinetic,4050,kinetic.a.01,<t>kinetic</t> energy
king-size,4051,king-size.s.01,a <t>king-size</t> bed
kingdom,4052,kingdom.n.01,the untroubled <t>kingdom</t> of reason
kingly,4053,kingly.s.01,symbolizing <t>kingly</t> power
kinky,4054,kinky.s.01,<t>kinky</t> sex
kinship,4055,affinity.n.04,felt a deep <t>kinship</t> with the other students
kip,4056,kip.n.01,roused him from his <t>kip</t>
kissed,4057,snog.v.01,The newly married couple <t>kissed</t>
kited,4058,kite.v.01,He <t>kited</t> many checks
kith,4059,kith.n.01,all his <t>kith</t> and kin
knack,4060,bent.n.04,he had a special <t>knack</t> for getting into trouble
knead,4061,knead.v.01,<t>knead</t> dough
knife-edge,4062,knife-edge.n.01,he lived on a <t>knife-edge</t> between genius and insanity
knifed,4063,knife.v.01,The victim was <t>knifed</t> to death
knighted,4064,knight.v.01,The Beatles were <t>knighted</t>
knightly,4065,chivalric.s.01,the <t>knightly</t> years
knobbly,4066,knobby.s.01,had <t>knobbly</t> knees
knock-down,4067,knock-down.s.01,a <t>knock-down</t> blow
knock_out,4068,knock_out.v.01,<t>knock out</t> a target
knocking,4069,knock.n.01,the <t>knocking</t> grew louder
knot,4070,knot.n.01,a small <t>knot</t> of women listened to his sermon
knotted,4071,knot.v.01,She <t>knotted</t> her fingers
knotty,4072,baffling.s.01,I faced the <t>knotty</t> problem of what to have for breakfast
know,4073,know.n.01,he is always in the <t>know</t>
knowledgeable,4074,knowing.s.04,a <t>knowledgeable</t> critic
label,4075,label.n.01,the <t>label</t> Modern is applied to many different kinds of architecture
labelled,4076,label.v.01,These students were <t>labelled</t> `learning disabled'
laborious,4077,arduous.s.01,spent many <t>laborious</t> hours on the project
labyrinthine,4078,labyrinthine.a.01,<t>labyrinthine</t> deafness
laciniate,4079,fringed.s.03,a <t>laciniate</t> leaf
lack,4080,lack.n.01,there is a serious <t>lack</t> of insight into the problem
lackadaisical,4081,dreamy.s.02,a <t>lackadaisical</t> attempt
laconic,4082,crisp.s.06,the <t>laconic</t> reply; `yes'
lactose,4083,lactose.n.01,cow's milk contains about 4.7% <t>lactose</t>
lady,4084,lady.n.01,a nice <t>lady</t> at the library helped me
ladylike,4085,ladylike.s.01,<t>ladylike</t> manners
ladyship,4086,ladyship.n.01,Your <t>Ladyship</t>
laic,4087,laic.s.01,set his collar in <t>laic</t> rather than clerical position
laid_up,4088,laid_up.s.01,<t>laid up</t> with a bad cold
lam,4089,getaway.n.02,after the expose he had to take it on the <t>lam</t>
lambent,4090,aglow.s.01,<t>lambent</t> tongues of flame
lamentable,4091,deplorable.s.01,a <t>lamentable</t> decision
lamented,4092,lament.v.01,we <t>lamented</t> the death of the child
laments,4093,lament.n.01,their pitiful <t>laments</t> could be heard throughout the ward
lamplit,4094,lamplit.s.01,our <t>lamplit</t> mountain retreat
lanate,4095,lanate.s.01,the woolly aphid has a <t>lanate</t> coat resembling cotton
lanced,4096,lance.v.01,Planes <t>lanced</t> towards the shore
land,4097,land.n.01,he built the house on <t>land</t> leased from the city
land_agent,4098,real_estate_broker.n.01,in England they call a real estate agent a <t>land agent</t>
landed,4099,land.v.01,The bird <t>landed</t> on the highest branch
landmark,4100,landmark.n.01,the church steeple provided a convenient <t>landmark</t>
landslide,4101,landslide.n.01,Roosevelt defeated Hoover in a <t>landslide</t>
language,4102,language.n.01,the <t>language</t> introduced is standard throughout the text
languages,4103,language.n.01,he taught foreign <t>languages</t>
languid,4104,dreamy.s.02,a <t>languid</t> mood
languorous,4105,dreamy.s.02,a hot <t>languorous</t> afternoon
lank,4106,lank.s.01,grown <t>lank</t> with fasting
lanky,4107,gangling.s.01,a <t>lanky</t> kid transformed almost overnight into a handsome young man
lap,4108,lap.n.01,he picked up the little girl and plopped her down in his <t>lap</t>
large-scale,4109,large-scale.s.01,a <t>large-scale</t> attack on AIDS is needed
largely,4110,largely.r.01,These accounts are <t>largely</t> inactive
largeness,4111,breadth.n.01,a man distinguished by the <t>largeness</t> and scope of his views
last-ditch,4112,last-ditch.s.01,a <t>last-ditch</t> attempt
last-minute,4113,last-minute.s.01,<t>last-minute</t> arrangements
last_minute,4114,eleventh_hour.n.01,at the <t>last minute</t> the government changed the rules
last_word,4115,last_word.n.01,she always gets the <t>last word</t>
lasted,4116,last.v.01,The bad weather <t>lasted</t> for three days
late,4117,late.a.01,<t>late</t> evening
lately,4118,recently.r.01,<t>lately</t> the rules have been enforced
latent,4119,latent.s.01,a <t>latent</t> fingerprint
latent_hostility,4120,latent_hostility.n.01,he could sense her <t>latent hostility</t> to him
laterally,4121,laterally.r.01,such women carry in their heads kinship knowledge of six generations depth and extending <t>laterally</t> among consanguineal kin as far as the grandchildren of second cousin
latest,4122,latest.n.01,have you heard the <t>latest</t>?
latter,4123,latter.n.01,Tom and Dick were both heroes but only the <t>latter</t> is remembered today
latter-day,4124,latter-day.s.01,the <t>latter-day</t> problems of our society
laudable,4125,applaudable.s.01,<t>laudable</t> motives of improving housing conditions
laudatory,4126,laudatory.s.01,a <t>laudatory</t> remark
laughable,4127,absurd.s.02,a contribution so small as to be <t>laughable</t>
lavishly,4128,extravagantly.r.02,"the United States, up to the 1920s, used fuel <t>lavishly</t>, mainly because it was so cheap"
law,4129,law.n.01,civilization presupposes respect for the <t>law</t>
law-abiding,4130,law-abiding.s.01,<t>law-abiding</t> citizens
lawful,4131,lawful.a.01,<t>lawful</t> methods of dissent
lax,4132,lax.s.01,such <t>lax</t> and slipshod ways are no longer acceptable
lay_out,4133,range.v.05,<t>lay out</t> the clothes
lay_waste_to,4134,lay_waste_to.v.01,The enemy <t>lay waste to</t> the countryside after the invasion
lazy,4135,lazy.s.01,up a <t>lazy</t> river
lead,4136,lead.n.01,he took the <t>lead</t> at the last turn
lead-in,4137,lead.n.06,it was an amusing <t>lead-in</t> to a very serious matter
lead_off,4138,lead_off.v.01,"It was common practice to <t>lead off</t> the young ones, and teach them bad habits"
lead_time,4139,lead_time.n.01,planning is an area where <t>lead time</t> can be reduced
leaden,4140,dull.s.08,the sky was <t>leaden</t> and thick
leadership,4141,leadership.n.01,his <t>leadership</t> inspired the team
leafy,4142,leafy.a.01,<t>leafy</t> trees
leak,4143,leak.n.01,one of the tires developed a <t>leak</t>
leaky,4144,leaky.a.01,a <t>leaky</t> roof
lean_on,4145,lean_on.v.01,you can <t>lean on</t> me if you get tired
leaned,4146,lean.v.01,She <t>leaned</t> over the banister
leapfrog,4147,leapfrog.n.01,the company still believes the chip is a <t>leapfrog</t> in integration and will pay huge dividends
leapfrogged,4148,leapfrog.v.01,He <t>leapfrogged</t> his classmates
leapt,4149,jump.v.01,The child <t>leapt</t> across the puddle
learned,4150,learn.v.01,She <t>learned</t> dancing from her sister
least,4151,least.n.01,it is the <t>least</t> I can do
leave,4152,leave.n.01,a ten day's <t>leave</t> to visit his mother
leave_off,4153,leave_off.v.01,<t>leave off</t> where you started
leave_office,4154,leave_office.v.01,The Secretary of the Navy will <t>leave office</t> next month
lecherous,4155,lecherous.s.01,a <t>lecherous</t> gleam in his eye
lecture,4156,lecture.n.01,he attended a <t>lecture</t> on telecommunications
leered,4157,leer.v.01,The men <t>leered</t> at the young women on the beach
left,4158,left.n.01,she stood on the <t>left</t>
left_over,4159,leftover.s.01,she had a little money <t>left over</t> so she went to a movie
leftovers,4160,leftovers.n.01,he had <t>leftovers</t> for dinner last night
legato,4161,legato.a.01,a <t>legato</t> passage
legendary,4162,legendary.s.01,the <t>legendary</t> exploits of the arctic trailblazers
legible,4163,legible.a.01,<t>legible</t> handwriting
legibly,4164,legibly.r.01,you must write <t>legibly</t>
legislate,4165,legislate.v.01,We cannot <t>legislate</t> how people spend their free time
legless,4166,legless.a.01,a <t>legless</t> man in a wheelchair
legs,4167,legs.n.01,that old Broadway play really has <t>legs</t>
leisure,4168,leisure.n.01,his job left him little <t>leisure</t>
leisured,4169,leisured.s.01,even the artist and the sculptor were not regarded...as <t>leisured</t> men
leisurely,4170,easy.s.01,at a <t>leisurely</t> (or easygoing) pace
lends,4171,lend.v.01,Her presence <t>lends</t> a certain cachet to the company
length,4172,length.n.01,the <t>length</t> of the table was 5 feet
lengthen,4173,lengthen.v.01,"<t>Lengthen</t> this skirt, please"
lengthwise,4174,lengthwise.a.01,the <t>lengthwise</t> dimension
lengthy,4175,drawn-out.s.01,a <t>lengthy</t> visit from her mother-in-law
lenten,4176,lenten.a.01,<t>lenten</t> food
less,4177,less.a.01,of <t>less</t> importance
lesser,4178,lesser.a.01,the <t>lesser</t> anteater
lessons,4179,lesson.n.01,he took driving <t>lessons</t>
let_alone,4180,let_alone.r.01,"she can't boil potatoes, <t>let alone</t> cook a meal"
let_go,4181,let_go_of.v.01,"<t>Let go</t> of the door handle, please!"
let_go_of,4182,let_go_of.v.01,"<t>Let go of</t> the door handle, please!"
let_it_go,4183,let_it_go.v.01,He thought of a reply but <t>let it go</t>
let_out,4184,utter.v.02,She <t>let out</t> a big heavy sigh
let_up,4185,abate.v.02,The rain <t>let up</t> after a few hours
lethal,4186,deadly.s.02,<t>lethal</t> weapon
lethargic,4187,lethargic.a.01,bullfrogs became <t>lethargic</t> with the first cold nights
lethargically,4188,lethargically.r.01,he hung around the house <t>lethargically</t>
letter,4189,letter.n.01,mailed an indignant <t>letter</t> to the editor
letter-perfect,4190,letter-perfect.s.01,a <t>letter-perfect</t> rendition of the soliloquy
letters,4191,letters.n.01,this book shows American <t>letters</t> at its best
level,4192,degree.n.01,a high <t>level</t> of care is required
leviathan,4193,leviathan.n.01,it was a <t>leviathan</t> among redwoods
lewd,4194,lewd.s.01,<t>lewd</t> whisperings of a dirty old man
liable,4195,apt.s.02,she is <t>liable</t> to forget
liberally,4196,liberally.r.01,he embellished his stories <t>liberally</t>
libidinous,4197,lascivious.s.01,<t>libidinous</t> orgies
library,4198,library.n.01,they had brandy in the <t>library</t>
licensed,4199,license.v.01,I am <t>licensed</t> to practice law in this state
licentious,4200,licentious.s.01,coarse and <t>licentious</t> men
licit,4201,licit.a.01,a wife's <t>licit</t> love
licked,4202,cream.v.02,We <t>licked</t> the other team on Sunday!
licking,4203,defeat.n.01,they suffered a convincing <t>licking</t>
lidless,4204,lidless.a.01,a <t>lidless</t> container
lids,4205,eyelid.n.01,his <t>lids</t> would stay open no longer
lie_down,4206,lie_down.v.01,<t>lie down</t> on the bed until you feel better
lieu,4207,stead.n.01,in <t>lieu</t> of
life,4208,life.n.01,social <t>life</t>
life-and-death,4209,life-and-death.s.01,a <t>life-and-death</t> struggle
life_assurance,4210,life_insurance.n.01,in England they call life insurance <t>life assurance</t>
life_insurance,4211,life_insurance.n.01,in England they call <t>life insurance</t> life assurance
lifeless,4212,lifeless.s.01,a <t>lifeless</t> body
lifelike,4213,graphic.s.03,a <t>lifelike</t> portrait
lifelong,4214,lifelong.s.01,a <t>lifelong</t> friend
light,4215,light.n.01,the <t>light</t> was filtered through a soft glass window
light-fingered,4216,light-fingered.s.01,a <t>light-fingered</t> burglar who can crack the combination of a bank vault
light-headed,4217,faint.s.04,<t>light-headed</t> with wine
lightened,4218,lighten.v.01,the conversation <t>lightened</t> me up a bit
lighting,4219,light.n.09,as long as the <t>lighting</t> was good
lightly,4220,lightly.r.01,one cannot say such things <t>lightly</t>
ligneous,4221,ligneous.s.01,<t>ligneous</t> (or woody) tissue
like,4222,like.n.01,"dogs, foxes, and the <t>like</t>"
like_clockwork,4223,like_clockwork.r.01,the rocket launch went off <t>like clockwork</t>
like_crazy,4224,like_hell.r.01,drove <t>like crazy</t>
like_hell,4225,like_hell.r.01,worked <t>like hell</t> to get the job done
like_the_devil,4226,like_hell.r.01,fought <t>like the devil</t>
likely,4227,likely.a.01,these services are <t>likely</t> to be available to us all before long
likeness,4228,likeness.n.01,man created God in his own <t>likeness</t>
likes,4229,like.n.01,we don't want the <t>likes</t> of you around here
likewise,4230,similarly.r.01,"some people have little power to do good, and have <t>likewise</t> little strength to resist evil"
liking,4231,liking.n.01,I've always had a <t>liking</t> for reading
lily-white,4232,white.s.03,a <t>lily-white</t> movement which would expel Negroes from the organization
limelight,4233,limelight.n.01,he enjoyed being in the <t>limelight</t>
limit,4234,limit.n.01,to the <t>limit</t> of his ability
limitless,4235,illimitable.s.01,<t>limitless</t> vastness of our solar system
limpid,4236,liquid.s.02,<t>limpid</t> blue eyes
limply,4237,limply.r.01,the body was hanging <t>limply</t> from the tree
linchpin,4238,anchor.n.02,he is the <t>linchpin</t> of this firm
line,4239,line.n.01,the <t>line</t> of soldiers advanced with their bayonets fixed
line_up,4240,line_up.v.01,The buildings all <t>line up</t> neatly
lineage,4241,lineage.n.01,his entire <t>lineage</t> has been warriors
lineal,4242,lineal.a.01,<t>lineal</t> ancestors
liner,4243,liner.n.01,the batter hit a <t>liner</t> to the shortstop
lingered,4244,linger.v.01,Her perfume <t>lingered</t> on
lingo,4245,slang.n.02,they don't speak our <t>lingo</t>
liquefied,4246,liquefy.v.01,The garden air overnight <t>liquefied</t> into a morning dew
listen,4247,listen.v.01,<t>Listen</t> to the sound of this cello
listless,4248,listless.s.01,he was <t>listless</t> and bored
lit,4249,literature.n.02,he took a course in Russian <t>lit</t>
litany,4250,litany.n.01,the patient recited a <t>litany</t> of complaints
literally,4251,literally.r.01,<t>literally</t> translated
literary,4252,literary.a.01,<t>literary</t> criticism
literatim,4253,literatim.r.01,the message was transcribed <t>literatim</t>
litigants,4254,litigant.n.01,plaintiffs and defendants are both <t>litigants</t>
litotes,4255,litotes.n.01,saying `I was not a little upset' when you mean `I was very upset' is an example of <t>litotes</t>
little,4256,little.n.01,he accepted the <t>little</t> they gave him
little_brother,4257,little_brother.n.01,my <t>little brother</t> just had his 50th birthday
live_it_up,4258,live_it_up.v.01,"it's your birthday, so let's <t>live it up</t>!"
live_with,4259,accept.v.07,She has learned to <t>live with</t> her husband's little idiosyncrasies
lived,4260,populate.v.01,People <t>lived</t> in Africa millions of years ago
livelihood,4261,support.n.06,he could no longer earn his own <t>livelihood</t>
lively,4262,lively.a.01,a <t>lively</t> discussion
livid,4263,ashen.s.01,a face <t>livid</t> with shock
loath,4264,loath.s.01,<t>loath</t> to admit a mistake
loathe,4265,abhor.v.01,I <t>loathe</t> that man
lobate,4266,lobate.a.01,a <t>lobate</t> tongue
lobe,4267,lobe.n.01,ear <t>lobe</t>
local,4268,local.n.01,the <t>local</t> seemed to take forever to get to New York
locality,4269,vicinity.n.01,it is a rugged <t>locality</t>
locally,4270,locally.r.01,it was <t>locally</t> decided
locate,4271,locate.v.01,Can you <t>locate</t> your cousins in the Midwest?
lock_up,4272,lock_up.v.01,<t>lock up</t> the house before you go on vacation
locker-room,4273,locker-room.a.01,<t>locker-room</t> humor
lofty,4274,exalted.s.01,a noble and <t>lofty</t> concept
log_off,4275,log_out.v.01,Please <t>log off</t> before you go home
logical,4276,logical.a.01,a <t>logical</t> mind
logistic,4277,logistic.a.01,<t>logistic</t> requirements
logjam,4278,logjam.n.01,the legislation ran into a <t>logjam</t>
logogram,4279,logogram.n.01,7 is a <t>logogram</t> that is pronounced `seven' in English and `nanatsu' in Japanese
loiter,4280,loiter.v.01,The high school students like to <t>loiter</t> in the Central Square
lone,4281,alone.s.02,the <t>lone</t> skier on the mountain
lonely,4282,alone.s.02,a <t>lonely</t> fisherman stood on a tuft of gravel
lonesome,4283,lone.s.03,a <t>lonesome</t> pine
long-ago,4284,long-ago.s.01,those <t>long-ago</t> dresses that swished along the floor
long-distance,4285,long-distance.a.01,a <t>long-distance</t> call
long-lasting,4286,durable.s.01,a <t>long-lasting</t> friendship
long-term,4287,long-run.s.01,the <t>long-term</t> reconstruction of countries damaged by the war
long-winded,4288,long-winded.s.01,<t>long-winded</t> (or windy) speakers
long_ago,4289,long_ago.r.01,We met once <t>long ago</t>
long_distance,4290,long_distance.n.01,I talked to her by <t>long distance</t>
long_haul,4291,long_haul.n.01,it's a <t>long haul</t> from New York to Los Angeles
long_run,4292,long_run.n.01,in the <t>long run</t> we will win
longer,4293,longer.n.01,a <t>longer</t> for money
longevity,4294,longevity.n.01,her <t>longevity</t> as a star
look,4295,expression.n.01,a <t>look</t> of triumph
look_around,4296,look_around.v.01,<t>look around</t> to see whether you can find the missing document
look_back,4297,look_back.v.01,don't <t>look back</t> while you walk
look_to,4298,look_to.v.01,<t>look to</t> the future
looked,4299,look.v.01,She <t>looked</t> over the expanse of land
looking,4300,look.n.02,he gave it a good <t>looking</t> at
looking_at,4301,look.n.02,he gave it a good <t>looking at</t>
loomed,4302,loom.v.01,Another air plane <t>loomed</t> into the sky
looseleaf,4303,looseleaf.s.01,a <t>looseleaf</t> notebook
loosely,4304,loosely.r.01,his hands lay <t>loosely</t>
loosen,4305,loosen.v.01,<t>loosen</t> the tension on a rope
loosening,4306,relaxation.n.04,the <t>loosening</t> of his grip
lop_off,4307,cut_off.v.03,<t>lop off</t> the dead branch
lordly,4308,august.s.01,heir to a <t>lordly</t> fortune
lordship,4309,lordship.n.01,Your <t>Lordship</t>
lore,4310,lore.n.01,early peoples passed on plant and animal <t>lore</t> through legend
loss,4311,loss.n.01,the car was a total <t>loss</t>
lot,4312,batch.n.02,a <t>lot</t> of money
lots,4313,tons.n.01,made <t>lots</t> of new friends
lottery,4314,lottery.n.01,the election was just a <t>lottery</t> to them
louche,4315,louche.s.01,a <t>louche</t> nightclub
loud,4316,loud.a.01,a group of <t>loud</t> children
loudly,4317,loudly.r.01,the band played <t>loudly</t>
lousy,4318,icky.s.01,a <t>lousy</t> play
loutish,4319,boorish.s.01,the <t>loutish</t> manners of a bully
lovable,4320,lovable.a.01,a mischievous but <t>lovable</t> child
love,4321,love.n.01,his <t>love</t> for his work
loveless,4322,loveless.s.01,a <t>loveless</t> marriage
lovemaking,4323,sexual_love.n.02,his <t>lovemaking</t> disgusted her
low,4324,low.n.01,a <t>low</t> moved in over night bringing sleet and snow
low-budget,4325,low-budget.s.01,a <t>low-budget</t> movie
low-cut,4326,decollete.s.01,a <t>low-cut</t> neckline
low-lying,4327,low-lying.s.01,<t>low-lying</t> clouds
low-rise,4328,low-rise.a.01,looking out over the roofs of <t>low-rise</t> apartment buildings
lowly,4329,humble.s.01,a <t>lowly</t> parish priest
loyal,4330,loyal.a.01,<t>loyal</t> subjects
loyally,4331,loyally.r.01,government will not be efficient unless the people as a whole accept leadership <t>loyally</t> and enthusiastically
lubricates,4332,lubricate.v.01,the liquid in this can <t>lubricates</t> well
lubricious,4333,lubricious.s.01,the skin of cephalopods is thin and <t>lubricious</t>
lucent,4334,aglow.s.01,the <t>lucent</t> moon
lucid,4335,limpid.s.03,<t>lucid</t> directions
luck,4336,fortune.n.04,the <t>luck</t> of the Irish
lucky,4337,lucky.s.01,a <t>lucky</t> escape
ludicrous,4338,farcical.s.01,<t>ludicrous</t> green hair
lukewarm,4339,lukewarm.s.01,he hates <t>lukewarm</t> coffee
lumbered,4340,lumber.v.01,The heavy man <t>lumbered</t> across the room
luminaries,4341,luminary.n.01,he was host to a large gathering of <t>luminaries</t>
luminosity,4342,luminosity.n.01,its <t>luminosity</t> is measured relative to that of our sun
lunchtime,4343,lunchtime.n.01,he observed a regular <t>lunchtime</t>
lured,4344,entice.v.01,He <t>lured</t> me into temptation
lurid,4345,lurid.s.01,<t>lurid</t> crimes
luridly,4346,luridly.r.01,it was <t>luridly</t> described in the book as the place where mystics took refuge
lustful,4347,lubricious.s.02,her sensuous grace roused his <t>lustful</t> nature
lustrous,4348,bright.s.04,she brushed her hair until it fell in <t>lustrous</t> auburn waves
luxurious,4349,epicurean.s.02,enjoyed a <t>luxurious</t> suite with a crystal chandelier and thick oriental rugs
lyrics,4350,lyric.n.01,his compositions always started with the <t>lyrics</t>
macabre,4351,ghastly.s.01,<t>macabre</t> tales of war and plague in the Middle ages
macaroni,4352,macaroni.n.01,Yankee Doodle stuck a feather in his cap and called it <t>macaroni</t>
macaronic,4353,macaronic.a.01,<t>macaronic</t> verse
machinate,4354,organize.v.05,<t>machinate</t> a plot
mad,4355,huffy.s.02,she gets <t>mad</t> when you wake her up so early
madly,4356,madly.r.01,she fought back <t>madly</t>
magazine,4357,magazine.n.01,it takes several years before a <t>magazine</t> starts to break even or make money
magic_bullet,4358,magic_bullet.n.01,there is no <t>magic bullet</t> against cancer
magical,4359,charming.s.02,a <t>magical</t> spell
magisterial,4360,magisterial.a.01,official <t>magisterial</t> functions
magnanimous,4361,greathearted.s.01,a <t>magnanimous</t> conqueror
magnanimously,4362,magnanimously.r.01,"<t>magnanimously</t>, he forgave all those who had harmed him"
magnetic,4363,magnetic.a.01,<t>magnetic</t> forces
magnificent,4364,brilliant.s.03,<t>magnificent</t> cathedrals
magnified,4365,magnify.v.01,Her terror was <t>magnified</t> in her mind
magnitude,4366,magnitude.n.01,they tried to predict the <t>magnitude</t> of the explosion
maidenly,4367,maidenlike.s.01,a <t>maidenly</t> blush
mail_service,4368,mail.n.02,he works for the United States <t>mail service</t>
mainly,4369,chiefly.r.01,he is <t>mainly</t> interested in butterflies
mainstream,4370,mainstream.n.01,his thinking was in the American <t>mainstream</t>
majestic,4371,majestic.s.01,his <t>majestic</t> presence
majestically,4372,majestically.r.01,flamingoes walk <t>majestically</t> through the marshes
majority,4373,majority.n.01,the <t>majority</t> of his customers prefer it
make,4374,brand.n.02,what <t>make</t> of car is that?
make_good,4375,make_good.v.01,<t>make good</t> on promises
make_out,4376,spot.v.02,I can't <t>make out</t> the faces in this photograph
make_way,4377,make_way.v.01,<t>make way</t> for the President's motorcade
making,4378,devising.n.01,the <t>making</t> of measurements
maladies,4379,malady.n.01,what <t>maladies</t> afflict our nation?
maladroit,4380,maladroit.a.01,a <t>maladroit</t> movement of his hand caused the car to swerve
malarial,4381,malarial.a.01,<t>malarial</t> fever
malefic,4382,malefic.s.01,a <t>malefic</t> force
malevolent,4383,malevolent.s.01,a gossipy <t>malevolent</t> old woman
malicious,4384,malicious.a.01,<t>malicious</t> gossip
malpractice,4385,malpractice.n.01,the widow sued his surgeon for <t>malpractice</t>
man-made,4386,man-made.s.01,<t>man-made</t> fibers
man-to-man,4387,man-to-man.s.01,had a <t>man-to-man</t> talk about the facts of life
managed,4388,pull_off.v.03,I <t>managed</t> to carry the box upstairs
management,4389,management.n.01,he was given overall <t>management</t> of the program
maniacal,4390,maniacal.s.01,a <t>maniacal</t> frenzy
manic,4391,frenzied.s.01,outbursts of drunken violence and <t>manic</t> activity and creativity
manifestation,4392,manifestation.n.01,a <t>manifestation</t> of great emotion
manifestly,4393,obviously.r.01,he was <t>manifestly</t> too important to leave off the guest list
manipulated,4394,manipulate.v.01,He <t>manipulated</t> public opinion in his favor
manipulation,4395,manipulation.n.01,his <t>manipulation</t> of his friends was scandalous
mankind,4396,world.n.08,she always used `humankind' because `<t>mankind</t>' seemed to slight the women
mannequin,4397,mannequin.n.01,she was too fat to be a <t>mannequin</t>
manner,4398,manner.n.01,her dignified <t>manner</t>
manner_of_speaking,4399,manner_of_speaking.n.01,his <t>manner of speaking</t> was quite abrupt
mannered,4400,mannered.s.01,"brief, <t>mannered</t> and unlifelike idiom"
manners,4401,manners.n.01,he has the <t>manners</t> of a pig
mantel,4402,mantel.n.01,in Britain they call a <t>mantel</t> a chimneypiece
mantle,4403,mantle.n.01,place the <t>mantle</t> of authority on younger shoulders
mantra,4404,mantra.n.01,she repeated `So pleased with how its going' at intervals like a <t>mantra</t>
manually,4405,manually.r.01,this car shifts <t>manually</t>
manufacturing,4406,fabrication.n.03,<t>manufacturing</t> is vital to Great Britain
many,4407,many.a.01,<t>many</t> temptations
many_a,4408,many_a.s.01,<t>many a</t> man
marching,4409,march.n.02,we heard the sound of <t>marching</t>
margin_of_safety,4410,margin_of_safety.n.01,in engineering the <t>margin of safety</t> is the strength of the material minus the anticipated stress
marginal,4411,fringy.s.01,the <t>marginal</t> strip of beach
marginally,4412,marginally.r.01,<t>marginally</t> interesting
marital,4413,marital.a.01,<t>marital</t> status
maritime,4414,nautical.a.01,<t>maritime</t> law
mark_out,4415,mark_off.v.01,<t>mark out</t> the territory
markedly,4416,markedly.r.01,sales of luxury cars dropped <t>markedly</t>
market,4417,market.n.01,without competition there would be no <t>market</t>
marketplace,4418,market.n.01,they were driven from the <t>marketplace</t>
maroon,4419,maroon.n.01,when the tide came in I was a <t>maroon</t> out there
marooned,4420,maroon.v.01,the travellers were <t>marooned</t>
marred,4421,mar.v.01,nothing <t>marred</t> her beauty
marriage,4422,marriage.n.01,a long and happy <t>marriage</t>
mars,4423,mars.n.01,<t>Mars</t> has two satellites
marshland,4424,marsh.n.01,thousands of acres of <t>marshland</t>
marshy,4425,boggy.s.01,a <t>marshy</t> coastline
martyred,4426,martyr.v.01,Saint Sebastian was <t>martyred</t>
masked,4427,dissemble.v.02,He <t>masked</t> his disappointment
masonic,4428,masonic.a.01,<t>masonic</t> tools
massacred,4429,massacre.v.01,The Hutus <t>massacred</t> the Tutsis in Rwanda
massing,4430,mass.v.01,Crowds were <t>massing</t> outside the palace
massive,4431,massive.s.01,<t>massive</t> oak doors
master,4432,maestro.n.01,a <t>master</t> of the violin
mastered,4433,master.v.01,She <t>mastered</t> Japanese in less than two years
masterful,4434,consummate.s.01,a <t>masterful</t> speaker
mastering,4435,mastering.n.01,his <t>mastering</t> the art of cooking took a long time
masterly,4436,consummate.s.01,a <t>masterly</t> performance of the sonata
masticate,4437,masticate.v.01,<t>masticate</t> rubber
matches,4438,match.n.01,he always carries <t>matches</t> to light his pipe
matchless,4439,matchless.s.01,<t>matchless</t> beauty
matchwood,4440,matchwood.n.01,the vessel was beaten to <t>matchwood</t> on the rocks
material,4441,material.n.01,coal is a hard black <t>material</t>
materially,4442,materially.r.01,psychologically similar but <t>materially</t> different
maternal,4443,maternal.a.01,warm <t>maternal</t> affection for her guest
mathematical,4444,mathematical.a.01,a <t>mathematical</t> textbook
mating,4445,coupling.n.03,the <t>mating</t> of some species occurs only in the spring
matronly,4446,matronly.s.01,her <t>matronly</t> figure
matter-of-fact,4447,matter-of-fact.s.01,local guides describe the history of various places in <t>matter-of-fact</t> tones
matters,4448,matter.n.01,several <t>matters</t> to attend to
matured,4449,mature.v.01,He <t>matured</t> fast
maudlin,4450,bathetic.s.01,<t>maudlin</t> expressions of sympathy
mawkishly,4451,mawkishly.r.01,the violinist played that piece <t>mawkishly</t>
meager,4452,meager.a.01,<t>meager</t> resources
meaning,4453,meaning.n.01,what is the <t>meaning</t> of this sentence
meaningful,4454,meaningful.a.01,a <t>meaningful</t> explanation
meaningfully,4455,meaningfully.r.01,He glanced at her <t>meaningfully</t>
meaningless,4456,meaningless.a.01,a <t>meaningless</t> endeavor
means,4457,means.n.01,a <t>means</t> of control
meanwhile,4458,interim.n.01,<t>meanwhile</t> the socialists are running the government
measly,4459,measly.s.01,a <t>measly</t> tip
measurements,4460,measurement.n.01,the <t>measurements</t> were carefully done
measures,4461,measure.n.01,the situation called for strong <t>measures</t>
meatless,4462,meatless.a.01,<t>meatless</t> days
meaty,4463,meaty.a.01,enough of vegetarianism; let's have a <t>meaty</t> meal
mechanical,4464,mechanical.a.01,a <t>mechanical</t> process
mechanisms,4465,mechanism.n.01,he determined unique <t>mechanisms</t> for the photochemical reactions
meddle,4466,meddle.v.01,Don't <t>meddle</t> in my affairs!
mediated,4467,intercede.v.01,He <t>mediated</t> a settlement
medicinal,4468,medicative.s.01,<t>medicinal</t> herbs
medieval,4469,medieval.a.01,<t>Medieval</t> scholars
mediocre,4470,mediocre.s.01,they improved the quality from <t>mediocre</t> to above average
meditation,4471,meditation.n.01,the habit of <t>meditation</t> is the basis for all real knowledge
meek,4472,meek.s.01,<t>meek</t> and self-effacing
meekly,4473,meekly.r.01,<t>meekly</t> bowed to his wishes
meeting,4474,meeting.n.01,next year the <t>meeting</t> will be in Chicago
megabucks,4475,pile.n.03,they sank <t>megabucks</t> into their new house
mellowed,4476,mellow.v.01,Age and experience <t>mellowed</t> him over the years
melodramatic,4477,melodramatic.s.01,a <t>melodramatic</t> account of two perilous days at sea
melt,4478,thaw.n.01,the power failure caused a refrigerator <t>melt</t> that was a disaster
melted,4479,melt.v.01,The wax <t>melted</t> in the sun
member,4480,member.n.01,a <t>member</t> of the faculty
members,4481,member.n.01,only <t>members</t> will be admitted
membership,4482,membership.n.01,they polled their <t>membership</t>
memory,4483,memory.n.01,"search as he would, the <t>memory</t> was lost"
mendacious,4484,mendacious.s.01,a <t>mendacious</t> child
mendicancy,4485,beggary.n.02,they were reduced to <t>mendicancy</t>
mends,4486,mend.n.01,her stockings had several <t>mends</t>
menses,4487,menstruation.n.01,a woman does not take the gout unless her <t>menses</t> be stopped
mental,4488,mental.a.01,<t>mental</t> images of happy times
mental_picture,4489,mental_picture.n.01,he described his <t>mental picture</t> of his assailant
mentally,4490,mentally.r.01,he suffered <t>mentally</t>
mention,4491,mention.n.01,she made frequent <t>mention</t> of her promotion
mentioned,4492,mention.v.01,His name was <t>mentioned</t> in connection with the invention
mentored,4493,mentor.v.01,The famous professor <t>mentored</t> him during his years in graduate school
mentoring,4494,mentor.v.01,She is a fine lecturer but she doesn't like <t>mentoring</t>
menu,4495,menu.n.01,the <t>menu</t> was in French
mercantile,4496,mercantile.a.01,<t>mercantile</t> theories
merchandise,4497,merchandise.n.01,good business depends on having good <t>merchandise</t>
merciful,4498,merciful.a.01,sought <t>merciful</t> treatment for the captives
merciless,4499,merciless.a.01,the <t>merciless</t> enemy
mercurial,4500,erratic.s.01,<t>mercurial</t> twists of temperament
mercy,4501,clemency.n.02,he threw himself on the <t>mercy</t> of the court
merely,4502,merely.r.01,I was <t>merely</t> asking
meretricious,4503,meretricious.a.01,<t>meretricious</t> relationships
merge,4504,unify.v.01,the cells <t>merge</t>
merging,4505,merging.n.01,the <t>merging</t> of the two groups occurred quickly
merit,4506,merit.n.01,work of great <t>merit</t>
meritorious,4507,meritorious.s.01,a lifetime of <t>meritorious</t> service
merry,4508,gay.s.02,have a <t>merry</t> Christmas
merry-go-round,4509,merry-go-round.n.01,if we lose the election the whole legislative <t>merry-go-round</t> will have to start over
mesa,4510,mesa.n.01,the tribe was relatively safe on the <t>mesa</t> but they had to descend into the valley for water
mesh,4511,mesh.n.01,a 100 <t>mesh</t> screen
mesmeric,4512,hypnotic.s.01,she had a warm <t>mesmeric</t> charm
mess,4513,mess.n.01,the house was a <t>mess</t>
message,4514,message.n.01,he sent a three-word <t>message</t>
messaged,4515,message.v.01,She <t>messaged</t> the committee
messianic,4516,messianic.a.01,<t>messianic</t> cult
messy,4517,messy.s.01,a child's <t>messy</t> eating habits
metadata,4518,metadata.n.01,a library catalog is <t>metadata</t> because it describes publications
metalloid,4519,metalloid.s.01,arsenic is a <t>metalloid</t> element
metalwork,4520,metalwork.n.01,there were bullet holes in the <t>metalwork</t>
metaphorical,4521,metaphorical.s.01,a <t>metaphorical</t> expression
metaphysical,4522,metaphysical.a.01,<t>metaphysical</t> philosophy
meteoric,4523,meteorologic.a.01,<t>meteoric</t> (or meteorological) phenomena
methodical,4524,methodical.s.01,a <t>methodical</t> scholar
methodically,4525,methodically.r.01,she worked <t>methodically</t>
meticulous,4526,meticulous.s.01,<t>meticulous</t> research
meticulously,4527,meticulously.r.01,the set was <t>meticulously</t> authentic
metonym,4528,metonym.n.01,Washington is a <t>metonym</t> for the United States government
metrical,4529,metric.a.01,<t>metrical</t> equivalents
metro,4530,metro.n.01,in Paris the subway system is called the `<t>metro</t>' and in London it is called the `tube' or the `underground'
mews,4531,mews.n.01,she lives in a Chelsea <t>mews</t>
miasma,4532,miasma.n.01,the novel spun a <t>miasma</t> of death and decay
microprocessor,4533,microprocessor.n.01,a <t>microprocessor</t> functions as the central processing unit of a microcomputer
microscope,4534,microscope.n.01,the invention of the <t>microscope</t> led to the discovery of the cell
microscopic,4535,microscopic.a.01,<t>microscopic</t> analysis
middle_east,4536,middle_east.n.01,the <t>Middle East</t> is the cradle of Western civilization
midnight,4537,midnight.n.01,young children should not be allowed to stay up until <t>midnight</t>
midriff,4538,middle.n.03,young American women believe that a bare <t>midriff</t> is fashionable
midst,4539,midst.n.01,in the <t>midst</t> of the crowd
midwestern,4540,midwestern.s.01,a <t>midwestern</t> city
miffed,4541,miff.v.01,His behavior really <t>miffed</t> me
mightier,4542,mighty.s.01,the pen is <t>mightier</t> than the sword
mightily,4543,mightily.r.01,he strove <t>mightily</t> to achieve a better position in life
mighty,4544,mighty.s.01,struck a <t>mighty</t> blow
mild,4545,mild.a.01,a <t>mild</t> winter storm
mildly,4546,mildly.r.01,he was <t>mildly</t> interested
miler,4547,miler.n.01,the race was a 30-<t>miler</t>
military,4548,military.n.01,their <t>military</t> is the largest in the region
military_post,4549,military_post.n.01,this <t>military post</t> provides an important source of income for the town nearby
milky,4550,milky.s.01,<t>milky</t> glass
mimetic,4551,mimetic.s.01,a <t>mimetic</t> dance
mince,4552,mince.n.01,a <t>mince</t> of mushrooms
mind,4553,mind.n.01,his <t>mind</t> wandered
mind-boggling,4554,mind-boggling.s.01,a <t>mind-boggling</t> display
minder,4555,minder.n.01,"I turned around and there, a few hundred feet away, was our government <t>minder</t>, Li Wong Su, huffing and puffing toward us"
mindful,4556,mindful.a.01,ever <t>mindful</t> of her health
mindless,4557,mindless.s.01,the shrieking of the <t>mindless</t> wind
mingled,4558,mix.v.05,resourcefully he <t>mingled</t> music and dance
minimal,4559,minimal.a.01,needed to enforce <t>minimal</t> standards
minimize,4560,minimize.v.01,Let's <t>minimize</t> the risk
ministerial,4561,ministerial.a.01,<t>ministerial</t> duties
ministers,4562,curate.n.01,clergymen are usually called <t>ministers</t> in Protestant churches
mint,4563,batch.n.02,he made a <t>mint</t> on the stock market
minus,4564,subtraction.n.01,four <t>minus</t> three equals one
minute,4565,minute.n.01,he ran a 4 <t>minute</t> mile
minutiae,4566,minutia.n.01,he had memorized the many <t>minutiae</t> of the legal code
mired,4567,entangle.v.01,Our people should not be <t>mired</t> in the past
mirthful,4568,gay.s.02,a <t>mirthful</t> laugh
misapplied,4569,misapply.v.01,The words are <t>misapplied</t> in this context
miscellaneous,4570,assorted.s.01,<t>miscellaneous</t> accessories
mischievously,4571,badly.r.04,he <t>mischievously</t> looked for a chance to embarrass his sister
misdo,4572,misdo.v.01,<t>misdo</t> one's job
miserable,4573,miserable.s.01,he felt depressed and <t>miserable</t>
miserly,4574,mean.s.06,he left a <t>miserly</t> tip
misery,4575,misery.n.01,the <t>misery</t> and wretchedness of those slums is intolerable
mismanagement,4576,mismanagement.n.01,he accomplished little due to the <t>mismanagement</t> of his energies
misplaced,4577,misplace.v.01,I <t>misplaced</t> my eyeglasses
missed,4578,miss.v.01,I <t>missed</t> that remark
misshapen,4579,deformed.s.01,<t>misshapen</t> old fingers
misspent,4580,misspend.v.01,He <t>misspent</t> his youth
misstep,4581,trip.n.07,confusion caused his unfortunate <t>misstep</t>
mistake,4582,mistake.n.01,he made a bad <t>mistake</t>
mistakenly,4583,mistakenly.r.01,he <t>mistakenly</t> believed it
mistimed,4584,mistime.v.01,She <t>mistimed</t> the marathon runner
mistreatment,4585,mistreatment.n.01,he should be punished for his <t>mistreatment</t> of his mother
mitt,4586,hand.n.01,he extended his <t>mitt</t>
mixing,4587,mix.n.03,the <t>mixing</t> of sound channels in the recording studio
mo,4588,moment.n.02,in a <t>mo</t>
mock,4589,mock.n.01,they made a <t>mock</t> of him
mode,4590,manner.n.01,their nomadic <t>mode</t> of existence
model,4591,model.n.01,the computer program was based on a <t>model</t> of the circulatory and respiratory systems
moderated,4592,moderate.v.01,John <t>moderated</t> the discussion
modern_times,4593,modern_times.n.01,in <t>modern times</t> like these
modernistic,4594,mod.s.01,tables in <t>modernistic</t> designs
modest,4595,modest.a.01,a <t>modest</t> apartment
modicum,4596,modicum.n.01,England still expects a <t>modicum</t> of eccentricity in its artists
modifiable,4597,modifiable.a.01,the rhythm of physiological time is not <t>modifiable</t> except by interference with certain fundamental processes
modified,4598,modify.v.01,he <t>modified</t> his views on same-gender marriage
modify,4599,modify.v.01,please <t>modify</t> this letter to make it more polite
modulate,4600,modulate.v.01,<t>modulate</t> the melody
moist,4601,damp.s.01,a <t>moist</t> breeze
mollify,4602,pacify.v.01,She managed to <t>mollify</t> the angry customer
moloch,4603,moloch.n.01,the great <t>Moloch</t> of war
molto,4604,molto.r.01,allegro <t>molto</t>
moment,4605,moment.n.01,the <t>moment</t> he arrived the party began
momentary,4606,fleeting.s.01,a <t>momentary</t> glimpse
momentous,4607,momentous.s.01,a <t>momentous</t> event
momentum,4608,momentum.n.01,the car's <t>momentum</t> carried it off the road
monetary,4609,monetary.a.01,<t>monetary</t> rewards
money,4610,money.n.01,we tried to collect the <t>money</t> he owed us
moneyed,4611,moneyed.a.01,<t>moneyed</t> interests
monitoring,4612,monitoring.n.01,the <t>monitoring</t> of enemy communications plays an important role in war times
monitory,4613,admonitory.s.01,shook a <t>monitory</t> finger at him
monogamous,4614,monogamous.a.01,<t>monogamous</t> marriage
monolithic,4615,massive.s.01,the <t>monolithic</t> proportions of Stalinist architecture
monopoly,4616,monopoly.n.01,a <t>monopoly</t> on silver
monotonous,4617,humdrum.s.02,nothing is so <t>monotonous</t> as the sea
monotony,4618,monotony.n.01,he had never grown accustomed to the <t>monotony</t> of his work
month,4619,calendar_month.n.01,he paid the bill last <t>month</t>
month_of_sundays,4620,month_of_sundays.n.01,I hadn't seen him in a <t>month of Sundays</t>
monumental,4621,monumental.a.01,the use of the arch in <t>monumental</t> architecture
moon,4622,moon.n.01,"the average distance to the <t>Moon</t> is 384,400 kilometers"
moonless,4623,moonless.a.01,the dark <t>moonless</t> night
moonlight,4624,moonlight.n.01,<t>moonlight</t> is the smuggler's enemy
moonlit,4625,moonlit.a.01,the <t>moonlit</t> landscape
moonwalk,4626,moonwalk.n.01,Michael Jackson perfected the <t>moonwalk</t> in the 1980s
moot,4627,moot.n.01,he organized the weekly <t>moot</t>
mopes,4628,dumps.n.01,have the <t>mopes</t>
mopped,4629,wipe_up.v.01,He <t>mopped</t> her forehead with a towel
mopping,4630,swabbing.n.01,he gave it a good <t>mopping</t>
moral,4631,moral.n.01,the <t>moral</t> of the story is to love thy neighbor
morbid,4632,morbid.s.01,<t>morbid</t> interest in death
more_or_less,4633,approximately.r.01,"holds 3 gallons, <t>more or less</t>"
more_than,4634,more.a.01,<t>more than</t> a gallon
moreover,4635,furthermore.r.01,"the cellar was dark; <t>moreover</t>, mice nested there"
morning,4636,morning.n.01,I spent the <t>morning</t> running errands
morose,4637,dark.s.04,a <t>morose</t> and unsociable manner
morsel,4638,morsel.n.01,a <t>morsel</t> of paper was all he needed
mossad,4639,mossad.n.01,the primary focus of the <t>Mossad</t> is on Arab nations
most,4640,most.a.01,who has the <t>most</t> apples?
mother,4641,mother.n.01,the <t>mother</t> of three children
motivation,4642,motivation.n.01,we did not understand his <t>motivation</t>
motives,4643,motivation.n.01,he acted with the best of <t>motives</t>
motored,4644,drive.v.02,They <t>motored</t> to London for the theater
mottle,4645,mottle.n.01,"it was not dull grey as distance had suggested, but a <t>mottle</t> of khaki and black and olive-green"
mountain_range,4646,range.n.04,the plains lay just beyond the <t>mountain range</t>
mounted,4647,mount.v.01,They <t>mounted</t> the aerator on a floating
mouth,4648,mouth.n.01,he stuffed his <t>mouth</t> with candy
mouthpiece,4649,mouthpiece.n.01,the <t>mouthpiece</t> of a respirator
move,4650,move.n.01,he didn't make a <t>move</t> to help
move_around,4651,turn.v.06,<t>move around</t> the obstacle
moved,4652,travel.v.01,The soldiers <t>moved</t> towards the city in an attempt to take it before night fell
movement,4653,motion.n.03,<t>movement</t> is a sign of life
movie,4654,movie.n.01,they went to a <t>movie</t> every Saturday night
much,4655,much.n.01,they did <t>much</t> for humanity
mucky,4656,boggy.s.01,wet <t>mucky</t> lowland
muggy,4657,muggy.s.01,<t>muggy</t> weather
mull,4658,mull.n.01,the <t>Mull</t> of Kintyre
multidimensional,4659,multidimensional.a.01,<t>multidimensional</t> problems
multifaceted,4660,many-sided.s.01,a <t>multifaceted</t> undertaking
multilingual,4661,multilingual.a.01,a <t>multilingual</t> translator
multinational,4662,multinational.s.01,<t>multinational</t> corporations
multiple,4663,multiple.n.01,36 is a <t>multiple</t> of 9
multiply,4664,multiply.v.01,<t>multiply</t> 10 by 15
multitude,4665,battalion.n.02,a <t>multitude</t> of TV antennas
mummified,4666,mummify.v.01,<t>mummified</t> ideas and institutions should be gotten rid of
municipal,4667,municipal.a.01,<t>municipal</t> government
munificent,4668,lavish.s.01,a <t>munificent</t> gift
murdered,4669,murder.v.01,The mafia boss ordered his enemies <t>murdered</t>
murderous,4670,homicidal.s.01,<t>murderous</t> thugs
murky,4671,cloudy.s.02,<t>murky</t> waters
murmured,4672,murmur.v.01,She <t>murmured</t> softly to the baby in her arms
muscleman,4673,muscleman.n.01,the drug lord had his <t>muscleman</t> to protect him
muscular,4674,muscular.a.01,<t>muscular</t> contraction
must,4675,must.n.01,seat belts are an absolute <t>must</t>
muster,4676,muster.n.01,he was thrown in the brig for missing <t>muster</t>
mutable,4677,mutable.a.01,a <t>mutable</t> substance
mutate,4678,mutate.v.01,cells <t>mutate</t>
mutilates,4679,mutilate.v.01,The madman <t>mutilates</t> art work
mutinous,4680,mutinous.s.01,the men became <t>mutinous</t> and insubordinate
mutual,4681,common.s.01,the <t>mutual</t> interests of management and labor
myanmar,4682,myanmar.n.01,much opium is grown in <t>Myanmar</t>
mycenaean,4683,mycenaean.a.01,<t>Mycenaean</t> bronzes
myriad,4684,myriad.n.01,he faced a <t>myriad</t> of details
mysterious,4685,cryptic.s.01,the new insurance policy is written without cryptic or <t>mysterious</t> terms
mystery,4686,mystery.n.01,how it got out is a <t>mystery</t>
mystical,4687,mystic.a.03,<t>mystical</t> religion
mythical,4688,fabulous.s.02,<t>mythical</t> centaurs
naive,4689,naive.a.01,a teenager's <t>naive</t> ignorance of life
naively,4690,naively.r.01,"he believed, <t>naively</t>, that she would leave him her money"
naked,4691,bare.s.01,<t>naked</t> from the waist up
naked_eye,4692,naked_eye.n.01,it is not safe to look directly at the sun with the <t>naked eye</t>
nakedly,4693,nakedly.r.01,they were attacked as they huddled <t>nakedly</t> on the bare hill
name,4694,name.n.01,his <t>name</t> really is George Washington
named,4695,name.v.01,They <t>named</t> their son David
nameless,4696,nameless.s.01,corporations responsible to <t>nameless</t> owners
names,4697,name_calling.n.01,sticks and stones may break my bones but <t>names</t> can never hurt me
naming,4698,naming.n.01,the part he failed was the <t>naming</t> of state capitals
nap,4699,sleep.n.03,there wasn't time for a <t>nap</t>
narcolepsy,4700,narcolepsy.n.01,he believes that <t>narcolepsy</t> is attributable to an inability to suppress REM sleep during waking
narrative,4701,narrative.n.01,his <t>narrative</t> was interesting
narrowed,4702,narrow.v.01,The selection was <t>narrowed</t>
narrowly,4703,narrowly.r.01,he interprets the law <t>narrowly</t>
nary,4704,nary.s.01,heard <t>nary</t> a sound
nascent,4705,nascent.a.01,the <t>nascent</t> chicks
nastily,4706,nastily.r.01,"`Don't expect me to help you,' he added <t>nastily</t>"
nasty,4707,nasty.a.01,in a <t>nasty</t> mood
nation,4708,state.n.04,students who had come to the <t>nation</t>'s capitol
nationality,4709,nationality.n.01,immigrants of the same <t>nationality</t> often seek each other out
nations,4710,state.n.04,African <t>nations</t>
nationwide,4711,countrywide.s.01,the event aroused <t>nationwide</t> interest
natives,4712,native.n.01,the art of the <t>natives</t> of the northwest coast
nattily,4713,nattily.r.01,it was arranged carefully and <t>nattily</t>
natural,4714,natural.n.01,he's a <t>natural</t> for the job
naturalistic,4715,naturalistic.s.01,in <t>naturalistic</t> colors
naturally,4716,naturally.r.01,"<t>naturally</t>, the lawyer sent us a huge bill"
nature,4717,nature.n.01,it is the <t>nature</t> of fire to burn
naught,4718,nothing.n.01,it was all for <t>naught</t>
naughtily,4719,badly.r.04,behaved <t>naughtily</t> when they had guests and was sent to his room
naughty,4720,blue.s.05,a <t>naughty</t> wink
nauseous,4721,nauseating.s.01,<t>nauseous</t> offal
nautical,4722,nautical.a.01,<t>nautical</t> charts
naval,4723,naval.a.01,<t>naval</t> history
navel,4724,navel.n.01,you were not supposed to show your <t>navel</t> on television
nays,4725,nay.n.01,the <t>nays</t> have it
near,4726,approach.v.01,They are drawing <t>near</t>
nearby,4727,nearby.s.01,the <t>nearby</t> towns
nearest,4728,near.a.01,his <t>nearest</t> approach to success
nearly,4729,about.r.07,he <t>nearly</t> fainted
neat,4730,neat.s.01,her <t>neat</t> dress
neatly,4731,neatly.r.01,she put the slippers under the bed <t>neatly</t>
nebular,4732,nebular.a.01,the <t>nebular</t> hypothesis of the origin of the solar system
nebulous,4733,cloudy.s.01,<t>nebulous</t> distinction between pride and conceit
necessarily,4734,necessarily.r.01,such expenses are <t>necessarily</t> incurred
neck,4735,neck.n.01,he admired her long graceful <t>neck</t>
neck_and_neck,4736,neck_and_neck.s.01,as they approached the finish line they were <t>neck and neck</t>
neck_of_the_woods,4737,vicinity.n.01,I will drop in on you the next time I am in this <t>neck of the woods</t>
necktie,4738,necktie.n.01,he stood in front of the mirror tightening his <t>necktie</t>
nee,4739,nee.s.01,Hillary Clinton <t>nee</t> Rodham
need,4740,need.n.01,she satisfied his <t>need</t> for affection
needful,4741,needed.s.01,provided them with all things <t>needful</t>
needled,4742,needle.v.01,He <t>needled</t> her with his sarcastic remarks
needless,4743,gratuitous.s.03,a strikers' tent camp...was burned with <t>needless</t> loss of life
needlessly,4744,needlessly.r.01,it would <t>needlessly</t> bring badness into the world
needy,4745,needy.n.01,they try to help the <t>needy</t>
nefarious,4746,nefarious.s.01,<t>nefarious</t> schemes
negative,4747,negative.n.01,he answered in the <t>negative</t>
neglectful,4748,inattentive.s.01,<t>neglectful</t> parents
negligent,4749,negligent.a.01,<t>negligent</t> parents
negligently,4750,negligently.r.01,he did his work <t>negligently</t>
negligible,4751,negligible.s.01,the effect was <t>negligible</t>
negotiable,4752,negotiable.s.01,a <t>negotiable</t> road
negotiated,4753,negociate.v.06,They <t>negotiated</t> the sale of the house
negotiation,4754,negotiation.n.01,the buyout <t>negotiation</t> lasted several days
neo,4755,neo.s.01,`<t>neo</t>' is a combining form in words like `neocolonialism'
nerve-racking,4756,nerve-racking.s.01,<t>nerve-racking</t> noise
nerveless,4757,cool.s.01,the most <t>nerveless</t> winner in the history of the tournament
nerves,4758,nervousness.n.02,he suffered an attack of <t>nerves</t>
nervous,4759,nervous.s.01,a <t>nervous</t> addict
nervously,4760,nervously.r.01,we watched the stock market <t>nervously</t>
nesting,4761,nest.v.01,birds are <t>nesting</t> outside my window every Spring
nether,4762,nether.s.01,gnawed his <t>nether</t> lip
nettlesome,4763,annoying.s.01,<t>nettlesome</t> paperwork
network,4764,network.n.01,he owned a <t>network</t> of shops
neural,4765,nervous.a.03,<t>neural</t> disorder
neuralgic,4766,neuralgic.a.01,<t>neuralgic</t> pains
never,4767,never.r.01,I have <t>never</t> been to China
never-ending,4768,ceaseless.s.01,the <t>never-ending</t> search for happiness
never-never,4769,hire-purchase.n.01,we bought a car on the <t>never-never</t>
nevertheless,4770,however.r.01,"while we disliked each other, <t>nevertheless</t> we agreed"
new,4771,new.a.01,a <t>new</t> law
newfangled,4772,newfangled.s.01,<t>newfangled</t> ideas
newly,4773,newly.r.01,they are <t>newly</t> married
news,4774,news.n.01,they awaited <t>news</t> of the outcome
newspaper,4775,newspaper.n.01,he read his <t>newspaper</t> at breakfast
newspeak,4776,newspeak.n.01,the welfare state brought its own <t>newspeak</t>
next,4777,following.s.02,<t>next</t> in line
next_door,4778,next_door.r.01,the criminal had been living <t>next door</t> all this time
nibbed,4779,nibbed.s.01,a broad-<t>nibbed</t> pen
nibbled,4780,nibble.v.01,She <t>nibbled</t> on her cracker
nicely,4781,nicely.r.01,a <t>nicely</t> painted house
niche,4782,niche.n.01,he found his <t>niche</t> in the academic world
nicked,4783,nick.v.01,The barber's knife <t>nicked</t> his cheek
nickname,4784,nickname.n.01,Joe's mother would not use his <t>nickname</t> and always called him Joseph
niggardly,4785,grudging.s.02,a <t>niggardly</t> tip
nightly,4786,nightly.s.01,<t>nightly</t> television now goes on until 3:00 or 4:00 a.m.
nihil,4787,nihil.n.01,<t>nihil</t> habet
nil,4788,nothing.n.01,reduced to <t>nil</t> all the work we had done
nimble,4789,agile.s.01,as <t>nimble</t> as a deer
nimbleness,4790,nimbleness.n.01,<t>nimbleness</t> of wit and imagination
ninth,4791,ninth.n.01,going into the <t>ninth</t> they were a run ahead
nippy,4792,nippy.s.01,a <t>nippy</t> cheese
no,4793,no.n.01,his <t>no</t> was loud and clear
no-frills,4794,no-frills.s.01,he got a <t>no-frills</t> introduction to the job
no-good,4795,good-for-nothing.s.01,the car was a <t>no-good</t> piece of junk
no-nonsense,4796,no-nonsense.s.01,the <t>no-nonsense</t> tones of a stern parent
no_end,4797,no_end.r.01,the child cried <t>no end</t>
no_more,4798,no_longer.r.01,she is <t>no more</t>
nobly,4799,nobly.r.01,she has behaved <t>nobly</t>
nocturnal,4800,nocturnal.a.01,<t>nocturnal</t> animals are active at night
noddle,4801,noddle.n.01,use your <t>noddle</t>
nodular,4802,nodular.a.01,<t>Nodular</t> vaginitis
noise,4803,noise.n.01,during the firework display that ended the gala the <t>noise</t> reached 98 decibels
noiseless,4804,noiseless.s.01,th' inaudible and <t>noiseless</t> foot of time
noises,4805,noise.n.01,he enjoyed the street <t>noises</t>
noisily,4806,noisily.r.01,he blew his nose <t>noisily</t>
noisy,4807,noisy.a.01,a <t>noisy</t> cafeteria
nomadic,4808,mobile.s.01,the <t>nomadic</t> habits of the Bedouins
nomenclature,4809,terminology.n.01,biological <t>nomenclature</t>
nominally,4810,nominally.r.01,<t>nominally</t> he is the boss
nomination,4811,nomination.n.01,the Republican <t>nomination</t> for Governor
nonce,4812,time_being.n.01,for the <t>nonce</t>
nonchalant,4813,casual.s.01,drove his car with <t>nonchalant</t> abandon
noncommittal,4814,noncommittal.s.01,her boyfriend was <t>noncommittal</t> about their future together
nonexistent,4815,nonexistent.a.01,chimeras are <t>nonexistent</t>
nonresident,4816,nonresident.n.01,described by an admiring <t>nonresident</t> as a green and pleasant land
nontraditional,4817,nontraditional.a.01,<t>nontraditional</t> designs
norm,4818,norm.n.01,the current middle-class <t>norm</t> of two children per family
nose,4819,nose.n.01,he has a cold in the <t>nose</t>
nosedive,4820,nosedive.n.01,the stock took a <t>nosedive</t>
nosing,4821,intrude.v.03,This guy is always <t>nosing</t> around the office
nosy,4822,nosy.s.01,he flipped through my letters in his <t>nosy</t> way
not,4823,not.r.01,he does <t>not</t> speak French
not_guilty,4824,acquitted.s.01,the jury found him <t>not guilty</t> by reason of insanity
notably,4825,notably.r.01,"<t>notably</t> in the social sciences, the professors teach too much"
notate,4826,notate.v.01,"Nowadays, you can <t>notate</t> an entire ballet; in the old days, the steps had to be memorized"
notch,4827,notch.n.01,mandibular <t>notch</t>
note,4828,note.n.01,he made a <t>note</t> of the appointment
noted,4829,note.v.01,They <t>noted</t> that it was a fine day to go sailing
noteworthy,4830,noteworthy.s.01,a <t>noteworthy</t> advance in cancer research
nothing,4831,nothing.n.01,it looked like <t>nothing</t> I had ever seen before
nothings,4832,nothings.n.01,they traded a few <t>nothings</t> as they parted
notice,4833,notice.n.01,you didn't give me enough <t>notice</t>
noticeable,4834,noticeable.a.01,<t>noticeable</t> shadows under her eyes
noticeably,4835,perceptibly.r.01,he changed <t>noticeably</t> over the years
notional,4836,fanciful.s.02,to create a <t>notional</t> world for oneself
notorious,4837,ill-famed.s.01,a <t>notorious</t> gangster
notoriously,4838,notoriously.r.01,"European emigres, who <t>notoriously</t> used to repair to the British Museum to write seditious pamphlets"
nourishing,4839,nourish.v.01,This kind of food is not <t>nourishing</t> for young children
nous,4840,nous.n.01,she has great social <t>nous</t>
now,4841,now.n.01,<t>Now</t> is a good time to do it
now_and_again,4842,occasionally.r.01,<t>now and again</t> she would take her favorite book from the shelf and read to us
now_and_then,4843,occasionally.r.01,"as we drove along, the beautiful scenery <t>now and then</t> attracted his attention"
nowhere,4844,nowhere.n.01,he came out of <t>nowhere</t>
noxious,4845,noxious.a.01,<t>noxious</t> chemical wastes
nuances,4846,nuance.n.01,without understanding the finer <t>nuances</t> you can't enjoy the humor
nuclear,4847,nuclear.a.01,<t>nuclear</t> war
nugatory,4848,nugatory.s.01,a <t>nugatory</t> law
number,4849,number.n.01,he had a <t>number</t> of chores to do
numerals,4850,numeral.n.01,he learned to write the <t>numerals</t> before he went to school
numerical,4851,numeric.s.01,<t>numerical</t> value
numerous,4852,numerous.s.01,<t>numerous</t> times
nuptial,4853,bridal.a.01,<t>nuptial</t> day
nursed,4854,nurse.v.01,He <t>nursed</t> his cold with Chinese herbs
nutbrown,4855,nutbrown.s.01,<t>nutbrown</t> hair
nutty,4856,nutty.s.01,a <t>nutty</t> sherry
nymphs,4857,nymph.n.01,the ancient Greeks believed that <t>nymphs</t> inhabited forests and bodies of water
oafish,4858,boorish.s.01,her stupid <t>oafish</t> husband
oaken,4859,oaken.s.01,the old <t>oaken</t> bucket
obedient,4860,obedient.a.01,an <t>obedient</t> soldier
obediently,4861,obediently.r.01,<t>obediently</t> she slipped off her right shoe and stocking
objected,4862,object.v.01,She never <t>objected</t> to the amount of work her boss charged her with
objectionable,4863,objectionable.s.01,a vulgar and <t>objectionable</t> person
objects,4864,object.n.01,"it was full of rackets, balls and other <t>objects</t>"
oblations,4865,oblation.n.01,<t>oblations</t> for aid to the poor
obligation,4866,duty.n.01,"every right implies a responsibility; every opportunity, an <t>obligation</t>; every possession, a duty"
obligatory,4867,obligatory.a.01,attendance is <t>obligatory</t>
oblivious,4868,oblivious.s.01,<t>oblivious</t> of the mounting pressures for political reform
obscene,4869,obscene.s.01,the dance often becomes flagrantly <t>obscene</t>
obscured,4870,obscure.v.01,The stars are <t>obscured</t> by the clouds
obscures,4871,obscure.v.01,the big elm tree <t>obscures</t> our view of the valley
observable,4872,discernible.s.02,an <t>observable</t> change in behavior
obsolescence,4873,obsolescence.n.01,a policy of planned <t>obsolescence</t>
obsolete,4874,disused.s.01,<t>obsolete</t> words
obstacle,4875,obstacle.n.01,lack of imagination is an <t>obstacle</t> to one's advancement
obstetric,4876,obstetric.a.01,<t>obstetric</t> hospital
obstreperous,4877,obstreperous.s.01,<t>obstreperous</t> boys
obtain,4878,obtain.v.01,How did you <t>obtain</t> the visa?
obtrusive,4879,obtrusive.a.01,the <t>obtrusive</t> behavior of a spoiled child
obverse,4880,obverse.n.01,the <t>obverse</t> of this issue
obvious,4881,obvious.a.01,<t>obvious</t> errors
obviously,4882,obviously.r.01,the answer is <t>obviously</t> wrong
occasional,4883,occasional.s.01,took an <t>occasional</t> glass of wine
occasionally,4884,occasionally.r.01,he was arrogant and <t>occasionally</t> callous
occasions,4885,occasions.n.01,he minded his own specialized <t>occasions</t>
occulted,4886,eclipse.v.02,Planets and stars often are <t>occulted</t> by other celestial bodies
odds-on,4887,odds-on.s.01,the <t>odds-on</t> favorite
odious,4888,abominable.s.01,consequences <t>odious</t> to those you govern
odoriferous,4889,odoriferous.s.01,<t>odoriferous</t> legislation
odorous,4890,odorous.a.01,<t>odorous</t> jasmine flowers
oeuvre,4891,oeuvre.n.01,he studied the entire Wagnerian <t>oeuvre</t>
of_age,4892,aged.s.03,ten years <t>of age</t>
of_late,4893,recently.r.01,feeling better <t>of late</t>
of_the_essence,4894,all-important.s.01,in chess cool nerves are <t>of the essence</t>
off-hand,4895,off-hand.r.01,I don't know the figures <t>off-hand</t>
off-limits,4896,off-limits.s.01,that area is <t>off-limits</t>
off-putting,4897,off-putting.s.01,an <t>off-putting</t> remark
off-the-cuff,4898,ad-lib.s.01,an <t>off-the-cuff</t> toast
off-the-wall,4899,bizarre.s.01,his <t>off-the-wall</t> antics
off_and_on,4900,off_and_on.r.01,they phone each other <t>off and on</t>
off_the_cuff,4901,off_the_cuff.r.01,the presidential candidate made a remark <t>off the cuff</t>
off_the_hook,4902,off_the_hook.s.01,I let him <t>off the hook</t> with a mild reprimand
off_the_record,4903,off_the_record.r.01,he spoke to the reporter <t>off the record</t>
offended,4904,pique.v.01,Her tactless remark <t>offended</t> me
offensively,4905,offensively.r.01,he smelled <t>offensively</t> unwashed
offer,4906,offer.n.01,a generous <t>offer</t> of assistance
offerings,4907,offer.n.02,noteworthy new <t>offerings</t> for investors included several index funds
offhand,4908,ad-lib.s.01,<t>offhand</t> excuses
offhanded,4909,ad-lib.s.01,trying to sound <t>offhanded</t> and reassuring
office,4910,office.n.01,he rented an <t>office</t> in the new building
officer,4911,military_officer.n.01,an <t>officer</t> is responsible for the lives of his men
officially,4912,officially.r.01,"<t>officially</t>, he is in charge"
officious,4913,interfering.s.01,bustling about self-importantly making an <t>officious</t> nuisance of himself
offshore,4914,offshore.a.01,<t>offshore</t> winds
offspring,4915,offspring.n.01,she was the mother of many <t>offspring</t>
often,4916,frequently.r.01,we <t>often</t> met over a cup of coffee
oily,4917,greasy.s.01,<t>oily</t> fried potatoes
old-time,4918,old-time.s.01,a vaulted roof supporting <t>old-time</t> chimney pots
old_age,4919,old_age.n.01,<t>old age</t> is not for sissies
old_boy_network,4920,old_boy_network.n.01,professional women have developed an <t>old boy network</t> of their own
old_lady,4921,old_lady.n.01,meet my <t>old lady</t>
old_money,4922,silver_spoon.n.01,she is the daughter of <t>old money</t> from Massachusetts
olden,4923,olden.s.01,<t>olden</t> days
oleaginous,4924,buttery.s.01,<t>oleaginous</t> hypocrisy
oligarchy,4925,oligarchy.n.01,one of his cardinal convictions was that Britain was not run as a democracy but as an <t>oligarchy</t>
omega,4926,omega.n.01,"the Alpha and the <t>Omega</t>, the first and the last, the beginning and the end"
omen,4927,omen.n.01,he looked for an <t>omen</t> before going into battle
ominous,4928,baleful.s.02,<t>ominous</t> rumblings of discontent
on,4929,on.a.01,left the oven <t>on</t>
on-the-spot,4930,on-the-spot.s.01,an <t>on-the-spot</t> reporter
on_air,4931,on_air.r.01,we were floating <t>on air</t> at the news
on_average,4932,on_the_average.r.01,<t>on average</t> he watches three movies a week
on_earth,4933,on_earth.r.01,what <t>on earth</t> are you doing?
on_fire,4934,ablaze.s.02,houses <t>on fire</t>
on_guard,4935,on_guard.s.01,<t>on guard</t> against con artists
on_hand,4936,on_hand.s.01,there will be a wealth of information <t>on hand</t> from the lawyers
on_occasion,4937,occasionally.r.01,they visit New York <t>on occasion</t>
on_paper,4938,on_paper.r.01,this is exactly what the composer had set down <t>on paper</t>
on_tap,4939,on_tap.s.01,ale <t>on tap</t>
on_the_button,4940,on_the_nose.s.01,the prediction for snow was right <t>on the button</t>
on_the_contrary,4941,contrarily.r.02,"he didn't stay home; <t>on the contrary</t>, he went out with his friends"
on_the_face_of_it,4942,apparently.r.01,<t>on the face of it</t> the problem seems minor
on_the_go,4943,on_the_go.s.01,is always <t>on the go</t>
on_the_job,4944,working.s.01,robots can be <t>on the job</t> day and night
on_the_loose,4945,at_large.s.01,criminals <t>on the loose</t> in the neighborhood
on_the_nose,4946,on_the_nose.s.01,his guess was <t>on the nose</t>
on_the_other_hand,4947,on_the_other_hand.r.01,"<t>on the other hand</t>, she is too ambitious for her own good"
on_the_road,4948,on_the_road.n.01,they took the show <t>on the road</t>
on_the_side,4949,unofficially.r.01,he had made some money <t>on the side</t>
on_the_spot,4950,on_the_spot.r.01,we hired her <t>on the spot</t>
on_the_spur_of_the_moment,4951,on_the_spur_of_the_moment.r.01,he decided to go to Chicago <t>on the spur of the moment</t>
on_the_table,4952,negotiable.s.02,the proposal is still <t>on the table</t>
on_the_way,4953,on_the_way.r.01,help is <t>on the way</t>
on_time,4954,on_time.r.01,she always arrives <t>on time</t>
once,4955,once.r.01,<t>once</t> I ran into her
once-over,4956,once-over.n.01,I gave him the <t>once-over</t>
one,4957,one.n.01,he has the <t>one</t> but will need a two and three to go with it
one-dimensional,4958,unidimensional.a.01,a novel with <t>one-dimensional</t> characters
one-horse,4959,jerkwater.s.01,passed a series of poky little <t>one-horse</t> towns
one-piece,4960,one-piece.a.01,a <t>one-piece</t> garment
one-way,4961,one-way.s.01,<t>one-way</t> streets
one_and_only,4962,matchless.s.01,the <t>one and only</t> Muhammad Ali
one_by_one,4963,one_by_one.r.01,the prisoners came out <t>one by one</t>
onerous,4964,burdensome.s.01,my duties weren't <t>onerous</t>; I only had to greet the guests
ongoing,4965,ongoing.s.01,an <t>ongoing</t> economic crisis
only,4966,lone.s.03,an <t>only</t> child
onset,4967,onset.n.01,the <t>onset</t> of pneumonia
onward,4968,forth.r.02,from the sixth century <t>onward</t>
opalescent,4969,iridescent.s.02,a milky <t>opalescent</t> (or opaline) luster
opaline,4970,iridescent.s.02,a milky opalescent (or <t>opaline</t>) luster
opaque,4971,opaque.a.01,<t>opaque</t> windows of the jail
open,4972,open.n.01,finally broke out of the forest into the <t>open</t>
open-air,4973,alfresco.s.01,an <t>open-air</t> theater
open-and-shut,4974,open-and-shut.s.01,an <t>open-and-shut</t> case
open-ended,4975,open-ended.s.01,an <t>open-ended</t> discussion
open-eyed,4976,argus-eyed.s.02,a policy of <t>open-eyed</t> awareness
open-minded,4977,open-minded.s.01,an <t>open-minded</t> curiosity
open_air,4978,outdoors.n.01,the concert was held in the <t>open air</t>
opened,4979,open.v.01,Mary <t>opened</t> the car door
opener,4980,opener.n.01,she played Chopin for her <t>opener</t>
opening,4981,opening.n.01,there was a small <t>opening</t> between the trees
openly,4982,openly.r.01,he <t>openly</t> flaunted his affection for his sister
openness,4983,openness.n.01,the <t>openness</t> of the prairies
operant,4984,operant.s.01,an <t>operant</t> conscience
operation,4985,operation.n.01,that rule is no longer in <t>operation</t>
operational,4986,operational.a.01,<t>operational</t> difficulties
opinion,4987,opinion.n.01,my <t>opinion</t> differs from yours
opportune,4988,opportune.a.01,an <t>opportune</t> place to make camp
opportunity,4989,opportunity.n.01,the holiday gave us the <t>opportunity</t> to visit Washington
oppose,4990,oppose.v.01,We <t>oppose</t> the ban on abortion
opposition,4991,resistance.n.01,despite <t>opposition</t> from the newspapers he went ahead
oppression,4992,oppression.n.01,the tyrant's <t>oppression</t> of the people
oppressive,4993,oppressive.s.01,the atmosphere was <t>oppressive</t>
opted,4994,choose.v.02,She <t>opted</t> for the job on the East coast
optical,4995,optical.a.01,<t>optical</t> supplies
optically,4996,optically.r.01,<t>optically</t> distorted
optimal,4997,optimum.s.01,<t>optimal</t> concentration of a drug
optimistic,4998,optimistic.a.01,in an <t>optimistic</t> mood
optimistically,4999,optimistically.r.01,"`We have a good chance of winning,' he exclaimed <t>optimistically</t>"
optionally,5000,optionally.r.01,this rule is applied <t>optionally</t>
or_so,5001,approximately.r.01,20 <t>or so</t> people were at the party
oracular,5002,oracular.a.01,able by <t>oracular</t> means to expose a witch
orally,5003,orally.r.01,he was administered the drug <t>orally</t>
oration,5004,oration.n.01,he delivered an <t>oration</t> on the decline of family values
oratory,5005,oratory.n.01,he loved the sound of his own <t>oratory</t>
orbit,5006,orbit.n.01,he plotted the <t>orbit</t> of the moon
orbital,5007,orbital.a.01,<t>orbital</t> revolution
orbiting,5008,orb.v.01,The planets are <t>orbiting</t> the sun
orchestral,5009,orchestral.a.01,<t>orchestral</t> score
ordained,5010,ordain.v.01,The King <t>ordained</t> the persecution and expulsion of the Jews
ordered,5011,order.v.01,She <t>ordered</t> him to do the shopping
orderly,5012,orderly.n.01,the <t>orderly</t> laid out the general's uniform
orders,5013,order.n.01,the British ships dropped anchor and waited for <t>orders</t> from London
organelle,5014,organelle.n.01,the first <t>organelle</t> to be identified was the nucleus
orgy,5015,orgy.n.01,an <t>orgy</t> of shopping
orifice,5016,orifice.n.01,the <t>orifice</t> into the aorta from the lower left chamber of the heart
origin,5017,beginning.n.04,Jupiter was the <t>origin</t> of the radiation
originated,5018,originate.v.01,A new religious movement <t>originated</t> in that country
ornate,5019,flowery.s.01,<t>ornate</t> rhetoric taught out of the rule of Plato
ornateness,5020,grandiosity.n.01,an excessive <t>ornateness</t> of language
orphanage,5021,orphanage.n.01,his early <t>orphanage</t> shaped his character as an adult
orthodox,5022,orthodox.a.01,<t>Orthodox</t> Judaism
oscillates,5023,hover.v.01,He <t>oscillates</t> between accepting the new position and retirement
osculate,5024,osculate.v.01,These species <t>osculate</t>
ostensible,5025,apparent.s.02,the <t>ostensible</t> truth of their theories
ostensibly,5026,apparently.r.01,had been <t>ostensibly</t> frank as to his purpose while really concealing it
ostentatious,5027,ostentatious.a.01,an <t>ostentatious</t> sable coat
other,5028,other.a.01,today isn't any <t>other</t> day
other_than,5029,differently.r.01,there is no way out <t>other than</t> the fire escape
otherwise,5030,otherwise.s.01,the outcome was <t>otherwise</t>
otiose,5031,otiose.s.01,<t>otiose</t> lines in a play
ousted,5032,oust.v.01,The chairman was <t>ousted</t> after he misappropriated funds
out-and-out,5033,absolute.s.01,<t>out-and-out</t> mayhem
out-of-date,5034,outdated.s.01,<t>out-of-date</t> ideas
out-of-the-way,5035,out-of-the-way.s.01,<t>out-of-the-way</t> information
out_loud,5036,aloud.r.01,he laughed <t>out loud</t>
out_of_gear,5037,out_of_gear.s.01,threw the machine's pinion <t>out of gear</t>
out_of_hand,5038,out_of_hand.r.01,the riots got <t>out of hand</t>
out_of_play,5039,out_of_play.s.01,a ball that is <t>out of play</t> is dead
out_of_sight,5040,concealed.s.01,in stormy weather the stars are <t>out of sight</t>
out_of_the_blue,5041,unanticipated.s.01,like a bolt <t>out of the blue</t>
out_of_the_way,5042,out_of_the_way.r.01,such erratic behavior was <t>out of the way</t> for him
out_of_true,5043,out_of_true.s.01,the frame was <t>out of true</t>
out_of_work,5044,idle.s.06,many people in the area were <t>out of work</t>
outbreak,5045,outbreak.n.01,the <t>outbreak</t> of hostilities
outdated,5046,outdated.s.01,<t>outdated</t> equipment
outdoes,5047,surpass.v.02,She <t>outdoes</t> all other athletes
outdoor,5048,outdoor.a.01,<t>outdoor</t> clothes
outdoors,5049,outdoors.n.01,he wanted to get <t>outdoors</t> a little
outed,5050,come_out_of_the_closet.v.01,This actor <t>outed</t> last year
outer,5051,outer.a.01,spent hours adorning the <t>outer</t> man
outlandish,5052,bizarre.s.01,the <t>outlandish</t> clothes of teenagers
outlying,5053,outlying.s.01,<t>outlying</t> settlements
outplayed,5054,outplay.v.01,The Knicks <t>outplayed</t> the Lakers
outrageous,5055,hideous.s.01,subjected to <t>outrageous</t> cruelty
outrageously,5056,outrageously.r.01,he behaved <t>outrageously</t>
outre,5057,bizarre.s.01,<t>outre</t> and affected stage antics
outreach,5058,outreach.n.01,the <t>outreach</t> toward truth of the human spirit
outskirts,5059,outskirts.n.01,they lived on the <t>outskirts</t> of Houston
outsource,5060,outsource.v.01,Many companies <t>outsource</t> and hire consultants in order to maintain a flexible workforce
outspoken,5061,outspoken.s.01,<t>outspoken</t> in their opposition to segregation
outspread,5062,outspread.s.01,<t>outspread</t> wings
outstanding,5063,outstanding.s.01,did <t>outstanding</t> work in human relations
outstay,5064,overstay.v.01,overstay or <t>outstay</t> one's welcome
outstretched,5065,outstretched.s.01,a kitten with one paw <t>outstretched</t>
outward,5066,outward.a.01,a concern with <t>outward</t> beauty rather than with inward reflections
outwardly,5067,outwardly.r.01,"<t>outwardly</t>, the figure is smooth"
outwears,5068,outwear.v.01,This material <t>outwears</t> all others
over-embellished,5069,empurpled.s.01,an <t>over-embellished</t> story of the fish that got away
over-the-top,5070,extraordinary.s.01,it was an <t>over-the-top</t> experience
over_and_over,5071,over_and_over.r.01,the unknown word turned up <t>over and over</t> again in the text
over_and_over_again,5072,over_and_over.r.01,the unknown word turned up <t>over and over again</t> in the text
overbear,5073,overbear.v.01,"<t>overbear</t> criticism, protest, or arguments"
overblown,5074,grandiloquent.s.02,<t>overblown</t> oratory
overboard,5075,overboard.r.01,he went <t>overboard</t> to please his in-laws
overcame,5076,get_the_better_of.v.01,He <t>overcame</t> his shyness
overcome,5077,get_the_better_of.v.01,You must <t>overcome</t> all difficulties
overconfident,5078,cocksure.s.01,so <t>overconfident</t> and impudent as to speak to the queen
overcrowded,5079,overcrowd.v.01,The students <t>overcrowded</t> the cafeteria
overdid,5080,overdo.v.01,He <t>overdid</t> it last night when he did 100 pushups
overdrive,5081,overdrive.n.01,Troops are ready to go into <t>overdrive</t> as soon as the signal is given
overdue,5082,delinquent.s.03,an <t>overdue</t> installment
overestimated,5083,overestimate.v.01,He <t>overestimated</t> his own powers
overexert,5084,overexert.v.01,don't <t>overexert</t> yourself when exercising!
overfamiliar,5085,overfamiliar.s.01,young women disliked the <t>overfamiliar</t> tone he took with them
overhasty,5086,hasty.s.02,rejected what was regarded as an <t>overhasty</t> plan for reconversion
overhaul,5087,overhaul.n.01,it was time for an <t>overhaul</t> on the tractor
overheard,5088,catch.v.14,We <t>overheard</t> the conversation at the next table
overheated,5089,overheat.v.01,The car engines <t>overheated</t>
overindulgence,5090,overindulgence.n.01,the child was spoiled by <t>overindulgence</t>
overjoyed,5091,overjoy.v.01,the economic growth <t>overjoyed</t> the German industry
overlap,5092,overlap.n.01,there was no <t>overlap</t> between their proposals
overlies,5093,overlie.v.01,the granite <t>overlies</t> the older rocks
overnight,5094,nightlong.s.01,an <t>overnight</t> trip
overruled,5095,overrule.v.01,The Republicans were <t>overruled</t> when the House voted on the bill
overseas,5096,abroad.s.01,<t>overseas</t> markets
overseeing,5097,oversee.v.01,Who is <t>overseeing</t> this project?
overshadowed,5098,overshadow.v.01,the tragedy <t>overshadowed</t> the couple's happiness
overt,5099,overt.a.01,an <t>overt</t> lie
overthrown,5100,overthrow.v.01,The Czar was <t>overthrown</t>
overtly,5101,overtly.r.01,he did it <t>overtly</t>
overtones,5102,overtone.n.01,<t>overtones</t> of despair
overturned,5103,overturn.v.01,The big vase <t>overturned</t>
overview,5104,overview.n.01,the treasurer gave a brief <t>overview</t> of the financial consequences
overweening,5105,excessive.s.02,<t>overweening</t> ambition
overwork,5106,overwork.n.01,he became ill from <t>overwork</t>
overworked,5107,overwork.v.01,This play has been <t>overworked</t>
owlishly,5108,owlishly.r.01,the gentle-looking barrister peered <t>owlishly</t> around him
own_goal,5109,own_goal.n.01,the <t>own goal</t> cost them the game
owner,5110,owner.n.01,he is the <t>owner</t> of a chain of restaurants
owns,5111,own.v.01,He <t>owns</t> three houses in Florida
oxen,5112,cattle.n.01,a team of <t>oxen</t>
paced,5113,pace.v.01,He <t>paced</t> up and down the hall
pacesetter,5114,pacesetter.n.01,the new policy will be a <t>pacesetter</t> in community relations
pacification,5115,pacification.n.01,a wonderful skill in the <t>pacification</t> of crying infants
packaging,5116,packaging.n.01,his business is <t>packaging</t> for transport
paid,5117,pay.v.01,I <t>paid</t> four dollars for this sandwich
pain,5118,pain.n.01,the patient developed severe <t>pain</t> and distension
painful,5119,painful.a.01,worked with <t>painful</t> slowness
painfully,5120,painfully.r.01,his ignorance was <t>painfully</t> obvious
painless,5121,painless.s.01,a <t>painless</t> solution to the problem
painstaking,5122,conscientious.s.01,<t>painstaking</t> research
paint,5123,paint.n.01,artists use `<t>paint</t>' and `pigment' interchangeably
painted,5124,paint.v.01,he <t>painted</t> all day in the garden
painting,5125,painting.n.01,a small <t>painting</t> by Picasso
paired,5126,pair.v.01,The two old friends <t>paired</t> off
palatable,5127,palatable.a.01,<t>palatable</t> food
palatial,5128,palatial.a.01,the <t>palatial</t> residence
palely,5129,pallidly.r.01,a <t>palely</t> entertaining show
pallid,5130,pale.s.04,the <t>pallid</t> face of the invalid
palpable,5131,palpable.a.01,a barely <t>palpable</t> dust
palpably,5132,palpably.r.01,she was <t>palpably</t> nervous
paltry,5133,negligible.s.02,he considered the prize too <t>paltry</t> for the lives it must cost
pamper,5134,pamper.v.01,grandparents often <t>pamper</t> the children
pangs,5135,pang.n.01,<t>pangs</t> of regret
panhandle,5136,panhandle.n.01,Wheeling is located in the northern <t>panhandle</t> of West Virginia
panic-stricken,5137,panicky.s.01,trying to keep back the <t>panic-stricken</t> crowd
panicked,5138,panic.v.01,The students <t>panicked</t> when told that final exams were less than a week away
panicky,5139,panicky.s.01,became <t>panicky</t> as the snow deepened
panned,5140,pan.v.01,The camera <t>panned</t> across the room
panoramic,5141,bird's-eye.s.01,a <t>panoramic</t> view
papal,5142,papal.a.01,<t>papal</t> dispensation
paper_trail,5143,paper_trail.n.01,this <t>paper trail</t> consisted mainly of electronically stored information
par,5144,par.n.01,a <t>par</t>-5 hole
par_excellence,5145,par_excellence.r.01,he is the honest politician <t>par excellence</t>
paradisal,5146,paradisiacal.s.01,together in that <t>paradisal</t> place
paradox,5147,paradox.n.01,`I always lie' is a <t>paradox</t> because if it is true it must be false
parasitic,5148,parasitic.a.01,<t>parasitic</t> infection
parched,5149,parch.v.01,The sun <t>parched</t> the earth
parity,5150,parity.n.01,the <t>parity</t> of the mother must be considered
park,5151,park.n.01,there are laws that protect the wildlife in this <t>park</t>
parking,5152,parking.n.01,there is plenty of <t>parking</t> behind the store
parlous,5153,parlous.s.01,a <t>parlous</t> journey on stormy seas
parnassus,5154,parnassus.n.01,Liakoura is the modern name of Mount <t>Parnassus</t>
parochial,5155,parochial.a.01,<t>parochial</t> schools
paroled,5156,parole.v.01,The prisoner was <t>paroled</t> after serving 10 years in prison
paroxysm,5157,paroxysm.n.01,a <t>paroxysm</t> of giggling
parsimonious,5158,parsimonious.s.01,<t>parsimonious</t> thrift relieved by few generous impulses
part,5159,part.n.01,he wanted to feel a <t>part</t> of something bigger than himself
partially,5160,partially.r.01,He was <t>partially</t> paralyzed
particular,5161,particular.n.01,he always reasons from the <t>particular</t> to the general
particularly,5162,particularly.r.01,he was <t>particularly</t> fussy about spelling
parting,5163,farewell.n.02,<t>parting</t> is such sweet sorrow
partitioned,5164,partition.v.01,The Arab peninsula was <t>partitioned</t> by the British
partly,5165,partially.r.01,I felt <t>partly</t> to blame
parts,5166,parts.n.01,he hasn't been seen around these <t>parts</t> in years
party,5167,party.n.01,in 1992 Perot tried to organize a third <t>party</t> at the national level
pass_along,5168,communicate.v.01,<t>pass along</t> the good news
pass_through,5169,transit.v.01,Some travelers <t>pass through</t> the desert
passable,5170,passable.a.01,the road is <t>passable</t>
passed,5171,pass.v.01,We <t>passed</t> the point where the police car had parked
passing,5172,pass.n.03,the coach sent in a <t>passing</t> play on third and long
passive,5173,passive_voice.n.01,`The ball was thrown by the boy' uses the <t>passive</t> voice
password,5174,password.n.01,he forgot the <t>password</t>
past,5175,past.n.01,forget the <t>past</t>
past_perfect,5176,past_perfect.n.01,`I had finished' is an example of the <t>past perfect</t>
paste-up,5177,paste-up.n.01,they showed him a <t>paste-up</t> of the book jacket
pastime,5178,pastime.n.01,sailing is her favorite <t>pastime</t>
patch,5179,spot.n.05,a <t>patch</t> of clouds
patches,5180,spot.n.05,<t>patches</t> of thin ice
patchy,5181,patchy.s.01,a <t>patchy</t> essay
patently,5182,obviously.r.01,it is all <t>patently</t> nonsense
paternal,5183,paternal.a.01,spent his childhood on the <t>paternal</t> farm
path,5184,way.n.05,the <t>path</t> of virtue
pathetic,5185,hapless.s.01,the shabby room struck her as extraordinarily <t>pathetic</t>
pathetically,5186,pathetically.r.01,the sick child cried <t>pathetically</t>
pathos,5187,pathos.n.01,the film captured all the <t>pathos</t> of their situation
paths,5188,way.n.05,our <t>paths</t> in life led us apart
patiently,5189,patiently.r.01,he <t>patiently</t> played with the child
patients,5190,patient.n.01,the number of emergency <t>patients</t> has grown rapidly
pattern,5191,form.n.03,a visual <t>pattern</t> must include not only objects but the spaces between them
paused,5192,hesitate.v.02,The speaker <t>paused</t>
pawed,5193,paw.v.01,The bear <t>pawed</t> the door
pay,5194,wage.n.01,he wasted his <t>pay</t> on drink
pay_up,5195,pay_up.v.01,"<t>pay up</t>, please!"
payroll,5196,payroll.n.01,the company had a long <t>payroll</t>
peaceable,5197,peaceable.s.01,they met in a <t>peaceable</t> spirit
peaceful,5198,peaceful.a.01,a <t>peaceful</t> nation
peak,5199,extremum.n.02,voltage <t>peak</t>
peanuts,5200,peanuts.n.01,her salary is <t>peanuts</t> compared to his
pearlescent,5201,iridescent.s.02,nacreous (or <t>pearlescent</t>) clouds looking like mother-of-pearl
peculiar,5202,curious.s.01,the <t>peculiar</t> aromatic odor of cloves
peculiarly,5203,peculiarly.r.01,these <t>peculiarly</t> cinematic elements
pecuniary,5204,monetary.a.01,he received thanks but no <t>pecuniary</t> compensation for his services
pedicabs,5205,pedicab.n.01,boys who once pulled rickshaws now pedal <t>pedicabs</t>
peerless,5206,matchless.s.01,a <t>peerless</t> scholar
pelagic,5207,oceanic.a.01,<t>pelagic</t> organisms
pell-mell,5208,helter-skelter.s.02,a <t>pell-mell</t> dash for the train
pellucid,5209,crystalline.s.02,a <t>pellucid</t> brook
pelted,5210,pelt.v.01,They <t>pelted</t> each other with snowballs
penal,5211,penal.a.01,<t>penal</t> reform
penalized,5212,punish.v.01,The students were <t>penalized</t> for showing up late for class
penchant,5213,preference.n.01,the Irish have a <t>penchant</t> for blarney
pending,5214,pending.s.01,business still <t>pending</t>
pendulous,5215,cernuous.s.01,the <t>pendulous</t> branches of a weeping willow
penetrable,5216,penetrable.a.01,a <t>penetrable</t> wall
pent-up,5217,pent-up.s.01,their reactions were partly the product of <t>pent-up</t> emotions
people,5218,people.n.01,old <t>people</t>
peoples,5219,peoples.n.01,the indigenous <t>peoples</t> of Australia
pep,5220,pep.n.01,this tonic is guaranteed to give you more <t>pep</t>
peppery,5221,peppery.s.01,corn chips with <t>peppery</t> salsa
peptic,5222,peptic.a.01,<t>peptic</t> juices
per_annum,5223,per_annum.r.01,"he earned $100,000 <t>per annum</t>"
per_capita,5224,per_capita.s.01,among the states Connecticut has a high <t>per capita</t> income
peradventure,5225,peradventure.n.01,this proves beyond <t>peradventure</t> that he is innocent
perceive,5226,perceive.v.01,I could <t>perceive</t> the ship coming over the horizon
perceptive,5227,perceptive.a.01,<t>perceptive</t> faculties
perceptual,5228,perceptual.a.01,<t>perceptual</t> stimulus
perchance,5229,perchance.r.01,"To sleep, <t>perchance</t> to dream.."
perdition,5230,hell.n.03,"Hurl'd headlong...To bottomless <t>perdition</t>, there to dwell"
peremptory,5231,autocratic.s.01,a swaggering <t>peremptory</t> manner
perfectly,5232,absolutely.r.01,a <t>perfectly</t> idiotic idea
perforate,5233,punch.v.03,<t>perforate</t> the sheets of paper
performances,5234,performance.n.01,they listened to ten different <t>performances</t>
perfumed,5235,perfume.v.01,orange blossoms <t>perfumed</t> the air in the garden
perfunctory,5236,casual.s.05,<t>perfunctory</t> courtesy
perhaps,5237,possibly.r.01,<t>perhaps</t> she will call tomorrow
perilous,5238,parlous.s.01,a <t>perilous</t> voyage across the Atlantic in a small boat
perinatal,5239,perinatal.a.01,<t>perinatal</t> mortality
period,5240,time_period.n.01,a time <t>period</t> of 30 years
period_of_time,5241,time_period.n.01,hastened the <t>period of time</t> of his recovery
periodic,5242,periodic.a.01,the <t>periodic</t> appearance of the seventeen-year locust
peripherals,5243,peripheral.n.01,disk drives and printers are important <t>peripherals</t>
perished,5244,die.v.01,The children <t>perished</t> in the fire
perked_up,5245,perked_up.s.01,his attention made her feel all <t>perked up</t>
perky,5246,buoyant.s.02,a <t>perky</t> little widow in her 70s
permanently,5247,permanently.r.01,he is <t>permanently</t> disabled
permeated,5248,permeate.v.01,An atmosphere of distrust has <t>permeated</t> this administration
permissible,5249,permissible.a.01,<t>permissible</t> behavior in school
permission,5250,permission.n.01,he asked <t>permission</t> to leave
permitted,5251,permit.v.01,She <t>permitted</t> her son to visit her estranged husband
perpetrate,5252,perpetrate.v.01,<t>perpetrate</t> a crime
perpetual,5253,ageless.s.01,hell's <t>perpetual</t> fires
perpetually,5254,perpetually.r.01,rays...streaming <t>perpetually</t> from the sun
perpetuate,5255,perpetuate.v.01,<t>perpetuate</t> a myth
persecuted,5256,persecute.v.01,Jews were <t>persecuted</t> in the former Soviet Union
persian,5257,irani.n.01,the majority of Irani are <t>Persian</t> Shiite Muslims
person,5258,person.n.01,there was too much for one <t>person</t> to do
personage,5259,personage.n.01,a strange <t>personage</t> appeared at the door
personal_effects,5260,effects.n.01,she left some of her <t>personal effects</t> in the house
personalities,5261,personality.n.01,their different reactions reflected their very different <t>personalities</t>
personally,5262,personally.r.01,"speaking <t>personally</t>, I would not want to go"
personification,5263,personification.n.01,she is the <t>personification</t> of optimism
persuasive,5264,persuasive.a.01,<t>persuasive</t> eloquence
persuasively,5265,persuasively.r.01,this essay argues so <t>persuasively</t>...
pertinent,5266,pertinent.s.01,a list of articles <t>pertinent</t> to the discussion
perturbed,5267,perturb.v.01,She was rather <t>perturbed</t> by the news that her father was seriously ill
peruse,5268,peruse.v.01,Please <t>peruse</t> this report at your leisure
pervasive,5269,permeant.s.01,the <t>pervasive</t> odor of garlic
perverse,5270,perverse.s.01,took <t>perverse</t> satisfaction in foiling her plans
perversely,5271,perversely.r.01,his <t>perversely</t> erotic notions
perversion,5272,perversion.n.01,the tendrils of the plant exhibited <t>perversion</t>
pesky,5273,annoying.s.01,a <t>pesky</t> mosquito
pestilential,5274,pestilent.s.02,a <t>pestilential</t> malignancy in the air
petit_mal,5275,petit_mal_epilepsy.n.01,she has been suffering from <t>petit mal</t> since childhood
petrified,5276,petrify.v.01,The horror <t>petrified</t> his feelings
phallic,5277,phallic.a.01,a <t>phallic</t> cult
phenomenal,5278,phenomenal.a.01,<t>phenomenal</t> science
phenomenally,5279,phenomenally.r.01,his reaction was <t>phenomenally</t> quick
philosophical,5280,philosophic.a.01,<t>philosophical</t> writing
phlegmatic,5281,phlegmatic.s.01,a <t>phlegmatic</t>...and certainly undemonstrative man
phobias,5282,phobia.n.01,phobic disorder is a general term for all <t>phobias</t>
phone_call,5283,call.n.01,he placed a <t>phone call</t> to London
phonetic,5284,phonetic.a.01,<t>phonetic</t> transcription
phosphorescent,5285,phosphorescent.s.01,the <t>phosphorescent</t> glow of decaying wood
physical,5286,physical.a.01,<t>physical</t> exercise
physics,5287,physics.n.01,his favorite subject was <t>physics</t>
physiologically,5288,physiologically.r.01,<t>physiologically</t> ready
picaresque,5289,picaresque.s.01,<t>picaresque</t> novels
pick,5290,choice.n.01,he was my <t>pick</t> for mayor
picked,5291,pick.v.01,She finally <t>picked</t> her successor
picking,5292,picking.n.01,he sent the first <t>picking</t> of berries to the market
pickings,5293,pickings.n.01,the <t>pickings</t> were easy
pictures,5294,picture.n.01,they showed us the <t>pictures</t> of their wedding
picturesque,5295,picturesque.s.01,a <t>picturesque</t> village
piebald,5296,motley.s.02,a <t>piebald</t> horse
piece,5297,piece.n.01,an important <t>piece</t> of the evidence
piece_of_furniture,5298,furniture.n.01,there was only one <t>piece of furniture</t> in the room
piece_of_writing,5299,writing.n.02,that editorial was a fine <t>piece of writing</t>
pied,5300,motley.s.02,<t>pied</t> daisies
pierced,5301,pierce.v.01,The path <t>pierced</t> the jungle
pietistic,5302,pietistic.a.01,the <t>Pietistic</t> movement
piggish,5303,hoggish.s.01,<t>piggish</t> table manners
pillars,5304,pillar.n.01,science eroded the <t>pillars</t> of superstition
pillowcase,5305,case.n.19,the burglar carried his loot in a <t>pillowcase</t>
pilot_project,5306,pilot_project.n.01,they funded a <t>pilot project</t> in six states
pinch,5307,pinch.n.01,the <t>pinch</t> of the recession
pinched,5308,pinch.v.01,He <t>pinched</t> her behind
pinned,5309,trap.v.04,The child was <t>pinned</t> under the fallen tree
pinpoint,5310,pinpoint.n.01,they were strangers sharing a <t>pinpoint</t> of time together
pious,5311,pious.a.01,<t>pious</t> readings
pipe_dream,5312,pipe_dream.n.01,I have this <t>pipe dream</t> about being emperor of the universe
piracy,5313,piracy.n.01,air <t>piracy</t>
piratical,5314,piratical.a.01,<t>piratical</t> attackers
pit,5315,pit.n.01,they dug a <t>pit</t> to bury the body
pitch-black,5316,black.s.06,through the <t>pitch-black</t> woods
pitcher,5317,pitcher.n.01,our <t>pitcher</t> has a sore arm
piteous,5318,hapless.s.01,<t>piteous</t> appeals for help
pithy,5319,pithy.s.01,welcomed her <t>pithy</t> comments
pitiable,5320,pathetic.s.02,<t>pitiable</t> lack of character
pitiful,5321,pathetic.s.02,<t>pitiful</t> exhibition of cowardice
pittance,5322,pittance.n.01,they work all day for a mere <t>pittance</t>
pity,5323,commiseration.n.01,the blind are too often objects of <t>pity</t>
pivotal,5324,pivotal.s.01,a <t>pivotal</t> event
place,5325,topographic_point.n.01,this is a nice <t>place</t> for a picnic
placement,5326,placement.n.01,the <t>placement</t> of the chairs
placid,5327,placid.s.01,a ribbon of sand between the angry sea and the <t>placid</t> bay
plain,5328,plain.n.01,they emerged from the woods onto a vast open <t>plain</t>
plain_sailing,5329,plain_sailing.n.01,after we solved that problem the rest was <t>plain sailing</t>
plainly,5330,obviously.r.01,You are <t>plainly</t> wrong
plainspoken,5331,plainspoken.s.01,a <t>plainspoken</t> country doctor
plan,5332,plan.n.01,they drew up a six-step <t>plan</t>
planetary,5333,planetal.a.01,<t>planetary</t> motion
plangent,5334,plangent.s.01,<t>plangent</t> bells
planned,5335,plan.v.01,The rebels had <t>planned</t> turmoil and confusion
planning,5336,planning.n.01,the <t>planning</t> was more fun than the trip itself
plans,5337,plan.n.01,they discussed <t>plans</t> for a new bond issue
plant,5338,plant.n.01,they built a large <t>plant</t> to manufacture automobiles
plaster_saint,5339,plaster_saint.n.01,he's no <t>plaster saint</t>
platform,5340,platform.n.01,the speaker mounted the <t>platform</t>
platonic,5341,platonic.a.01,<t>Platonic</t> dialogues
plaudits,5342,acclaim.n.01,he acknowledged the <t>plaudits</t> of the crowd
plausible,5343,plausible.a.01,a <t>plausible</t> excuse
play_along,5344,play_along.v.01,He decided to <t>play along</t> with the burglars for the moment
playback,5345,playback.n.01,he was allowed to hear the <t>playback</t> of his testimony
played,5346,play.v.01,We <t>played</t> hockey all afternoon
played_out,5347,exhausted.s.01,the trembling of his <t>played out</t> limbs
playful,5348,playful.a.01,<t>playful</t> children just let loose from school
playing_field,5349,playing_field.n.01,the government's objective is to insure a genuinely level <t>playing field</t> for American industry and commerce in Europe
plays,5350,play.n.01,he wrote several <t>plays</t> but only one was produced on Broadway
plaza,5351,plaza.n.01,they met at Elm <t>Plaza</t>
pleaded,5352,plead.v.01,I <t>pleaded</t> with him to stop
pleasant,5353,pleasant.a.01,we had a <t>pleasant</t> evening together
pleasantly,5354,pleasantly.r.01,"`I'll do the dishes,' he said <t>pleasantly</t>"
pleasantries,5355,pleasantry.n.01,they exchange <t>pleasantries</t>
please,5356,please.v.01,These colors <t>please</t> the senses
pleasurable,5357,enjoyable.s.01,full of happiness and <t>pleasurable</t> excitement
pleasure,5358,pleasure.n.01,he was tingling with <t>pleasure</t>
pleasure_trip,5359,excursion.n.01,it was merely a <t>pleasure trip</t>
pledge,5360,pledge.n.01,his saxophone was in <t>pledge</t>
plenary,5361,plenary.s.01,a <t>plenary</t> session of the legislature
plenteous,5362,ample.s.01,a <t>plenteous</t> grape harvest
plentiful,5363,plentiful.s.01,rhinoceroses were once <t>plentiful</t> here
plenty,5364,plenty.n.01,there was <t>plenty</t> of food for everyone
plenum,5365,plenum.n.01,the <t>plenum</t> will vote on all tax increases
pliant,5366,plastic.s.02,a <t>pliant</t> nature
plight,5367,predicament.n.01,the woeful <t>plight</t> of homeless people
plod,5368,plodding.n.02,I could recognize his <t>plod</t> anywhere
plot,5369,plot.n.01,they concocted a <t>plot</t> to discredit the governor
plotted,5370,plot.v.01,They <t>plotted</t> the overthrow of the government
plume,5371,plume.n.01,a <t>plume</t> of smoke
plumes,5372,plume.n.01,grass with large <t>plumes</t>
plummeted,5373,plummet.v.01,The stock market <t>plummeted</t>
plummy,5374,plummy.s.01,a <t>plummy</t> leading role
plundered,5375,loot.v.01,This writer <t>plundered</t> from famous authors
plundering,5376,plundering.n.01,the <t>plundering</t> of the Parthenon
ply,5377,ply.n.01,three-<t>ply</t> cord
pneumatic,5378,pneumatic.a.01,<t>pneumatic</t> drill
pocketbook,5379,pocketbook.n.01,that car is too expensive for my <t>pocketbook</t>
pocketed,5380,pocket.v.01,He <t>pocketed</t> the change
poet_laureate,5381,poet_laureate.n.01,she is the <t>poet laureate</t> of all lyricists
poetic,5382,poetic.a.01,<t>poetic</t> works
poignancy,5383,poignance.n.01,a moment of extraordinary <t>poignancy</t>
poignant,5384,affecting.s.01,<t>poignant</t> grief cannot endure forever
point,5385,point.n.01,a <t>point</t> is defined by its coordinates
point-blank,5386,blunt.s.03,a <t>point-blank</t> accusation
point_of_departure,5387,jumping-off_place.n.01,my <t>point of departure</t> was San Francisco
point_of_view,5388,point_of_view.n.01,teaching history gave him a special <t>point of view</t> toward current events
pointed,5389,indicate.v.02,He <t>pointed</t> to the empty parking space
pointedly,5390,pointedly.r.01,he <t>pointedly</t> ignored the question
pointless,5391,pointless.a.01,my pencils are all <t>pointless</t>
poised,5392,poise.v.01,The bird <t>poised</t> for a few moments before it attacked
polarity,5393,mutual_opposition.n.01,he viewed it as a balanced <t>polarity</t> between good and evil
policies,5394,policy.n.01,a politician keeps changing his <t>policies</t>
policy,5395,policy.n.01,it was a <t>policy</t> of retribution
polishing,5396,shining.n.01,every Sunday he gave his car a good <t>polishing</t>
politely,5397,politely.r.01,"the policeman answered <t>politely</t>, `Now look here, lady...'"
politic,5398,politic.a.01,it is neither polite nor <t>politic</t> to get into other people's quarrels
political,5399,political.a.01,calling a meeting is a <t>political</t> act in itself
politics,5400,politics.n.01,office <t>politics</t> is often counterproductive
pollster,5401,pollster.n.01,a <t>pollster</t> conducts public opinion polls
polluted,5402,pollute.v.01,The industrial wastes <t>polluted</t> the lake
pompous,5403,grandiloquent.s.02,a <t>pompous</t> speech
pompously,5404,pompously.r.01,he <t>pompously</t> described his achievements
pond,5405,pond.n.01,the <t>pond</t> was too small for sailing
ponderous,5406,heavy.s.12,<t>ponderous</t> prehistoric beasts
poor,5407,poor_people.n.01,the urban <t>poor</t> need assistance
poorly,5408,ailing.s.01,feeling <t>poorly</t>
popped,5409,start.v.14,His eyes <t>popped</t>
popsicle,5410,ice_lolly.n.01,in England a <t>popsicle</t> is called an ice lolly
popular,5411,popular.a.01,a <t>popular</t> tourist attraction
popularity,5412,popularity.n.01,his charm soon won him affection and <t>popularity</t>
popularly,5413,popularly.r.01,this topic was <t>popularly</t> discussed
population,5414,population.n.01,the <t>population</t> seemed to be well fed and clothed
porcine,5415,porcine.a.01,comparison between human and <t>porcine</t> pleasures
pornographic,5416,pornographic.s.01,<t>pornographic</t> films and magazines
porous,5417,porous.s.01,the partly <t>porous</t> walls of our digestive system
porringer,5418,porringer.n.01,the child was eating pottage from a <t>porringer</t>
portals,5419,portal.n.01,the <t>portals</t> of the cathedral
portentous,5420,portentous.s.01,such a <t>portentous</t>...monster raised all my curiosity
portfolio,5421,portfolio.n.01,he remembered her because she was carrying a large <t>portfolio</t>
portion,5422,part.n.01,I read a <t>portion</t> of the manuscript
portly,5423,portly.s.01,men are <t>portly</t> and women are stout
portmanteau,5424,blend.n.02,`motel' is a <t>portmanteau</t> word made by combining `motor' and `hotel'
portrays,5425,portray.v.01,The book <t>portrays</t> the actor as a selfish person
posh,5426,classy.s.01,a <t>posh</t> restaurant
posited,5427,situate.v.02,She <t>posited</t> her hand on his shoulder
positively,5428,positively.r.01,it was <t>positively</t> monumental
possesses,5429,possess.v.01,he <t>possesses</t> great knowledge about the Middle East
possibilities,5430,possibility.n.01,this room has great <t>possibilities</t>
possible,5431,possible.n.01,politics is the art of the <t>possible</t>
possibly,5432,possibly.r.01,we may <t>possibly</t> run into them at the concert
post,5433,post.n.01,a soldier manned the entrance <t>post</t>
post-haste,5434,post-haste.r.01,send it to me <t>post-haste</t>
postal,5435,postal.a.01,<t>postal</t> delivery
postbag,5436,mailbag.n.02,in Britain they call a mailbag a <t>postbag</t>
poster,5437,poster.n.01,a <t>poster</t> advertised the coming attractions
postmodernist,5438,postmodernist.a.01,<t>postmodernist</t> architecture
postoperative,5439,postoperative.s.01,<t>postoperative</t> complications
postpone,5440,postpone.v.01,let's <t>postpone</t> the exam
potency,5441,authority.n.01,a place of <t>potency</t> in the state
potentially,5442,potentially.r.01,he is <t>potentially</t> dangerous
potted,5443,pot.v.01,He <t>potted</t> the palm
pounded,5444,thump.v.03,the salesman <t>pounded</t> the door knocker
pounder,5445,pounder.n.01,the fisherman caught a 10-<t>pounder</t>
pounds,5446,pound.n.01,he got a hernia when he tried to lift 100 <t>pounds</t>
pour,5447,pour.v.01,<t>pour</t> water over the floor
powdery,5448,powdered.s.01,<t>powdery</t> snow
power,5449,power.n.01,the deterrent <t>power</t> of nuclear weapons
powerful,5450,powerful.a.01,the most <t>powerful</t> government in western Europe
practicable,5451,operable.s.02,a <t>practicable</t> solution
practical,5452,practical.a.01,he is a very <t>practical</t> person
practically,5453,practically.r.01,<t>practically</t> the first thing I saw when I got off the train
practice,5454,practice.n.01,it is their <t>practice</t> to give annual raises
praise,5455,praise.n.01,he always appreciated <t>praise</t> for his work
praised,5456,praise.v.01,The parents <t>praised</t> their children for their academic performance
praiseworthy,5457,applaudable.s.01,a significant and <t>praiseworthy</t> increase in computer intelligence
praxis,5458,practice.n.03,differences between theory and <t>praxis</t> of communism
pray,5459,pray.v.01,<t>pray</t> to the Lord
prayer,5460,prayer.n.01,the priest sank to his knees in <t>prayer</t>
precarious,5461,precarious.s.01,a <t>precarious</t> truce
precaution,5462,precaution.n.01,he put an ice pack on the injury as a <t>precaution</t>
precautionary,5463,precautionary.s.01,gave <t>precautionary</t> advice
precede,5464,predate.v.01,Stone tools <t>precede</t> bronze tools
precedence,5465,precedence.n.01,...its <t>precedence</t> as the world's leading manufacturer of pharmaceuticals
precious,5466,cherished.s.01,children are <t>precious</t>
precipitation,5467,precipitation.n.01,the storm brought several inches of <t>precipitation</t>
precise,5468,precise.a.01,a <t>precise</t> mind
precisely,5469,precisely.r.01,he was doing <t>precisely</t> (or exactly) what she had told him to do
precision,5470,preciseness.n.02,note the meticulous <t>precision</t> of his measurements
precludes,5471,prevent.v.01,Your role in the projects <t>precludes</t> your involvement in the competitive project
precocious,5472,precocious.a.01,a <t>precocious</t> child
predatory,5473,marauding.s.01,<t>predatory</t> warfare
predicament,5474,predicament.n.01,finds himself in a most awkward <t>predicament</t>
predicated,5475,predicate.v.01,The predicate `dog' is <t>predicated</t> of the subject `Fido' in the sentence `Fido is a dog'
predicates,5476,predicate.n.01,`Socrates is a man' <t>predicates</t> manhood of Socrates
predictably,5477,predictably.r.01,"<t>predictably</t>, he did not like the news"
predilection,5478,predilection.n.01,a <t>predilection</t> for expensive cars
predominate,5479,predominate.v.01,Hispanics <t>predominate</t> in this neighborhood
preeminent,5480,leading.s.02,a <t>preeminent</t> archeologist
preened,5481,preen.v.01,The birds <t>preened</t>
prefect,5482,prefect.n.01,the <t>prefect</t> of Paris police
prefer,5483,prefer.v.01,Some people <t>prefer</t> camping to staying in hotels
preferably,5484,preferably.r.01,"clean it well, <t>preferably</t> with warm water"
preference,5485,preference.n.01,my own <t>preference</t> is for good literature
preferential,5486,discriminatory.s.03,<t>preferential</t> tariff rates
preferment,5487,preferment.n.01,the <t>preferment</t> went to the younger candidate
prehensile,5488,prehensile.a.01,a monkey's <t>prehensile</t> tail
prehistoric,5489,prehistoric.s.01,<t>prehistoric</t> settlements
premature,5490,premature.a.01,a <t>premature</t> infant
prematurely,5491,prematurely.r.01,the child was born <t>prematurely</t>
premeditated,5492,premeditate.v.01,<t>premeditated</t> murder
premises,5493,premises.n.01,bread is baked on the <t>premises</t>
preparations,5494,preparation.n.01,<t>preparations</t> for the ceremony had begun
preparatory,5495,preparatory.s.01,<t>preparatory</t> steps
prepare,5496,fix.v.12,<t>prepare</t> for war
preponderance,5497,preponderance.n.01,the <t>preponderance</t> of good over evil
prepossession,5498,prepossession.n.01,the king's <t>prepossession</t> in my favor is very valuable
preposterous,5499,absurd.s.02,a <t>preposterous</t> attempt to turn back the pages of history
prerequisite,5500,prerequisite.n.01,Latin was a <t>prerequisite</t> for admission
prerogative,5501,prerogative.n.01,suffrage was the <t>prerogative</t> of white adult males
prescient,5502,prescient.s.01,extraordinarily <t>prescient</t> memoranda on the probable course of postwar relations
prescription,5503,prescription.n.01,I tried to follow her <t>prescription</t> for success
presence,5504,presence.n.01,he tested for the <t>presence</t> of radon
present,5505,present.n.01,that is enough for the <t>present</t>
present_perfect,5506,present_perfect.n.01,`I have finished' is an example of the <t>present perfect</t>
presentable,5507,presentable.s.01,<t>presentable</t> clothes
presentation,5508,presentation.n.01,she gave the trophy but he made the <t>presentation</t>
presentational,5509,presentational.a.01,what Whitehead calls `perception in the <t>presentational</t> immediacy'
presentiment,5510,foreboding.n.01,the lawyer had a <t>presentiment</t> that the judge would dismiss the case
presently,5511,soon.r.01,she will arrive <t>presently</t>
preserve,5512,preserve.n.01,medicine is no longer a male <t>preserve</t>
preset,5513,preset.s.01,a <t>preset</t> plan of action
preside,5514,preside.v.01,<t>preside</t> over companies and corporations
presidio,5515,presidio.n.01,Tucson was first settled as a walled <t>presidio</t>
press,5516,imperativeness.n.01,the <t>press</t> of business matters
press_corps,5517,press_corps.n.01,the White House <t>press corps</t>
pressed,5518,press.v.01,He <t>pressed</t> down on the boards
pressing,5519,press.n.09,at the <t>pressing</t> of a button
pressure,5520,pressure.n.01,the compressed gas exerts an increased <t>pressure</t>
prestige,5521,prestige.n.01,he wanted to achieve power and <t>prestige</t>
prestigious,5522,esteemed.s.01,a <t>prestigious</t> author
presumably,5523,presumably.r.01,"<t>presumably</t>, he missed the train"
presumptuous,5524,assumptive.s.01,the duchess would not put up with <t>presumptuous</t> servants
presumptuousness,5525,presumption.n.03,he despised them for their <t>presumptuousness</t>
pretend,5526,make-believe.n.02,it was just <t>pretend</t>
pretending,5527,pretense.n.01,his conformity was only <t>pretending</t>
pretentious,5528,pretentious.a.01,a <t>pretentious</t> country house
preternatural,5529,preternatural.s.01,Beyond his <t>preternatural</t> affability there is some acid and some steel
pretty,5530,pretty.s.01,<t>pretty</t> girl
pretty_much,5531,pretty_much.r.01,we were <t>pretty much</t> lost when we met the forest ranger
prevention,5532,prevention.n.01,money was allocated to study the cause and <t>prevention</t> of influenza
previous,5533,previous.s.01,the <t>previous</t> owner
previously,5534,previously.r.01,she had <t>previously</t> lived in Chicago
prey,5535,prey.n.01,he fell <t>prey</t> to muggers
priapic,5536,priapic.s.01,<t>priapic</t> episodes
price,5537,monetary_value.n.01,he puts a high <t>price</t> on his services
pricey,5538,costly.s.02,a <t>pricey</t> restaurant
pricked,5539,prickle.v.03,The nurse <t>pricked</t> my finger to get a small blood sample
prickly,5540,bristly.s.01,he became <t>prickly</t> and spiteful
prideful,5541,disdainful.s.02,walked with a <t>prideful</t> swagger
priestly,5542,priestly.a.01,<t>priestly</t> (or sacerdotal) vestments
prim,5543,prim.v.01,They mince and <t>prim</t>
primeval,5544,aboriginal.s.01,the forest <t>primeval</t>
primordial,5545,aboriginal.s.01,<t>primordial</t> matter
princely,5546,deluxe.s.01,a <t>princely</t> sum
principled,5547,principled.a.01,<t>principled</t> pragmatism and unprincipled expediency
principles,5548,principle.n.01,their <t>principles</t> of composition characterized all their works
print,5549,print.n.01,I want to see it in <t>print</t>
printed,5550,print.v.01,These news should not be <t>printed</t>
priority,5551,precedence.n.01,national independence takes <t>priority</t> over class struggle
prison_term,5552,prison_term.n.01,he served a <t>prison term</t> of 15 months
pristine,5553,pristine.s.01,<t>pristine</t> mountain snow
private,5554,private.n.01,our prisoner was just a <t>private</t> and knew nothing of value
privately,5555,privately.r.01,it was discussed <t>privately</t> between the two men
prize,5556,prize.n.01,the <t>prize</t> was a free trip to Europe
pro_forma,5557,pro_forma.s.01,a one-candidate <t>pro forma</t> election
pro_tem,5558,pro_tem.s.01,he is the president <t>pro tem</t>
proactive,5559,proactive.a.01,<t>proactive</t> inhibition
probability,5560,probability.n.01,the <t>probability</t> that an unbiased coin will fall with the head up is 0.5
probably,5561,probably.r.01,He is <t>probably</t> out of the country
probe,5562,probe.n.01,there was a congressional <t>probe</t> into the scandal
probity,5563,probity.n.01,in a world where financial <t>probity</t> may not be widespread
problematic,5564,debatable.s.01,"If you ever get married, which seems to be extremely <t>problematic</t>"
problems,5565,problem.n.01,she and her husband are having <t>problems</t>
procedural,5566,procedural.a.01,a <t>procedural</t> violation
procedure,5567,procedure.n.01,the <t>procedure</t> of obtaining a driver's license
process,5568,procedure.n.01,it was a <t>process</t> of trial and error
processing,5569,processing.n.01,the <t>processing</t> of newly arrived immigrants
procession,5570,emanation.n.03,the doctrine of the <t>procession</t> of the Holy Spirit from the Father and the Son
proclaimed,5571,proclaim.v.01,He was <t>proclaimed</t> King
proclivity,5572,proclivity.n.01,he has a <t>proclivity</t> for exaggeration
procrastinated,5573,procrastinate.v.01,He did not want to write the letter and <t>procrastinated</t> for days
procreate,5574,reproduce.v.02,The Bible tells people to <t>procreate</t>
procured,5575,procure.v.01,He <t>procured</t> extra cigarettes even though they were rationed
procurement,5576,procurement.n.01,he was responsible for the <t>procurement</t> of materials and supplies
prodding,5577,goad.n.02,the ceaseless <t>prodding</t> got on his nerves
prodigious,5578,colossal.s.01,a <t>prodigious</t> storm
prodigy,5579,prodigy.n.01,she is a chess <t>prodigy</t>
production,5580,production.n.01,Shakespeare's <t>production</t> of poetry was enormous
productive,5581,productive.a.01,<t>productive</t> farmland
products,5582,merchandise.n.01,that store offers a variety of <t>products</t>
profanely,5583,profanely.r.01,muttering <t>profanely</t>
profession,5584,profession.n.01,the news spread rapidly through the medical <t>profession</t>
proficient,5585,adept.s.01,a <t>proficient</t> engineer
profile,5586,profile.n.01,a biochemical <t>profile</t> of blood
profitable,5587,profitable.a.01,<t>profitable</t> speculation on the stock market
profound,5588,profound.a.01,the differences are <t>profound</t>
profusion,5589,profusion.n.01,the <t>profusion</t> of detail
progress,5590,advancement.n.03,great <t>progress</t> in the arts
progressed,5591,progress.v.01,He <t>progressed</t> well in school
prohibition,5592,prohibition.n.01,in 1920 the 18th amendment to the Constitution established <t>prohibition</t> in the US
prohibitive,5593,prohibitive.s.01,the price was <t>prohibitive</t>
projected,5594,project.v.01,He <t>projected</t> his feelings
proliferate,5595,proliferate.v.01,Pizza parlors <t>proliferate</t> in this area
prolific,5596,fecund.s.02,a <t>prolific</t> writer
prolix,5597,prolix.a.01,editing a <t>prolix</t> manuscript
prolonged,5598,prolong.v.01,We <t>prolonged</t> our stay
prominent,5599,outstanding.s.02,a new theory is the most <t>prominent</t> feature of the book
promiscuous,5600,promiscuous.s.01,Clinton was criticized for his <t>promiscuous</t> solicitation of campaign money
promoting,5601,promote.v.01,I am <t>promoting</t> the use of computers in the classroom
promptly,5602,promptly.r.01,the rescue squad arrived <t>promptly</t>
prone,5603,prone.s.01,a child <t>prone</t> to mischief
proneness,5604,proneness.n.01,accident <t>proneness</t>
pronounces,5605,pronounce.v.01,She <t>pronounces</t> French words in a funny way
pronunciation,5606,pronunciation.n.01,they are always correcting my <t>pronunciation</t>
proof,5607,proof.n.01,"if you have any <t>proof</t> for what you say, now is the time to produce it"
propagate,5608,propagate.v.01,<t>propagate</t> these characteristics
proper,5609,proper.a.01,<t>proper</t> medical treatment
properly,5610,properly.r.01,please do your job <t>properly</t>!
properly_speaking,5611,properly_speaking.r.01,"<t>properly speaking</t>, they are not husband and wife"
property,5612,property.n.01,that hat is my <t>property</t>
prophetic,5613,prophetic.a.01,<t>prophetic</t> writings
propitious,5614,propitious.a.01,<t>propitious</t> omens
proportionate,5615,proportionate.a.01,<t>proportionate</t> representation of a minority group
proposed,5616,propose.v.01,the senator <t>proposed</t> to abolish the sales tax
props,5617,props.n.01,I have to give my <t>props</t> to the governor for the way he handled the problem
prosaic,5618,matter-of-fact.s.01,a <t>prosaic</t> and unimaginative essay
prospects,5619,prospect.n.01,his <t>prospects</t> as a writer are excellent
prospectus,5620,prospectus.n.01,a <t>prospectus</t> should contain the facts that an investor needs to make an informed decision
prosperous,5621,comfortable.s.03,a <t>prosperous</t> family
prostration,5622,collapse.n.01,the commander's <t>prostration</t> demoralized his men
protean,5623,protean.s.01,eyes...of that baffling <t>protean</t> grey which is never twice the same
protection,5624,protection.n.01,the witnesses demanded police <t>protection</t>
protective,5625,protective.a.01,a <t>protective</t> covering
protects,5626,protect.v.01,Weatherbeater <t>protects</t> your roof from the rain
protein,5627,protein.n.01,a diet high in <t>protein</t>
protest,5628,protest.n.01,they finished the game under <t>protest</t> to the league president
protestations,5629,protest.n.01,the many <t>protestations</t> did not stay the execution
prototype,5630,prototype.n.01,he is the <t>prototype</t> of good breeding
protuberance,5631,bulge.n.01,the occipital <t>protuberance</t> was well developed
proud,5632,proud.a.01,<t>proud</t> parents
proved,5633,prove.v.01,She <t>proved</t> to be right
proverbial,5634,proverbial.a.01,he kicked the <t>proverbial</t> bucket
provided,5635,supply.v.01,We <t>provided</t> the room with an electrical heater
provident,5636,provident.a.01,wild squirrels are <t>provident</t>
providential,5637,heaven-sent.s.01,a <t>providential</t> recovery
provision,5638,provision.n.01,he accepted subject to one <t>provision</t>
provisional,5639,probationary.s.01,a <t>provisional</t> government
provocative,5640,provocative.a.01,a <t>provocative</t> remark
proximate,5641,proximate.a.01,news of his <t>proximate</t> arrival
prudent,5642,prudent.a.01,a <t>prudent</t> manager
prudential,5643,prudential.s.01,he abstained partly for <t>prudential</t> reasons
pruner,5644,pruner.n.01,untouched by the <t>pruner</t>'s axe
prurient,5645,lubricious.s.02,<t>prurient</t> literature
prussia,5646,prussia.n.01,in the 19th century <t>Prussia</t> led the economic and political unification of the German states
psalmist,5647,psalmist.n.01,David is called The <t>Psalmist</t> because he is believed to be the author of the Book of Psalms
psychoanalysis,5648,psychoanalysis.n.01,his physician recommended <t>psychoanalysis</t>
public,5649,populace.n.01,he is a hero in the eyes of the <t>public</t>
publicly,5650,publicly.r.01,she admitted <t>publicly</t> to being a communist
published,5651,print.v.01,The newspaper <t>published</t> the news of the royal couple's divorce
puckered,5652,pucker.v.01,She <t>puckered</t> her lips
pudding,5653,pudding.n.01,corn <t>pudding</t>
puerile,5654,puerile.a.01,<t>puerile</t> breathing
puffing,5655,puffing.n.01,they smoked up the room with their ceaseless <t>puffing</t>
puissance,5656,puissance.n.01,the <t>puissance</t> of the labor vote
pukka,5657,pukka.s.01,<t>pukka</t> sahib
pulchritudinous,5658,pulchritudinous.s.01,<t>pulchritudinous</t> movie stars
pull,5659,pull.n.01,the <t>pull</t> up the hill had him breathing harder
pulling,5660,pull.n.01,his strenuous <t>pulling</t> strained his back
pulp,5661,pulp.n.01,he pounded it to a <t>pulp</t>
pumped_up,5662,pumped-up.s.01,we were really <t>pumped up</t> for the race
pun,5663,pun.n.01,I do it for the <t>pun</t> of it
punch-up,5664,punch-up.n.01,the quarrel ended in a <t>punch-up</t>
punctilious,5665,meticulous.s.01,<t>punctilious</t> in his attention to rules of etiquette
punctual,5666,punctual.a.01,she expected guests to be <t>punctual</t> at meals
pungency,5667,pungency.n.01,he commented with typical <t>pungency</t>
pungent,5668,pungent.s.01,the <t>pungent</t> taste of radishes
pungently,5669,pungently.r.01,he wrote <t>pungently</t> about his contemporaries
punish,5670,punish.v.01,we had to <t>punish</t> the dog for soiling the floor again
punitive,5671,punitive.a.01,<t>punitive</t> justice
punning,5672,pun.n.01,his constant <t>punning</t> irritated her
puny,5673,puny.s.01,a <t>puny</t> physique
pupate,5674,pupate.v.01,the insect larva <t>pupate</t>
purchase,5675,purchase.n.01,they closed the <t>purchase</t> with a handshake
purchased,5676,buy.v.01,The family <t>purchased</t> a new car
pure,5677,pure.a.01,<t>pure</t> air and water
purgatory,5678,purgatory.n.01,a <t>purgatory</t> of drug abuse
purged,5679,purge.v.01,Deng Xiao Ping was <t>purged</t> several times throughout his lifetime
purify,5680,purify.v.01,<t>purify</t> the water
puritanic,5681,blue.s.07,<t>puritanic</t> distaste for alcohol
purposefully,5682,purposefully.r.01,"he caught the motorcycles in the full glare of his headlights, braked and slipped <t>purposefully</t> out of the car"
pursuant,5683,pursuant.s.01,<t>pursuant</t> to our agreement
pursued,5684,pursued.n.01,the film jumped back and forth from the pursuer to the <t>pursued</t>
pursuit,5685,pursuit.n.01,the culprit started to run and the cop took off in <t>pursuit</t>
purulent,5686,purulent.s.01,a <t>purulent</t> wound
push,5687,push.n.01,he gave the door a hard <t>push</t>
pushed,5688,push.v.01,He <t>pushed</t> the table into a corner
pushing,5689,push.n.01,the <t>pushing</t> is good exercise
put-up,5690,put-up.s.01,it was a <t>put-up</t> job
put_on,5691,wear.v.09,He <t>put on</t> his best suit for the wedding
put_over,5692,get_across.v.01,He <t>put over</t> the idea very well
putative,5693,putative.s.01,the foundling's <t>putative</t> father
putrescent,5694,putrescent.s.01,a trail lined by <t>putrescent</t> carcasses
putrid,5695,putrid.a.01,<t>putrid</t> decomposition
putt,5696,putt.n.01,his putting let him down today; he didn't sink a single <t>putt</t> over three feet
putting,5697,putt.n.01,his <t>putting</t> let him down today; he didn't sink a single putt over three feet
puzzler,5698,puzzle.n.01,that's a real <t>puzzler</t>
puzzles,5699,puzzle.n.01,he loved to solve chessmate <t>puzzles</t>
pyongyang,5700,pyongyang.n.01,<t>Pyongyang</t> is Korea's oldest city but little of its history has been preserved
quadrillion,5701,quadrillion.n.01,in England they call a septillion a <t>quadrillion</t>
quaint,5702,quaint.s.01,<t>quaint</t> dialect words
qualifications,5703,qualification.n.01,her <t>qualifications</t> for the job are excellent
qualifier,5704,qualifier.n.01,the tournament was won by a late <t>qualifier</t>
quality,5705,quality.n.01,the <t>quality</t> of mercy is not strained
quantum_leap,5706,quantum_leap.n.01,this may not insure success but it will represent a <t>quantum leap</t> from last summer
quarantined,5707,quarantine.v.01,My dog was <t>quarantined</t> before he could live in England
quarrel,5708,quarrel.n.01,they had a <t>quarrel</t>
quarrelsome,5709,quarrelsome.s.01,<t>quarrelsome</t> when drinking
quarter,5710,one-fourth.n.01,a <t>quarter</t> of a pound
quarters,5711,living_quarters.n.01,he found <t>quarters</t> for his family
quasi,5712,quasi.s.01,a <t>quasi</t> success
quelling,5713,suppression.n.03,the <t>quelling</t> of the rebellion
quest,5714,pursuit.n.02,a <t>quest</t> for wealth
questing,5715,quest.v.01,Things that die with their eyes open and <t>questing</t>
question,5716,question.n.01,there was a <t>question</t> about my training
questionable,5717,questionable.a.01,<t>questionable</t> motives
quick-witted,5718,quick-witted.s.01,<t>quick-witted</t> debater
quickly,5719,quickly.r.01,he works <t>quickly</t>
quiescent,5720,quiescent.s.01,the <t>quiescent</t> level of centimeter wave-length solar radiation
quietly,5721,softly.r.01,she spoke <t>quietly</t> to the child
quit,5722,discontinue.v.01,<t>Quit</t> teasing your little brother
quite,5723,quite.r.01,<t>quite</t> tasty
quite_a,5724,quite.r.03,she's <t>quite a</t> girl
quixotic,5725,quixotic.s.01,as <t>quixotic</t> as a restoration of medieval knighthood
quizzically,5726,questioningly.r.02,they looked <t>quizzically</t> at the doctor
quondam,5727,erstwhile.s.01,her <t>quondam</t> lover
quota,5728,quota.n.01,all the salesmen met their <t>quota</t> for the month
quoted,5729,quote.v.01,He <t>quoted</t> the Bible to her
quotidian,5730,everyday.s.01,there's nothing quite like a real...train conductor to add color to a <t>quotidian</t> commute
race,5731,race.n.01,the <t>race</t> for the presidency
race_meeting,5732,race_meeting.n.01,the Epsom <t>race meeting</t> was an important social event
raced,5733,rush.v.01,The cars <t>raced</t> down the street
rachitic,5734,rickety.s.02,a <t>rachitic</t> patient
racial,5735,racial.a.01,<t>racial</t> groups
racy,5736,lively.s.01,a <t>racy</t> literary style
radiant,5737,beaming.s.03,a <t>radiant</t> sunrise
radiates,5738,radiate.v.01,The sun <t>radiates</t> heat
rage,5739,fury.n.01,his face turned red with <t>rage</t>
raided,5740,raid.v.01,The police <t>raided</t> the crack house
rainless,5741,rainless.s.01,a <t>rainless</t> month
rainy,5742,showery.s.01,<t>rainy</t> days
raise,5743,raise.n.01,he got a 3% <t>raise</t>
raise_the_roof,5744,raise_the_roof.v.01,He will <t>raise the roof</t> when he hears this
raising,5745,elevation.n.01,a <t>raising</t> of the land resulting from volcanic activity
raked,5746,rake.v.01,She <t>raked</t> her fingers through her hair
rallying,5747,rallying.n.01,the bell was a signal for the <t>rallying</t> of the whole neighborhood
rambunctious,5748,boisterous.s.01,a social gathering that became <t>rambunctious</t> and out of hand
ramify,5749,complexify.v.01,These actions will <t>ramify</t>
rampageous,5750,rampageous.s.01,the hot <t>rampageous</t> horses of my will
rampant,5751,rampant.s.01,<t>rampant</t> aggression
ramparts,5752,rampart.n.01,they stormed the <t>ramparts</t> of the city
ramshackle,5753,bedraggled.s.02,a <t>ramshackle</t> old pier
ran,5754,run.v.01,The children <t>ran</t> to the store
rancid,5755,rancid.s.01,<t>rancid</t> butter
random,5756,random.a.01,a <t>random</t> choice
randomly,5757,randomly.r.01,the houses were <t>randomly</t> scattered
rang,5758,ring.v.01,the bells <t>rang</t>
range,5759,scope.n.01,the <t>range</t> of a supersonic jet
ranged,5760,range.v.01,The instruments <t>ranged</t> from tuba to cymbals
rank_and_file,5761,rank_and_file.n.01,the strike was supported by the union <t>rank and file</t>
rankled,5762,eat_into.v.01,The injustice <t>rankled</t> her
ranks,5763,rank.n.01,the entrance was guarded by <t>ranks</t> of policemen
rap,5764,blame.n.02,it was a bum <t>rap</t>
rapacious,5765,predatory.s.02,the <t>rapacious</t> wolf
rapture,5766,ecstasy.n.01,listening to sweet music in a perfect <t>rapture</t>
rare,5767,rare.s.01,a <t>rare</t> word
rarefied,5768,rarefy.v.01,The bones are <t>rarefied</t>
rarely,5769,rarely.r.01,we <t>rarely</t> met
raring,5770,impatient.s.01,<t>raring</t> to go
rate,5771,rate.n.01,they traveled at a <t>rate</t> of 55 miles per hour
rated,5772,rate.v.01,The restaurant is <t>rated</t> highly in the food guide
rather,5773,rather.r.01,"<t>rather</t> than disappoint the children, he did two quick tricks before he left"
ratification,5774,ratification.n.01,the <t>ratification</t> of the treaty
ratified,5775,sign.v.02,All parties <t>ratified</t> the peace treaty
rationale,5776,rationale.n.01,the <t>rationale</t> for capital punishment
rationality,5777,rationality.n.01,his <t>rationality</t> may have been impaired
rationally,5778,rationally.r.01,we must act <t>rationally</t>
rationed,5779,ration.v.01,Bread was <t>rationed</t> during the siege of the city
rations,5780,ration.n.01,the <t>rations</t> should be nutritionally balanced
rattle,5781,rattle.n.01,the death <t>rattle</t>
raucously,5782,raucously.r.01,his voice rang <t>raucously</t>
raunchy,5783,raunchy.s.01,a <t>raunchy</t> novel
ravages,5784,ravage.n.01,the <t>ravages</t> of time
ravenous,5785,famished.s.01,a <t>ravenous</t> boy
raves,5786,rave.n.01,<t>raves</t> are very popular in Berlin
raving,5787,raving.n.01,the <t>raving</t> of maniacs
raw,5788,raw.n.01,in the <t>raw</t>
rawness,5789,rawness.n.01,the <t>rawness</t> of the midnight air
re-examine,5790,re-examine.v.01,<t>re-examine</t> one's witness
reach,5791,range.n.02,he was beyond the <t>reach</t> of their fire
reached,5792,reach.v.01,The water <t>reached</t> the doorstep
reaction,5793,chemical_reaction.n.01,there was a chemical <t>reaction</t> of the lime with the ground water
reactive,5794,reactive.a.01,sodium is a <t>reactive</t> metal
read,5795,read.n.01,the article was a very good <t>read</t>
readily,5796,readily.r.01,these snakes can be identified <t>readily</t>
readiness,5797,readiness.n.01,putting them in <t>readiness</t>
reading,5798,reading.n.01,his main <t>reading</t> was detective stories
readjust,5799,readjust.v.01,"After moving back to America, he had to <t>readjust</t>"
ready,5800,ready.n.01,their guns were at the <t>ready</t>
ready-to-wear,5801,ready-to-wear.n.01,she couldn't find anything in <t>ready-to-wear</t> that she liked
ready_cash,5802,ready_cash.n.01,his wife was always a good source of <t>ready cash</t>
realistic,5803,realistic.a.01,a <t>realistic</t> description
reality,5804,world.n.03,for them demons were as much a part of <t>reality</t> as trees were
reality_check,5805,reality_check.n.01,this program is intended as a <t>reality check</t> for CEOs
really,5806,truly.r.01,they don't <t>really</t> listen to us
realm,5807,kingdom.n.01,the rise of the <t>realm</t> of cotton in the south
rear,5808,rear.n.01,infantrymen were in the <t>rear</t>
rear-ended,5809,rear-end.v.01,The car <t>rear-ended</t> me
reared,5810,rear.v.01,The horse <t>reared</t> in terror
rearrange,5811,rearrange.v.01,Please <t>rearrange</t> these files
reason,5812,reason.n.01,the <t>reason</t> that war was declared
reasonably,5813,reasonably.r.01,the shoes are priced <t>reasonably</t>
reasoned,5814,reason.v.01,We <t>reasoned</t> that it was cheaper to rent than to buy a house
reassure,5815,reassure.v.01,The airline tried to <t>reassure</t> the customers that the planes were safe
rebellion,5816,rebellion.n.01,each generation must have its own <t>rebellion</t>
rebellious,5817,rebellious.s.01,temperamentally <t>rebellious</t>
rebuild,5818,rebuild.v.01,The house was <t>rebuild</t> after it was hit by a bomb
rebuke,5819,rebuke.n.01,he had to take the <t>rebuke</t> with a smile on his face
recalculated,5820,recalculate.v.01,The costs had to be <t>recalculated</t>
recapitulate,5821,recapitulate.v.01,Let's <t>recapitulate</t> the main ideas
recast,5822,recast.v.01,He was <t>recast</t> as Iago
receive,5823,receive.v.01,<t>receive</t> payment
recently,5824,recently.r.01,he was in Paris <t>recently</t>
reception,5825,reception.n.01,she did not expect the cold <t>reception</t> she received from her superiors
receptive,5826,receptive.s.01,<t>receptive</t> to reason and the logic of facts
reciprocal,5827,reciprocal.n.01,risk is the <t>reciprocal</t> of safety
reciprocate,5828,reciprocate.v.01,We always invite the neighbors and they never <t>reciprocate</t>!
reckless,5829,foolhardy.s.01,became the fiercest and most <t>reckless</t> of partisans
reclusive,5830,recluse.s.01,lived an unsocial <t>reclusive</t> life
recognition,5831,recognition.n.01,the partners were delighted with the <t>recognition</t> of their work
recognize,5832,acknowledge.v.06,We do not <t>recognize</t> your gods
recommended,5833,recommend.v.01,The travel agent <t>recommended</t> strongly that we not travel on Thanksgiving Day
recondite,5834,abstruse.s.01,some <t>recondite</t> problem in historiography
reconnaissance,5835,reconnaissance.n.01,an exchange of fire occurred on a <t>reconnaissance</t> mission
reconsider,5836,reconsider.v.01,Won't you <t>reconsider</t> your decision?
record,5837,record.n.01,the film provided a valuable <t>record</t> of stage techniques
recounting,5838,relation.n.04,his endless <t>recounting</t> of the incident eventually became unbearable
recourse,5839,recourse.n.01,have <t>recourse</t> to the courts
recovery,5840,recovery.n.01,the <t>recovery</t> of the forest after the fire was surprisingly rapid
recreation,5841,diversion.n.01,for <t>recreation</t> he wrote poetry and solved crossword puzzles
recreational,5842,recreational.a.01,a <t>recreational</t> area with a pool and ball fields
recruited,5843,enroll.v.01,The party <t>recruited</t> many new members
rectify,5844,rectify.v.01,<t>rectify</t> a curve
rectilinear,5845,rectilinear.s.01,<t>rectilinear</t> patterns in wallpaper
recuperate,5846,recover.v.04,<t>recuperate</t> one's losses
recurring,5847,recur.v.01,This is a <t>recurring</t> story
red-faced,5848,crimson.s.03,<t>red-faced</t> and violent
red-letter,5849,red-letter.s.01,on <t>red-letter</t> nights a large gathering greeted the celebrity
red_flag,5850,red_flag.n.01,we didn't swim at the beach because the <t>red flag</t> was up
redeposit,5851,redeposit.v.01,<t>redeposit</t> a cheque
redirect,5852,redirect.v.01,<t>redirect</t> your attention to the danger from the fundamentalists
redistribute,5853,redistribute.v.01,<t>redistribute</t> the troops more strategically
redolent,5854,evocative.s.01,cannot forbear to close on this <t>redolent</t> literary note
redoubtable,5855,formidable.s.02,"a tougher and more <t>redoubtable</t> adversary than the heel-clicking, jackbooted fanatic"
reduce,5856,reduce.v.01,<t>reduce</t> your daily fat intake
redundant,5857,excess.s.01,yet another book on heraldry might be thought <t>redundant</t>
reference_work,5858,reference_book.n.01,he contributed articles to the basic <t>reference work</t> on that topic
references,5859,mention.n.01,the speaker made several <t>references</t> to his wife
referral,5860,referral.n.01,the patient is a <t>referral</t> from Dr. Bones
refill,5861,refill.n.01,he got a <t>refill</t> of his prescription
refine,5862,polish.v.02,<t>refine</t> one's style of writing
refinement,5863,polish.n.02,I admired the exquisite <t>refinement</t> of his prose
reflects,5864,reflect.v.01,This action <t>reflects</t> his true beliefs
reform,5865,reform.n.01,justice was for sale before the <t>reform</t> of the law courts
refrained,5866,refrain.v.01,He <t>refrained</t> from hitting him back
refulgent,5867,beaming.s.03,a <t>refulgent</t> sunset
refuted,5868,refute.v.01,The speaker <t>refuted</t> his opponent's arguments
regained,5869,recover.v.01,She <t>regained</t> control of herself
regal,5870,imperial.s.01,<t>regal</t> attire
regally,5871,regally.r.01,a <t>regally</t> appropriate representative
regardless,5872,careless.s.02,crushing the blooms with <t>regardless</t> tread
regional,5873,regional.a.01,<t>regional</t> flora
regions,5874,region.n.01,the farming <t>regions</t> of France
regret,5875,sorrow.n.02,he wrote a note expressing his <t>regret</t>
regretful,5876,regretful.a.01,felt <t>regretful</t> over his vanished youth
regrettable,5877,regrettable.s.01,<t>regrettable</t> remarks
regularly,5878,regularly.r.01,letters arrived <t>regularly</t> from his children
regulate,5879,regulate.v.01,<t>regulate</t> the temperature
rehabilitated,5880,rehabilitate.v.01,The prisoner was successfully <t>rehabilitated</t>
rehash,5881,rehash.n.01,merely a dull <t>rehash</t> of his first novel
rehearsal,5882,rehearsal.n.01,a <t>rehearsal</t> will be held the day before the wedding
reheat,5883,reheat.v.01,Please <t>reheat</t> the food from last night
reign,5884,reign.n.01,he was helpless under the <t>reign</t> of his egotism
reigned,5885,reign.v.01,Henry VIII <t>reigned</t> for a long time
reimburse,5886,reimburse.v.01,Can the company <t>reimburse</t> me for my professional travel?
reimbursement,5887,reimbursement.n.01,he received <t>reimbursement</t> for his travel expenses
reincarnation,5888,reincarnation.n.01,his <t>reincarnation</t> as a lion
reinforced,5889,reinforce.v.01,he <t>reinforced</t> the concrete
reinstalled,5890,reinstall.v.01,She <t>reinstalled</t> the washer after it had been repaired
reinstatement,5891,reinstatement.n.01,her <t>reinstatement</t> to her former office followed quickly
rejected,5892,reject.v.01,The journal <t>rejected</t> the student's paper
rejection,5893,rejection.n.01,his proposals were met with <t>rejection</t>
rejoinder,5894,rejoinder.n.01,it brought a sharp <t>rejoinder</t> from the teacher
relapsed,5895,get_worse.v.01,he <t>relapsed</t>
relate,5896,associate.v.01,I cannot <t>relate</t> these events at all
related_to,5897,related.a.01,<t>related to</t> micelle formation is the...ability of detergent actives to congregate at oil-water interfaces
relationship,5898,relationship.n.01,the <t>relationship</t> between mothers and their children
relatively,5899,relatively.r.01,the situation is <t>relatively</t> calm now
relatives,5900,relative.n.01,police are searching for <t>relatives</t> of the deceased
relax,5901,relax.v.01,Let's all <t>relax</t> after a hard day's work
relaxed,5902,relax.v.01,He <t>relaxed</t> in the hot tub
relaxer,5903,relaxer.n.01,music is a good <t>relaxer</t>
relay,5904,relay.n.01,the <t>relay</t> was successful
release,5905,release.n.01,a new <t>release</t> from the London Symphony Orchestra
relegate,5906,relegate.v.01,She likes to <t>relegate</t> difficult questions to her colleagues
relentless,5907,grim.s.01,<t>relentless</t> persecution
relentlessly,5908,relentlessly.r.01,he worked <t>relentlessly</t>
relentlessness,5909,relentlessness.n.01,the <t>relentlessness</t> or their pursuit
relevant,5910,relevant.a.01,the scientist corresponds with colleagues in order to learn about matters <t>relevant</t> to her own research
reliable,5911,reliable.a.01,a <t>reliable</t> source of information
reliance,5912,reliance.n.01,he wrote the paper with considerable <t>reliance</t> on the work of other scientists
relief,5913,relief.n.01,as he heard the news he was suddenly flooded with <t>relief</t>
relieve,5914,relieve.v.01,This pill will <t>relieve</t> your headaches
relined,5915,reline.v.01,the old fur coat must be <t>relined</t>
relished,5916,enjoy.v.01,She <t>relished</t> her fame and basked in her glory
relocated,5917,relocate.v.01,Our company <t>relocated</t> to the Midwest
reluctant,5918,loath.s.01,a <t>reluctant</t> smile
rely,5919,trust.v.01,<t>Rely</t> on your friends
rely_on,5920,depend_on.v.02,she is someone you can really <t>rely on</t> when times get rough
remainder,5921,remainder.n.01,there was no <t>remainder</t>
remained,5922,stay.v.01,The dress <t>remained</t> wet after repeated attempts to dry it
remains,5923,remains.n.01,I threw out the <t>remains</t> of my dinner
remarkable,5924,remarkable.s.01,a <t>remarkable</t> sight
remedial,5925,remedial.s.01,a <t>remedial</t> reading course
remember,5926,remember.v.01,I can't <t>remember</t> saying any such thing
remembering,5927,memory.n.02,he enjoyed <t>remembering</t> his father
remind,5928,remind.v.01,<t>Remind</t> me to call Mother
reminders,5929,reminder.n.01,he ignored his wife's <t>reminders</t>
remiss,5930,derelict.s.03,<t>remiss</t> of you not to pay your bills
remission,5931,remission.n.01,his cancer is in <t>remission</t>
remit,5932,remit.n.01,they set up a group with a <t>remit</t> to suggest ways for strengthening family life
remorseless,5933,pitiless.s.01,a monster of <t>remorseless</t> cruelty
remote,5934,remote_control.n.01,he lost the <t>remote</t> for his TV
removable,5935,removable.a.01,a <t>removable</t> cord
removal,5936,removal.n.01,he had surgery for the <t>removal</t> of a malignancy
remove,5937,remove.n.01,just one <t>remove</t> from madness
remover,5938,remover.n.01,paint <t>remover</t>
removes,5939,remove.n.01,it imitates at many <t>removes</t> a Shakespearean tragedy
remunerated,5940,compensate.v.06,My efforts were not <t>remunerated</t>
rendered,5941,render.v.01,The shot <t>rendered</t> her immobile
rendition,5942,rendition.n.01,they heard a live <t>rendition</t> of three pieces by Schubert
renewed,5943,regenerate.v.01,We <t>renewed</t> our friendship after a hiatus of twenty years
renovated,5944,renovate.v.01,They <t>renovated</t> the ceiling of the Sistine Chapel
renovation,5945,renovation.n.01,they are pursuing a general program of <t>renovation</t> to the entire property
renowned,5946,celebrated.s.01,a <t>renowned</t> painter
rented,5947,rent.v.01,We <t>rented</t> our apartment to friends while we were abroad
repaired,5948,repair.v.01,She <t>repaired</t> her TV set
reparation,5949,reparation.n.01,an act for which there is no <t>reparation</t>
repeat,5950,repeat.n.01,the events today were a <t>repeat</t> of yesterday's
repeatedly,5951,repeatedly.r.01,it must be washed <t>repeatedly</t>
repeaters,5952,repeater.n.01,the audience consisted largely of <t>repeaters</t> who had seen the movie many times
repel,5953,repel.v.01,<t>repel</t> the enemy
repercussions,5954,repercussion.n.01,his declaration had unforeseen <t>repercussions</t>
replace,5955,replace.v.01,We need to <t>replace</t> the secretary that left a month ago
replaced,5956,replace.v.01,He <t>replaced</t> the old razor blade
replacing,5957,replacement.n.01,<t>replacing</t> the star will not be easy
replies,5958,answer.n.01,he wrote <t>replies</t> to several of his critics
repose,5959,rest.n.02,took his <t>repose</t> by the swimming pool
reposed,5960,repose.v.01,These philosophers <t>reposed</t> the law in the people
reposition,5961,repositing.n.01,they decided to <t>reposition</t> their furniture in a recommended repository in Brooklyn
reprehensible,5962,condemnable.s.01,adultery is as <t>reprehensible</t> for a husband as for a wife
repression,5963,repression.n.01,the long <t>repression</t> of Christian sects
reproach,5964,reproach.n.01,words of <t>reproach</t>
reproached,5965,reproach.v.01,The president <t>reproached</t> the general for his irresponsible behavior
reproduce,5966,reproduce.v.01,<t>reproduce</t> the painting
reproductive,5967,generative.s.01,the <t>reproductive</t> potential of a species is its relative capacity to reproduce itself under optimal conditions
repudiation,5968,repudiation.n.01,Congressional <t>repudiation</t> of the treaty that the President had negotiated
repugnant,5969,abhorrent.s.01,morally <t>repugnant</t> customs
repulsive,5970,abhorrent.s.01,<t>repulsive</t> behavior
reputable,5971,reputable.a.01,a <t>reputable</t> business
reputed,5972,think_of.v.03,He is <t>reputed</t> to be intelligent
requested,5973,request.v.01,She <t>requested</t> an extra bed in her room
requirements,5974,requirement.n.01,the <t>requirements</t> of his work affected his health
requires,5975,necessitate.v.01,success usually <t>requires</t> hard work
requisites,5976,necessity.n.02,a place where the <t>requisites</t> of water fuel and fodder can be obtained
reschedule,5977,reschedule.v.01,We had to <t>reschedule</t> the doctor's appointment
reseal,5978,reseal.v.01,<t>reseal</t> the bottle after using the medicine
researched,5979,research.v.01,The student <t>researched</t> the history of that word
resentful,5980,resentful.a.01,<t>resentful</t> at the way he was treated
resents,5981,resent.v.01,She <t>resents</t> being paid less than her co-workers
reservoir,5982,reservoir.n.01,a <t>reservoir</t> of talent
resettle,5983,resettle.v.01,The immigrants had to <t>resettle</t>
reshaped,5984,reshape.v.01,The new foreign minister <t>reshaped</t> the foreign policy of his country
reshuffle,5985,reshuffle.n.01,there was a <t>reshuffle</t> of cabinet officers
reside,5986,reside.v.01,may parents <t>reside</t> in Florida
residences,5987,residence.n.01,a person can have several <t>residences</t>
resigned,5988,vacate.v.01,The chairman <t>resigned</t> when he was found to have misappropriated funds
resistance,5989,resistance.n.01,he encountered a general feeling of <t>resistance</t> from many citizens
resolute,5990,resolute.a.01,stood <t>resolute</t> against the enemy
resolutely,5991,resolutely.r.01,she <t>resolutely</t> refused to look at him or speak to him
resonant,5992,resonant.s.01,a <t>resonant</t> voice
resonates,5993,resonate.v.01,The sound <t>resonates</t> well in this theater
resounded,5994,resound.v.01,the hall <t>resounded</t> with laughter
resoundingly,5995,resoundingly.r.01,he then so <t>resoundingly</t> denounced his former friend
resourceful,5996,resourceful.s.01,someone who is <t>resourceful</t> is capable of dealing with difficult situations
respect,5997,respect.n.01,it differs in that <t>respect</t>
respectable,5998,respectable.a.01,a <t>respectable</t> woman
respectful,5999,respectful.a.01,<t>respectful</t> behavior
respectively,6000,respectively.r.01,"the brothers were called Felix and Max, <t>respectively</t>"
respects,6001,respects.n.01,he paid his <t>respects</t> to the mayor
response,6002,response.n.01,this situation developed in <t>response</t> to events in Africa
responsibility,6003,duty.n.01,"every right implies a <t>responsibility</t>; every opportunity, an obligation; every possession, a duty"
responsible,6004,responsible.a.01,a <t>responsible</t> adult
responsible_for,6005,responsible.s.01,termites were <t>responsible for</t> the damage
responsive,6006,responsive.a.01,<t>responsive</t> reading
rest,6007,remainder.n.01,he threw away the <t>rest</t>
restful,6008,restful.a.01,she spent a <t>restful</t> night at home
restlessly,6009,restlessly.r.01,he cracked his knuckles <t>restlessly</t>
restlessness,6010,restlessness.n.01,the <t>restlessness</t> of the wind
restore,6011,restore.v.01,<t>restore</t> the forest to its original pristine condition
restraint,6012,restraint.n.01,the unlawful <t>restraint</t> of trade
restrictions,6013,restriction.n.01,I am willing to accept certain <t>restrictions</t> on my movements
restrictive,6014,restrictive.a.01,teenagers eager to escape <t>restrictive</t> home environments
resumed,6015,resume.v.01,We <t>resumed</t> the negotiations
resurgent,6016,resurgent.s.01,<t>resurgent</t> nationalism
resurrected,6017,resurrect.v.01,"Slavery is already dead, and cannot be <t>resurrected</t>"
resuscitation,6018,resuscitation.n.01,"although he was apparently drowned, <t>resuscitation</t> was accomplished by artificial respiration"
retain,6019,retain.v.01,I <t>retain</t> this drug for a long time
retains,6020,retain.v.01,This soil <t>retains</t> water
retarded,6021,mentally_retarded.n.01,he started a school for the <t>retarded</t>
retentive,6022,retentive.a.01,a <t>retentive</t> mind
retired,6023,retire.v.01,He <t>retired</t> at age 68
retouch,6024,retouch.v.01,<t>retouch</t> the roots
retracted,6025,abjure.v.01,He <t>retracted</t> his earlier statements about his religion
retreat,6026,retreat.n.01,the disorderly <t>retreat</t> of French troops
retreated,6027,retreated.n.01,he had only contempt for the <t>retreated</t>
retrospect,6028,retrospect.n.01,in <t>retrospect</t>
return,6029,tax_return.n.01,his gross income was enough that he had to file a tax <t>return</t>
returned,6030,return.v.01,the professor <t>returned</t> to his teaching position after serving as Dean
rev_up,6031,rev_up.v.01,let's <t>rev up</t> production
revamped,6032,revamp.v.01,They <t>revamped</t> their old house before selling it
reverberant,6033,reverberant.a.01,a <t>reverberant</t> room
reverence,6034,fear.n.03,the Chinese <t>reverence</t> for the dead
reverent,6035,reverent.a.01,maintained a <t>reverent</t> silence
reversal,6036,reversal.n.01,there was a <t>reversal</t> of autonomic function
reverse,6037,reverse.n.01,we thought Sue was older than Bill but just the <t>reverse</t> was true
reversed,6038,change_by_reversal.v.01,The trend was <t>reversed</t>
reverted,6039,revert.v.01,We <t>reverted</t> to the old rules
revision,6040,revision.n.01,it would require a drastic <t>revision</t> of his opinion
revival,6041,revival.n.01,the <t>revival</t> of trade
revived,6042,resuscitate.v.01,The doctors <t>revived</t> the comatose man
revolted,6043,revolt.v.01,The people <t>revolted</t> when bread prices tripled again
reward,6044,wages.n.01,virtue is its own <t>reward</t>
rewarded,6045,honor.v.01,The scout was <t>rewarded</t> for courageous action
rewrite,6046,rewrite.n.01,the <t>rewrite</t> was much better
rhetorical,6047,rhetorical.a.01,accepted two or three verbal and <t>rhetorical</t> changes I suggested
rhone,6048,rhone.n.01,the valley of the <t>Rhone</t> is famous for its vineyards
rhythm,6049,rhythm.n.01,the piece has a fast <t>rhythm</t>
rhythmic,6050,rhythmical.a.01,the <t>rhythmic</t> chiming of church bells
ribbed,6051,rib.v.01,A <t>ribbed</t> sweater
ribbon,6052,ribbon.n.01,a mere <t>ribbon</t> of land
ribosome,6053,ribosome.n.01,the <t>ribosome</t> is the site of protein synthesis
rich,6054,rich_people.n.01,only the very <t>rich</t> benefit from this legislation
richness,6055,profusion.n.01,the idiomatic <t>richness</t> of English
ricin,6056,ricin.n.01,one milligram of <t>ricin</t> can kill an adult
rickety,6057,rickety.s.01,a <t>rickety</t> table
rid,6058,rid.v.01,<t>Rid</t> the house of pests
riddled,6059,riddle.v.01,The bullets <t>riddled</t> his body
ride_out,6060,last_out.v.01,<t>ride out</t> the storm
ridiculed,6061,ridicule.v.01,The satirists <t>ridiculed</t> the plans for a new opera house
rifle,6062,rifle.n.01,he lifted the <t>rifle</t> to his shoulder and fired
rift,6063,rift.n.01,the sun shone through a <t>rift</t> in the clouds
rig_up,6064,rig_up.v.01,Can he <t>rig up</t> a P.A. system?
right,6065,right.n.01,a <t>right</t> is not something that somebody gives you; it is something that nobody can take away
right-angled,6066,right-angled.s.01,a <t>right-angled</t> bend
righteous,6067,righteous.a.01,the...prayer of a <t>righteous</t> man availeth much
rightful,6068,rightful.s.01,a <t>rightful</t> inheritance
rightly,6069,rightly.r.01,he was <t>rightly</t> considered the greatest singer of his time
rights,6070,right.n.01,they are endowed by their Creator with certain unalienable <t>Rights</t>
rigid,6071,rigid.s.01,a <t>rigid</t> strip of metal
rigidly,6072,rigidly.r.01,the body was <t>rigidly</t> erect
rigorous,6073,rigorous.s.01,<t>rigorous</t> application of the law
rigorously,6074,rigorously.r.01,he had been trained <t>rigorously</t> by the monks
rimose,6075,rimose.s.01,a tree with <t>rimose</t> bark
ring,6076,ring.n.01,it has the <t>ring</t> of sincerity
ringing,6077,ring.n.06,the <t>ringing</t> of the telephone
rings,6078,rings.n.01,the <t>rings</t> require a strong upper body
riot_act,6079,riot_act.n.01,I read him the <t>riot act</t>
riotous,6080,exuberant.s.03,their <t>riotous</t> blooming
ripe,6081,ripe.a.01,<t>ripe</t> peaches
ripped,6082,rend.v.01,The curtain <t>ripped</t> from top to bottom
ripper,6083,ripper.n.01,Jack the <t>Ripper</t> was probably a madman
riser,6084,riser.n.01,he's usually a late <t>riser</t>
risible,6085,amusing.s.02,<t>risible</t> courtroom antics
risked,6086,risk.v.01,We <t>risked</t> losing a lot of money in this venture
risky,6087,hazardous.s.01,extremely <t>risky</t> going out in the tide and fog
risque,6088,blue.s.05,a <t>risque</t> story
rite,6089,rite.n.01,the <t>rite</t> of baptism
ritualistic,6090,ritualistic.a.01,a feudal or <t>ritualistic</t> society
rivals,6091,rival.n.01,he had respect for his <t>rivals</t>
river,6092,river.n.01,the <t>river</t> was navigable for 50 miles
riviera,6093,riviera.n.01,the <t>Riviera</t> contains some of Europe's most popular resorts
road_map,6094,road_map.n.01,the president said he had a <t>road map</t> for normalizing relations with Vietnam
roam,6095,roll.v.12,The cattle <t>roam</t> across the prairie
roamed,6096,roll.v.12,The gypsies <t>roamed</t> the woods
roared,6097,roar.v.01,The water <t>roared</t> down the chute
roasting,6098,roasting.n.01,the slow <t>roasting</t> took several hours
robbed,6099,rob.v.01,The burglars <t>robbed</t> him of all his money
robotic,6100,robotic.a.01,among our <t>robotic</t> devices is a vacuum cleaner
robust,6101,robust.a.01,a <t>robust</t> body
robustly,6102,robustly.r.01,he was <t>robustly</t> built
rock,6103,rock.n.01,he threw a <t>rock</t> at me
rocket_scientist,6104,rocket_scientist.n.01,you do not have to be a <t>rocket scientist</t> to figure that out
rocking,6105,rock.v.01,the ship was <t>rocking</t>
rocky,6106,rocky.s.01,<t>rocky</t> fields
roguish,6107,devilish.s.02,a <t>roguish</t> grin
roguishly,6108,roguishly.r.01,he <t>roguishly</t> intended to keep the money
role,6109,function.n.03,play its <t>role</t>
role_model,6110,model.n.06,every child needs a <t>role model</t>
roll_out,6111,roll_out.v.01,<t>roll out</t> the paper
roll_up,6112,roll_up.v.01,<t>Roll up</t> the cloth
rolled,6113,roll.v.01,The child <t>rolled</t> down the hill
roller_coaster,6114,roller_coaster.n.01,the economy has been on a <t>roller coaster</t> all year
romantically,6115,romantically.r.01,she fantasized <t>romantically</t> about eloping with her boyfriend
romped,6116,frolic.v.01,The toddlers <t>romped</t> in the playroom
roominess,6117,capaciousness.n.01,his unselfishness gave him great intellectual <t>roominess</t>
rootage,6118,rootage.n.01,strengthened by <t>rootage</t> in the firm soil of faith
rootless,6119,rootless.s.01,a <t>rootless</t> wanderer
roots,6120,roots.n.01,his <t>roots</t> in Texas go back a long way
roseate,6121,rose.s.01,the <t>roseate</t> glow of dawn
rosy,6122,rose-colored.s.01,a <t>rosy</t> future
rotary,6123,traffic_circle.n.01,the accident blocked all traffic at the <t>rotary</t>
rotates,6124,revolve.v.01,The lamb roast <t>rotates</t> on a spit over the fire
rotation,6125,rotation.n.01,the <t>rotation</t> of the dancer kept time with the music
rotational,6126,rotational.a.01,<t>rotational</t> inertia
rotter,6127,rotter.n.01,only a <t>rotter</t> would do that
roughen,6128,roughen.v.01,<t>roughen</t> the surfaces so they will stick to each other
roughly,6129,approximately.r.01,"<t>roughly</t> $3,000"
round_up,6130,round_up.v.01,<t>round up</t> some loyal followers
routinely,6131,routinely.r.01,he <t>routinely</t> parked in a no-parking zone
row,6132,row.n.01,a <t>row</t> of chairs
royalties,6133,royalty.n.01,he received <t>royalties</t> on his book
rub_up,6134,rub_up.n.01,I need a <t>rub up</t> on my Latin
rubbishy,6135,rubbishy.s.01,<t>rubbishy</t> newspapers that form almost the sole reading of the majority
rubicund,6136,rubicund.s.01,Santa's <t>rubicund</t> cheeks
ruck,6137,ruck.n.01,his brilliance raised him above the <t>ruck</t>
ruddy,6138,rubicund.s.01,a <t>ruddy</t> complexion
rudimentary,6139,fundamental.s.02,these <t>rudimentary</t> truths
rugged,6140,rugged.a.01,with a house full of boys you have to have <t>rugged</t> furniture
ruin,6141,ruin.n.01,you have brought <t>ruin</t> on this entire family
ruined,6142,destroy.v.02,You have <t>ruined</t> my car by pouring sugar in the tank!
ruinous,6143,catastrophic.s.01,a <t>ruinous</t> course of action
rule,6144,rule.n.01,it was his <t>rule</t> to take a walk before breakfast
rumbling,6145,rumble.n.01,they heard the <t>rumbling</t> of thunder
rumbustious,6146,boisterous.s.01,beneath the <t>rumbustious</t> surface of his paintings is sympathy for the vulnerability of ordinary human beings
ruminate,6147,ruminate.v.01,cows <t>ruminate</t>
rummaged,6148,rummage.v.01,We <t>rummaged</t> through the drawers
run-down,6149,creaky.s.01,a <t>run-down</t> neighborhood
run-of-the-mill,6150,run-of-the-mill.s.01,<t>run-of-the-mill</t> boxing
rune,6151,rune.n.01,each <t>rune</t> had its own magical significance
runic,6152,runic.a.01,<t>runic</t> inscription
running,6153,run.n.05,the coach put great emphasis on <t>running</t>
runs,6154,run.n.01,the Yankees scored 3 <t>runs</t> in the bottom of the 9th
rural,6155,rural.a.01,<t>rural</t> people
rushed,6156,rush.v.01,He <t>rushed</t> down the hall to receive his guests
rusty,6157,rusty.s.01,a <t>rusty</t> machine
ruthless,6158,pitiless.s.01,an act of <t>ruthless</t> ferocity
ruthlessly,6159,ruthlessly.r.01,the government has been urged to take immediate action to deal <t>ruthlessly</t> with the strikers
sabotaged,6160,sabotage.v.01,The Resistance <t>sabotaged</t> railroad operations during the war
sacerdotal,6161,sacerdotal.a.01,<t>sacerdotal</t> emphasis on the authority of priests
sacked,6162,sack.v.01,the barbarians <t>sacked</t> Rome
sacred,6163,sacred.a.01,<t>sacred</t> texts
sacrilegious,6164,blasphemous.s.01,it is <t>sacrilegious</t> to enter with shoes on
sad,6165,sad.a.01,feeling <t>sad</t> because his dog had died
saddened,6166,sadden.v.01,The news of her death <t>saddened</t> me
sadly,6167,sadly.r.01,<t>sadly</t> he died before he could see his grandchild
safe_and_sound,6168,safe_and_sound.s.01,the children were found <t>safe and sound</t>
safeguard,6169,precaution.n.01,an insurance policy is a good <t>safeguard</t>
safety,6170,safety.n.01,insure the <t>safety</t> of the children
sag,6171,sag.n.01,there was a <t>sag</t> in the chair seat
sagacious,6172,perspicacious.s.01,"observant and thoughtful, he was given to asking <t>sagacious</t> questions"
said,6173,state.v.01,He <t>said</t> that he wanted to marry her
sailed,6174,sail.v.01,We <t>sailed</t> the Atlantic
saintly,6175,angelic.s.01,a <t>saintly</t> concern for his fellow men
sake,6176,sake.n.01,for your <t>sake</t>
salacious,6177,lubricious.s.02,a <t>salacious</t> rooster of a little man
salaried,6178,salaried.a.01,<t>salaried</t> members of the staff
sale,6179,sale.n.01,he has just made his first <t>sale</t>
saltwater,6180,seawater.n.01,the water in the ocean is all <t>saltwater</t>
salty,6181,piquant.s.02,<t>salty</t> language
salubrious,6182,healthy.s.02,the <t>salubrious</t> mountain air and water
salutary,6183,good.s.16,the <t>salutary</t> influence of pure air
salute,6184,salute.n.01,a musical <t>salute</t> to the composer on his birthday
sameness,6185,sameness.n.01,<t>sameness</t> of purpose kept them together
sanative,6186,curative.s.01,a <t>sanative</t> environment of mountains and fresh air
sanctimonious,6187,holier-than-thou.s.01,a sickening <t>sanctimonious</t> smile
sanctum,6188,sanctum.n.01,"he withdrew to his <t>sanctum</t> sanctorum, where the children could never go"
sane,6189,sane.a.01,appears to be completely <t>sane</t>
sanguinary,6190,gory.s.02,this bitter and <t>sanguinary</t> war
sanitary,6191,sanitary.a.01,<t>sanitary</t> conditions for preparing food
sank,6192,sink.v.01,He <t>sank</t> to his knees
sapient,6193,perspicacious.s.01,a source of valuable insights and <t>sapient</t> advice to educators
sarcasm,6194,sarcasm.n.01,he used <t>sarcasm</t> to upset his opponent
sardonic,6195,sardonic.s.01,"his rebellion is the bitter, <t>sardonic</t> laughter of all great satirists"
saskatchewan,6196,saskatchewan.n.01,vast fields of wheat grow on <t>Saskatchewan</t>'s prairies
sass,6197,sass.n.01,don't give me any of your <t>sass</t>
satanic,6198,demonic.s.01,<t>satanic</t> cruelty
sated,6199,satiate.v.01,I am <t>sated</t>
satiny,6200,satiny.s.01,<t>satiny</t> gardenia petals
satire,6201,sarcasm.n.01,"<t>Satire</t> is a sort of glass, wherein beholders do generally discover everybody's face but their own"
satirical,6202,satirical.s.01,a persistent campaign of mockery by the <t>satirical</t> fortnightly magazine
satisfaction,6203,satisfaction.n.01,the chef tasted the sauce with great <t>satisfaction</t>
satisfactory,6204,satisfactory.a.01,<t>satisfactory</t> living conditions
saturation,6205,impregnation.n.02,the <t>saturation</t> of cotton with ether
saturnine,6206,saturnine.s.01,"the face was <t>saturnine</t> and swarthy, and the sensual lips...twisted with disdain"
satyric,6207,satyric.a.01,this <t>satyric</t> old man pursues young girls
saunter,6208,saunter.n.01,he walked with a kind of <t>saunter</t> as if he hadn't a care in the world
savagery,6209,savageness.n.01,"a craving for barbaric splendor, for <t>savagery</t> and color and the throb of drums"
save,6210,save.n.01,the goalie made a brilliant <t>save</t>
saving,6211,economy.n.04,there was a <t>saving</t> of 50 cents
saving_grace,6212,grace.n.01,it was debated whether <t>saving grace</t> could be obtained outside the membership of the church
say,6213,say.n.01,let him have his <t>say</t>
scale,6214,scale.n.01,judging on a <t>scale</t> of 1 to 10
scalp,6215,scalp.n.01,they wanted to take his <t>scalp</t> as a trophy
scan,6216,scan.n.01,he made a thorough <t>scan</t> of the beach with his binoculars
scandalous,6217,disgraceful.s.01,<t>scandalous</t> behavior
scanned,6218,scan.v.01,the surgeon <t>scanned</t> the X-ray
scarce,6219,scarce.a.01,fresh vegetables were <t>scarce</t> during the drought
scarcely,6220,barely.r.01,had <t>scarcely</t> rung the bell when the door flew open
scare,6221,panic.n.02,a war <t>scare</t>
scarify,6222,scarify.v.01,The men in some African tribes <t>scarify</t> their faces
scarred,6223,scar.v.01,The skin disease <t>scarred</t> his face permanently
scary,6224,chilling.s.01,a <t>scary</t> movie
scathing,6225,scathing.s.01,his <t>scathing</t> remarks about silly lady novelists
scattered,6226,disperse.v.02,She waved her hand and <t>scattered</t> the crowds
scavenge,6227,scavenge.v.01,<t>Scavenge</t> a street
scene,6228,scene.n.01,the police returned to the <t>scene</t> of the crime
scenery,6229,scenery.n.01,they worked all night painting the <t>scenery</t>
scenic,6230,scenic.s.01,<t>scenic</t> drives
sceptically,6231,sceptically.r.01,he looked at her <t>sceptically</t>
scheduled,6232,schedule.v.01,I've <t>scheduled</t> a concert next week
schism,6233,schism.n.01,another <t>schism</t> like that and they will wind up in bankruptcy
schismatic,6234,schismatic.a.01,<t>schismatic</t> sects
schmaltzy,6235,bathetic.s.01,a <t>schmaltzy</t> song
scholarly,6236,scholarly.a.01,<t>scholarly</t> pursuits
school,6237,school.n.01,the <t>school</t> was founded in 1900
schoolbag,6238,schoolbag.n.01,found just the right dictionary to fit into his <t>schoolbag</t>
schooled,6239,school.v.01,The children are <t>schooled</t> at great cost to their parents in private institutions
science,6240,science.n.01,the <t>science</t> of genetics
scientific,6241,scientific.a.01,<t>scientific</t> journals
scion,6242,scion.n.01,a <t>scion</t> of royal stock
sclerotic,6243,sclerotic.a.01,a <t>sclerotic</t> patient
scolded,6244,call_on_the_carpet.v.01,The mother <t>scolded</t> the child for entering a stranger's car
scope,6245,scope.n.01,within the <t>scope</t> of an investigation
scorched,6246,sear.v.01,The heat <t>scorched</t> the countryside
score,6247,mark.n.01,what was your <t>score</t> on your homework?
scored,6248,score.v.01,The home team <t>scored</t> many times
scoundrelly,6249,rascally.s.02,the tyranny of a <t>scoundrelly</t> aristocracy
scoured,6250,scour.v.01,The police <t>scoured</t> the country for the fugitive
scram,6251,scram.v.01,<t>Scram</t>!
scrambled,6252,scramble.v.01,The friend <t>scrambled</t> after them
scrambler,6253,scrambler.n.01,their quarterback was a good <t>scrambler</t>
scramblers,6254,scrambler.n.01,<t>scramblers</t> can often unnerve a better tennis player
scrape,6255,scrape.n.01,the <t>scrape</t> of violin bows distracted her
scraped,6256,scrape.v.01,The cat <t>scraped</t> at the armchair
scrappy,6257,scrappy.s.01,a <t>scrappy</t> admiral
scrawny,6258,scraggy.s.01,a long <t>scrawny</t> neck
scrimp,6259,scrimp.v.01,scratch and <t>scrimp</t>
scrubbed,6260,scrub.v.01,She <t>scrubbed</t> his back
scruffy,6261,scruffy.s.01,a surge of ragged <t>scruffy</t> children
scrupulous,6262,scrupulous.a.01,less <t>scrupulous</t> producers sent bundles that were deceptive in appearance
sculpt,6263,sculpt.v.01,<t>sculpt</t> a swan out of a block of ice
scurried,6264,scurry.v.01,so terrified by the extraordinary ebbing of the sea that they <t>scurried</t> to higher ground
seamless,6265,seamless.a.01,<t>seamless</t> stockings
seance,6266,seance.n.01,the <t>seance</t> was held in the medium's parlor
searching,6267,search.v.01,The police are <t>searching</t> for clues
season,6268,season.n.01,he celebrated his 10th <t>season</t> with the ballet company
seated,6269,seat.v.01,The host <t>seated</t> me next to Mrs. Smith
seating,6270,seating.n.01,there is <t>seating</t> for 40 students in this classroom
second-class,6271,second-class.s.01,a <t>second-class</t> citizen
second_hand,6272,second_hand.n.01,he could learn at <t>second hand</t> from books
second_thoughts,6273,reconsideration.n.02,he had <t>second thoughts</t> about his purchase
second_wind,6274,second_wind.n.01,She had dinner and got a <t>second wind</t> to finish painting
secret,6275,secret.n.01,the combination to the safe was a <t>secret</t>
secrete,6276,secrete.v.01,<t>secrete</t> digestive juices
secretly,6277,secretly.r.01,met <t>secretly</t> to discuss the invasion plans
section,6278,section.n.01,he always turns first to the business <t>section</t>
securely,6279,securely.r.01,she held the child <t>securely</t>
security,6280,security.n.01,we support the armed services in the name of national <t>security</t>
sedated,6281,sedate.v.01,The patient must be <t>sedated</t> before the operation
sedentary,6282,sedentary.s.01,forced by illness to lead a <t>sedentary</t> life
seduced,6283,seduce.v.01,Harry finally <t>seduced</t> Sally
seedy,6284,seedy.a.01,as <t>seedy</t> as a fig
seekers,6285,seeker.n.01,they are <t>seekers</t> after truth
seemingly,6286,apparently.r.01,the child is <t>seemingly</t> healthy but the doctor is concerned
seemly,6287,becoming.s.01,<t>seemly</t> behavior
seems,6288,look.v.02,She <t>seems</t> to be sleeping
segment,6289,section.n.04,finished the final <t>segment</t> of the road
segregated,6290,segregate.v.01,This neighborhood is <t>segregated</t>
seize,6291,seize.v.01,Birds of prey often <t>seize</t> small mammals
seized,6292,seize.v.01,The sales clerk quickly <t>seized</t> the money on the counter
seizure,6293,seizure.n.01,he suffered an epileptic <t>seizure</t>
selected,6294,choose.v.01,She <t>selected</t> a pair of shoes from among the dozen the salesgirl had shown her
selective,6295,selective.s.01,an exceptionally quick and <t>selective</t> reader
self-confident,6296,self-assured.s.01,hardly more than a boy but firm-knit and <t>self-confident</t>
self-conscious,6297,self-conscious.s.01,<t>self-conscious</t> awareness
self-evident,6298,axiomatic.s.01,we hold these truths to be <t>self-evident</t>
self-indulgent,6299,self-indulgent.s.01,a <t>self-indulgent</t>...way of looking at life
self-justification,6300,excuse.n.01,his transparent <t>self-justification</t> was unacceptable
self-possessed,6301,collected.s.01,strong and <t>self-possessed</t> in the face of trouble
self-propelled,6302,automotive.s.01,a <t>self-propelled</t> vehicle
self-styled,6303,self-styled.s.01,the <t>self-styled</t> `doctor' has no degree of any kind
selfish,6304,selfish.a.01,<t>Selfish</t> men were...trying to make capital for themselves out of the sacred cause of civil rights
selfsame,6305,identical.s.02,saw the <t>selfsame</t> quotation in two newspapers
sell,6306,sell.n.01,it was a hard <t>sell</t>
semantic,6307,semantic.a.01,<t>semantic</t> analysis
semblance,6308,semblance.n.01,he hoped his claims would have a <t>semblance</t> of authenticity
seminal,6309,seminal.a.01,<t>seminal</t> fluid
send_in,6310,send_in.v.01,<t>Send in</t> your comments
sender,6311,sender.n.01,return to <t>sender</t>
sensate,6312,sensate.s.01,<t>sensate</t> creatures
sensation,6313,sensation.n.01,a <t>sensation</t> of touch
sense,6314,sense.n.01,a <t>sense</t> of security
sense_of_taste,6315,taste.n.06,his cold deprived him of his <t>sense of taste</t>
senseless,6316,mindless.s.04,a <t>senseless</t> act
senselessly,6317,senselessly.r.01,these innocent bystanders were <t>senselessly</t> killed
sensible,6318,reasonable.a.01,a <t>sensible</t> choice
sensitively,6319,sensitively.r.01,she questioned the rape victim very <t>sensitively</t> about the attack
sensitivity,6320,sensitivity.n.01,<t>sensitivity</t> to pain
sensual,6321,animal.s.01,a <t>sensual</t> delight in eating
sentences,6322,sentence.n.01,he always spoke in grammatical <t>sentences</t>
sententious,6323,sententious.s.01,too often the significant episode deteriorates into <t>sententious</t> conversation
sentient,6324,sentient.a.01,the living knew themselves just <t>sentient</t> puppets on God's stage
sentimentally,6325,sentimentally.r.01,"`I miss the good old days,' she added <t>sentimentally</t>"
separable,6326,dissociable.s.01,the siamese twins were not considered <t>separable</t>
septic,6327,septic.a.01,a <t>septic</t> sore throat
sepulchral,6328,sepulchral.a.01,<t>sepulchral</t> inscriptions
sequelae,6329,sequela.n.01,paralysis is one of the <t>sequelae</t> of poliomyelitis
sequence,6330,sequence.n.01,the <t>sequence</t> of names was alphabetical
sequestration,6331,segregation.n.03,<t>sequestration</t> of the jury
seraphic,6332,seraphic.a.01,he imagined a <t>seraphic</t> presence in the room
sere,6333,dried-up.s.01,the desert was edged with <t>sere</t> vegetation
serenaded,6334,serenade.v.01,She was <t>serenaded</t> by her admirers
serene,6335,calm.s.01,he remained <t>serene</t> in the midst of turbulence
series,6336,series.n.01,they were investigating a <t>series</t> of bank robberies
serious,6337,serious.a.01,a <t>serious</t> student of history
seriously,6338,seriously.r.01,a play dealing <t>seriously</t> with the question of divorce
serous,6339,serous.a.01,a <t>serous</t> exudate
serpentine,6340,serpentine.s.01,a <t>serpentine</t> wall
serrate,6341,serrate.v.01,<t>serrate</t> the edges of the teeth
serried,6342,serried.s.01,in <t>serried</t> ranks
served,6343,serve.v.01,The female students <t>served</t> as a control group
serves,6344,serve.n.01,his powerful <t>serves</t> won the game
serviceable,6345,serviceable.a.01,<t>serviceable</t> equipment
services,6346,services.n.01,the mayor tried to maintain city <t>services</t>
servile,6347,servile.a.01,spoke in a <t>servile</t> tone
servitude,6348,servitude.n.01,penal <t>servitude</t>
sessile,6349,sessile.a.01,<t>sessile</t> marine animals and plants
session,6350,session.n.01,it was the opening <t>session</t> of the legislature
set,6351,set.n.01,a <t>set</t> of books
set_forth,6352,set_forth.v.01,<t>set forth</t> one's reasons
set_in,6353,set_in.v.01,Laziness <t>set in</t>
set_in_motion,6354,launch.v.05,Her actions <t>set in motion</t> a complicated judicial process
set_in_stone,6355,set_in_stone.s.01,the agreement is not yet <t>set in stone</t>
set_up,6356,establish.v.01,She <t>set up</t> a literacy program
setting,6357,setting.n.01,the perfect <t>setting</t> for a ghost story
settled,6358,settle.v.01,dust <t>settled</t> on the roofs
sever,6359,sever.v.01,<t>sever</t> a relationship
several,6360,several.s.01,<t>several</t> letters came in the mail
severe,6361,severe.s.01,<t>severe</t> pain
severely,6362,badly.r.01,a <t>severely</t> impaired heart
sex,6363,sexual_activity.n.01,they had <t>sex</t> in the back seat
sex_drive,6364,sex_drive.n.01,testosterone is responsible for the male <t>sex drive</t>
sexual,6365,sexual.a.01,<t>sexual</t> orientation
sexy,6366,sexy.a.01,feeling <t>sexy</t>
shabby,6367,moth-eaten.s.01,<t>shabby</t> furniture
shade,6368,shade.n.01,it is much cooler in the <t>shade</t>
shades,6369,sunglasses.n.01,he was wearing a pair of mirrored <t>shades</t>
shades_of,6370,shades_of.n.01,aren't there <t>shades of</t> 1948 here?
shadowy,6371,shady.s.04,we sat on rocks in a <t>shadowy</t> cove
shady,6372,fly-by-night.s.01,a <t>shady</t> operation
shaggy,6373,bushy.s.01,a <t>shaggy</t> beard
shaker,6374,shaker.n.01,a <t>shaker</t> of traditional beliefs
shaky,6375,rickety.s.01,a wobbly chair with <t>shaky</t> legs
shambling,6376,shamble.n.01,from his <t>shambling</t> I assumed he was very old
shambolic,6377,shambolic.a.01,it's a <t>shambolic</t> system
shamefaced,6378,shamefaced.s.01,cheerfully bearing reproaches but <t>shamefaced</t> at praise
shameful,6379,black.s.10,a <t>shameful</t> display of cowardice
shameless,6380,shameless.s.01,a <t>shameless</t> imposter
shanghaied,6381,shanghai.v.01,The men were <t>shanghaied</t> after being drugged
shapeless,6382,amorphous.s.01,a <t>shapeless</t> mass of protoplasm
shapely,6383,shapely.a.01,a slim waist and <t>shapely</t> legs
shapes,6384,shape.n.01,he could barely make out their <t>shapes</t>
share,6385,share.n.01,he wanted his <t>share</t> in cash
sharia,6386,shariah.n.01,<t>sharia</t> is only applicable to Muslims
sharpen,6387,sharpen.v.01,<t>sharpen</t> the knives
sharpener,6388,sharpener.n.01,a knife <t>sharpener</t>
sharply,6389,aggressively.r.01,she was being <t>sharply</t> questioned
shattered,6390,shatter.v.01,The wine glass <t>shattered</t>
shear,6391,shear.n.01,the <t>shear</t> changed the quadrilateral into a parallelogram
sheathe,6392,sheathe.v.01,<t>sheathe</t> her face
sheet,6393,sheet.n.01,a <t>sheet</t> of ice
shell_out,6394,distribute.v.01,<t>shell out</t> pocket money for the children
shelling,6395,barrage.n.02,the <t>shelling</t> went on for hours without pausing
shifting,6396,shift.n.05,his constant <t>shifting</t> disrupted the class
shiftless,6397,shiftless.s.01,a <t>shiftless</t> student
shifty,6398,devious.s.02,<t>shifty</t> eyes
shimmer,6399,shimmer.n.01,the <t>shimmer</t> of colors on iridescent feathers
shimmy,6400,shimmy.n.01,he could feel the <t>shimmy</t> in the steering wheel
shining,6401,shining.n.01,the <t>shining</t> of shoes provided a meager living
shiny,6402,glistening.s.01,saw the moon like a <t>shiny</t> dime on a deep blue velvet carpet
shipshape,6403,shipshape.s.01,even the barn was <t>shipshape</t>
shirked,6404,fiddle.v.01,The derelict soldier <t>shirked</t> his duties
shiva,6405,shiva.n.01,the family is sitting <t>shiva</t>
shivery,6406,shivery.s.01,felt all <t>shivery</t>
shock,6407,daze.n.01,he was numb with <t>shock</t>
shock_wave,6408,shock_wave.n.01,the explosion created a <t>shock wave</t>
shockingly,6409,shockingly.r.01,teachers were <t>shockingly</t> underpaid
shoddily,6410,shoddily.r.01,a <t>shoddily</t> built house
shooting,6411,shooting.n.01,his <t>shooting</t> was slow but accurate
shop,6412,shop.n.01,he bought it at a <t>shop</t> on Cape Cod
shop_floor,6413,shop_floor.n.01,the productive work is done on the <t>shop floor</t>
shoplifting,6414,shoplifting.n.01,shrinkage is the retail trade's euphemism for <t>shoplifting</t>
shopping,6415,shopping.n.01,went <t>shopping</t> for a reliable plumber
shorn,6416,sheared.a.01,picked up the baby's <t>shorn</t> curls from the floor
short-term,6417,short-run.s.01,a <t>short-term</t> lease
short_and_sweet,6418,short_and_sweet.s.01,the conference was <t>short and sweet</t>
shortened,6419,shorten.v.01,He <t>shortened</t> his trip due to illness
shortly,6420,shortly.r.01,he was at the airport <t>shortly</t> before she was expected to arrive
shortness,6421,shortness.n.01,the <t>shortness</t> of the Channel crossing
shouting,6422,cheering.n.01,it's all over but the <t>shouting</t>
shove,6423,shove.n.01,he gave the door a <t>shove</t>
show,6424,show.n.01,a remarkable <t>show</t> of skill
showcase,6425,showcase.n.01,it was a <t>showcase</t> for democracy in Africa
shower,6426,shower.n.01,they installed a <t>shower</t> in the bathroom
showered,6427,lavish.v.01,He was <t>showered</t> with praise
showery,6428,showery.s.01,<t>showery</t> weather
showy,6429,flamboyant.s.01,a cheap <t>showy</t> rhinestone bracelet
shrewd,6430,astute.s.01,he was too <t>shrewd</t> to go along with them on a road that could lead only to their overthrow
shrewish,6431,shrewish.s.01,a <t>shrewish</t> wife
shrillness,6432,shrillness.n.01,the <t>shrillness</t> of her hair color
shrinkage,6433,shrinking.n.01,the material lost 2 inches per yard in <t>shrinkage</t>
shrouded,6434,shroud.v.01,The origins of this civilization are <t>shrouded</t> in mystery
shucks,6435,damn.n.01,not worth <t>shucks</t>
shuffled,6436,shuffle.v.01,he <t>shuffled</t> out of the room
shufti,6437,shufti.n.01,take a <t>shufti</t> while you're out there
shunt,6438,shunt.n.01,an arteriovenus <t>shunt</t>
shut,6439,close.v.01,<t>shut</t> the window
shut_off,6440,shut_off.v.01,<t>shut off</t> the gas when you leave for a vacation
shut_up,6441,close_up.v.04,The children <t>shut up</t> when their father approached
shy,6442,shy.n.01,he gave the ball a <t>shy</t> to the first baseman
shy_away_from,6443,shy_away_from.v.01,I <t>shy away from</t> this task
shyly,6444,shyly.r.01,he smiled <t>shyly</t>
siam,6445,thailand.n.01,Thailand is the official name of the former <t>Siam</t>
sick,6446,sick.n.01,they devote their lives to caring for the <t>sick</t>
sickened,6447,disgust.v.02,The pornographic pictures <t>sickened</t> us
side,6448,side.n.01,they always sat on the right <t>side</t> of the church
side_by_side,6449,adjacent.s.01,our rooms were <t>side by side</t>
sidearm,6450,sidearm.a.01,a <t>sidearm</t> pitch
sidelined,6451,sideline.v.01,The outspoken cabinet member was <t>sidelined</t> by the President
sidle,6452,sidle.v.01,The young man began to <t>sidle</t> near the pretty girl sitting on the log
sighed,6453,sigh.v.01,She <t>sighed</t> sadly
sight,6454,sight.n.01,the <t>sight</t> of his wife brought him back to reality
sightings,6455,sighting.n.01,several <t>sightings</t> of enemy troops were reported
signals,6456,signal.n.01,<t>signals</t> from the boat suddenly stopped
signboards,6457,signboard.n.01,the highway was lined with <t>signboards</t>
signed,6458,sign.v.01,She <t>signed</t> the letter and sent it off
significance,6459,significance.n.01,do not underestimate the <t>significance</t> of nuclear power
significant,6460,significant.a.01,a <t>significant</t> change in tax laws
significantly,6461,significantly.r.01,the two groups differed <t>significantly</t>
signified,6462,sense.n.02,the signifier is linked to the <t>signified</t>
signs,6463,sign.n.01,he showed <t>signs</t> of strain
silence,6464,silence.n.01,there was a shocked <t>silence</t>
silent,6465,silent.s.01,a <t>silent</t> house
silky,6466,satiny.s.01,<t>silky</t> skin
silly,6467,silly.n.01,don't be a <t>silly</t>
silver_lining,6468,silver_lining.n.01,every cloud has a <t>silver lining</t>
silvery,6469,silvern.s.01,singing in her <t>silvery</t> tones
similar,6470,similar.a.01,problems <t>similar</t> to mine
similarly,6471,similarly.r.01,He was <t>similarly</t> affected
simmer,6472,simmer.n.01,the stew remained at a <t>simmer</t> for hours
simple-minded,6473,simple-minded.s.01,a <t>simple-minded</t> argument
simplicity,6474,simplicity.n.01,the <t>simplicity</t> of a crystal
simplify,6475,simplify.v.01,We had to <t>simplify</t> the instructions
simplistic,6476,simplistic.s.01,a <t>simplistic</t> theory of the universe
simply,6477,merely.r.01,it is <t>simply</t> a matter of time
simultaneously,6478,simultaneously.r.01,they spoke <t>simultaneously</t>
sincere,6479,sincere.a.01,"he was a good man, decent and <t>sincere</t>"
sincerely,6480,sincerely.r.01,she praised him <t>sincerely</t> for his victory
sinful,6481,iniquitous.s.01,he said it was <t>sinful</t> to wear lipstick
sing,6482,sing.v.01,<t>Sing</t> Christmas carols
single-handedly,6483,single-handed.r.01,I built this house <t>single-handedly</t>
single-minded,6484,single-minded.s.01,<t>single-minded</t> in his determination to stop smoking
singly,6485,singly.r.01,they were arranged <t>singly</t>
singularity,6486,singularity.n.01,that <t>singularity</t> distinguished him from all his companions
sinister,6487,baleful.s.02,<t>sinister</t> storm clouds
sinistral,6488,sinistral.a.01,a <t>sinistral</t> gastropod shell with the apex upward has its opening on the left when facing the observer
sinking,6489,sinking.n.01,they still talk about the <t>sinking</t> of the Titanic
sinking_feeling,6490,sinking.n.03,a <t>sinking feeling</t> in the pit of my stomach
siren,6491,siren.n.01,Odysseus ordered his crew to plug their ears so they would not hear the <t>Siren</t>'s fatal song
siren_call,6492,siren_call.n.01,he succumbed to the <t>siren call</t> of the wilderness
sister,6493,sister.n.01,my <t>sister</t> married a musician
sisterly,6494,sisterly.a.01,<t>sisterly</t> kindness
sit_in,6495,sit_in.v.01,Can I <t>sit in</t> on your Intermediate Hittite class?
sit_tight,6496,sit_tight.v.01,Let's not make a decision--let's <t>sit tight</t>
site,6497,site.n.01,a good <t>site</t> for the school
sitting,6498,sitting.n.01,he wanted his portrait painted but couldn't spare time for the <t>sitting</t>
situation,6499,situation.n.01,the present international <t>situation</t> is dangerous
sizable,6500,ample.s.02,a <t>sizable</t> fortune
size,6501,size.n.01,a wolf is about the <t>size</t> of a large dog
skeletal,6502,skeletal.a.01,the <t>skeletal</t> system
skeleton,6503,skeleton.n.01,the battalion was a mere <t>skeleton</t> of its former self
sketchy,6504,sketchy.s.01,a <t>sketchy</t> account
skew-whiff,6505,askew.s.01,"his wig was, as the British say, <t>skew-whiff</t>"
skewed,6506,skew.v.01,the lines on the sheet of paper are <t>skewed</t>
skilled,6507,skilled.a.01,only the most <t>skilled</t> gymnasts make an Olympic team
skillful,6508,adept.s.01,a lesser-known but no less <t>skillful</t> composer
skillfully,6509,skillfully.r.01,"fragments of a nearly complete jug, <t>skillfully</t> restored at the institute of archaeology"
skim,6510,skim.n.01,there was a thin <t>skim</t> of oil on the water
skimpily,6511,skimpily.r.01,a <t>skimpily</t> dressed woman
skimpy,6512,lean.s.01,a <t>skimpy</t> allowance
skin,6513,skin.n.01,your <t>skin</t> is the largest organ of your body
skin-deep,6514,skin-deep.s.01,her beauty is only <t>skin-deep</t>
skinny,6515,skinny.n.01,he wanted the inside <t>skinny</t> on the new partner
skint,6516,broke.s.01,`<t>skint</t>' is a British slang term
skintight,6517,skintight.s.01,<t>skintight</t> jeans
skipped,6518,jump.v.13,He <t>skipped</t> a row in the text and so the sentence was incomprehensible
skirted,6519,hedge.v.01,she <t>skirted</t> the problem
skive,6520,skive.v.01,<t>skive</t> leather
skywards,6521,skyward.r.01,look <t>skywards</t>!
slackening,6522,relaxation.n.04,the <t>slackening</t> of the wind
slam_dunk,6523,slam_dunk.n.01,predicting his success was a <t>slam dunk</t>
slammer,6524,slammer.n.01,she's a dramatic <t>slammer</t> of doors
slang,6525,slang.n.01,their speech was full of <t>slang</t> expressions
slangy,6526,slangy.s.01,a <t>slangy</t> expression
slanted,6527,slant.v.01,A scar <t>slanted</t> across his face
slap-bang,6528,slap-bang.r.01,it hit <t>slap-bang</t> in the middle
slapdash,6529,haphazard.s.02,<t>slapdash</t> work
slapped,6530,slap.v.01,The impatient teacher <t>slapped</t> the student
slapper,6531,slapper.n.01,someone slapped me on the back and I turned to see who the <t>slapper</t> was
slated,6532,slate.v.01,He <t>slated</t> his talk for 9 AM
slavish,6533,slavish.s.01,a <t>slavish</t> copy of the original
slavishly,6534,slavishly.r.01,his followers <t>slavishly</t> believed in his new diet
sleaziness,6535,sleaziness.n.01,an embarrassing <t>sleaziness</t> that I hope will be corrected by the more ethical newspapers
sleazy,6536,sleazy.s.01,the coat has a <t>sleazy</t> lining
sleekly,6537,sleekly.r.01,the wet road was shining <t>sleekly</t>
sleep,6538,sleep.n.01,he didn't get enough <t>sleep</t> last night
sleep_off,6539,sleep_off.v.01,<t>sleep off</t> a hangover
sleepiness,6540,sleepiness.n.01,<t>sleepiness</t> causes many driving accidents
sleepless,6541,insomniac.s.01,lay <t>sleepless</t> all night
sleepy,6542,sleepy.s.01,beginning to feel <t>sleepy</t>
slew,6543,batch.n.02,a <t>slew</t> of journalists
slice,6544,slice.n.01,a <t>slice</t> of the company's revenue
slicing,6545,slice.n.04,he took lessons to cure his <t>slicing</t>
slightly,6546,slightly.r.01,the children argued because one slice of cake was <t>slightly</t> larger than the other
slimy,6547,slimed.s.01,a <t>slimy</t> substance covered the rocks
slip_on,6548,slip_on.v.01,<t>slip on</t> one's shoes
slip_road,6549,access_road.n.01,in Britain they call an access road a <t>slip road</t>
slippery,6550,slippery.a.01,<t>slippery</t> sidewalks
slippy,6551,slippery.a.01,the streets are still <t>slippy</t> from the rain
slipshod,6552,haphazard.s.02,<t>slipshod</t> spelling
slivers,6553,splinter.n.01,it broke into <t>slivers</t>
slope,6554,slope.n.01,he climbed the steep <t>slope</t>
sloped,6555,slope.v.01,The terrain <t>sloped</t> down
sloppiness,6556,wateriness.n.01,the <t>sloppiness</t> of a rainy November day
sloppy,6557,sloppy.s.01,a <t>sloppy</t> room
slot,6558,slot.n.01,he developed a version of <t>slot</t> grammar
slothful,6559,faineant.s.01,<t>slothful</t> employees
slouch,6560,slouch.n.01,he's no <t>slouch</t> when it comes to baseball
slovenly,6561,frowsy.s.01,<t>slovenly</t> appearance
slow-moving,6562,slow-moving.s.01,<t>slow-moving</t> cars
slowcoach,6563,plodder.n.03,in England they call a slowpoke a <t>slowcoach</t>
slowly,6564,slowly.r.01,he spoke <t>slowly</t>
slowpoke,6565,plodder.n.03,in England they call a <t>slowpoke</t> a slowcoach
sluggish,6566,sluggish.s.01,a <t>sluggish</t> stream
sluiced,6567,sluice.v.01,An aggressive tide <t>sluiced</t> across the barrier reef
slumber,6568,sleep.n.01,calm as a child in dreamless <t>slumber</t>
slumberous,6569,slumberous.s.01,a <t>slumberous</t> June morning
slump,6570,slump.n.01,the team went into a <t>slump</t>
slurred,6571,slur.v.01,the pianist <t>slurred</t> the most beautiful passage in the sonata
slushy,6572,slushy.s.01,<t>slushy</t> snow
sly,6573,crafty.s.01,<t>sly</t> as a fox
smacked,6574,smack.v.01,The teacher <t>smacked</t> the student who had misbehaved
small-minded,6575,petty.s.03,disgusted with their <t>small-minded</t> pettiness
small-scale,6576,small-scale.s.01,<t>small-scale</t> maps
small-time,6577,nickel-and-dime.s.01,a <t>small-time</t> actor
small_fortune,6578,small_fortune.n.01,he made a <t>small fortune</t> in the commodities market
smarmy,6579,buttery.s.01,<t>smarmy</t> self-importance
smartly,6580,cleverly.r.01,a <t>smartly</t> managed business
smashed,6581,smash.v.01,He <t>smashed</t> a 3-run homer
smell,6582,smell.n.01,she loved the <t>smell</t> of roses
smithereens,6583,smithereens.n.01,Berlin was bombed to <t>smithereens</t>
smoggy,6584,smoggy.s.01,the <t>smoggy</t> atmosphere of Los Angeles
smoke_out,6585,smoke_out.v.01,<t>smoke out</t> the bees
smoked,6586,smoke.v.01,We never <t>smoked</t> marijuana
smoking,6587,smoke.n.07,<t>smoking</t> stinks
smooth,6588,smooth.n.01,he gave his hair a quick <t>smooth</t>
smooth-tongued,6589,glib.s.03,a <t>smooth-tongued</t> hypocrite
smoothly,6590,smoothly.r.01,put the plans into effect quickly and <t>smoothly</t>
smorgasbord,6591,assortment.n.01,a veritable <t>smorgasbord</t> of religions
smoulder,6592,smoulder.n.01,the <t>smoulder</t> suddenly became a blaze
smug,6593,smug.s.01,a <t>smug</t> glow of self-congratulation
smuggled,6594,smuggle.v.01,She <t>smuggled</t> cigarettes across the border
smugly,6595,smugly.r.01,the bureaucrats explained <t>smugly</t> that the facts provided by their own experts show no cause for concern
smutty,6596,cruddy.s.01,<t>smutty</t> jokes
snagged,6597,snag.v.01,I <t>snagged</t> my stocking
snail_mail,6598,snail_mail.n.01,email is much faster than <t>snail mail</t>
snap,6599,catch.n.09,the infielder's <t>snap</t> and throw was a single motion
snapped,6600,snap.v.01,The sales clerk <t>snapped</t> a reply at the angry customer
snappish,6601,snappish.s.01,a <t>snappish</t> tone of voice
snapshots,6602,snapshot.n.01,my <t>snapshots</t> haven't been developed yet
snare,6603,trap.n.03,it was all a <t>snare</t> and delusion
snarled,6604,snap.v.01,The guard <t>snarled</t> at us
snatched,6605,snatch.v.01,Before I could stop him the dog <t>snatched</t> the ham bone
snatcher,6606,snatcher.n.01,a purse <t>snatcher</t>
snatches,6607,snatch.n.01,overheard <t>snatches</t> of their conversation
snazzy,6608,snazzy.s.01,a <t>snazzy</t> outfit
sneaking,6609,sneak.v.01,..stead of <t>sneaking</t> around spying on the neighbor's house
sneered,6610,sneer.v.01,she <t>sneered</t> her contempt
snide,6611,supercilious.s.02,makes many a sharp comparison but never a mean or <t>snide</t> one
sniffy,6612,disdainful.s.02,very <t>sniffy</t> about breaches of etiquette
snit,6613,snit.n.01,he was in a <t>snit</t>
snitched,6614,hook.v.05,Someone <t>snitched</t> my wallet!
snookered,6615,snooker.v.01,He was <t>snookered</t> by the con-man's smooth talk
snootiness,6616,snootiness.n.01,he disliked his neighbors' <t>snootiness</t>
snotty,6617,bigheaded.s.01,a <t>snotty</t> little scion of a degenerate family
snugly,6618,snugly.r.01,the vest fit <t>snugly</t>
so-called,6619,alleged.s.02,these <t>so-called</t> experts are no help
so-so,6620,indifferent.s.09,a <t>so-so</t> golfer
so_far,6621,so_far.r.01,<t>So far</t> he hasn't called
soak,6622,soak.n.01,a good <t>soak</t> put life back in the wagon
soaked,6623,soak.v.01,I <t>soaked</t> in the hot tub for an hour
soapy,6624,saponaceous.a.01,a <t>soapy</t> consistency
soared,6625,soar.v.01,the dollar <t>soared</t> against the yen
sobering,6626,sober.v.01,A <t>sobering</t> thought
social_status,6627,social_station.n.01,the British are more aware of <t>social status</t> than Americans are
sodden,6628,sodden.s.01,the speaker's <t>sodden</t> collar
softening,6629,softening.n.01,refrigeration delayed the <t>softening</t> of the fruit
softly,6630,softly.r.01,speak <t>softly</t> but carry a big stick
software,6631,software.n.01,the market for <t>software</t> is expected to expand
soil_conditioner,6632,soil_conditioner.n.01,gypsum can be used as a <t>soil conditioner</t>
sold,6633,sell.v.01,He <t>sold</t> his house in January
soldiers,6634,soldier.n.01,the <t>soldiers</t> stood at attention
solely,6635,entirely.r.02,did it <t>solely</t> for money
solemn,6636,grave.s.01,a <t>solemn</t> promise
solemnly,6637,solemnly.r.01,the judge sat there <t>solemnly</t>
solicited,6638,solicit.v.01,Henry IV <t>solicited</t> the Pope for a divorce
solicitous,6639,solicitous.s.01,<t>solicitous</t> parents
solidly,6640,solidly.r.01,the unions voted <t>solidly</t> for Roosevelt
solitary,6641,solitary_confinement.n.01,he was held in <t>solitary</t>
solution,6642,solution.n.01,he used a <t>solution</t> of peroxide and water
solve,6643,solve.v.01,did you <t>solve</t> the problem?
solvent,6644,solvent.n.01,the <t>solvent</t> does not change its state in forming a solution
some,6645,some.a.01,have <t>some</t> milk
someday,6646,someday.r.01,<t>someday</t> you will understand my actions
somehow,6647,somehow.r.01,they managed <t>somehow</t>
sometimes,6648,sometimes.r.01,<t>sometimes</t> she wished she were back in England
somewhat,6649,slightly.r.01,his arguments were <t>somewhat</t> self-contradictory
somewhere,6650,somewhere.n.01,they moved to <t>somewhere</t> in Spain
somnolent,6651,slumberous.s.02,the sound had a <t>somnolent</t> effect
son,6652,son.n.01,their <t>son</t> became a famous judge
sonar,6653,sonar.n.01,<t>sonar</t> is an acronym for sound navigation ranging
songs,6654,song.n.01,a successful musical must have at least three good <t>songs</t>
sonic,6655,sonic.a.01,a <t>sonic</t> boom
sonic_boom,6656,sonic_boom.n.01,a <t>sonic boom</t> follows an aircraft as a wake follows a ship
sonorous,6657,heavy.s.09,a herald chosen for his <t>sonorous</t> voice
soon,6658,soon.r.01,the doctor will <t>soon</t> be here
soonest,6659,soonest.r.01,the <t>soonest</t> I can arrive is 3 P.M.
sooth,6660,sooth.n.01,in <t>sooth</t>
sophisticated,6661,sophisticate.v.01,Their manners had <t>sophisticated</t> the young girls
soppy,6662,sodden.s.01,<t>soppy</t> clothes
sopranino,6663,sopranino.s.01,a <t>sopranino</t> recorder
sordid,6664,seamy.s.02,the <t>sordid</t> details of his orgies stank under his very nostrils
sorely,6665,sorely.r.01,I missed him <t>sorely</t>
sororal,6666,sisterly.a.01,<t>sororal</t> concern
sorrow,6667,sorrow.n.01,he tried to express his <t>sorrow</t> at her loss
sorrowful,6668,sorrowful.a.01,<t>sorrowful</t> widows
sorting,6669,sort.n.04,the bottleneck in mail delivery is the process of <t>sorting</t>
sottish,6670,bibulous.s.01,<t>sottish</t> behavior
sotto_voce,6671,sotto_voce.r.01,he uttered a curse <t>sotto voce</t>
sought-after,6672,sought.s.01,the most <t>sought-after</t> item was the silver candelabrum
soul-destroying,6673,soul-destroying.s.01,<t>soul-destroying</t> labor
soulful,6674,soulful.s.01,<t>soulful</t> eyes
sound,6675,sound.n.01,the <t>sound</t> of rain on the roof
sound_out,6676,pronounce.v.01,Can the child <t>sound out</t> this complicated word?
soundless,6677,silent.s.01,<t>soundless</t> footsteps on the grass
source,6678,beginning.n.04,Pittsburgh is the <t>source</t> of the Ohio River
southeasterly,6679,southeasterly.s.01,<t>southeasterly</t> breezes
southern,6680,southern.a.01,<t>southern</t> hospitality
sowed,6681,sow.v.01,She <t>sowed</t> sunflower seeds
space,6682,space.n.01,they tested his ability to locate objects in <t>space</t>
spacious,6683,broad.s.05,a <t>spacious</t> view
spade,6684,spade.n.01,she led a low <t>spade</t>
spades,6685,spade.n.01,<t>spades</t> were trumps
span,6686,span.n.01,the job was finished in the <t>span</t> of an hour
spanking,6687,spanking.n.01,he gave the brat a good <t>spanking</t>
sparkle,6688,sparkle.n.01,he had a <t>sparkle</t> in his eye
sparkled,6689,sparkle.v.01,Unquarried marble <t>sparkled</t> on the hillside
sparkly,6690,bubbling.s.02,a row of <t>sparkly</t> cheerleaders
sparse,6691,sparse.s.01,trees were <t>sparse</t>
sparsely,6692,sparsely.r.01,<t>sparsely</t> inhabited
spasmodic,6693,convulsive.s.01,his body made a <t>spasmodic</t> jerk
spatter,6694,spatter.n.01,he heard a <t>spatter</t> of gunfire
spayed,6695,alter.v.05,Is your cat <t>spayed</t>?
speaker,6696,speaker.n.01,the <t>speaker</t> at commencement
special,6697,special.n.01,they are having a <t>special</t> on pork chops
specifically,6698,specifically.r.01,a program <t>specifically</t> for teenagers
specious,6699,specious.s.01,a <t>specious</t> claim
speck,6700,speck.n.01,the plane was just a <t>speck</t> in the sky
spectacle,6701,spectacle.n.01,the tragic <t>spectacle</t> of cripples trying to escape
spectacular,6702,spectacular.n.01,they put on a Christmas <t>spectacular</t>
spectators,6703,spectator.n.01,the <t>spectators</t> applauded the performance
spectral,6704,spectral.a.01,<t>spectral</t> colors
speculative,6705,bad.s.07,<t>speculative</t> business enterprises
speech_pattern,6706,accent.n.01,she had a very clear <t>speech pattern</t>
speechless,6707,speechless.s.01,<t>speechless</t> with shock
speedy,6708,rapid.s.02,a <t>speedy</t> car
spell_out,6709,spell_out.v.01,You should <t>spell out</t> your demands
sperm,6710,sperm.n.01,a <t>sperm</t> is mostly a nucleus surrounded by little other cellular material
sphere,6711,sphere.n.01,his social <t>sphere</t> is limited
spherical,6712,spherical.a.01,<t>spherical</t> geometry
spheroid,6713,spheroid.n.01,it looked like a sphere but on closer examination I saw it was really a <t>spheroid</t>
spick-and-span,6714,brand-new.s.01,a <t>spick-and-span</t> novelty
spiffing,6715,spiffing.s.01,that's a perfectly <t>spiffing</t> idea
spills,6716,spill.n.01,clean up the <t>spills</t>
spin_out,6717,spin.v.08,<t>spin out</t> a visit
spindles,6718,spindle.n.01,chromosomes are distributed by <t>spindles</t> in mitosis and meiosis
spirited,6719,spirit.v.01,The company <t>spirited</t> him up
spiritless,6720,spiritless.a.01,a <t>spiritless</t> reply to criticism
spiteful,6721,despiteful.s.01,a truly <t>spiteful</t> child
splashed,6722,sprinkle.v.02,She <t>splashed</t> the water around her
splat,6723,splat.n.01,he heard a <t>splat</t> as it hit the floor
splayed,6724,splay.v.01,He <t>splayed</t> his huge hands over the table
splendid,6725,glorious.s.02,<t>splendid</t> costumes
splendidly,6726,excellently.r.01,he did <t>splendidly</t> in the exam
splendiferous,6727,glorious.s.02,a kind of <t>splendiferous</t> native simplicity
splice,6728,splice.n.01,the break was due to an imperfect <t>splice</t>
splint,6729,splint.n.01,he lit the fire with a burning <t>splint</t>
splinter,6730,splinter.n.01,he got a <t>splinter</t> in his finger
spoils,6731,spoil.n.01,to the victor belong the <t>spoils</t> of the enemy
spondaic,6732,spondaic.a.01,<t>spondaic</t> hexameter
sponge_up,6733,sponge_up.v.01,<t>sponge up</t> the spilled milk on the counter
spongy,6734,spongy.s.01,<t>spongy</t> bread
spontaneous,6735,spontaneous.a.01,<t>spontaneous</t> laughter
spontaneously,6736,spontaneously.r.01,this shift occurs <t>spontaneously</t>
spooked,6737,spook.v.01,The noise <t>spooked</t> the horse
spoor,6738,spoor.n.01,the hounds followed the fox's <t>spoor</t>
sporadic,6739,sporadic.a.01,a city subjected to <t>sporadic</t> bombing raids
sporadically,6740,sporadically.r.01,he only works <t>sporadically</t>
sporting,6741,sport.v.01,she was <t>sporting</t> a new hat
sportsmanlike,6742,clean.s.09,<t>sportsmanlike</t> conduct
spot,6743,topographic_point.n.01,a bright <t>spot</t> on a planet
spot_checks,6744,spot_check.n.01,<t>spot checks</t> ensure a high level of performance by employees
spotty,6745,patched.s.02,the wall had a <t>spotty</t> speckled effect
spousal,6746,bridal.a.01,<t>spousal</t> rites
sprained,6747,twist.v.10,the hikers <t>sprained</t> their ankles when they fell
sprayed,6748,spray.v.01,Water <t>sprayed</t> all over the floor
sprightly,6749,sprightly.s.01,a <t>sprightly</t> young girl
spring,6750,spring.n.01,the emerging buds were a sure sign of <t>spring</t>
springtide,6751,springtide.n.01,he rose on the <t>springtide</t> of prosperity
springy,6752,bouncy.s.01,<t>springy</t> turf
sprinkling,6753,scattering.n.01,a <t>sprinkling</t> of grey at his temples
spruce_up,6754,spruce_up.v.01,<t>Spruce up</t> your house for Spring
spry,6755,agile.s.01,the old dog was so <t>spry</t> it was halfway up the stairs before we could stop it
spur-of-the-moment,6756,spur-of-the-moment.s.01,a <t>spur-of-the-moment</t> party
spurious,6757,specious.s.01,<t>spurious</t> inferences
spuriously,6758,spuriously.r.01,the lawyer argued <t>spuriously</t> that his client knew nothing of the burglary
spurned,6759,reject.v.04,She <t>spurned</t> his advances
sputnik,6760,sputnik.n.01,<t>Sputnik</t> was the first man-made satellite to orbit the earth
squalid,6761,seamy.s.02,the <t>squalid</t> atmosphere of intrigue and betrayal
squally,6762,squally.s.01,a home life that has been extraordinarily <t>squally</t>
squandered,6763,waste.v.01,You <t>squandered</t> the opportunity to get and advanced degree
squandering,6764,squandering.n.01,more wasteful than the <t>squandering</t> of time
square,6765,square.n.01,you can compute the area of a <t>square</t> if you know the length of its sides
square_one,6766,square_one.n.01,the police are now back at <t>square one</t> after having arrested and released 27 men
squawk,6767,squawk.n.01,she awoke to the <t>squawk</t> of chickens
squeak,6768,squeak.n.01,the <t>squeak</t> of shoes on powdery snow
squeaker,6769,squeaker.n.01,which hinge is the <t>squeaker</t>?
squeamish,6770,dainty.s.04,so <t>squeamish</t> he would only touch the toilet handle with his elbow
squeeze,6771,squeeze.n.01,he gave her cheek a playful <t>squeeze</t>
squirted,6772,squirt.v.01,the boy <t>squirted</t> water at his little sister
stab,6773,pang.n.01,she felt a <t>stab</t> of excitement
staccato,6774,staccato.a.01,<t>staccato</t> applause
stacks,6775,tons.n.01,she amassed <t>stacks</t> of newspapers
staff,6776,staff.n.01,the hospital has an excellent nursing <t>staff</t>
stage,6777,phase.n.01,we are in a transitional <t>stage</t> in which many former ideas must be revised or rejected
staggered,6778,stagger.v.01,The drunken man <t>staggered</t> into the room
stagnant,6779,dead.s.08,<t>stagnant</t> water
stagnate,6780,stagnate.v.01,Industry will <t>stagnate</t> if we do not stimulate our economy
stagnation,6781,stagnation.n.01,economic growth of less than 1% per year is considered to be economic <t>stagnation</t>
stain,6782,stain.n.01,the wine left a dark <t>stain</t>
stake,6783,interest.n.05,a <t>stake</t> in the company's future
stamp_down,6784,suppress.v.01,<t>stamp down</t> on littering
stamp_out,6785,stamp_out.v.01,<t>Stamp out</t> poverty!
stampede,6786,stampede.n.01,when he shouted `fire' there was a <t>stampede</t> to the exits
stand-in,6787,stand-in.n.01,the star had a <t>stand-in</t> for dangerous scenes
stand-up,6788,stand-up.s.01,a <t>stand-up</t> bar
standards,6789,standard.n.01,the schools comply with federal <t>standards</t>
standing,6790,standing.n.01,of equal <t>standing</t>
standoffish,6791,offish.s.01,a <t>standoffish</t> manner
starchy,6792,starchy.a.01,<t>starchy</t> foods
stardom,6793,stardom.n.01,<t>stardom</t> meant nothing to her
stared,6794,gaze.v.01,The students <t>stared</t> at the teacher with amazement
stark,6795,blunt.s.04,facing the <t>stark</t> reality of the deadline
starkly,6796,starkly.r.01,He was <t>starkly</t> unable to achieve coherence
starless,6797,starless.a.01,dark <t>starless</t> nights
starlit,6798,starlit.s.01,the <t>starlit</t> darkness
starry,6799,starry.a.01,a <t>starry</t> night
starry-eyed,6800,starry-eyed.s.01,a <t>starry-eyed</t> reformer
start,6801,start.n.01,it was off to a good <t>start</t>
start_up,6802,start.v.08,<t>start up</t> the computer
starting,6803,start.n.03,his <t>starting</t> meant that the coach thought he was one of their best linemen
startled,6804,startle.v.01,..<t>startled</t> him awake
state,6805,state.n.01,his <t>state</t> is in the deep south
state-of-the-art,6806,state-of-the-art.s.01,<t>state-of-the-art</t> technology
state_of_affairs,6807,situation.n.01,wondered how such a <t>state of affairs</t> had come about
state_of_the_art,6808,state_of_the_art.n.01,the <t>state of the art</t> in space travel
stateless,6809,homeless.s.01,<t>stateless</t> persons
stateliness,6810,stateliness.n.01,she served coffee with great <t>stateliness</t>
stately,6811,baronial.s.01,<t>stately</t> columns
statement,6812,statement.n.01,according to his <t>statement</t> he was in London on that day
statesmanlike,6813,statesmanlike.a.01,a man of <t>statesmanlike</t> judgment
station,6814,station.n.01,he started looking for a gas <t>station</t>
stationary,6815,stationary.s.01,the car remained <t>stationary</t> with the engine running
stature,6816,stature.n.01,a man of great <t>stature</t>
status,6817,status.n.01,he had the <t>status</t> of a minor
statutory,6818,statutory.a.01,<t>statutory</t> matters
staunch,6819,stem.v.03,<t>staunch</t> the blood flow
staunchly,6820,staunchly.r.01,he <t>staunchly</t> defended his principles
stay,6821,stay.n.01,they had a nice <t>stay</t> in Paris
stay_put,6822,stay.v.02,<t>Stay put</t> in the corner here!
stead,6823,stead.n.01,can you go in my <t>stead</t>?
steadfast,6824,firm.s.01,<t>steadfast</t> resolve
steadily,6825,steadily.r.01,his interest eroded <t>steadily</t>
steadiness,6826,steadiness.n.01,He trusted her clear <t>steadiness</t> that she would do what she said
steady-going,6827,dependable.s.02,a <t>steady-going</t> family man
stealthy,6828,furtive.s.01,<t>stealthy</t> footsteps
steamed,6829,steamer.v.01,The ship <t>steamed</t> off into the Pacific
steamy,6830,steaming.s.01,<t>steamy</t> towels
steely,6831,steely.s.01,<t>steely</t> eyes
steeply,6832,steeply.r.01,the street rose <t>steeply</t> up to the castle
stellar,6833,leading.s.01,a <t>stellar</t> role
stem,6834,root.n.03,thematic vowels are part of the <t>stem</t>
stereotyped,6835,pigeonhole.v.02,I was <t>stereotyped</t> as a lazy Southern European
sternly,6836,sternly.r.01,"`No,' she said <t>sternly</t>"
sternness,6837,sternness.n.01,the <t>sternness</t> of his surroundings made him uncomfortable
stew,6838,fret.n.01,don't get in a <t>stew</t>
stewing,6839,stewing.n.01,his <t>stewing</t> over the fight kept him awake most of the night
stick,6840,stick.n.01,the kid had a candied apple on a <t>stick</t>
stick-on,6841,stick-on.s.01,<t>stick-on</t> labels
stickily,6842,stickily.r.01,he felt the blood move <t>stickily</t> from his split scalp and trickle down his forehead
stickler,6843,stickler.n.01,a <t>stickler</t> for promptness
sticks,6844,stick.n.01,he collected dry <t>sticks</t> for a campfire
stiff,6845,stiff.n.01,a lucky <t>stiff</t>
stiff-necked,6846,stiff-necked.s.01,a <t>stiff-necked</t> old Boston brahmin
stiff_upper_lip,6847,stiff_upper_lip.n.01,the British like to keep a <t>stiff upper lip</t>
stiffened,6848,stiffen.v.01,He <t>stiffened</t> when he saw his boss enter the room
stifling,6849,suppression.n.03,the <t>stifling</t> of all dissent
stills,6850,still.n.01,he wanted some <t>stills</t> for a magazine ad
stilted,6851,artificial.s.01,a <t>stilted</t> letter of acknowledgment
stimulated,6852,stimulate.v.01,The book <t>stimulated</t> her imagination
stimulates,6853,stimulate.v.01,This play <t>stimulates</t>
sting,6854,sting.n.01,the <t>sting</t> of death
stinging,6855,sting.n.01,he felt the <t>stinging</t> of nettles
stingy,6856,stingy.a.01,she practices economy without being <t>stingy</t>
stipulation,6857,stipulation.n.01,a <t>stipulation</t> of fact was made in order to avoid delay
stirring,6858,stirring.n.01,constant <t>stirring</t> prevents it from burning on the bottom of the pan
stochastic,6859,stochastic.s.01,a <t>stochastic</t> variable
stock,6860,stock.n.01,he owns a controlling share of the company's <t>stock</t>
stockholm,6861,stockholm.n.01,the Nobel Prize is awarded in <t>Stockholm</t>
stockpiling,6862,stockpiling.n.01,the <t>stockpiling</t> of war materials
stocktaker,6863,stocktaker.n.01,an outside <t>stocktaker</t> had to be hired
stocky,6864,compact.s.01,<t>stocky</t> legs
stodgy,6865,stodgy.s.01,<t>stodgy</t> food
stoic,6866,stoic.n.01,a <t>Stoic</t> achieves happiness by submission to destiny
stoical,6867,stoic.s.01,a <t>stoical</t> sufferer
stolid,6868,impassive.s.01,a silent <t>stolid</t> creature who took it all as a matter of course
stolidly,6869,stolidly.r.01,he said `no' <t>stolidly</t>
stone-cold,6870,stone-cold.s.01,by the time he got back to his coffee it was <t>stone-cold</t>
stone_pit,6871,pit.n.09,a British term for `quarry' is `<t>stone pit</t>'
stonewalls,6872,stonewall.v.01,"When she doesn't like to face a problem, she simply <t>stonewalls</t>"
stony,6873,rocky.s.01,<t>stony</t> ground
stooped,6874,crouch.v.01,The young man <t>stooped</t> to pick up the girl's purse
stop,6875,stop.n.01,it came to a <t>stop</t> at the bottom of the hill
stop_up,6876,plug.v.01,<t>stop up</t> the leak
stopover,6877,stopover.n.01,there is a <t>stopover</t> to change planes in Chicago
stopped,6878,stop.v.01,the car <t>stopped</t>
stories,6879,narrative.n.01,Disney's <t>stories</t> entertain adults as well as children
stormy,6880,stormy.a.01,a <t>stormy</t> day
stove,6881,stove.n.01,dinner was already on the <t>stove</t>
stow,6882,stow.v.01,<t>stow</t> the cart
strafe,6883,strafe.n.01,the next morning they carried out a <t>strafe</t> of enemy airfields
strafed,6884,strafe.v.01,civilians were <t>strafed</t> in an effort to force the country's surrender
straggle,6885,straggle.n.01,a <t>straggle</t> of outbuildings
straggly,6886,sprawling.s.01,<t>straggly</t> hair
straight_line,6887,straight_line.n.01,the shortest distance between two points is a <t>straight line</t>
straightener,6888,straightener.n.01,a hair <t>straightener</t>
straightforward,6889,straightforward.s.01,a <t>straightforward</t> set of instructions
straitjacket,6890,straitjacket.n.01,they defected because Russian dance was in a <t>straitjacket</t>
straitlaced,6891,priggish.s.01,my <t>straitlaced</t> Aunt Anna doesn't approve of my miniskirts
strands,6892,strand.n.01,he tried to pick up the <t>strands</t> of his former life
strange,6893,strange.a.01,a <t>strange</t> exaltation that was indefinable
strangle,6894,strangle.v.01,he tried to <t>strangle</t> his opponent
stranglehold,6895,stranglehold.n.01,corporations have a <t>stranglehold</t> on the media
strategic,6896,strategic.a.01,<t>strategic</t> weapon
streak,6897,streak.n.01,had a <t>streak</t> of bad luck
streaked,6898,streak.v.01,The plane <t>streaked</t> across the sky
streaky,6899,streaked.s.01,fat legs and dirty <t>streaky</t> faces
streamed,6900,stream.v.01,their manes <t>streamed</t> like stiff black pennants in the wind
street,6901,street.n.01,he lives on Nassau <t>Street</t>
streets,6902,street.n.01,they walked the <t>streets</t> of the small town
strength,6903,strength.n.01,fatigue sapped his <t>strength</t>
strengthen,6904,strengthen.v.01,This exercise will <t>strengthen</t> your upper body
strengthener,6905,strengthener.n.01,the cardboard backing was just a <t>strengthener</t>
strenuous,6906,strenuous.s.01,<t>strenuous</t> exercise
stress,6907,stress.n.01,he put the <t>stress</t> on the wrong syllable
stressful,6908,nerve-racking.s.01,the <t>stressful</t> days before a war
stretch,6909,stretch.n.01,a <t>stretch</t> of highway
stretch_out,6910,unfold.v.03,<t>stretch out</t> that piece of cloth
stretched,6911,stretch.v.01,The park <t>stretched</t> beneath the train line
strew,6912,strew.v.01,<t>strew</t> toys all over the carpet
strict,6913,rigorous.s.01,a <t>strict</t> vegetarian
strictly,6914,strictly.r.01,we talked <t>strictly</t> business
strident,6915,blatant.s.02,<t>strident</t> demands
stridently,6916,stridently.r.01,the cheap clock ticked <t>stridently</t>
strike,6917,strike.n.01,the <t>strike</t> lasted more than a month before it was settled
strikingly,6918,strikingly.r.01,this was <t>strikingly</t> demonstrated
stringent,6919,rigorous.s.02,<t>stringent</t> safety measures
stringently,6920,strictly.r.02,the laws are <t>stringently</t> enforced
stringer,6921,stringer.n.01,a first <t>stringer</t>
strip,6922,strip.n.01,he felt a flat <t>strip</t> of muscle
stripes,6923,chevron.n.01,they earned their <t>stripes</t> in Kuwait
stripped,6924,deprive.v.01,The Nazis <t>stripped</t> the Jews of all their assets
strode,6925,stride.v.01,He <t>strode</t> confidently across the hall
stroked,6926,stroke.v.01,He <t>stroked</t> his long beard
strokes,6927,stroke.n.01,it took two <t>strokes</t> to get out of the bunker
strong,6928,strong.a.01,a <t>strong</t> radio signal
strongly,6929,strongly.r.01,argues very <t>strongly</t> for his proposal
struck,6930,strike.v.01,The teacher <t>struck</t> the child
structural,6931,structural.a.01,<t>structural</t> unemployment in a technological society
structure,6932,structure.n.01,the <t>structure</t> consisted of a series of arches
struggle,6933,struggle.n.01,getting through the crowd was a real <t>struggle</t>
struggled,6934,fight.v.03,She <t>struggled</t> for years to survive without welfare
strum,6935,strum.n.01,the <t>strum</t> of a guitar
stubbornly,6936,stubbornly.r.01,she remained <t>stubbornly</t> in the same position
stubby,6937,stubby.s.01,<t>stubby</t> fingers
stuck-up,6938,bigheaded.s.01,they're snobs--<t>stuck-up</t> and uppity and persnickety
studio,6939,studio.n.01,she ran a dance <t>studio</t>
studios,6940,studio.n.01,the music department provided <t>studios</t> for their students
studious,6941,studious.s.01,made a <t>studious</t> attempt to fix the television set
studiously,6942,studiously.r.01,she examined the data <t>studiously</t>
stuff,6943,material.n.01,wheat is the <t>stuff</t> they use to make bread
stuffed,6944,stuff.v.01,The child <t>stuffed</t> candy into his pockets
stuffy,6945,airless.s.01,hot and <t>stuffy</t> and the air was blue with smoke
stultify,6946,stultify.v.01,nobody is legally allowed to <t>stultify</t> himself
stumbled,6947,stumble.v.01,The drunk man <t>stumbled</t> about
stumped,6948,stump.v.01,This problem <t>stumped</t> her
stumpy,6949,chunky.s.02,a <t>stumpy</t> ungainly figure
stun,6950,stun.v.01,<t>stun</t> fish
stupendous,6951,colossal.s.01,a <t>stupendous</t> field of grass
stupendously,6952,stupendously.r.01,<t>stupendously</t> ignorant people
stupid,6953,stupid.n.01,"The economy, <t>stupid</t>!"
stupidly,6954,stupidly.r.01,he had <t>stupidly</t> bought a one way ticket
sturdy,6955,hardy.s.01,<t>sturdy</t> young athletes
stygian,6956,stygian.s.01,Hence loathed Melancholy.../In <t>Stygian</t> cave forlorn
style,6957,manner.n.01,in the characteristic New York <t>style</t>
styled,6958,style.v.01,They <t>styled</t> their nation `The Confederate States'
stylish,6959,stylish.a.01,a little less posh but every bit as <t>stylish</t> as Lord Peter Wimsey
stylistic,6960,stylistic.s.01,<t>stylistic</t> devices
sub_rosa,6961,sub_rosa.r.01,held a meeting <t>sub rosa</t> to avoid general criticism
subatomic,6962,subatomic.a.01,<t>subatomic</t> particles
subject,6963,subject.n.01,he didn't want to discuss that <t>subject</t>
submission,6964,submission.n.01,what was the date of <t>submission</t> of your proposal?
submissions,6965,submission.n.01,several of his <t>submissions</t> were rejected by publishers
submissive,6966,submissive.a.01,<t>submissive</t> servants
submitted,6967,submit.v.01,The lawyers <t>submitted</t> the material to the court
subscribed,6968,subscribe.v.01,The broker <t>subscribed</t> 500 shares
subsequent,6969,subsequent.a.01,<t>subsequent</t> developments
subsequently,6970,subsequently.r.01,he apologized <t>subsequently</t>
subservient,6971,subservient.s.01,editors and journalists who express opinions in print that are opposed to the interests of the rich are dismissed and replaced by <t>subservient</t> ones
subsided,6972,subside.v.01,The pain <t>subsided</t>
subsidy,6973,subsidy.n.01,a <t>subsidy</t> for research in artificial intelligence
subsist,6974,exist.v.02,Many people in the world have to <t>subsist</t> on $1 a day
subsistence,6975,subsistence.n.01,social security provided only a bare <t>subsistence</t>
substance,6976,substance.n.01,DNA is the <t>substance</t> of our genes
substandard,6977,deficient.s.02,<t>substandard</t> housing
substantial,6978,significant.s.01,won by a <t>substantial</t> margin
substantially,6979,well.r.07,painting the room white made it seem considerably (or <t>substantially</t>) larger
subterfuge,6980,subterfuge.n.01,he wasn't sick--it was just a <t>subterfuge</t>
subterranean,6981,subterranean.s.01,<t>subterranean</t> passages
subtle,6982,elusive.s.03,his whole attitude had undergone a <t>subtle</t> change
subtract,6983,subtract.v.01,<t>subtract</t> this amount from my paycheck
subtraction,6984,subtraction.n.01,the <t>subtraction</t> of three from four leaves one
subversion,6985,corruption.n.05,the big city's <t>subversion</t> of rural innocence
subvert,6986,overthrow.v.01,<t>subvert</t> the ruling class
subway,6987,metro.n.01,in Paris the <t>subway</t> system is called the `metro' and in London it is called the `tube' or the `underground'
succeeded,6988,succeed.v.01,The enterprise <t>succeeded</t>
success,6989,success.n.01,let's call heads a <t>success</t> and tails a failure
successful,6990,successful.a.01,a <t>successful</t> architect
successor,6991,successor.n.01,he was President Lincoln's <t>successor</t>
succinct,6992,compendious.s.01,<t>succinct</t> comparisons
succinctly,6993,succinctly.r.01,Please state your case as <t>succinctly</t> as possible
such,6994,such.s.01,<t>such</t> weeping
suchlike,6995,suchlike.s.01,"a locker that usually contained paper, ink, and <t>suchlike</t> equipment"
sudden,6996,sudden.a.01,a <t>sudden</t> storm
suddenly,6997,suddenly.r.01,<t>suddenly</t> she felt a sharp pain in her side
suer,6998,suitor.n.01,a <t>suer</t> for the hand of the princess
suffered,6999,suffer.v.01,He <t>suffered</t> the penalty
suffice,7000,suffice.v.01,A 'B' grade doesn't <t>suffice</t> to get me into medical school
sufficiency,7001,sufficiency.n.01,her father questioned the young suitor's <t>sufficiency</t>
sufficient,7002,sufficient.a.01,<t>sufficient</t> food
sufficiently,7003,sufficiently.r.01,she was <t>sufficiently</t> fluent in Mandarin
sugary,7004,sugary.a.01,he eats too much <t>sugary</t> food
suggestion,7005,suggestion.n.01,the picnic was her <t>suggestion</t>
suggestive,7006,implicative.s.01,artifacts <t>suggestive</t> of an ancient society
sui_generis,7007,sui_generis.s.01,a history book <t>sui generis</t>
suicide,7008,suicide.n.01,it is a crime to commit <t>suicide</t>
suit,7009,suit.n.01,they buried him in his best <t>suit</t>
suitability,7010,suitability.n.01,an important requirement is <t>suitability</t> for long trips
suitable,7011,suitable.s.01,a tractor <t>suitable</t> (or fit) for heavy duty
sulk,7012,sulk.n.01,stayed home in a <t>sulk</t>
sullen,7013,dark.s.04,a <t>sullen</t> crowd
sultry,7014,sensual.s.02,a <t>sultry</t> look
sum,7015,sum.n.01,he borrowed a large <t>sum</t>
summarize,7016,sum_up.v.01,I will now <t>summarize</t>
summary,7017,summary.n.01,he gave a <t>summary</t> of the conclusions
summer,7018,summer.n.01,they spent a lazy <t>summer</t> at the shore
summer_camp,7019,camp.n.08,city kids get to see the country at a <t>summer camp</t>
summery,7020,summery.a.01,<t>summery</t> weather
summit,7021,acme.n.01,the <t>summit</t> of his ambition
sun,7022,sun.n.01,the <t>sun</t> contains 99.85% of the mass in the solar system
sunday-go-to-meeting,7023,go-to-meeting.s.01,her <t>Sunday-go-to-meeting</t> clothes
sundry,7024,assorted.s.01,<t>sundry</t> sciences commonly known as social
sunlit,7025,sunlit.s.01,the <t>sunlit</t> slopes of the canyon
sunny,7026,cheery.s.01,a gay <t>sunny</t> room
sup,7027,swallow.n.01,a <t>sup</t> of ale
superb,7028,brilliant.s.01,a <t>superb</t> actor
supercilious,7029,disdainful.s.02,his mother eyed my clothes with a <t>supercilious</t> air
superficial,7030,superficial.a.01,<t>superficial</t> similarities
superficially,7031,superficially.r.01,he was <t>superficially</t> interested
superfluously,7032,superfluously.r.01,"<t>superfluously</t>, he added his silly comments to the discussion"
superhuman,7033,superhuman.a.01,<t>superhuman</t> beings
supernal,7034,supernal.a.01,"interpret the plague as a visitation from heaven, a <t>supernal</t> punishment for the sins of men"
supernatural,7035,supernatural.n.01,She doesn't believe in the <t>supernatural</t>
supersonic,7036,supersonic.a.01,a <t>supersonic</t> bomber flies so fast that it must release its bombs while the target is still over the horizon
supervisory,7037,supervisory.a.01,in a <t>supervisory</t> capacity
suppled,7038,supple.v.01,These boots are not yet <t>suppled</t> by frequent use
suppliant,7039,petitioner.n.01,a <t>suppliant</t> for her favors
support,7040,support.n.01,his <t>support</t> kept the family together
supported,7041,support.v.01,She <t>supported</t> him during the illness
supporters,7042,supporter.n.01,all their <t>supporters</t> came out for the game
supportive,7043,supportive.a.01,a <t>supportive</t> family network
suppress,7044,suppress.v.01,<t>suppress</t> a nascent uprising
supreme,7045,supreme.s.01,the <t>supreme</t> sacrifice
supremely,7046,supremely.r.01,he was <t>supremely</t> confident
sure,7047,certain.a.02,was <t>sure</t> (or certain) she had seen it
sure-fire,7048,sure-fire.s.01,a <t>sure-fire</t> way to get rich
sure_enough,7049,sure_enough.r.01,"<t>sure enough</t>, he asked her for money again"
surefooted,7050,surefooted.s.01,on <t>surefooted</t> donkeys
surely,7051,surely.r.01,the results are <t>surely</t> encouraging
surface,7052,surface.n.01,the cloth had a pattern of red dots on a white <t>surface</t>
surfaces,7053,surface.n.01,there is a special cleaner for these <t>surfaces</t>
surged,7054,billow.v.03,The army <t>surged</t> forward
surgery,7055,surgery.n.01,he is professor of <t>surgery</t> at the Harvard Medical School
surgical,7056,surgical.a.01,<t>surgical</t> instruments
surly,7057,surly.s.01,a <t>surly</t> waiter
surprised,7058,surprise.v.01,The news really <t>surprised</t> me
surprisingly,7059,surprisingly.r.01,he was <t>surprisingly</t> friendly
surreal,7060,phantasmagoric.s.01,the incongruous imagery in <t>surreal</t> art and literature
surrendered,7061,surrender.v.01,The last Taleban fighters finally <t>surrendered</t>
surreptitious,7062,furtive.s.01,a <t>surreptitious</t> glance at his watch
surreptitiously,7063,surreptitiously.r.01,he was watching her <t>surreptitiously</t> as she waited in the hotel lobby
surround,7064,environment.n.02,the country--the flat agricultural <t>surround</t>
surveying,7065,surveying.n.01,he studied <t>surveying</t> at college
survive,7066,survive.v.01,These superstitions <t>survive</t> in the backwaters of America
suspended,7067,suspend.v.01,The secret police <t>suspended</t> their victims from the ceiling and beat them
suspiciously,7068,suspiciously.r.01,she regarded the food <t>suspiciously</t>
sustained,7069,prolong.v.02,We <t>sustained</t> the diplomatic negotiations as long as possible
swaddled,7070,swaddle.v.01,<t>swaddled</t> the infant
swampy,7071,boggy.s.01,<t>swampy</t> bayous
swarming,7072,teem.v.01,The garden was <t>swarming</t> with bees
swart,7073,dark-skinned.s.02,`<t>swart</t>' is archaic
swarthy,7074,dark-skinned.s.02,a smile on his <t>swarthy</t> face
sweat,7075,perspiration.n.01,<t>sweat</t> poured off his brow
sweep,7076,sweep.n.01,the <t>sweep</t> of the plains
sweet_fanny_adams,7077,bugger_all.n.01,I know <t>sweet Fanny Adams</t> about surgery
sweet_nothings,7078,sweet_nothings.n.01,he whispered <t>sweet nothings</t> into her ear
swelled,7079,swell.v.01,The music <t>swelled</t> to a crescendo
swept,7080,brush.v.04,A gasp <t>swept</t> cross the audience
swiftly,7081,swiftly.r.01,she moved <t>swiftly</t>
swim,7082,swimming.n.01,they took a short <t>swim</t> in the pool
swimmer,7083,swimmer.n.01,he was an Olympic <t>swimmer</t>
swimming,7084,swimming.n.01,it was the <t>swimming</t> they enjoyed most
swindled,7085,victimize.v.03,He <t>swindled</t> me out of my inheritance
swing,7086,swing.n.01,the party went with a <t>swing</t>
swinish,7087,boorish.s.01,aristocratic contempt for the <t>swinish</t> multitude
switch_on,7088,switch_on.v.01,<t>switch on</t> the light
swooped,7089,pounce.v.01,The raptor <t>swooped</t> down on its prey
swoops,7090,swoop.n.01,the violinist was indulgent with his <t>swoops</t> and slides
sword_of_damocles,7091,sword_of_damocles.n.01,the possibility hangs over their heads like the <t>sword of Damocles</t>
swung,7092,swing.v.01,He <t>swung</t> his left fist
symbolic,7093,symbolic.a.01,<t>symbolic</t> logic
sympathetic,7094,sympathetic.a.01,<t>sympathetic</t> neurons
sympathies,7095,sympathy.n.01,his <t>sympathies</t> were always with the underdog
syndrome,7096,syndrome.n.01,every word has a <t>syndrome</t> of meanings
system,7097,system.n.01,he bought a new stereo <t>system</t>
systematic,7098,systematic.a.01,the investigation was very <t>systematic</t>
systematically,7099,systematically.r.01,they <t>systematically</t> excluded women
systemic,7100,systemic.s.01,a <t>systemic</t> poison
table,7101,table.n.01,see <t>table</t> 1
tacit,7102,silent.s.03,a <t>tacit</t> agreement
tacitly,7103,tacitly.r.01,they are <t>tacitly</t> expected to work 10 hours a day
tackle,7104,tackle.n.01,the right <t>tackle</t> is a straight A student
tacky,7105,tacky.s.01,<t>tacky</t> varnish
tactful,7106,tactful.a.01,she was <t>tactful</t> enough not to shatter his illusion
tactfully,7107,tactfully.r.01,he stepped <t>tactfully</t> in to prevent trouble
tactical,7108,tactical.a.01,a <t>tactical</t> error
tactile,7109,haptic.a.01,a <t>tactile</t> reflex
tactless,7110,tactless.a.01,in the circumstances it was <t>tactless</t> to ask her age
tad,7111,tad.n.01,a <t>tad</t> too expensive
take-away,7112,takeout.s.01,`<t>take-away</t>' is chiefly British
take_care,7113,take_care.v.01,<t>Take care</t> when you cross the street!
take_down,7114,lower.v.01,<t>take down</t> the vase from the shelf
take_for,7115,deem.v.01,<t>take for</t> granted
take_home,7116,take_home.v.01,How much does your wife <t>take home</t> after taxes and other deductions?
take_note,7117,note.v.03,<t>Take note</t> of this chemical reaction
take_notice,7118,take_notice.v.01,<t>Take notice</t> of the great architecture
take_office,7119,take_office.v.01,When will the new President <t>take office</t>?
take_shape,7120,form.v.03,our plans began to <t>take shape</t>
take_turns,7121,alternate.v.05,We <t>take turns</t> on the night shift
take_up,7122,take_up.v.01,<t>take up</t> a matter for consideration
takeaway,7123,takeout.n.01,in England they call takeout food `<t>takeaway</t>'
taken_up,7124,haunted.s.01,he was <t>taken up</t> in worry for the old woman
taking,7125,pickings.n.01,clothing could be had for the <t>taking</t>
taliban,7126,taliban.n.01,the <t>Taliban</t> enforced a strict Muslim code of behavior
talk,7127,talk.n.01,let's have more work and less <t>talk</t> around here
talks,7128,negotiation.n.01,<t>talks</t> between Israelis and Palestinians
tall_order,7129,tall_order.n.01,finishing in time was a <t>tall order</t> but we did it
tally,7130,run.n.01,their first <t>tally</t> came in the 3rd inning
tamely,7131,tamely.r.01,the labour movement allowed itself to be run out of power <t>tamely</t>
tampered,7132,tamper.v.01,Someone <t>tampered</t> with the documents on my desk
tangential,7133,digressive.s.01,a <t>tangential</t> remark
tangible,7134,tangible.a.01,skin with a <t>tangible</t> roughness
tangier,7135,tangier.n.01,the first tangerines were shipped from <t>Tangier</t> to Europe in 1841
tangle,7136,tangle.n.01,they carved their way through the <t>tangle</t> of vines
tantamount,7137,equivalent.s.01,his statement was <t>tantamount</t> to an admission of guilt
tantrum,7138,fit.n.01,she threw a <t>tantrum</t>
tape,7139,tape.n.01,he used a piece of <t>tape</t> for a belt
tapered,7140,taper.v.01,Interested <t>tapered</t> off
tapestry,7141,tapestry.n.01,the <t>tapestry</t> of European history
tapping,7142,tapping.n.01,he heard the <t>tapping</t> of the man's cane
tardily,7143,slowly.r.01,glaciers move <t>tardily</t>
tardy,7144,belated.s.01,<t>tardy</t> children are sent to the principal
tarnished,7145,tarnish.v.01,The silver was <t>tarnished</t> by the long exposure to the air
tasked,7146,task.v.01,I <t>tasked</t> him with looking after the children
taste,7147,taste.n.01,the candy left him with a bad <t>taste</t>
tastelessly,7148,tastelessly.r.01,the house was <t>tastelessly</t> decorated
tasty,7149,tasty.a.01,a <t>tasty</t> morsel
tattered,7150,tattered.s.01,a man in a <t>tattered</t> shirt
tatty,7151,moth-eaten.s.01,an old house with dirty windows and <t>tatty</t> curtains
taught,7152,teach.v.01,I <t>taught</t> them French
taut,7153,taut.s.01,<t>taut</t> sails
tautological,7154,pleonastic.s.01,the phrase `a beginner who has just started' is <t>tautological</t>
tautology,7155,tautology.n.01,the statement `he is brave or he is not brave' is a <t>tautology</t>
tawdry,7156,brassy.s.01,<t>tawdry</t> ornaments
tax_cut,7157,tax_cut.n.01,the new administration's large <t>tax cut</t> was highly controversial
tax_return,7158,tax_return.n.01,his gross income was enough that he had to file a <t>tax return</t>
taxed,7159,tax.v.01,Clothing is not <t>taxed</t> in our state
taxi_rank,7160,cabstand.n.01,in England the place where taxis wait to be hired is called a `<t>taxi rank</t>'
tea,7161,tea.n.01,iced <t>tea</t> is a cooling drink
teaching,7162,teaching.n.01,he prepared for <t>teaching</t> while still in college
teamed,7163,team.v.01,We <t>teamed</t> up for this new project
teamwork,7164,teamwork.n.01,"it will take money, good planning and, above all, <t>teamwork</t>"
tearful,7165,tearful.a.01,<t>tearful</t> eyes
tearfully,7166,tearfully.r.01,the man confessed <t>tearfully</t> to having beaten his wife
tears,7167,crying.n.01,she was in <t>tears</t>
teased,7168,tease.v.01,The children <t>teased</t> the boy because of his stammer
tedious,7169,boring.s.01,<t>tedious</t> days on the train
tee,7170,tee.n.01,they were waiting on the first <t>tee</t>
teeming,7171,teem.v.01,The plaza is <t>teeming</t> with undercover policemen
teenage,7172,adolescent.s.01,<t>teenage</t> mothers
telephone,7173,telephone.n.01,I talked to him on the <t>telephone</t>
television,7174,television.n.01,<t>Television</t> is a medium because it is neither rare nor well done
telly,7175,television_receiver.n.01,the British call a tv set a <t>telly</t>
temper,7176,pique.n.02,his <t>temper</t> sparked like damp firewood
temperamental,7177,temperamental.a.01,<t>temperamental</t> indifference to neatness
temperate,7178,temperate.a.01,a <t>temperate</t> region
tempest,7179,storm.n.02,it was only a <t>tempest</t> in a teapot
temporally,7180,temporally.r.01,<t>temporally</t> processed
temporarily,7181,temporarily.r.01,he will work here <t>temporarily</t>
tempted,7182,tempt.v.01,We were <t>tempted</t> by the delicious-looking food
tempter,7183,tempter.n.01,Satan is the great <t>tempter</t> of mankind
tenacious,7184,retentive.a.01,<t>tenacious</t> memory
tenant,7185,tenant.n.01,the landlord can evict a <t>tenant</t> who doesn't pay the rent
tendency,7186,inclination.n.01,a <t>tendency</t> to be too strict
tendentious,7187,tendentious.s.01,a <t>tendentious</t> account of recent elections
tenderly,7188,tenderly.r.01,<t>tenderly</t> she placed her arms round him
tends,7189,tend.v.01,She <t>tends</t> to be nervous before her lectures
tenebrous,7190,tenebrous.s.01,a <t>tenebrous</t> cave
tensed,7191,strain.v.06,the bodybuilder's neck muscles <t>tensed</t>;
tenseness,7192,tension.n.02,he could feel the <t>tenseness</t> of her body
tensile,7193,tensile.a.01,<t>tensile</t> stress
tension,7194,tension.n.01,he suffered from fatigue and emotional <t>tension</t>
tent,7195,tent.n.01,he pitched his <t>tent</t> near the creek
tentative,7196,probationary.s.01,just a <t>tentative</t> schedule
tenuous,7197,tenuous.s.01,a <t>tenuous</t> fluid
tenuously,7198,tenuously.r.01,his works <t>tenuously</t> survive in the minds of a few scholars
tepid,7199,lukewarm.s.01,<t>tepid</t> bath water
terminally,7200,terminally.r.01,<t>terminally</t> ill
terminated,7201,end.v.02,The attack on Poland <t>terminated</t> the relatively peaceful period after WW I
terminology,7202,terminology.n.01,legal <t>terminology</t>
terms,7203,footing.n.01,on good <t>terms</t> with her in-laws
terrain,7204,terrain.n.01,they decided to attack across the rocky <t>terrain</t>
terrible,7205,awful.s.02,a <t>terrible</t> curse
terribly,7206,terribly.r.01,<t>terribly</t> interesting
terrific,7207,terrific.s.01,a <t>terrific</t> noise
terse,7208,crisp.s.06,short and <t>terse</t> and easy to understand
tersely,7209,telegraphically.r.01,"a particular bird, exactly and <t>tersely</t> described in the book of birds"
tessellate,7210,tessellate.v.01,triangles <t>tessellate</t>
testament,7211,testament.n.01,he stated his political <t>testament</t>
testing,7212,testing.n.01,they agreed to end the <t>testing</t> of atomic weapons
teutonic,7213,teutonic.a.01,<t>Teutonic</t> peoples such as Germans and Scandinavians and British
text,7214,text.n.01,there were more than a thousand words of <t>text</t>
textbook,7215,textbook.n.01,his economics <t>textbook</t> is in its tenth edition
texture,7216,texture.n.01,the wall had a smooth <t>texture</t>
thailand,7217,thailand.n.01,<t>Thailand</t> is the official name of the former Siam
thankful,7218,grateful.a.01,a <t>thankful</t> smile
thankless,7219,ungrateful.a.01,How sharper than a serpent's tooth it is / To have a <t>thankless</t> child!
thawed,7220,dissolve.v.09,the ice <t>thawed</t>
the_devil,7221,the_devil.n.01,it will be <t>the devil</t> to solve
the_like,7222,like.n.01,"dogs, foxes, and <t>the like</t>"
the_pits,7223,hell.n.01,when you're alone Christmas is <t>the pits</t>
theme,7224,subject.n.01,his letters were always on the <t>theme</t> of love
then,7225,then.n.01,we will arrive before <t>then</t>
then_again,7226,on_the_other_hand.r.01,"<t>then again</t>, she might not go"
theoretical,7227,theoretical.a.01,<t>theoretical</t> science
theories,7228,theory.n.01,<t>theories</t> can incorporate facts and laws and tested hypotheses
theory,7229,theory.n.01,true in fact and <t>theory</t>
therapy,7230,therapy.n.01,heat <t>therapy</t> gave the best relief
there,7231,there.n.01,you can take it from <t>there</t>
thereabouts,7232,thereabout.r.01,come at noon or <t>thereabouts</t>
thereafter,7233,thereafter.r.01,<t>thereafter</t> he never called again
thereby,7234,thereby.r.01,"He knocked over the red wine, <t>thereby</t> ruining the table cloth"
therefore,7235,therefore.r.01,<t>therefore</t> X must be true
therein,7236,therein.r.01,they can read <t>therein</t> what our plans are
thereto,7237,thereto.r.01,with all the appurtenances fitting <t>thereto</t>
thermosetting,7238,thermosetting.a.01,the phenol resins and plastics were the original synthetic <t>thermosetting</t> materials
thicken,7239,thicken.v.01,<t>Thicken</t> the sauce
thickening,7240,thickening.n.01,starch is used in cooking as a <t>thickening</t>
thickset,7241,compact.s.01,a <t>thickset</t> young man
thieving,7242,larceny.n.01,the <t>thieving</t> is awful at Kennedy International
thin_air,7243,thin_air.n.01,it vanished into <t>thin air</t>
thing,7244,thing.n.01,this <t>thing</t> has got to end
things,7245,things.n.01,she packed her <t>things</t> and left
think,7246,think.n.01,I need to give it a good <t>think</t>
think_of,7247,remember.v.02,<t>Think of</t> the starving children in India!
think_twice,7248,think_twice.v.01,<t>Think twice</t> before you have a child
thinking,7249,thinking.n.01,<t>thinking</t> always made him frown
thinly,7250,thinly.r.01,smiled <t>thinly</t>
thinness,7251,thinness.n.01,the <t>thinness</t> of a rope
third,7252,one-third.n.01,it contains approximately a <t>third</t> of the minimum daily requirement
thirsty,7253,thirsty.s.01,<t>thirsty</t> fields under a rainless sky
thorn,7254,irritant.n.01,he's a <t>thorn</t> in my flesh
thorny,7255,thorny.s.01,the <t>thorny</t> question of states' rights
thorough,7256,thorough.s.01,our accountant is <t>thorough</t>
thoroughgoing,7257,exhaustive.s.01,<t>thoroughgoing</t> research
thoroughly,7258,thoroughly.r.01,we searched the files <t>thoroughly</t>
though,7259,though.r.01,"it might be unpleasant, <t>though</t>"
thought,7260,idea.n.01,the <t>thought</t> never entered my mind
thought-provoking,7261,challenging.s.02,a <t>thought-provoking</t> book
thoughtful,7262,thoughtful.s.01,a deeply <t>thoughtful</t> essay
thoughtfully,7263,thoughtfully.r.01,he stared <t>thoughtfully</t> out the window
thoughtless,7264,thoughtless.a.01,the debate turned into <t>thoughtless</t> bickering
thoughtlessly,7265,thoughtlessly.r.01,he stared <t>thoughtlessly</t> at the picture
threadbare,7266,banal.s.01,repeating <t>threadbare</t> jokes
threat,7267,menace.n.01,earthquakes are a constant <t>threat</t> in Japan
threshold,7268,threshold.n.01,on the <t>threshold</t> of manhood
thrice,7269,thrice.r.01,I called you <t>thrice</t> last night
thrilled,7270,thrill.v.01,The men were <t>thrilled</t> by a loud whistle blow
thriving,7271,boom.v.05,The deer population in this town is <t>thriving</t>
throaty,7272,throaty.s.01,a rich <t>throaty</t> voice
throbbing,7273,throb.n.02,he felt a <t>throbbing</t> in his head
throes,7274,throes.n.01,death <t>throes</t>
throne,7275,throne.n.01,the king sat on his <t>throne</t>
through,7276,done.s.01,"after the treatment, the patient is <t>through</t> except for follow-up"
through_and_through,7277,through.r.05,knew him <t>through and through</t>
throw,7278,throw.n.01,the catcher made a good <t>throw</t> to second base
thrum,7279,thrum.n.01,he could hear the <t>thrum</t> of a banjo
thrust,7280,push.n.02,the <t>thrust</t> of the jet engines
thundered,7281,thunder.v.01,The bus <t>thundered</t> down the road
thunderstruck,7282,dumbfounded.s.01,was <t>thunderstruck</t> by the news of his promotion
tick_off,7283,check.v.06,<t>tick off</t> the items
ticklish,7284,delicate.s.05,hesitates to be explicit on so <t>ticklish</t> a matter
ticks,7285,tick.n.01,he counted the <t>ticks</t> of the clock
tidal,7286,tidal.a.01,<t>tidal</t> wave
tidal_wave,7287,tidal_wave.n.01,a <t>tidal wave</t> of nausea
tiddler,7288,child.n.01,`<t>tiddler</t>' is a British term for youngster
tidy_up,7289,tidy.v.01,<t>Tidy up</t> your room!
tie,7290,necktie.n.01,he wore a vest and <t>tie</t>
tie_beam,7291,tie.n.04,he nailed the rafters together with a <t>tie beam</t>
tie_down,7292,tie_down.v.01,<t>tie down</t> the prisoners
tie_up,7293,tie_down.v.01,<t>tie up</t> the old newspapers and bring them to the recycling shed
tied,7294,tie.v.01,They <t>tied</t> their victim to the chair
tied_up,7295,tied_up.s.01,she's <t>tied up</t> at the moment and can't see you
tiered,7296,tiered.a.01,a <t>tiered</t> mound
tiger,7297,tiger.n.01,he's a <t>tiger</t> on the tennis court
tigerish,7298,tigerish.s.01,a <t>tigerish</t> fury
tigers,7299,liberation_tigers_of_tamil_eelam.n.01,the Tamil <t>Tigers</t> perfected suicide bombing as a weapon of war
tight,7300,tight.a.01,<t>tight</t> skirts
tight-fitting,7301,tight-fitting.s.01,<t>tight-fitting</t> clothes
tighten,7302,tighten.v.01,<t>Tighten</t> the wire
tightening,7303,tightening.n.01,the <t>tightening</t> of economic controls
tightly,7304,tightly.r.01,a <t>tightly</t> packed pub
timbre,7305,timbre.n.01,the <t>timbre</t> of her soprano was rich and lovely
time,7306,time.n.01,this <t>time</t> he succeeded
time_bomb,7307,time_bomb.n.01,India is a demographic <t>time bomb</t>
time_frame,7308,time_frame.n.01,an agreement can be reached in a reasonably short <t>time frame</t>
time_off,7309,time_off.n.01,he requested <t>time off</t> to attend his grandmother's funeral
time_out,7310,respite.n.02,he took <t>time out</t> to recuperate
time_period,7311,time_period.n.01,a <t>time period</t> of 30 years
time_scale,7312,time_scale.n.01,on the geological <t>time scale</t> mankind has existed but for a brief moment
timeless,7313,dateless.s.04,Helen's <t>timeless</t> beauty
timely,7314,timely.s.01,the <t>timely</t> filing of his income tax return
times,7315,times.n.01,it was a sign of the <t>times</t>
timeworn,7316,banal.s.01,parroting some <t>timeworn</t> axiom
timid,7317,timid.n.01,whitewater rafting is not for the <t>timid</t>
timorous,7318,fearful.s.04,<t>timorous</t> little mouse
tinpot,7319,tinpot.s.01,he's a <t>tinpot</t> Hitler
tinsel,7320,tinsel.n.01,all the <t>tinsel</t> of self-promotion
tintinnabulation,7321,ring.n.06,the <t>tintinnabulation</t> that so voluminously swells from the ringing and the dinging of the bells
tiny,7322,bantam.s.01,<t>tiny</t> feet
tip-top,7323,tip-top.r.01,the shoes fit me <t>tip-top</t>
tipper,7324,tipper.n.01,a generous <t>tipper</t>
tippled,7325,tipple.v.01,We <t>tippled</t> the cognac
tired,7326,tire.v.01,I'm so <t>tired</t> of your mother and her complaints about my food
tired_of,7327,disgusted.s.01,<t>tired of</t> the noise and smoke
tireless,7328,indefatigable.s.01,a <t>tireless</t> worker
tires,7329,tire.n.01,automobile <t>tires</t> are usually made of rubber and filled with compressed air
tiresome,7330,boring.s.01,the <t>tiresome</t> chirping of a cricket
titivate,7331,spruce_up.v.01,<t>titivate</t> the child
title,7332,title.n.01,<t>Title</t> 8 provided federal help for schools
to_a_t,7333,to_a_t.r.01,the new house suited them <t>to a T</t>
to_all_intents_and_purposes,7334,for_all_practical_purposes.r.01,<t>to all intents and purposes</t> the case is closed
to_and_fro,7335,back_and_forth.r.01,the treetops whipped <t>to and fro</t> in a frightening manner
to_be_sure,7336,to_be_sure.r.01,"<t>to be sure</t>, he is no Einstein"
to_date,7337,up_to_now.r.02,no suspect has been found <t>to date</t>
to_order,7338,to_order.r.01,he had the shoes made <t>to order</t>
to_the_hilt,7339,to_the_hilt.r.01,you are in this <t>to the hilt</t>
today,7340,today.n.01,the world of <t>today</t>
toddle,7341,toddle.v.01,small children <t>toddle</t>
toe-to-toe,7342,toe-to-toe.r.01,they fought <t>toe-to-toe</t> for the nomination
toehold,7343,toehold.n.01,American diplomacy provided a <t>toehold</t> on which to proceed toward peace talks
together,7344,together.s.01,she's really <t>together</t>
togetherness,7345,togetherness.n.01,<t>togetherness</t> is the new wonder ingredient in marriage
tokens,7346,token.n.01,the word`error' contains three <t>tokens</t> of `r'
tolerable,7347,tolerable.a.01,the climate is at least <t>tolerable</t>
tolerably,7348,acceptably.r.01,she plays tennis <t>tolerably</t>
tolerantly,7349,tolerantly.r.01,he reacts rather <t>tolerantly</t> toward his son's juvenile behavior
tolerate,7350,digest.v.03,he learned to <t>tolerate</t> the heat
toleration,7351,toleration.n.01,all people should practice <t>toleration</t> and live together in peace
tomorrow,7352,tomorrow.n.01,what are our tasks for <t>tomorrow</t>?
tone,7353,tone.n.01,he began in a conversational <t>tone</t>
tone_of_voice,7354,tone.n.01,he spoke in a nervous <t>tone of voice</t>
tongue-in-cheek,7355,bantering.s.01,<t>tongue-in-cheek</t> advice
tongue-tied,7356,tongue-tie.v.01,"When he met his idol, the young man was <t>tongue-tied</t>"
tonsorial,7357,tonsorial.a.01,<t>tonsorial</t> work
too,7358,excessively.r.01,<t>too</t> big
too_bad,7359,regrettable.s.01,it's <t>too bad</t> he had no feeling himself for church
too_much,7360,overmuch.r.01,she eats <t>too much</t>
tooled,7361,tool.v.01,The convertible <t>tooled</t> down the street
tooth_and_nail,7362,tooth_and_nail.r.01,she fought <t>tooth and nail</t>
toothless,7363,toothless.a.01,most birds are <t>toothless</t>
tootles,7364,tootle.n.01,he enjoyed hearing the <t>tootles</t> of their horns as the musicians warmed up
top,7365,top.n.01,the title should be written at the <t>top</t> of the first page
top-notch,7366,ace.s.01,played <t>top-notch</t> tennis
topic,7367,subject.n.01,it was a very sensitive <t>topic</t>
topical,7368,topical.s.01,a drug for <t>topical</t> (or local) application
topicality,7369,topicality.n.01,the library had to discard books that had lost their <t>topicality</t>
topless,7370,topless.a.01,a <t>topless</t> jar
topmost,7371,topmost.s.01,on the <t>topmost</t> step
tops,7372,top.n.01,the mower cuts off the <t>tops</t> of the grass
torched,7373,torch.v.01,The madman <t>torched</t> the barns
torpid,7374,inert.s.03,a mind grown <t>torpid</t> in old age
torpor,7375,torpor.n.01,he fell into a deep <t>torpor</t>
torrential,7376,torrential.a.01,<t>torrential</t> erosion
torrid,7377,ardent.s.01,a <t>torrid</t> love affair
tortuous,7378,byzantine.s.01,<t>tortuous</t> legal procedures
toss-up,7379,tossup.n.01,it's a <t>toss-up</t> whether he will win or lose
tot,7380,tot.n.01,a <t>tot</t> of rum
totality,7381,entirety.n.01,appalled by the <t>totality</t> of the destruction
totally,7382,wholly.r.01,a <t>totally</t> new situation
totemic,7383,totemic.a.01,<t>totemic</t> object
tottery,7384,tottering.s.01,a <t>tottery</t> old man
touch,7385,touch.n.01,he longed for the <t>touch</t> of her hand
touch-and-go,7386,parlous.s.01,dangerous surgery followed by a <t>touch-and-go</t> recovery
touched,7387,touch.v.01,She never <t>touched</t> her husband
touchily,7388,touchily.r.01,he <t>touchily</t> refused all offers to help
toughen,7389,toughen.v.01,This experience will <t>toughen</t> her
tour,7390,tour.n.01,they took an extended <t>tour</t> of Europe
toured,7391,tour.v.01,We <t>toured</t> the Provence this summer
tourism,7392,tourism.n.01,<t>Tourism</t> is a major business in Bermuda
tousled,7393,tousle.v.01,The strong wind <t>tousled</t> my hair
tow,7394,tow.n.01,the truck gave him a <t>tow</t> to the garage
town,7395,town.n.01,they drive through <t>town</t> on their way to work
toxic,7396,toxic.a.01,suffering from exposure to <t>toxic</t> substances
trace,7397,trace.n.01,he speaks French with a <t>trace</t> of an accent
track,7398,path.n.04,the <t>track</t> of an animal
track_record,7399,track_record.n.01,the <t>track record</t> for the mile and a half at Belmont is 2 minutes 24 seconds held by Secretariat since 1973
trade,7400,trade.n.01,Venice was an important center of <t>trade</t> with the East
trade_in,7401,trade.v.02,<t>trade in</t> an old car for a new one
traditional,7402,traditional.a.01,<t>traditional</t> history
traditionally,7403,traditionally.r.01,"<t>traditionally</t>, we eat fried foods on Hanukah"
tragic,7404,tragic.s.01,a <t>tragic</t> face
tragically,7405,tragically.r.01,the adventure ended <t>tragically</t>
trail,7406,trail.n.01,there as a <t>trail</t> of blood
train_of_thought,7407,train_of_thought.n.01,I couldn't follow his <t>train of thought</t>
trains,7408,train.n.01,express <t>trains</t> don't stop at Princeton Junction
traitorous,7409,faithless.s.01,a lying <t>traitorous</t> insurrectionist
tramcar,7410,tramcar.n.01,a <t>tramcar</t> carries coal out of a coal mine
tramp,7411,tramp.n.01,a homeless <t>tramp</t>
trample,7412,trample.n.01,he heard the <t>trample</t> of many feet
trampled,7413,tread.v.02,The soldiers <t>trampled</t> across the fields
transact,7414,transact.v.01,<t>transact</t> with foreign governments
transcendental,7415,nonnatural.s.01,find <t>transcendental</t> motives for sublunary action
transcribe,7416,transcribe.v.01,<t>Transcribe</t> the oral history of this tribe
transcript,7417,transcript.n.01,he read a <t>transcript</t> of the interrogation
transect,7418,transect.v.01,the trails <t>transect</t> the property
transfuse,7419,instill.v.01,<t>transfuse</t> love of music into the students
transgressions,7420,transgression.n.01,the boy was punished for the <t>transgressions</t> of his father
transient,7421,transient.n.01,<t>transient</t> laborers
transiently,7422,transiently.r.01,these three pions may actually be joined together <t>transiently</t> as a compound particle during the interchange process
transitional,7423,transitional.a.01,adolescence is a <t>transitional</t> stage between childhood and adulthood
transitory,7424,ephemeral.s.01,love is <t>transitory</t> but it is eternal
translate,7425,translate.v.01,I have to <t>translate</t> when my in-laws from Austria visit the U.S.
translucent,7426,translucent.s.01,<t>translucent</t> amber
transparent,7427,crystalline.s.02,<t>transparent</t> crystal
transparently,7428,transparently.r.01,his <t>transparently</t> lucid prose
transplantation,7429,transplant.n.02,the long-term results of cardiac <t>transplantation</t> are now excellent
transverse,7430,cross.s.01,from the <t>transverse</t> hall the stairway ascends gracefully
transversely,7431,transversely.r.01,they were cut <t>transversely</t>
trapped,7432,trap.v.01,He was <t>trapped</t> in a difficult situation
trashy,7433,rubbishy.s.01,<t>trashy</t> merchandise
travel,7434,travel.n.01,he enjoyed selling but he hated the <t>travel</t>
travelled,7435,travel.v.01,We <t>travelled</t> from Rome to Naples by bus
treacherous,7436,treacherous.s.01,<t>treacherous</t> winding roads
treasure,7437,treasure.n.01,the pirates hid their <t>treasure</t> on a small island in the West Indies
tremendous,7438,enormous.s.01,<t>tremendous</t> sweeping plains
tremulous,7439,quavering.s.01,spoke timidly in a <t>tremulous</t> voice
trench_warfare,7440,trench_warfare.n.01,the hope that his superior campaigning skills would make a difference evaporated in the realization that electioneering had become a form of <t>trench warfare</t>
trenchant,7441,searching.s.02,<t>trenchant</t> criticism
trend,7442,tendency.n.04,the <t>trend</t> of the stock market
trendy,7443,trendy.s.01,<t>trendy</t> ideas
trial,7444,test.n.05,he called each flip of the coin a new <t>trial</t>
trials,7445,test.n.05,in the experimental <t>trials</t> the amount of carbon was measured separately
triangular,7446,triangular.s.01,a <t>triangular</t> figure
tribal,7447,tribal.a.01,<t>tribal</t> customs
trick,7448,trick.n.01,he played a <t>trick</t> on me
tricked,7449,flim-flam.v.01,We <t>tricked</t> the teacher into thinking that class would be cancelled next week
tried,7450,try.v.01,He <t>tried</t> to shake off his fears
trim,7451,trim.n.01,in good <t>trim</t>
trimming,7452,trimming.n.01,the children had to be in bed before it was time for the <t>trimming</t> of the tree
trimmings,7453,fixings.n.02,he bought a Christmas tree and <t>trimmings</t> to decorate it
trip,7454,trip.n.01,he took a <t>trip</t> to the shopping center
trisect,7455,trisect.v.01,<t>trisect</t> a line
trite,7456,banal.s.01,his remarks were <t>trite</t> and commonplace
triumph,7457,victory.n.01,the agreement was a <t>triumph</t> for common sense
triumphal,7458,triumphal.a.01,a <t>triumphal</t> procession
triumphant,7459,exultant.s.01,a <t>triumphant</t> shout
trivially,7460,trivially.r.01,we can prove <t>trivially</t> that this theorem is false
trojan_war,7461,trojan_war.n.01,the story of the <t>Trojan War</t> is told in Homer's Iliad
tropical,7462,tropical.s.01,<t>tropical</t> islands
trot_out,7463,trot_out.v.01,always able to <t>trot out</t> some new excuse
trouble,7464,trouble.n.01,one <t>trouble</t> after another delayed the job
trouble-free,7465,trouble-free.s.01,NASA reported a <t>trouble-free</t> launch
troublesome,7466,troublesome.s.01,a <t>troublesome</t> infection
troubling,7467,disturb.v.01,A <t>troubling</t> thought
trounced,7468,flog.v.01,The children were severely <t>trounced</t>
trousers,7469,trouser.n.01,he had a sharp crease in his <t>trousers</t>
truculent,7470,truculent.s.01,a <t>truculent</t> speech against the new government
true,7471,true.n.01,out of <t>true</t>
true-blue,7472,true-blue.s.01,a <t>true-blue</t> American
true_to_life,7473,true-to-life.s.01,the novel about ghetto life was <t>true to life</t>
truly,7474,truly.r.01,she was now <t>truly</t> American
trump_up,7475,trump_up.v.01,<t>trump up</t> charges
trumped-up,7476,trumped-up.s.01,<t>trumped-up</t> charges
trumps,7477,trump.n.01,the ace of <t>trumps</t> is a sure winner
trust,7478,trust.n.01,he is the beneficiary of a generous <t>trust</t> set up by his father
trustful,7479,trustful.a.01,"great brown eye, true and <t>trustful</t>"
trustworthy,7480,trustworthy.a.01,a <t>trustworthy</t> report
truth,7481,truth.n.01,at last he knew the <t>truth</t>
truthful,7482,truthful.a.01,gave <t>truthful</t> testimony
try,7483,attempt.n.01,she gave it a good <t>try</t>
tsunami,7484,tsunami.n.01,a colossal <t>tsunami</t> destroyed the Minoan civilization in minutes
tuberous,7485,tuberous.a.01,a <t>tuberous</t> root
tugged,7486,tug.v.01,The prisoner <t>tugged</t> at the chains
tuition,7487,tuition.n.01,"<t>tuition</t> and room and board were more than $25,000"
tumbled,7488,tumble.v.01,The tower of the World Trade Center <t>tumbled</t> after the plane hit it
tumescent,7489,puffy.s.02,<t>tumescent</t> tissue
tumid,7490,bombastic.s.01,<t>tumid</t> political prose
tunisia,7491,tunisia.n.01,southern <t>Tunisia</t> is mostly desert
tunnel,7492,tunnel.n.01,the <t>tunnel</t> reduced congestion at that intersection
tup,7493,ram.n.05,a British term is `<t>tup</t>'
turbulent,7494,disruptive.s.01,a <t>turbulent</t> and unruly childhood
turf_war,7495,turf_war.n.01,a <t>turf war</t> erupted between street gangs
turn_back,7496,backtrack.v.01,The hikers got into a storm and had to <t>turn back</t>
turn_in,7497,turn_in.v.01,<t>Turn in</t> after you see the gate
turn_of_phrase,7498,turn_of_phrase.n.01,John's succinct <t>turn of phrase</t> persuaded her that it would not be a good idea
turn_off,7499,switch_off.v.01,"<t>Turn off</t> the stereo, please"
turn_on,7500,switch_on.v.01,<t>turn on</t> the stereo
turned,7501,turn.v.01,The mugger <t>turned</t> and fled before I could see his face
turned_out,7502,turned_out.s.01,the girls were well <t>turned out</t> and smart
turnout,7503,turnout.n.01,a large <t>turnout</t> for the meeting
turquoise,7504,turquoise.n.01,blue <t>turquoise</t> is valued as a gemstone
tutored,7505,tutor.v.01,She <t>tutored</t> me in Spanish
tv_channel,7506,channel.n.07,a satellite <t>TV channel</t>
tv_set,7507,television_receiver.n.01,the British call a <t>tv set</t> a telly
tweeters,7508,tweeter.n.01,the sound system had both <t>tweeters</t> and woofers
tweeting,7509,tweet.v.01,the small bird was <t>tweeting</t> in the tree
twice,7510,twice.r.01,I called her <t>twice</t>
twigged,7511,twig.v.01,The lightning bolt <t>twigged</t> in several directions
twilight,7512,twilight.n.01,he loved the <t>twilight</t>
twilit,7513,dusky.s.01,a boat on a <t>twilit</t> river
twinges,7514,pang.n.01,<t>twinges</t> of conscience
twisty,7515,tortuous.s.02,had to steer the car down a <t>twisty</t> track
twofold,7516,double.s.01,the office of a clergyman is <t>twofold</t>; public preaching and private influence
type,7517,type.n.01,what <t>type</t> of sculpture do you prefer?
typeset,7518,typeset.v.01,My book will be <t>typeset</t> nicely
typical,7519,typical.a.01,a <t>typical</t> American girl
typically,7520,typically.r.01,Tom was <t>typically</t> hostile
tyrannical,7521,oppressive.s.02,a <t>tyrannical</t> parent
tyrannous,7522,oppressive.s.02,<t>tyrannous</t> disregard of human rights
ugly,7523,ugly.a.01,an <t>ugly</t> face
ulterior,7524,subterranean.s.02,looked too closely for an <t>ulterior</t> purpose in all knowledge
ultimate,7525,ultimate.n.01,the <t>ultimate</t> in luxury
ultimately,7526,ultimately.r.01,<t>ultimately</t> he had to give in
ultra,7527,extremist.s.01,an <t>ultra</t> conservative
ultramodern,7528,ultramodern.s.01,Dadism and <t>ultramodern</t> art
unabashed,7529,unabashed.s.01,a tinseled charm and <t>unabashed</t> sentimentality
unabated,7530,unabated.s.01,the winds are <t>unabated</t>
unable,7531,unable.a.01,<t>unable</t> to get to town without a car
unacceptable,7532,unacceptable.s.01,the coach told his players that defeat was <t>unacceptable</t>
unaccountably,7533,unaccountably.r.01,"in the book, a tycoon <t>unaccountably</t> becomes the hero's friend"
unaccustomed,7534,unaccustomed.a.01,<t>unaccustomed</t> to wearing suits
unadulterated,7535,unadulterated.s.01,<t>unadulterated</t> maple syrup
unaffected,7536,unaffected.a.01,entirely <t>unaffected</t> by each other's writings
unaided,7537,unaided.s.01,his first <t>unaided</t> walk through the park
unalike,7538,unalike.a.01,as <t>unalike</t> as two people could be
unalloyed,7539,unalloyed.s.01,<t>unalloyed</t> metal
unaltered,7540,unaltered.a.01,persisting <t>unaltered</t> through time
unambiguous,7541,unambiguous.a.01,"As a horror, apartheid...is absolutely <t>unambiguous</t>"
unanimous,7542,consentaneous.s.01,a <t>unanimous</t> decision
unanticipated,7543,unanticipated.s.01,<t>unanticipated</t> and disconcerting lines of development
unapproachable,7544,unapproachable.a.01,an <t>unapproachable</t> executive
unasked,7545,unasked.s.01,<t>unasked</t> advice
unassertive,7546,unassertive.a.01,a shy <t>unassertive</t> person
unassuming,7547,retiring.s.01,"<t>unassuming</t> to a fault, skeptical about the value of his work"
unattainable,7548,unachievable.s.01,an <t>unattainable</t> goal
unattended,7549,unattended.s.01,she dashed out leaving the bar <t>unattended</t>
unattractive,7550,unattractive.a.01,as <t>unattractive</t> as most mining regions
unavailable,7551,unavailable.a.01,fresh milk was <t>unavailable</t> during the emergency
unavailing,7552,futile.s.01,an <t>unavailing</t> attempt
unavoidable,7553,ineluctable.s.01,an <t>unavoidable</t> accident
unaware,7554,unaware.a.01,seemed <t>unaware</t> of the scrutiny
unawares,7555,unawares.r.01,came upon the diamond <t>unawares</t>
unbalanced,7556,unbalance.v.01,The tax relief <t>unbalanced</t> the budget
unbeatable,7557,unbeatable.s.01,an <t>unbeatable</t> ball team
unbecoming,7558,indecent.s.01,language <t>unbecoming</t> to a lady
unblemished,7559,unblemished.a.01,an <t>unblemished</t> record
unblocked,7560,unblock.v.01,the procedure <t>unblocked</t> his arteries
unblushing,7561,shameless.s.01,an <t>unblushing</t> apologist for fascism
unbolt,7562,unbolt.v.01,<t>unbolt</t> the door
unbowed,7563,straight.s.02,stood defiantly with <t>unbowed</t> back
unbox,7564,unbox.v.01,<t>unbox</t> the presents
unbroken,7565,unbroken.a.01,cars in an <t>unbroken</t> procession
unbuckle,7566,unbuckle.v.01,<t>Unbuckle</t> your seat belt
unbutton,7567,unbutton.v.01,<t>unbutton</t> the shirt
uncalled-for,7568,uncalled-for.s.01,<t>uncalled-for</t> suggestions
uncanny,7569,eldritch.s.01,stumps...had <t>uncanny</t> shapes as of monstrous creatures
uncapped,7570,uncapped.s.01,natural <t>uncapped</t> teeth
uncaring,7571,detached.s.04,an <t>uncaring</t> person
uncensored,7572,uncensored.a.01,<t>uncensored</t> news reports
unceremonious,7573,unceremonious.s.01,an <t>unceremonious</t> speech
uncertain,7574,uncertain.a.01,<t>uncertain</t> of his convictions
uncertainty,7575,uncertainty.n.01,the <t>uncertainty</t> of the outcome
unchangeable,7576,unchangeable.a.01,a fixed and <t>unchangeable</t> part of the germ plasm
unchanged,7577,unchanged.a.01,the causes that produced them have remained <t>unchanged</t>
uncharacteristic,7578,uncharacteristic.a.01,a book <t>uncharacteristic</t> of its author
uncharitable,7579,uncharitable.a.01,all pious words and <t>uncharitable</t> deeds
uncharted,7580,chartless.s.01,<t>uncharted</t> seas
unchaste,7581,unchaste.a.01,<t>unchaste</t> conduct
unchecked,7582,unbridled.s.01,an <t>unchecked</t> temper
uncivil,7583,uncivil.a.01,want nothing from you but to get away from your <t>uncivil</t> tongue
unclaimed,7584,unclaimed.s.01,<t>unclaimed</t> luggage
unclean,7585,dirty.a.01,wore an <t>unclean</t> shirt
unclipped,7586,unclipped.s.01,<t>unclipped</t> rosebushes
unclothe,7587,unclothe.v.01,<t>unclothe</t> your heart of envy
uncomfortable,7588,uncomfortable.a.01,this kind of life can prove disruptive and <t>uncomfortable</t>
uncommon,7589,uncommon.a.01,<t>uncommon</t> birds
uncommonly,7590,uncommonly.r.01,a common remedy is <t>uncommonly</t> difficult to find
uncomplaining,7591,uncomplaining.a.01,<t>uncomplaining</t> courage
uncomplicated,7592,uncomplicated.s.01,small and <t>uncomplicated</t> cars for those really interested in motoring
uncomplimentary,7593,unflattering.a.01,an <t>uncomplimentary</t> dress
uncompromising,7594,uncompromising.a.01,took an <t>uncompromising</t> stance in the peace talks
unconcerned,7595,unconcerned.a.01,the average American...is <t>unconcerned</t> that his or her plight is the result of a complex of personal and economic and governmental actions...beyond the normal citizen's comprehension and control
unconditional,7596,unconditional.a.01,<t>unconditional</t> surrender
uncongenial,7597,uncongenial.a.01,the <t>uncongenial</t> roommates were always fighting
unconscionable,7598,conscienceless.s.01,an <t>unconscionable</t> liar
unconsidered,7599,inconsiderate.s.01,<t>unconsidered</t> words
uncontaminated,7600,uncontaminated.a.01,there is no culture <t>uncontaminated</t> by contact with the outside world
uncontrollable,7601,uncontrollable.s.01,<t>uncontrollable</t> pain
uncontrolled,7602,uncontrolled.a.01,the greatest <t>uncontrolled</t> health problem is AIDS
unconventional,7603,unconventional.a.01,her <t>unconventional</t> dress and hair style
unconvinced,7604,unconvinced.a.01,I remain <t>unconvinced</t>
unconvincing,7605,unconvincing.a.01,<t>unconvincing</t> argument
uncooperative,7606,uncooperative.a.01,an <t>uncooperative</t> witness
uncordial,7607,uncordial.s.01,looked <t>uncordial</t> as we approached
uncork,7608,uncork.v.01,<t>uncork</t> his anger
uncorrupted,7609,uncorrupted.s.01,<t>uncorrupted</t> English
uncouple,7610,uncouple.v.01,<t>uncouple</t> the hounds
uncouth,7611,coarse.s.01,an untutored and <t>uncouth</t> human being
uncrate,7612,uncrate.v.01,<t>uncrate</t> the glassed carefully!
uncritical,7613,uncritical.a.01,news sources reflected <t>uncritical</t> estimates of the number of juvenile addicts
unctuous,7614,buttery.s.01,the <t>unctuous</t> Uriah Heep
uncultivated,7615,uncultivated.a.01,<t>uncultivated</t> land
undecided,7616,open.s.08,our position on this bill is still <t>undecided</t>
undefeated,7617,undefeated.a.01,<t>undefeated</t> in battle
undemanding,7618,undemanding.a.01,the pay was adequate and the job <t>undemanding</t>
undemocratic,7619,undemocratic.a.01,the union broke with its past <t>undemocratic</t> procedures
undeniably,7620,undeniably.r.01,she is <t>undeniably</t> the most gifted student in the class
undependable,7621,unreliable.a.02,an <t>undependable</t> assistant
under,7622,nether.s.03,the <t>under</t> parts of a machine
under_way,7623,under_way.r.01,the ship got <t>under way</t>
under_wraps,7624,under_wraps.s.01,the plan was kept carefully <t>under wraps</t>
undercover,7625,clandestine.s.01,an <t>undercover</t> investigation
underdeveloped,7626,underdevelop.v.01,These photos are <t>underdeveloped</t>
underfed,7627,ill-fed.s.01,gaunt <t>underfed</t> children
underfoot,7628,underfoot.r.01,trampled the beans <t>underfoot</t>
undergo,7629,undergo.v.01,<t>undergo</t> a strange sensation
underhand,7630,underhand.a.01,an <t>underhand</t> pitch
underneath,7631,underneath.r.01,a chest of drawers all scratched <t>underneath</t>
undernourished,7632,undernourish.v.01,The stunted growth of these children shows that they are <t>undernourished</t>
understand,7633,understand.v.01,She did not <t>understand</t> her husband
understanding,7634,understanding.n.01,he has virtually no <t>understanding</t> of social cause and effect
undertakings,7635,undertaking.n.01,he prepared for great <t>undertakings</t>
undertones,7636,undertone.n.01,spoke in <t>undertones</t>
undertow,7637,undertow.n.01,his account had a poignant <t>undertow</t> of regret
undeserved,7638,undeserved.s.01,has an <t>undeserved</t> reputation as a coward
undesirables,7639,undesirable.n.01,rounding up vagrants and drunks and other <t>undesirables</t>
undetected,7640,undetected.a.01,they feared some <t>undetected</t> trace of poison
undeterred,7641,undeterred.s.01,pursued his own path...<t>undeterred</t> by lack of popular appreciation and understanding
undeveloped,7642,undeveloped.a.01,courses in interior design were rare and <t>undeveloped</t>
undiluted,7643,undiluted.a.01,<t>undiluted</t> milk
undisciplined,7644,undisciplined.s.01,<t>undisciplined</t> talent
undiscovered,7645,undiscovered.s.01,with earth-based telescopes many stars remain <t>undiscovered</t>
undisguised,7646,undisguised.s.01,<t>undisguised</t> curiosity
undisturbed,7647,undisturbed.s.01,he could pursue his studies <t>undisturbed</t>
undo,7648,undo.v.01,I wish I could <t>undo</t> my actions
undomesticated,7649,undomesticated.s.01,a few <t>undomesticated</t> horses left
undoubtedly,7650,undoubtedly.r.01,it's <t>undoubtedly</t> very beautiful
undramatic,7651,undramatic.a.01,moved with quiet force and <t>undramatic</t> bearing
undress,7652,undress.n.01,a state of <t>undress</t>
undue,7653,undue.a.01,an <t>undue</t> loan
unduly,7654,unduly.r.01,she was <t>unduly</t> pessimistic about her future
undyed,7655,unbleached.s.01,<t>undyed</t> cotton
undying,7656,deathless.s.01,his <t>undying</t> fame
unearthed,7657,unearth.v.01,The CIA <t>unearthed</t> a plot to kill the President
unearthly,7658,spiritual.s.02,<t>unearthly</t> love
uneasy,7659,uneasy.a.01,farmers were <t>uneasy</t> until rain finally came
uneconomical,7660,uneconomical.s.01,<t>uneconomical</t> ebb and flow of power
unemployed,7661,unemployed_people.n.01,the long-term <t>unemployed</t> need assistance
unemployment,7662,unemployment.n.01,<t>unemployment</t> is a serious social evil
unencumbered,7663,unencumbered.a.01,inherited an <t>unencumbered</t> estate
unending,7664,ageless.s.01,the <t>unending</t> bliss of heaven
unenlightened,7665,unenlightened.a.01,the devices by which <t>unenlightened</t> men preserved the unjust social order
unenthusiastic,7666,unenthusiastic.a.01,an <t>unenthusiastic</t> performance by the orchestra
unenthusiastically,7667,unenthusiastically.r.01,the children opened the presents <t>unenthusiastically</t>
unenviable,7668,awkward.s.04,in the <t>unenviable</t> position of resorting to an act he had planned to save for the climax of the campaign
unequaled,7669,alone.s.04,craftsmen whose skill is <t>unequaled</t>
unequivocal,7670,unequivocal.a.01,<t>unequivocal</t> evidence
unerring,7671,inerrable.s.01,an <t>unerring</t> marksman
unerringly,7672,unerringly.r.01,he <t>unerringly</t> fixed things for us
unethical,7673,unethical.a.01,<t>unethical</t> business practices
unethically,7674,unethically.r.01,he behaved <t>unethically</t>
uneven,7675,uneven.a.01,an <t>uneven</t> color
uneventful,7676,uneventful.a.01,an <t>uneventful</t> life
unexceptionable,7677,unexceptionable.s.01,two <t>unexceptionable</t> witnesses
unexceptional,7678,run-of-the-mill.s.01,a <t>unexceptional</t> an incident as can be found in a lawyer's career
unexcited,7679,unexcited.a.01,made an <t>unexcited</t> appraisal of the situation
unexpansive,7680,unexpansive.a.01,<t>unexpansive</t> bodies
unexpected,7681,unexpected.a.01,<t>unexpected</t> guests
unfailing,7682,foolproof.s.01,the <t>unfailing</t> sign of an amateur
unfair,7683,unfair.a.01,used <t>unfair</t> methods
unfairly,7684,unfairly.r.01,they dealt with him <t>unfairly</t>
unfaithful,7685,unfaithful.a.01,an <t>unfaithful</t> lover
unfamiliar,7686,unfamiliar.a.01,a name <t>unfamiliar</t> to most
unfashionable,7687,unfashionable.a.01,<t>unfashionable</t> clothes
unfasten,7688,unfasten.v.01,<t>unfasten</t> your belt
unfeeling,7689,hardhearted.s.01,an <t>unfeeling</t> wretch
unfeigned,7690,genuine.s.01,her interest in people was <t>unfeigned</t>
unflappable,7691,imperturbable.s.01,<t>unflappable</t> in a crisis
unfledged,7692,unfledged.a.01,a small <t>unfledged</t> sparrow on the window sill
unforeseen,7693,unanticipated.s.01,<t>unforeseen</t> circumstances
unforgiving,7694,unforgiving.a.01,a surly <t>unforgiving</t> old woman
unfortunately,7695,unfortunately.r.01,<t>unfortunately</t> it rained all day
unfounded,7696,baseless.s.01,<t>unfounded</t> suspicions
unfriendly,7697,unfriendly.a.01,user-<t>unfriendly</t>
unfurl,7698,unfurl.v.01,<t>unfurl</t> a banner
ungainly,7699,gawky.s.01,a gawky lad with long <t>ungainly</t> legs
ungenerous,7700,ungenerous.a.01,it seems <t>ungenerous</t> to end this review of a splendid work of scholarship on a critical note
ungentle,7701,ignoble.s.01,of ignoble (or <t>ungentle</t>) birth
ungodly,7702,iniquitous.s.01,<t>ungodly</t> acts
ungoverned,7703,unbridled.s.01,<t>ungoverned</t> rage
ungraceful,7704,graceless.s.02,his stature low...his bearing <t>ungraceful</t>
ungrateful,7705,ungrateful.a.01,<t>ungrateful</t> heirs
unguarded,7706,unguarded.s.01,an <t>unguarded</t> gate
unhappy,7707,unhappy.a.01,<t>unhappy</t> over her departure
unhealthy,7708,unhealthy.a.01,<t>unhealthy</t> ulcers
unheard-of,7709,unheard-of.s.01,developments on an <t>unheard-of</t> scale
unhesitating,7710,unhesitating.s.01,his reply was <t>unhesitating</t>
unhesitatingly,7711,unhesitatingly.r.01,she said yes <t>unhesitatingly</t>
unhoped-for,7712,unhoped.s.01,an <t>unhoped-for</t> piece of luck
unhurried,7713,unhurried.a.01,people strolling about in an <t>unhurried</t> way
unhygienic,7714,unhygienic.s.01,pathetic dogs kept in small <t>unhygienic</t> cages
unidentified,7715,unidentified.s.01,an <t>unidentified</t> species
unified,7716,unify.v.01,Germany <t>unified</t> officially in 1990
uniformly,7717,uniformly.r.01,a <t>uniformly</t> bright surface
unilateral,7718,unilateral.a.01,<t>unilateral</t> paralysis
unilluminated,7719,lightless.s.02,the <t>unilluminated</t> side of Mars
unimaginative,7720,sterile.s.02,<t>unimaginative</t> development of a musical theme
unimpaired,7721,unimpaired.a.01,his speech remained <t>unimpaired</t>
unimpeachable,7722,unimpeachable.s.01,an <t>unimpeachable</t> source
unimportant,7723,unimportant.a.01,a relatively <t>unimportant</t> feature of the system
uninformed,7724,uninformed.a.01,the <t>uninformed</t> public
uninhabited,7725,uninhabited.a.01,an <t>uninhabited</t> island
uninhibited,7726,uninhibited.a.01,<t>uninhibited</t> exuberance
uninspired,7727,uninspired.s.01,the production was professional but <t>uninspired</t>
uninspiring,7728,uninspiring.a.01,a villa of <t>uninspiring</t> design
unintelligent,7729,unintelligent.a.01,a dull job with lazy and <t>unintelligent</t> co-workers
unintelligible,7730,unintelligible.a.01,<t>unintelligible</t> speech
unintentionally,7731,unintentionally.r.01,she hit him <t>unintentionally</t>
uninterested,7732,uninterested.a.01,an <t>uninterested</t> spectator
uninteresting,7733,uninteresting.a.01,a very <t>uninteresting</t> account of her trip
uninterrupted,7734,uninterrupted.s.01,a convalescent needs <t>uninterrupted</t> sleep
union,7735,union.n.01,you have to join the <t>union</t> in order to get a job
unique,7736,alone.s.04,Bach was <t>unique</t> in his handling of counterpoint
uniquely,7737,uniquely.r.01,he could determine <t>uniquely</t> the properties of the compound
unironed,7738,unironed.a.01,a pile of <t>unironed</t> laundry
unison,7739,unison.n.01,marching in <t>unison</t>
unit,7740,unit_of_measurement.n.01,the dollar is the United States <t>unit</t> of currency
unity,7741,integrity.n.01,he took measures to insure the territorial <t>unity</t> of Croatia
universe,7742,universe.n.01,they study the evolution of the <t>universe</t>
unkempt,7743,unkempt.s.01,wild <t>unkempt</t> hair
unkept,7744,broken.a.04,broken (or <t>unkept</t>) promises
unkind,7745,unkind.a.01,a thoughtless and <t>unkind</t> remark
unkindly,7746,unkindly.s.01,<t>unkindly</t> ancts
unknown,7747,unknown.n.01,they came like angels out the <t>unknown</t>
unknown_quantity,7748,unknown_quantity.n.01,I don't know what the new man will do; he's still an <t>unknown quantity</t>
unlatched,7749,unbarred.s.01,went through the <t>unlatched</t> gate into the street
unleash,7750,unleash.v.01,<t>unleash</t> one's anger
unlettered,7751,analphabetic.s.01,special tutorials to assist the <t>unlettered</t> sector of society
unlike,7752,unlike.a.01,for twins they are very <t>unlike</t>
unlikely,7753,improbable.a.01,legislation on the question is highly <t>unlikely</t>
unlisted,7754,unlisted.a.01,an <t>unlisted</t> telephone number
unlit,7755,unlighted.a.01,held an <t>unlit</t> cigarette
unload,7756,drop.v.08,<t>unload</t> the cargo
unlock,7757,unlock.v.01,<t>unlock</t> the door
unlucky,7758,unlucky.a.01,Friday the 13th is an <t>unlucky</t> date
unmarked,7759,unmarked.a.01,<t>unmarked</t> cards
unmarried,7760,unmarried.a.01,<t>unmarried</t> men and women
unmasked,7761,unmask.v.01,The journal article <t>unmasked</t> the corrupt politician
unmethodical,7762,unmethodical.s.01,the project failed through <t>unmethodical</t> planning
unmindful,7763,unmindful.a.01,while thus <t>unmindful</t> of his steps he stumbled
unmistakable,7764,unmistakable.s.01,his opposition to slavery was <t>unmistakable</t>
unmistakably,7765,unmistakably.r.01,this watercolor is <t>unmistakably</t> a synthesis of nature
unmitigated,7766,unmitigated.a.01,<t>unmitigated</t> suffering
unmixed,7767,plain.s.02,not an <t>unmixed</t> blessing
unmoved,7768,unmoved.a.01,always appeared completely <t>unmoved</t> and imperturbable
unmusical,7769,unmusical.a.01,too <t>unmusical</t> to care for concerts
unnamed,7770,nameless.s.01,an <t>unnamed</t> donor
unnatural,7771,unnatural.a.01,an <t>unnatural</t> death
unnecessarily,7772,unnecessarily.r.01,they were <t>unnecessarily</t> rude
unnoticed,7773,unnoticed.a.01,hoped his departure had passed <t>unnoticed</t>
unobtrusive,7774,unobtrusive.a.01,"a quiet, <t>unobtrusive</t> life of self-denial"
unobtrusively,7775,unobtrusively.r.01,"messengers were moving <t>unobtrusively</t> over the jet-black mountain ranges, bearing confidential tidings from sheikhdom to sheikhdom"
unoccupied,7776,unoccupied.a.01,an <t>unoccupied</t> telephone booth
unofficial,7777,unofficial.a.01,a sort of <t>unofficial</t> mayor
unoiled,7778,unoiled.a.01,dusty <t>unoiled</t> roads
unopened,7779,unopened.s.01,<t>unopened</t> Christmas presents
unopposed,7780,unopposed.a.01,<t>unopposed</t> military forces
unoriginal,7781,unoriginal.a.01,the manuscript contained <t>unoriginal</t> emendations
unornamented,7782,plain.s.04,functional architecture featuring stark <t>unornamented</t> concrete
unpack,7783,unpack.v.01,<t>unpack</t> the presents
unpaid,7784,unpaid.a.01,<t>unpaid</t> wages
unpalatable,7785,unpalatable.a.01,an <t>unpalatable</t> meal
unparalleled,7786,alone.s.04,<t>unparalleled</t> athletic ability
unplanned,7787,unplanned.a.01,an <t>unplanned</t> economy
unpleasant,7788,unpleasant.a.01,an <t>unpleasant</t> personality
unplug,7789,unplug.v.01,<t>unplug</t> the hair dryer after using it
unpolished,7790,unpolished.a.01,dull <t>unpolished</t> shoes
unpopular,7791,unpopular.a.01,<t>unpopular</t> ideas
unposed,7792,unposed.a.01,<t>unposed</t> photographs
unprecedented,7793,unprecedented.a.01,an <t>unprecedented</t> expansion in population and industry
unprejudiced,7794,unprejudiced.a.01,an <t>unprejudiced</t> appraisal of the pros and cons
unpremeditated,7795,unpremeditated.s.01,asked an <t>unpremeditated</t> question
unprepared,7796,unprepared.a.01,<t>unprepared</t> remarks
unpretentious,7797,unpretentious.a.01,an <t>unpretentious</t> country church
unpreventable,7798,unpreventable.a.01,<t>unpreventable</t> hysteria
unprincipled,7799,unprincipled.a.01,freedom from coarse <t>unprincipled</t> calumny
unproductive,7800,unproductive.a.01,elimination of high-cost or <t>unproductive</t> industries
unprofessional,7801,unprofessional.a.01,described in <t>unprofessional</t> language so that high school students could understand it
unprofitable,7802,unprofitable.a.01,deposits abandoned by mining companies as <t>unprofitable</t>
unpromising,7803,unpromising.s.01,faced an <t>unpromising</t> task
unprovoked,7804,motiveless.s.01,<t>unprovoked</t> and dastardly attack
unpunished,7805,unpunished.a.01,would he forget the crime and let it go <t>unpunished</t>?
unqualified,7806,unqualified.a.01,an <t>unqualified</t> denial
unquestionable,7807,unquestionable.a.01,<t>unquestionable</t> authority
unquestionably,7808,unquestionably.r.01,Fred Winter is <t>unquestionably</t> the jockey to follow
unravel,7809,unravel.v.01,<t>unravel</t> the thread
unread,7810,unread.s.01,he seems to have been wholly <t>unread</t> in political theory
unreal,7811,unreal.a.01,ghosts and other <t>unreal</t> entities
unrealistic,7812,unrealistic.a.01,<t>unrealistic</t> expectations
unreasonably,7813,unreasonably.r.01,she reacted <t>unreasonably</t> when she learned she had failed
unrefined,7814,unrefined.a.01,<t>unrefined</t> ore
unregistered,7815,unregistered.a.01,<t>unregistered</t> dairy cattle
unrehearsed,7816,ad-lib.s.01,a few <t>unrehearsed</t> comments
unrelaxed,7817,unrelaxed.s.01,his life was drawing to a close in baffled zeal and <t>unrelaxed</t> strain
unreservedly,7818,unreservedly.r.01,I can <t>unreservedly</t> recommend this restaurant!
unresolved,7819,unsolved.a.01,many problems remain <t>unresolved</t>
unrest,7820,agitation.n.02,social <t>unrest</t>
unrestrained,7821,unrestrained.a.01,<t>unrestrained</t> laughter
unripe,7822,green.a.03,<t>unripe</t> fruit
unrivaled,7823,matchless.s.01,<t>unrivaled</t> mastery of her art
unruffled,7824,unflurried.s.01,with contented mind and <t>unruffled</t> spirit
unruly,7825,boisterous.s.01,an <t>unruly</t> class
unsaddled,7826,unsaddle.v.01,They <t>unsaddled</t> their mounts
unsatisfactory,7827,unsatisfactory.a.01,shops should take back <t>unsatisfactory</t> goods
unscientific,7828,unscientific.a.01,an <t>unscientific</t> lack of objectivity
unscramble,7829,unscramble.v.01,Can you <t>unscramble</t> the message?
unscrew,7830,unscrew.v.01,<t>unscrew</t> the outlet plate
unscripted,7831,unscripted.a.01,<t>unscripted</t> talk shows
unscrupulous,7832,unscrupulous.a.01,<t>unscrupulous</t> politicos who would be happy to sell...their country in order to gain power
unsealed,7833,unseal.v.01,He <t>unsealed</t> the letter
unseasonable,7834,unseasonable.a.01,a sudden <t>unseasonable</t> blizzard
unseat,7835,unseat.v.01,The Republicans are trying to <t>unseat</t> the liberal Democrat
unseeing,7836,unobservant.s.01,looked through him with blank <t>unseeing</t> eyes
unseemly,7837,indecent.s.01,<t>unseemly</t> to use profanity
unselfconscious,7838,unselfconscious.s.01,she grew up with him in <t>unselfconscious</t> friendship
unshaped,7839,unshaped.s.01,<t>unshaped</t> dough
unshockable,7840,unshockable.a.01,"he was warmhearted, sensible and <t>unshockable</t>"
unsightly,7841,unsightly.s.01,<t>unsightly</t> billboards
unsigned,7842,unsigned.a.01,the message was typewritten and <t>unsigned</t>
unsinkable,7843,unsinkable.a.01,they thought the Titanic was <t>unsinkable</t>
unskilled,7844,unskilled.a.01,<t>unskilled</t> in the art of rhetoric
unskillful,7845,botchy.s.01,it was an <t>unskillful</t> attempt
unsmooth,7846,rough.a.01,his <t>unsmooth</t> face
unsociable,7847,unsociable.a.01,an <t>unsociable</t> nature...shy and reserved
unsophisticated,7848,unsophisticated.s.01,either too <t>unsophisticated</t> or too honest to promise more than he could deliver
unsound,7849,unsound.a.01,an <t>unsound</t> foundation
unsparing,7850,lavish.s.01,<t>unsparing</t> generosity
unspeakable,7851,indefinable.s.02,<t>unspeakable</t> happiness
unspecific,7852,broad.s.02,felt an <t>unspecific</t> dread
unspecified,7853,unspecified.a.01,threatened <t>unspecified</t> reprisals
unspectacular,7854,unspectacular.s.01,an <t>unspectacular</t> but necessary task
unspoken,7855,mute.s.01,<t>unspoken</t> grief
unsportsmanlike,7856,cheating.s.02,fined for <t>unsportsmanlike</t> behavior
unstable,7857,unstable.a.01,<t>unstable</t> political conditions
unsteady,7858,unsteady.a.01,her <t>unsteady</t> walk
unstinting,7859,lavish.s.01,called for <t>unstinting</t> aid to Britain
unstirred,7860,unstirred.s.01,the ingredients sat in the bowl <t>unstirred</t> while she buttered the pan
unstoppable,7861,unstoppable.a.01,as <t>unstoppable</t> as the wind
unstructured,7862,unstructured.a.01,an <t>unstructured</t> situation with no one in authority
unstuck,7863,unstuck.a.01,a man with a mule got my car <t>unstuck</t>
unstudied,7864,unstudied.a.01,an air of <t>unstudied</t> spontaneous utterance is apt to be painstakingly achieved
unsuccessfully,7865,unsuccessfully.r.01,she tried <t>unsuccessfully</t> to persuade him to buy a new car
unsuitable,7866,unsuitable.s.01,a solvent <t>unsuitable</t> for use on wood surfaces
unsullied,7867,unsullied.s.01,the <t>unsullied</t> snow of mountains
unsung,7868,obscure.s.04,<t>unsung</t> heroes of the war
unsupported,7869,unsupported.a.01,<t>unsupported</t> accusations
unsure,7870,diffident.a.02,a very <t>unsure</t> young man
unsurpassable,7871,unsurpassable.s.01,<t>unsurpassable</t> skill
unswayed,7872,uninfluenced.s.01,<t>unswayed</t> by personal considerations
unswerving,7873,undeviating.s.01,a straight and narrow tree-lined road <t>unswerving</t> across the lowlands
unsympathetic,7874,unsympathetic.a.01,<t>unsympathetic</t> officialdom
unsympathetically,7875,unsympathetically.r.01,the judge listened to the accused <t>unsympathetically</t>
unsystematic,7876,unsystematic.a.01,<t>unsystematic</t> and fragmentary records
untarnished,7877,stainless.s.01,an <t>untarnished</t> reputation
untaxed,7878,tax-exempt.s.01,an <t>untaxed</t> expense account
untended,7879,untended.s.01,<t>untended</t> garden was soon overgrown with weeds
untidy,7880,untidy.a.01,careless and <t>untidy</t> in her personal habits
untied,7881,untie.v.01,They <t>untied</t> the prisoner
untimely,7882,ill-timed.s.01,an <t>untimely</t> remark
untitled,7883,ignoble.s.01,<t>untitled</t> civilians
untold,7884,untold.s.01,<t>untold</t> suffering
untouched,7885,untouched.s.01,an <t>untouched</t> cocktail in her hand
untoward,7886,indecent.s.01,moved to curb their <t>untoward</t> ribaldry
untraceable,7887,untraceable.a.01,an <t>untraceable</t> source
untreated,7888,untreated.a.01,an <t>untreated</t> disease
untried,7889,unseasoned.s.02,an illustrator <t>untried</t> in mural painting
untrimmed,7890,untrimmed.a.01,shaggy <t>untrimmed</t> locks
untroubled,7891,untroubled.a.01,seemed <t>untroubled</t> by doubts of any kind
untrue,7892,untrue.s.01,unfortunately the statement was simply <t>untrue</t>
untrustworthy,7893,untrustworthy.a.01,an <t>untrustworthy</t> person
untruthful,7894,untruthful.a.01,the statement given under oath was <t>untruthful</t>
untutored,7895,unschooled.s.01,an <t>untutored</t> genius
untwine,7896,untwine.v.01,<t>untwine</t> the strings
untying,7897,untying.n.01,the tying of bow ties is an art; the <t>untying</t> is easy
unused,7898,fresh.s.08,an <t>unused</t> envelope
unusual,7899,unusual.a.01,a scene of <t>unusual</t> beauty
unusually,7900,unusually.r.01,she was <t>unusually</t> tall
unvarying,7901,changeless.s.01,principles of <t>unvarying</t> validity
unveil,7902,unveil.v.01,Women must not <t>unveil</t> themselves in public in Islamic societies
unveiling,7903,unveiling.n.01,he attended the <t>unveiling</t> of the statue
unwanted,7904,unwanted.a.01,tried to give away <t>unwanted</t> kittens
unwarmed,7905,unheated.s.01,<t>unwarmed</t> rolls
unwashed,7906,common.s.04,the <t>unwashed</t> masses
unwavering,7907,firm.s.01,<t>unwavering</t> loyalty
unweaned,7908,unweaned.a.01,some children remain <t>unweaned</t> until their second or third birthdays
unwed,7909,unwed.s.01,<t>unwed</t> mother
unwelcome,7910,unwelcome.a.01,<t>unwelcome</t> publicity
unwell,7911,ailing.s.01,is <t>unwell</t> and can't come to work
unwholesome,7912,unwholesome.a.01,<t>unwholesome</t> food
unwieldy,7913,unwieldy.a.01,we set about towing the <t>unwieldy</t> structure into the shelter
unwilling,7914,unwilling.a.01,an <t>unwilling</t> assistant
unwind,7915,unwind.v.01,<t>unwind</t> a ball of yarn
unwise,7916,unwise.s.01,an <t>unwise</t> investor is soon impoverished
unwitting,7917,unintentional.s.02,an <t>unwitting</t> mistake may be overlooked
unwonted,7918,unwonted.s.01,an <t>unwonted</t> softness in her face
unworldly,7919,unworldly.a.01,was <t>unworldly</t> and did not greatly miss worldly rewards
unworthy,7920,unworthy.a.01,dispel a student whose conduct is deemed <t>unworthy</t>
unwrap,7921,unwrap.v.01,Let's <t>unwrap</t> the gifts!
unwritten,7922,unwritten.a.01,an <t>unwritten</t> law
unzip,7923,unzip.v.01,<t>unzip</t> the bag
up,7924,up.v.01,<t>up</t> the ante
up-to-date,7925,up-to-date.s.01,an <t>up-to-date</t> issue of the magazine
up-to-the-minute,7926,up-to-the-minute.s.01,the news is <t>up-to-the-minute</t>
up_and_down,7927,up_and_down.r.01,he walked <t>up and down</t> the locker room
up_here,7928,up_here.r.01,you shouldn't be <t>up here</t>
up_in_the_air,7929,up_in_the_air.s.01,left everything <t>up in the air</t>
up_on,7930,abreast.s.01,<t>up on</t> the news
up_to,7931,up_to.s.01,what have you been <t>up to</t>?
upbeat,7932,wellbeing.n.01,the town was finally on the <t>upbeat</t> after our recent troubles
upcoming,7933,approaching.s.01,the <t>upcoming</t> spring fashions
upcountry,7934,interior.s.04,<t>upcountry</t> districts
updated,7935,update.v.01,We <t>updated</t> the kitchen in the old house
updating,7936,updating.n.01,criminal records need regular <t>updating</t>
upended,7937,upend.v.01,the airplanes <t>upended</t>
upfront,7938,upfront.s.01,he was <t>upfront</t> about his intentions
uplifting,7939,uplifting.n.01,the <t>uplifting</t> of the clouds revealed the blue of a summer sky
upmarket,7940,upmarket.a.01,he turned up in well-cut clothes...and <t>upmarket</t> felt hats
uppermost,7941,topmost.s.01,the <t>uppermost</t> book in the pile
uppity,7942,overweening.s.02,getting a little <t>uppity</t> and needed to be slapped down
upraising,7943,resurrect.v.01,<t>Upraising</t> ghosts
uprights,7944,upright.n.01,the ball sailed between the <t>uprights</t>
uprooted,7945,uproot.v.01,The war <t>uprooted</t> many people
uprose,7946,originate.v.01,An interesting phenomenon <t>uprose</t>
upscale,7947,upscale.s.01,an <t>upscale</t> neighborhood
upset,7948,disturbance.n.02,she didn't realize the <t>upset</t> she caused me
upside_down,7949,upside_down.r.01,the box was lying on the floor <t>upside down</t>
upstairs,7950,upstairs.n.01,no one was allowed to see the <t>upstairs</t>
upstanding,7951,upstanding.s.01,an <t>upstanding</t> member of the community
upward,7952,upward.s.01,the cards were face <t>upward</t>
upwards,7953,up.r.01,the fragments flew <t>upwards</t>
urban,7954,urban.a.01,<t>urban</t> sociology
urbane,7955,polished.s.01,maintained an <t>urbane</t> tone in his letters
urged,7956,urge.v.01,I <t>urged</t> him to finish his studies
urgent,7957,pressing.s.01,the <t>urgent</t> words `Hurry! Hurry!'
urgently,7958,urgently.r.01,health care reform is needed <t>urgently</t>
urinated,7959,urinate.v.01,The sick men <t>urinated</t> blood
urine,7960,urine.n.01,there was blood in his <t>urine</t>
usable,7961,useable.s.02,<t>usable</t> byproducts
use,7962,use.n.01,he warned against the <t>use</t> of narcotic drugs
used_to,7963,used_to.s.01,I am <t>used to</t> hitchhiking
useful,7964,useful.a.01,the girl felt motherly and <t>useful</t>
usefully,7965,usefully.r.01,extra money could be <t>usefully</t> spent on this project
useless,7966,useless.a.01,a kitchen full of <t>useless</t> gadgets
usual,7967,usual.a.01,grew the <t>usual</t> vegetables
usually,7968,normally.r.01,<t>usually</t> she was late
usurious,7969,exorbitant.s.01,<t>usurious</t> interest rate
usurped,7970,assume.v.06,he <t>usurped</t> my rights
utmost,7971,utmost.n.01,he tried his <t>utmost</t>
utopian,7972,utopian.n.01,a <t>Utopian</t> believes in the ultimate perfectibility of man
uttered,7973,express.v.02,He <t>uttered</t> a curse
utterer,7974,utterer.n.01,an <t>utterer</t> of foul oaths
utterly,7975,absolutely.r.01,<t>utterly</t> miserable
uzi,7976,uzi.n.01,the <t>Uzi</t> is used throughout the world as a police and special forces firearm
vacant,7977,vacant.s.01,a <t>vacant</t> mind
vacation,7978,vacation.n.01,we get two weeks of <t>vacation</t> every summer
vaccinate,7979,immunize.v.02,We <t>vaccinate</t> against scarlet fever
vaccinated,7980,immunize.v.02,The nurse <t>vaccinated</t> the children in the school
vagabonds,7981,vagabond.n.01,pirate ships were <t>vagabonds</t> of the sea
vagaries,7982,vagary.n.01,the <t>vagaries</t> of the weather
vague,7983,obscure.s.01,"their descriptions of human behavior become <t>vague</t>, dull, and unclear"
vain,7984,conceited.s.01,<t>vain</t> about her clothes
valentine,7985,valentine.n.01,will you be my <t>valentine</t>?
valiant,7986,valiant.s.01,a <t>valiant</t> attempt to prevent the hijack
valid,7987,valid.a.01,a <t>valid</t> inference
valuables,7988,valuable.n.01,all our <t>valuables</t> were stolen
valuation,7989,evaluation.n.02,he set a high <t>valuation</t> on friendship
value,7990,value.n.01,the <t>value</t> assigned was 16 milliseconds
values,7991,values.n.01,he has very conservatives <t>values</t>
vantage_point,7992,vantage_point.n.01,from that <t>vantage point</t> he could survey the whole valley
vapid,7993,bland.s.01,<t>vapid</t> beer
vaporous,7994,diaphanous.s.01,<t>vaporous</t> silks
variable,7995,variable.n.01,the weather is one <t>variable</t> to be considered
varies,7996,change.v.03,The supermarket's selection of vegetables <t>varies</t> according to the season
variety,7997,assortment.n.01,he had a <t>variety</t> of disorders
various,7998,assorted.s.02,his disguises are many and <t>various</t>
vast,7999,huge.s.01,at <t>vast</t> (or immense) expense
vastly,8000,vastly.r.01,He had <t>vastly</t> overestimated his resources
veered,8001,swerve.v.01,The motorbike <t>veered</t> to the right
vegetation,8002,vegetation.n.01,Pleistocene <t>vegetation</t>
vehemence,8003,vehemence.n.01,the <t>vehemence</t> of his denial
vehement,8004,fierce.s.02,<t>vehement</t> dislike
vein,8005,vein.n.01,all veins except the pulmonary <t>vein</t> carry unaerated blood
venal,8006,corruptible.s.01,a <t>venal</t> police officer
venerable,8007,venerable.s.01,a <t>venerable</t> sage with white hair and beard
venerate,8008,reverence.v.01,We <t>venerate</t> genius
veneration,8009,fear.n.03,his respect for the law bordered on <t>veneration</t>
venereal,8010,genital.a.01,<t>venereal</t> disease
vengeance,8011,vengeance.n.01,"<t>Vengeance</t> is mine; I will repay, saith the Lord"
venial,8012,minor.s.02,<t>venial</t> sin
venomous,8013,deadly.s.03,<t>venomous</t> snakes
ventured,8014,venture.v.01,We <t>ventured</t> into the world of high-tech and bought a supercomputer
venturesome,8015,audacious.s.03,a <t>venturesome</t> investor
venus,8016,venus.n.01,before it was known that they were the same object the evening star was called <t>Venus</t> and the morning star was called Lucifer
veracious,8017,veracious.s.01,a <t>veracious</t> witness
verbal,8018,verbal.s.01,<t>verbal</t> imagery
verbal_expression,8019,expression.n.03,he helped me find <t>verbal expression</t> for my ideas
verbatim,8020,direct.s.03,repeated their dialog <t>verbatim</t>
verbose,8021,long-winded.s.01,<t>verbose</t> and ineffective instructional methods
veridical,8022,veridical.s.01,perceptual error...has a surprising resemblance to <t>veridical</t> perception
verify,8023,verify.v.01,Please <t>verify</t> that the doors are closed
verily,8024,verily.r.01,I <t>verily</t> think so
veritable,8025,regular.s.01,he's a <t>veritable</t> swine
versatile,8026,versatile.s.01,his vast and <t>versatile</t> erudition
version,8027,version.n.01,his <t>version</t> of the fight was different from mine
vertically,8028,vertically.r.01,a gallery quite often is added to make use of space <t>vertically</t> as well as horizontally
very,8029,very.s.01,the <t>very</t> center of town
very_much,8030,a_lot.r.01,we enjoyed ourselves <t>very much</t>
vesicular,8031,vesicular.a.01,normal <t>vesicular</t> breathing
veterans,8032,veteran.n.01,the <t>veterans</t> laughed at the new recruits
vetoed,8033,veto.v.01,The President <t>vetoed</t> the bill
vetted,8034,vet.v.01,She <t>vetted</t> for the farms in the area for many years
vexatious,8035,annoying.s.01,a <t>vexatious</t> child
vibe,8036,vibration.n.04,it gave me a nostalgic <t>vibe</t>
vibrant,8037,vibrant.s.01,a <t>vibrant</t> group that challenged the system
vicarious,8038,vicarious.s.01,read about mountain climbing and felt <t>vicarious</t> excitement
vice_versa,8039,vice_versa.r.01,she hates him and <t>vice versa</t>
vicinity,8040,vicinity.n.01,the plane crashed in the <t>vicinity</t> of Asheville
vicious,8041,barbarous.s.01,<t>vicious</t> kicks
victorious,8042,victorious.s.01,the <t>victorious</t> entry
victory,8043,victory.n.01,a narrow <t>victory</t>
view,8044,position.n.03,consider what follows from the positivist <t>view</t>
viewpoint,8045,point_of_view.n.01,we should consider this problem from the <t>viewpoint</t> of the Russians
vigilance,8046,watchfulness.n.01,<t>vigilance</t> is especially susceptible to fatigue
vigilant,8047,argus-eyed.s.02,the <t>vigilant</t> eye of the town watch
vigorous,8048,vigorous.s.01,a <t>vigorous</t> hiker
vigorously,8049,vigorously.r.01,he defended his ideas <t>vigorously</t>
vile,8050,despicable.s.01,the <t>vile</t> development of slavery appalled them
vilified,8051,vilify.v.01,The Nazi propaganda <t>vilified</t> the Jews
villainous,8052,nefarious.s.01,a <t>villainous</t> plot
vim,8053,energy.n.05,he seemed full of <t>vim</t> and vigor
vindicate,8054,justify.v.02,<t>vindicate</t> a claim
vindication,8055,vindication.n.01,friends provided a <t>vindication</t> of his position
vindictive,8056,revengeful.s.01,more <t>vindictive</t> than jealous love
violence,8057,violence.n.01,he may accomplish by craft in the long run what he cannot do by force and <t>violence</t> in the short one
violent,8058,violent.a.01,a <t>violent</t> attack
violently,8059,violently.r.01,they attacked <t>violently</t>
virile,8060,virile.s.01,a <t>virile</t> and ever stronger free society
virtual,8061,virtual.s.01,the once elegant temple lay in <t>virtual</t> ruin
virtually,8062,virtually.r.01,the strike <t>virtually</t> paralyzed the city
virulence,8063,virulence.n.01,the <t>virulence</t> of the plague
visaged,8064,visaged.s.01,gloomy-<t>visaged</t> funeral directors
viscera,8065,viscera.n.01,`<t>viscera</t>' is the plural form of `viscus'
visceral,8066,visceral.a.01,<t>visceral</t> bleeding
visible,8067,visible.a.01,a <t>visible</t> object
visibly,8068,visibly.r.01,he was <t>visibly</t> upset
vision,8069,vision.n.01,he had a <t>vision</t> of his own death
visit,8070,visit.n.01,he dropped by for a <t>visit</t>
visitation,8071,trial.n.06,a <t>visitation</t> of the plague
visual,8072,ocular.a.02,<t>visual</t> powers
visually,8073,visually.r.01,<t>visually</t> distorted
vital,8074,critical.s.01,<t>vital</t> for a healthy society
vital_signs,8075,vital_sign.n.01,he was still alive but his <t>vital signs</t> were weak
vitally,8076,vitally.r.01,this is <t>vitally</t> important
vitreous,8077,vitreous.a.01,the <t>vitreous</t> chamber
vitriolic,8078,acerb.s.02,a <t>vitriolic</t> critique
vivacious,8079,vibrant.s.01,a charming and <t>vivacious</t> hostess
vivid,8080,graphic.s.03,a <t>vivid</t> description
vividly,8081,vividly.r.01,he described his adventures <t>vividly</t>
vocally,8082,vocally.r.01,she defended herself <t>vocally</t>
vociferous,8083,blatant.s.02,a <t>vociferous</t> mob
vogue,8084,vogue.n.01,leather is the latest <t>vogue</t>
voguish,8085,chic.s.01,a suit of <t>voguish</t> cut
voice,8086,voice.n.01,A shrill <t>voice</t> sounded behind us
voiced,8087,voice.v.01,He <t>voiced</t> his concern
volcanic,8088,volcanic.a.01,<t>volcanic</t> steam
volition,8089,volition.n.01,the exercise of their <t>volition</t> we construe as revolt
volume,8090,volume.n.01,the gas expanded to twice its original <t>volume</t>
voluminous,8091,voluminous.s.01,a <t>voluminous</t> skirt
volunteered,8092,volunteer.v.01,He <t>volunteered</t> the information
voluptuous,8093,juicy.s.01,a <t>voluptuous</t> woman
voracious,8094,rapacious.s.02,paying taxes to <t>voracious</t> governments
votaries,8095,votary.n.01,monasteries of <t>votaries</t>
vote,8096,vote.n.01,they allowed just one <t>vote</t> per person
voted,8097,vote.v.01,He <t>voted</t> for the motion
votes,8098,vote.n.01,there were only 17 <t>votes</t> in favor of the motion
votive,8099,votive.s.01,<t>votive</t> prayers
vouch,8100,vouch.v.01,Will he <t>vouch</t> for me?
vows,8101,vow.n.01,they took <t>vows</t> of poverty
vulgar,8102,coarse.s.01,appealing to the <t>vulgar</t> taste for violence
vulnerability,8103,vulnerability.n.01,his <t>vulnerability</t> to litigation
vulnerable,8104,vulnerable.a.01,a <t>vulnerable</t> bridge
vulpine,8105,vulpine.a.01,<t>vulpine</t> cunning
wacky,8106,cockamamie.s.01,some <t>wacky</t> plan for selling more books
wad,8107,wad.n.01,he used a <t>wad</t> of cotton to wipe the counter
waddle,8108,waddle.n.01,ducks walk with a <t>waddle</t>
wafted,8109,waft.v.01,Sounds <t>wafted</t> into the room
waged,8110,engage.v.07,Napoleon and Hitler <t>waged</t> war against all of Europe
wages,8111,wages.n.01,the <t>wages</t> of sin is death
waggish,8112,waggish.s.01,Muskrat Castle as the house has been facetiously named by some <t>waggish</t> officer
wagon_train,8113,caravan.n.01,they joined the <t>wagon train</t> for safety
wait_on,8114,serve.v.10,"Can you <t>wait on</t> our table, please?"
wake,8115,aftermath.n.01,in the <t>wake</t> of the accident no one knew how many had been injured
wake-up_call,8116,wake-up_call.n.01,the bombing was a <t>wake-up call</t> to strengthen domestic security
wakeless,8117,heavy.s.20,deep <t>wakeless</t> sleep
waking,8118,waking.n.01,days of danger and nights of <t>waking</t>
waking_up,8119,awakening.n.01,it was the <t>waking up</t> he hated most
walked,8120,walk.v.01,We <t>walked</t> instead of driving
walking,8121,walk.n.01,<t>walking</t> is a healthy form of exercise
wall,8122,wall.n.01,the south <t>wall</t> had a small window
wallop,8123,impact.n.02,the book packs a <t>wallop</t>
wanderings,8124,wandering.n.01,she followed him in his <t>wanderings</t> and looked after him
waned,8125,decline.v.04,Interest in the project <t>waned</t>
wannabes,8126,aspirant.n.01,the audience was full of Madonna <t>wannabes</t>
wantonly,8127,wantonly.r.01,the animals were killed <t>wantonly</t> for sport
war,8128,war.n.01,thousands of people were killed in the <t>war</t>
warily,8129,warily.r.01,the sailor watched the sky <t>warily</t>
warlike,8130,militant.s.01,<t>warlike</t> policies
warmed,8131,warm.v.01,The soup <t>warmed</t> slowly on the stove
warmly,8132,heartily.r.02,We welcomed her <t>warmly</t>
warned,8133,warn.v.01,The director <t>warned</t> him that he might be fired
warning,8134,warning.n.01,a <t>warning</t> that still more bombs could explode
wary,8135,wary.a.01,they were <t>wary</t> in their movements
wash_away,8136,wash_away.v.01,<t>wash away</t> all the differences
washed-out,8137,exhausted.s.01,felt completely <t>washed-out</t>
washout,8138,washout.n.01,it was several days after the storm before they could repair the <t>washout</t> and open the road
waspish,8139,bristly.s.01,witty and <t>waspish</t> about his colleagues
waste,8140,waste.n.01,they collect the <t>waste</t> once a week
waste_material,8141,waste.n.01,much of the <t>waste material</t> is carried off in the sewers
waste_of_time,8142,waste_of_time.n.01,the <t>waste of time</t> could prove fatal
wasted,8143,waste.v.01,He <t>wasted</t> his inheritance on his insincere friends
wasteful,8144,uneconomical.s.01,a clumsy and <t>wasteful</t> process
wastefulness,8145,thriftlessness.n.01,the <t>wastefulness</t> of missed opportunities
watchdog,8146,watchdog.n.01,she is the global <t>watchdog</t> for human rights abuses
watchers,8147,spectator.n.01,sky <t>watchers</t> discovered a new star
watchword,8148,war_cry.n.01,our <t>watchword</t> will be `democracy'
water_down,8149,water_down.v.01,<t>water down</t> the mixture
water_supply,8150,water_system.n.02,the town debated the purification of the <t>water supply</t>
waterless,8151,arid.s.01,a <t>waterless</t> well
watery,8152,watery.s.01,<t>watery</t> soil
waved,8153,beckon.v.01,She <t>waved</t> to her friends
wavy,8154,wavy.s.01,she had long <t>wavy</t> hair
waxy,8155,waxen.a.01,"careful, the floor is <t>waxy</t>"
way,8156,manner.n.01,a lonely <t>way</t> of life
way_out,8157,exit.n.01,he blocked the <t>way out</t>
wayside,8158,wayside.n.01,flowers along the <t>wayside</t>
wayward,8159,contrary.s.03,<t>wayward</t> behavior
weak,8160,weak.a.01,a <t>weak</t> pillar
weak-kneed,8161,weak-kneed.s.01,the role of the dissenter is not for the <t>weak-kneed</t>
weakened,8162,weaken.v.01,The fever <t>weakened</t> his body
wealth,8163,wealth.n.01,great <t>wealth</t> is not a sign of great intelligence
wealthy,8164,affluent.s.01,<t>wealthy</t> corporations
weapon,8165,weapon.n.01,he was licensed to carry a <t>weapon</t>
wear,8166,wear.n.01,the tires showed uneven <t>wear</t>
weariness,8167,fatigue.n.01,<t>weariness</t> overcame her after twelve hours and she fell asleep
wearisome,8168,boring.s.01,other people's dreams are dreadfully <t>wearisome</t>
weather,8169,weather.n.01,they were hoping for good <t>weather</t>
weather-beaten,8170,weather-beaten.s.01,a <t>weather-beaten</t> face
weather_conditions,8171,weather.n.01,every day we have <t>weather conditions</t> and yesterday was no exception
web,8172,web.n.01,the trees cast a delicate <t>web</t> of shadows over the lawn
wee,8173,wee.n.01,bide a <t>wee</t>
weedy,8174,weedy.a.01,a <t>weedy</t> path
week,8175,week.n.01,it rained for a <t>week</t>
weighed_down,8176,heavy.s.16,vines <t>weighed down</t> with grapes
weightiness,8177,weight.n.03,the progression implied an increasing <t>weightiness</t> of the items listed
weightless,8178,weightless.a.01,floating freely in a <t>weightless</t> condition
weighty,8179,weighty.a.01,a <t>weighty</t> load
weirdly,8180,weirdly.r.01,she was dressed <t>weirdly</t>
welcome,8181,welcome.n.01,don't outstay your <t>welcome</t>
welfare,8182,social_welfare.n.01,she lives on <t>welfare</t>
well-adjusted,8183,well-adjusted.s.01,a <t>well-adjusted</t> personality
well-balanced,8184,well-balanced.s.01,a <t>well-balanced</t> wheel
well-behaved,8185,well-behaved.s.01,a <t>well-behaved</t> child
well-defined,8186,chiseled.s.01,<t>well-defined</t> features
well-founded,8187,tenable.s.01,<t>well-founded</t> suspicions
well-informed,8188,intelligent.s.01,<t>well-informed</t> readers
well-knit,8189,well-knit.s.01,a <t>well-knit</t> argument
well-known,8190,well-known.s.01,a <t>well-known</t> politician
well-meaning,8191,well-meaning.s.01,her <t>well-meaning</t> words were received in silence
well-nigh,8192,about.r.07,the recording is <t>well-nigh</t> perfect
well-ordered,8193,well-ordered.s.01,<t>well-ordered</t> work habits
well-read,8194,well-read.s.01,respect for a <t>well-read</t> man
well-rounded,8195,all-around.s.01,a <t>well-rounded</t> curriculum
well-set,8196,well-knit.s.01,a sailor short but <t>well-set</t>
well-spoken,8197,well-spoken.s.01,a <t>well-spoken</t> gentleman
well-to-do,8198,comfortable.s.03,<t>well-to-do</t> members of the community
wend,8199,wend.v.01,<t>wend</t> your way through the crowds
went,8200,travel.v.01,The policemen <t>went</t> from door to door looking for the suspect
wept,8201,cry.v.02,The girl in the wheelchair <t>wept</t> with frustration when she could not get up the stairs
wet,8202,moisture.n.01,drops of <t>wet</t> gleamed on the window
wetness,8203,wetness.n.01,he confirmed the <t>wetness</t> of the swimming trunks
whacked,8204,whack.v.01,The teacher <t>whacked</t> the boy
what_is_more,8205,furthermore.r.01,"<t>what is more</t>, there's no sign of a change"
whatsoever,8206,any.s.01,no milk <t>whatsoever</t> is left
wheaten,8207,wheaten.a.01,<t>wheaten</t> bread
whereabouts,8208,whereabouts.n.01,I questioned him about his <t>whereabouts</t> on the night of the crime
whet,8209,whet.v.01,<t>whet</t> my appetite
while,8210,while.n.01,he was here for a little <t>while</t>
whimsical,8211,capricious.s.02,the victim of <t>whimsical</t> persecutions
whimsy,8212,notion.n.03,he had a <t>whimsy</t> about flying to the moon
whining,8213,whine.v.01,The bullets were <t>whining</t> past us
whir,8214,whir.n.01,<t>whir</t> of a bird's wings
whirl,8215,whirl.n.01,he was caught up in a <t>whirl</t> of work
whirred,8216,whizz.v.01,the motor <t>whirred</t>
whisker,8217,hair's-breadth.n.01,they lost the election by a <t>whisker</t>
whiten,8218,whiten.v.01,This detergent will <t>whiten</t> your laundry
whole,8219,whole.n.01,Europe considered as a <t>whole</t>
wholehearted,8220,heart-whole.s.01,gave <t>wholehearted</t> support to her candidacy
wholeheartedly,8221,wholeheartedly.r.01,he adopted <t>wholeheartedly</t> some of the policies that he had previously criticized
wholesome,8222,wholesome.a.01,<t>wholesome</t> attitude
wholly,8223,wholly.r.01,he was <t>wholly</t> convinced
whoop_it_up,8224,revel.v.02,Let's <t>whoop it up</t>--the boss is gone!
wickedly,8225,wickedly.r.01,act <t>wickedly</t>
wide,8226,wide.a.01,<t>wide</t> roads
wide-open,8227,wide-open.s.01,left the doors <t>wide-open</t>
wide-ranging,8228,wide-ranging.s.01,the pianist's <t>wide-ranging</t> repertoire
wide_of_the_mark,8229,wide.s.05,the arrow was <t>wide of the mark</t>
widely,8230,widely.r.01,her work is <t>widely</t> known
widespread,8231,widespread.s.01,a <t>widespread</t> doctrine
wield,8232,wield.v.01,<t>wield</t> power and authority
wieldy,8233,wieldy.a.01,a large but <t>wieldy</t> book
wild,8234,wild.n.01,he lived in the <t>wild</t>
wild-eyed,8235,wild-eyed.s.01,crowded the <t>wild-eyed</t> animals into a truck
wild_card,8236,wild_card.n.01,the weather was a <t>wild card</t>
wilderness,8237,wilderness.n.01,he led the Democratic party back from the <t>wilderness</t>
wildlife,8238,wildlife.n.01,chemicals could kill all the <t>wildlife</t>
wildly,8239,wildly.r.01,the storyline is <t>wildly</t> unrealistic
wildness,8240,wildness.n.01,the <t>wildness</t> of his anger
willies,8241,willies.n.01,that guy gave me the <t>willies</t>
willingly,8242,willingly.r.01,I <t>willingly</t> accept
wily,8243,crafty.s.01,a <t>wily</t> old attorney
win,8244,win.n.01,he was happy to get the <t>win</t>
wind,8245,wind.n.01,"when there is no <t>wind</t>, row"
windless,8246,windless.s.01,he prefers <t>windless</t> days for playing golf
winds,8247,wind.n.01,trees bent under the fierce <t>winds</t>
windswept,8248,windswept.s.01,<t>windswept</t> headlands
windy,8249,blowy.s.01,a <t>windy</t> bluff
wings,8250,wings.n.01,necessity lends <t>wings</t> to inspiration
winning,8251,winning.n.01,<t>winning</t> is not everything
wintry,8252,wintry.a.01,suffered severe <t>wintry</t> weather
wise,8253,wise.n.01,in no <t>wise</t>
wisely,8254,wisely.r.01,she acted <t>wisely</t> when she invited her parents
wish,8255,wish.n.01,he got his <t>wish</t>
wishing,8256,wish.n.01,he was above all <t>wishing</t> and desire
wispy,8257,wisplike.s.01,a <t>wispy</t> little fellow with small hands and feet
wistful,8258,pensive.s.02,the sensitive and <t>wistful</t> response of a poet to the gentler phases of beauty
with-it,8259,up-to-date.s.02,a <t>with-it</t> boutique
with_child,8260,big.s.12,was big <t>with child</t>
withdrew,8261,withdraw.v.01,The enemy <t>withdrew</t>
withstands,8262,defy.v.01,The new material <t>withstands</t> even the greatest wear and tear
witnessed,8263,witness.v.01,She <t>witnessed</t> the accident and had to testify in court
wits,8264,wits.n.01,he used his <t>wits</t> to get ahead
witty,8265,witty.s.01,his sermons were unpredictably <t>witty</t> and satirical as well as eloquent
wizened,8266,shriveled.s.02,a <t>wizened</t> little man with frizzy grey hair
wobbled,8267,wobble.v.01,His knees <t>wobbled</t>
woebegone,8268,creaky.s.01,a <t>woebegone</t> old shack
wolfed,8269,wolf.v.01,The teenager <t>wolfed</t> down the pizza
wolfish,8270,wolflike.a.01,<t>wolfish</t> rapacity
woman,8271,woman.n.01,the <t>woman</t> kept house while the man hunted
womanish,8272,womanish.s.01,<t>womanish</t> tears
womanly,8273,womanly.a.01,<t>womanly</t> virtues of gentleness and compassion
wonted,8274,accustomed.s.01,with her <t>wonted</t> candor
wooded,8275,wooded.a.01,<t>wooded</t> land
wooden,8276,wooden.s.01,a <t>wooden</t> box
woody,8277,woody.a.01,<t>woody</t> plants
woozy,8278,dizzy.s.01,feeling <t>woozy</t> from the blow on his head
word-perfect,8279,letter-perfect.s.01,she was <t>word-perfect</t> in her part
word_of_mouth,8280,grapevine.n.01,the news of their affair was spread by <t>word of mouth</t>
wordless,8281,mute.s.01,choking exasperation and <t>wordless</t> shame
words,8282,words.n.01,I listened to his <t>words</t> very closely
wordy,8283,long-winded.s.01,newspapers of the day printed long <t>wordy</t> editorials
work,8284,work.n.01,she checked several points needing further <t>work</t>
work-shy,8285,faineant.s.01,the unemployed are not necessarily <t>work-shy</t>
worked,8286,work.v.01,she <t>worked</t> hard for better living conditions for the poor
worked_up,8287,aroused.s.06,she was <t>worked up</t> about all the noise
worker,8288,worker.n.01,he is a good <t>worker</t>
workhorse,8289,workhorse.n.01,the IBM main frame computers have been the <t>workhorse</t> of the business world
working_group,8290,working_group.n.01,the <t>working group</t> was supposed to report back in two weeks
worldly,8291,worldly.a.01,<t>worldly</t> goods and advancement
worldwide,8292,worldwide.s.01,<t>worldwide</t> distribution
worn-out,8293,raddled.s.01,<t>worn-out</t> shoes with flapping soles
worn_out,8294,exhausted.s.01,you look <t>worn out</t>
worriedly,8295,worriedly.r.01,"`I wonder what to do,' she said <t>worriedly</t>"
worry,8296,concern.n.04,it's a major <t>worry</t>
worse,8297,worse.n.01,for better or for <t>worse</t>
worsened,8298,worsen.v.01,Conditions in the slum <t>worsened</t>
worst,8299,worst.n.01,the <t>worst</t> that could happen
worsted,8300,worsted.n.01,he wore a <t>worsted</t> suit
worth,8301,worth.n.01,10 dollars <t>worth</t> of gasoline
worthful,8302,valuable.s.01,a good and <t>worthful</t> man
worthless,8303,worthless.a.01,a <t>worthless</t> idler
worthwhile,8304,worthwhile.s.01,a <t>worthwhile</t> book
wound_up,8305,aroused.s.03,all <t>wound up</t> for a fight
wounded,8306,wounded.n.01,they had to leave the <t>wounded</t> where they fell
wowed,8307,wow.v.01,The speaker <t>wowed</t> the audience
wrapped_up,8308,bound_up.s.02,is <t>wrapped up</t> in his family
wreak,8309,bring.v.03,<t>wreak</t> havoc
wreck,8310,wreck.n.01,the house was a <t>wreck</t> when they bought it
wreckage,8311,wreckage.n.01,they searched the <t>wreckage</t> for signs of survivors
wrench,8312,wrench.n.01,the <t>wrench</t> to his knee occurred as he fell
wrenched,8313,wrench.v.01,a deep sigh was <t>wrenched</t> from his chest
wrest,8314,wrest.v.01,<t>wrest</t> the knife from his hands
wrestle,8315,wrestle.n.01,they had a fierce <t>wrestle</t>
wrestled,8316,wrestle.v.01,He <t>wrestled</t> all his life with his feeling of inferiority
wrestling,8317,wrestle.n.01,we watched his grappling and <t>wrestling</t> with the bully
wretchedness,8318,misery.n.01,the misery and <t>wretchedness</t> of those slums is intolerable
wring,8319,squeeze.n.05,gave the wet cloth a <t>wring</t>
wrinkles,8320,wrinkle.n.01,ironing gets rid of most <t>wrinkles</t>
writ_large,8321,writ_large.s.01,the effect of...his irregular life could be seen <t>writ large</t> on his gaunt features
writer's_block,8322,writer's_block.n.01,he had <t>writer's block</t>; the words wouldn't come
writhed,8323,writhe.v.01,The prisoner <t>writhed</t> in discomfort
writing,8324,writing.n.01,<t>writing</t> was a form of therapy for him
wrong,8325,wrong.n.01,he feels that you are in the <t>wrong</t>
wrongful,8326,unlawful.s.03,the <t>wrongful</t> heir to the throne
wrongly,8327,wrongly.r.01,wouldst not play false and yet would <t>wrongly</t> win
wrote,8328,write.v.01,He <t>wrote</t> four novels
wry,8329,dry.s.01,with a <t>wry</t> Scottish wit
wryly,8330,wryly.r.01,"`I see,' he commented <t>wryly</t>"
yakking,8331,yak.v.01,she was <t>yakking</t> away about her grandchildren
yardage,8332,yardage.n.01,what is the <t>yardage</t> of this golf course?
yardie,8333,yardie.n.01,A much publicized raid on a <t>yardie</t> stronghold had first been simulated at Riot City
yardstick,8334,yardstick.n.01,on what kind of <t>yardstick</t> is he basing his judgment?
yawn,8335,yawn.n.01,he could not suppress a <t>yawn</t>
yawned,8336,yawn.v.01,The child <t>yawned</t> during the long performance
yawning,8337,yawn.n.01,the <t>yawning</t> in the audience told him it was time to stop
year,8338,year.n.01,in the <t>year</t> 1920
year-end,8339,year-end.n.01,he had to unload the merchandise before the <t>year-end</t>
year_dot,8340,year_dot.n.01,he has been a conductor since the <t>year dot</t>
yearlong,8341,yearlong.s.01,attending <t>yearlong</t> courses
yearner,8342,longer.n.01,a <t>yearner</t> for knowledge
years,8343,old_age.n.01,he's showing his <t>years</t>
yelled,8344,shout.v.02,I <t>yelled</t> to her from the window but she couldn't hear me
yes,8345,yes.n.01,I was hoping for a <t>yes</t>
yesterday,8346,yesterday.n.01,it was in <t>yesterday</t>'s newspapers
yet,8347,yet.r.01,I have <t>yet</t> to see the results
yogic,8348,yogistic.a.01,<t>yogic</t> exercises
yonder,8349,yonder.s.01,<t>yonder</t> valley
young_lady,8350,girl.n.01,a <t>young lady</t> of 18
youngster,8351,child.n.01,`tiddler' is a British term for <t>youngster</t>
zapper,8352,zapper.n.01,a bug <t>zapper</t>
zeal,8353,ardor.n.01,he felt a kind of religious <t>zeal</t>
zealously,8354,zealously.r.01,she worked <t>zealously</t> to raise funds for the literacy project
zeugma,8355,zeugma.n.01,`Mr. Pickwick took his hat and his leave' is an example of <t>zeugma</t>
zilch,8356,nothing.n.01,I didn't hear <t>zilch</t> about it
zing,8357,zing.n.01,the <t>zing</t> of the passing bullet
zion,8358,zion.n.01,the inhabitants of Jerusalem are personified as `the daughter of <t>Zion</t>'
zoology,8359,fauna.n.01,the <t>zoology</t> of the Pliocene epoch
