word,row
a-list,0
a_bit,1
a_cappella,2
a_few,3
a_great_deal,4
a_little,5
a_lot,6
a_posteriori,7
a_priori,8
a_trifle,9
aback,10
abaft,11
abandon,12
abandoned,13
abasement,14
abdicated,15
abhorrent,16
abhors,17
abject,18
abjured,19
ablaze,20
able,21
able-bodied,22
abnegation,23
abnormal,24
abnormally,25
abolition,26
abominable,27
abort,28
abortive,29
about,30
above,31
above_all,32
abraham,33
abreast,34
abroad,35
abrupt,36
absconded,37
absence,38
absolute,39
absolutely,40
absolved,41
absorb,42
abstemious,43
abstract,44
abstruse,45
absurd,46
absurdly,47
abundance,48
abundant,49
abundantly,50
abuse,51
abusively,52
abuzz,53
abysmal,54
accelerated,55
accent,56
accept,57
acceptable,58
acceptance,59
acceptant,60
accessible,61
accidentally,62
acclaim,63
acclimatized,64
accompanied,65
accordant,66
accordingly,67
account,68
accounting,69
accrues,70
accumulating,71
accuracy,72
accurate,73
accurately,74
acervate,75
achieved,76
achy,77
acknowledged,78
acknowledgement,79
acme,80
acquaint,81
acquired,82
acquisition,83
acquisitive,84
acreage,85
acrid,86
acrimonious,87
acrobatic,88
across,89
across-the-board,90
across_the_board,91
act_as,92
act_on,93
acted,94
actions,95
activity,96
actual,97
actuality,98
actually,99
actuate,100
aculeate,101
acutely,102
acuteness,103
ad-libs,104
ad_hoc,105
ad_hominem,106
ad_infinitum,107
ad_interim,108
ad_lib,109
ad_nauseam,110
ad_valorem,111
ada,112
adagio,113
adapt,114
adaptable,115
adaptation,116
adaptive,117
add_on,118
added,119
addict,120
addictive,121
addition,122
additional,123
additionally,124
addressed,125
adeptness,126
adequacy,127
adequate,128
adequately,129
adhere,130
adherence,131
adipose,132
adjacent,133
adjourned,134
adjust,135
adjustable,136
administer,137
administers,138
admirable,139
admissible,140
admission,141
admitted,142
admonition,143
adoption,144
adoptive,145
adored,146
adoringly,147
adroit,148
adroitly,149
adulterate,150
adulterous,151
adultery,152
adust,153
advantage,154
advantageous,155
advantageously,156
advent,157
adventitious,158
adventuresome,159
adventurous,160
adverse,161
adversely,162
adversity,163
advertise,164
advisable,165
adviser,166
advisors,167
advisory,168
aerate,169
aesthetics,170
afar,171
affable,172
affair,173
affairs,174
affection,175
affectionate,176
affiliation,177
affirmative,178
afflatus,179
afflicted,180
afford,181
afghanistan,182
afield,183
afire,184
aflame,185
afoot,186
aforementioned,187
afoul,188
afraid,189
afresh,190
afro-asian,191
after_a_fashion,192
after_all,193
after_hours,194
aftermath,195
afternoon,196
afterward,197
again,198
age,199
age-old,200
aged,201
ageless,202
agelong,203
agency,204
agents,205
aggravates,206
aggressive,207
aggro,208
agile,209
agleam,210
aglitter,211
aglow,212
ago,213
agony,214
agrarian,215
agree,216
agreeable,217
agreed,218
agreement,219
agricultural,220
aground,221
ahead,222
ahead_of_time,223
aim,224
aimlessly,225
air,226
air_current,227
air_pollution,228
airdrop,229
airflow,230
airhead,231
airily,232
airless,233
airplane,234
airs,235
airtight,236
airy,237
ajar,238
akimbo,239
akin,240
alacrity,241
alaska,242
albatross,243
alchemy,244
alcohol,245
aldermen,246
aleatory,247
alert,248
alerted,249
alerting,250
alertly,251
alfresco,252
algid,253
alienated,254
align,255
alike,256
alive,257
all,258
all-embracing,259
all-important,260
all-out,261
all-rounder,262
all-time,263
all_at_once,264
all_in,265
all_in_all,266
all_right,267
all_the_same,268
all_the_way,269
allegation,270
alleged,271
allegiant,272
allergic,273
allied,274
allow,275
allowance,276
alloy,277
alluded,278
allurement,279
allusive,280
almost,281
aloft,282
alone,283
along,284
aloof,285
aloud,286
alphabetical,287
alpine,288
already,289
altered,290
alternation,291
alternative,292
alternatively,293
altitude,294
altogether,295
always,296
amain,297
amateurish,298
amatory,299
amazingly,300
amber,301
ambidextrous,302
ambient,303
ambiguous,304
ambit,305
ambition,306
ambivalent,307
ambrosial,308
ambulation,309
ambulatory,310
amenable,311
amend,312
amendatory,313
amiable,314
amino_acids,315
amiss,316
amorous,317
amorphous,318
amount,319
ample,320
ampleness,321
amply,322
amps,323
amputate,324
amuck,325
amused,326
amusingly,327
anachronistic,328
anal,329
analogous,330
analytic,331
analytical,332
analyze,333
anarchic,334
anastomose,335
anathema,336
ancestral,337
anchorage,338
ancillary,339
and_then_some,340
anecdotal,341
anew,342
angelic,343
angered,344
angled,345
angrily,346
angry,347
angular,348
animal_fat,349
animatedly,350
annexed,351
announcement,352
annually,353
annuity,354
annulled,355
anointed,356
anomalous,357
anon,358
anonymous,359
anonymously,360
another,361
answer,362
answered,363
antarctica,364
antenatal,365
anticlimax,366
antipathetic,367
antipode,368
antipodean,369
antipodes,370
antis,371
antisocial,372
antithesis,373
antithetical,374
antonym,375
anxious,376
anxiously,377
any,378
anyhow,379
anymore,380
anyway,381
apart,382
apathetic,383
apocope,384
apologetic,385
apologist,386
apology,387
apoplectic,388
apostle,389
appalling,390
appanage,391
apparel,392
apparent,393
apparently,394
apparition,395
appeal,396
appealed,397
appeared,398
appears,399
appeaser,400
appended,401
appetent,402
appetite,403
applicable,404
application,405
applied,406
apply,407
appointment,408
apposite,409
appreciable,410
appreciative,411
apprehension,412
apprehensive,413
approach,414
approachable,415
appropriately,416
approval,417
approve,418
approximate,419
approximately,420
apt,421
aptness,422
aqueous,423
arbiter,424
arbitrary,425
arbitrator,426
arcane,427
archaic,428
archetypal,429
architectural,430
ardent,431
ardently,432
ardor,433
arduous,434
area,435
arguably,436
argument,437
argumentative,438
arid,439
aristocratic,440
arithmetically,441
arm-twisting,442
armless,443
armorial,444
armpits,445
army_officer,446
aromatic,447
around,448
around-the-clock,449
around_the_clock,450
arousal,451
arouse,452
arrange,453
arrangements,454
arrant,455
array,456
arrears,457
arrived,458
arrogant,459
arrogantly,460
arson,461
art,462
arterial,463
artesian,464
artificial,465
artificially,466
artistic,467
arts,468
artwork,469
as_a_matter_of_fact,470
as_it_is,471
as_it_were,472
as_much_as_possible,473
as_the_crow_flies,474
as_usual,475
ascendant,476
ascended,477
asdic,478
aseptic,479
asexual,480
ashamed,481
ashen,482
ashore,483
ask,484
ask_for,485
askance,486
asked,487
asleep,488
asocial,489
asperity,490
aspersion,491
aspirant,492
assailed,493
assassins,494
assaulted,495
assay,496
assent,497
assented,498
assenting,499
assertive,500
assertively,501
assiduous,502
assist,503
assistance,504
assistant,505
associate,506
association,507
assonant,508
assortment,509
assume,510
assumption,511
assurance,512
assuredly,513
astern,514
astir,515
astonishment,516
astral,517
astray,518
astride,519
astute,520
astutely,521
asunder,522
at_a_loss,523
at_a_time,524
at_any_rate,525
at_bay,526
at_best,527
at_close_range,528
at_fault,529
at_first_sight,530
at_hand,531
at_heart,532
at_large,533
at_least,534
at_length,535
at_loggerheads,536
at_most,537
at_odds,538
at_present,539
at_random,540
at_stake,541
at_the_ready,542
at_will,543
at_work,544
athens,545
athirst,546
athletic,547
atmosphere,548
atomic,549
atrocious,550
attachable,551
attack,552
attacked,553
attainable,554
attainment,555
attempted,556
attend,557
attend_to,558
attends,559
attentive,560
attested,561
attire,562
attitude,563
attract,564
attractive,565
attributed,566
atypical,567
au_courant,568
auburn,569
audacious,570
audibly,571
audience,572
audio,573
auditory,574
auld,575
aurally,576
auriferous,577
auspices,578
auspicious,579
austerely,580
authentic,581
authored,582
authoritative,583
authorities,584
authority,585
authorized,586
authorship,587
autocratic,588
autographed,589
automatic_pilot,590
automaton,591
automotive,592
autonomous,593
autopilot,594
avail,595
available,596
availed,597
avaricious,598
avatar,599
avenge,600
avenue,601
avenues,602
averse,603
avert,604
averting,605
avid,606
avoid,607
awakening,608
aware,609
awareness,610
awash,611
away,612
awe,613
awe-inspiring,614
awed,615
awesome,616
awestruck,617
awful,618
awhile,619
awkward,620
awkwardly,621
awned,622
awry,623
axiomatic,624
azores,625
baby,626
bacchanalian,627
back,628
back_and_forth,629
back_burner,630
back_door,631
back_down,632
back_of_beyond,633
backboard,634
backed,635
background,636
backing,637
backseat,638
backup,639
backward,640
backwaters,641
bad,642
badge,643
badged,644
badly,645
baffled,646
bag,647
bag_of_tricks,648
baghdad,649
bahaism,650
bail,651
bake,652
baldly,653
baleful,654
balefully,655
balk,656
ball,657
ballistic,658
ballpark,659
bally,660
bamboozled,661
banana_skin,662
banausic,663
bandwagon,664
bane,665
bang,666
bank,667
bankruptcy,668
baptism,669
bar,670
bar_mitzvah,671
barbaric,672
barbarous,673
barbed,674
bardic,675
bare,676
bare_bones,677
barefaced,678
barefoot,679
barely,680
bargain,681
bargained,682
baronet,683
barrage,684
barred,685
bart,686
barter,687
basal,688
basaltic,689
baseball,690
baseless,691
baseline,692
bases,693
bash,694
bashful,695
basically,696
basilica,697
basin,698
basis,699
basked,700
bastion,701
bated,702
bath,703
bathe,704
battle,705
battled,706
bawdy,707
be-all_and_end-all,708
beamish,709
bearded,710
bearing,711
beat,712
beat_back,713
beaten-up,714
beatific,715
beaut,716
beautiful,717
became,718
bed,719
bedfellows,720
beefy,721
befall,722
before,723
before_long,724
beforehand,725
befuddled,726
beg,727
began,728
beggarly,729
beginning,730
behalf,731
behave,732
beheaded,733
behindhand,734
behold,735
being,736
belated,737
belatedly,738
believe,739
believed,740
believing,741
belittle,742
belle,743
bellicose,744
bellow,745
bellyful,746
belonging,747
belongs,748
below_the_belt,749
ben,750
benchmark,751
bend,752
bender,753
beneficent,754
beneficial,755
benevolent,756
benevolently,757
bent_on,758
berating,759
besides,760
best,761
best-selling,762
best_of_all,763
bestial,764
bestow,765
betrayed,766
better,767
better_off,768
between,769
beverage,770
bevy,771
beware,772
beyond,773
beyond_measure,774
bier,775
big,776
big-chested,777
big_business,778
big_deal,779
big_fish,780
big_shot,781
big_stick,782
big_top,783
bigoted,784
bill,785
billowed,786
binge,787
binged,788
biodegrade,789
bioweapon,790
biracial,791
birth,792
birthday_suit,793
birthright,794
bisect,795
bit,796
bitch,797
bitter_end,798
bizarre,799
blackberrying,800
blackened,801
blackish,802
blame,803
blameless,804
blameworthy,805
bland,806
blanketed,807
blase,808
blasphemous,809
blatant,810
blaze,811
bleach,812
bleached,813
bleak,814
bleeped,815
blemish,816
blessed,817
blessing,818
blind,819
bling,820
blip,821
blips,822
blissful,823
blithe,824
blithesome,825
bloated,826
blocks,827
blog,828
bloke,829
blood,830
bloodbath,831
bloodless,832
bloodshed,833
bloodshot,834
bloodthirsty,835
bloody,836
bloody-minded,837
bloom,838
bloomed,839
bloomer,840
bloomers,841
blow,842
blue,843
blue-blooded,844
blue-chip,845
blue_murder,846
blueprint,847
blundered,848
bluntly,849
blur,850
blurry,851
blushed,852
bluster,853
blustered,854
blustery,855
board,856
board_up,857
boards,858
boatload,859
bobbed,860
bodacious,861
bode,862
bodiless,863
bodily,864
body,865
bogged_down,866
boggy,867
boisterous,868
boldly,869
boldness,870
bolted,871
bombardment,872
bombastically,873
bombed,874
bombshell,875
bona_fide,876
bondage,877
bone-dry,878
bone_of_contention,879
bone_up,880
boneshaker,881
bonny,882
bony,883
book,884
booked,885
bookings,886
bookish,887
boomed,888
boon,889
boorish,890
boozy,891
borrow,892
bosom,893
bossy,894
botany,895
botched,896
both,897
bother,898
bothersome,899
bottomless,900
bounced,901
bouncy,902
bounded,903
boundless,904
bountiful,905
bowed,906
bowel_movement,907
box,908
boy,909
boyfriend,910
boyish,911
boys,912
brace,913
brachial,914
brackish,915
brag,916
brahman,917
brainchild,918
brainy,919
braise,920
branch,921
brand-new,922
brash,923
bravura,924
braw,925
brazen,926
brazenly,927
breadth,928
break,929
break_down,930
break_into,931
breakage,932
breakaway,933
breakdown,934
breaking_away,935
breakneck,936
breakout,937
breast,938
breath,939
breath_of_fresh_air,940
breathe,941
breathless,942
breathtaking,943
breed,944
breeze,945
breezy,946
bridgehead,947
bridled,948
briefed,949
briefly,950
bright,951
bright_side,952
brighten,953
brilliant,954
brilliantly,955
brimmed,956
bring,957
brings,958
briskly,959
bristled,960
bristly,961
broad,962
broaden,963
broadly,964
broken-down,965
brother,966
brotherly,967
browse,968
bruised,969
bruiser,970
brunt,971
brushed,972
brushwood,973
brusque,974
brutal,975
brutish,976
bucking,977
buckshee,978
budget,979
budgetary,980
buffoonish,981
build_up,982
building,983
bulge,984
bulk,985
bulletproof,986
bullied,987
bum,988
bumper,989
bunch,990
bunker_mentality,991
buoyant,992
burden,993
burdensome,994
bureau,995
burg,996
burgeoning,997
buried,998
burly,999
burned,1000
burner,1001
burning,1002
burst,1003
burst_out,1004
bus,1005
busbar,1006
business,1007
business_deal,1008
busking,1009
busted,1010
buster,1011
but,1012
butty,1013
buy,1014
buzz,1015
buzzing,1016
by_all_means,1017
by_and_by,1018
by_and_large,1019
by_choice,1020
by_far,1021
by_hand,1022
by_heart,1023
by_no_means,1024
bye,1025
cabaret,1026
cable_car,1027
caboodle,1028
cacophonous,1029
cadaver,1030
caesura,1031
caged,1032
cagey,1033
cahoots,1034
calamitous,1035
calamity,1036
calculi,1037
calibrate,1038
calibration,1039
call,1040
call_back,1041
call_off,1042
callously,1043
calls,1044
calmly,1045
calorific,1046
calve,1047
came,1048
camouflaged,1049
camp,1050
campaign,1051
campy,1052
can-do,1053
canada,1054
candid,1055
candidly,1056
canon,1057
canonical,1058
canons,1059
cantankerously,1060
capability,1061
capable,1062
capacious,1063
capaciousness,1064
capacity,1065
capital_gains_tax,1066
capped,1067
capricious,1068
capsize,1069
caption,1070
captious,1071
captivity,1072
caput,1073
car,1074
caravan,1075
cardiac,1076
care,1077
careered,1078
carefree,1079
careful,1080
carefully,1081
careless,1082
carelessly,1083
caress,1084
caressed,1085
caresses,1086
careworn,1087
carnal,1088
carnivores,1089
caromed,1090
carpetbaggers,1091
carrier,1092
carroty,1093
carry_out,1094
carrying,1095
carve,1096
case,1097
cased,1098
cash,1099
cashed,1100
caste,1101
casual,1102
casually,1103
cataclysmic,1104
catalysis,1105
catalytic,1106
catapulted,1107
catastrophic,1108
catastrophically,1109
catch,1110
catchy,1111
cattle,1112
catwalk,1113
caught,1114
caught_up,1115
causal,1116
cause,1117
caution,1118
cautiously,1119
caveat,1120
cavernous,1121
ceaseless,1122
ceiling,1123
celebrate,1124
celebrity,1125
celestial,1126
cells,1127
cellular,1128
cement,1129
censorious,1130
center,1131
centrally,1132
cerebral,1133
ceremony,1134
cert,1135
certain,1136
certainly,1137
certainty,1138
cessation,1139
chafe,1140
chain,1141
chair,1142
chairperson,1143
challenge,1144
challenged,1145
chance,1146
change,1147
changeableness,1148
changed,1149
channel,1150
channels,1151
chanted,1152
chap,1153
chapter,1154
character,1155
characteristics,1156
charge,1157
charging,1158
charismatic,1159
charitable,1160
chary,1161
chaste,1162
chastely,1163
chastised,1164
chat_up,1165
cheap,1166
cheated,1167
check,1168
check_out,1169
checkmated,1170
cheer_up,1171
cheerful,1172
cheerfulness,1173
cheerless,1174
cheerlessly,1175
cheery,1176
cheeseparing,1177
chemical_reaction,1178
cherubic,1179
child_prodigy,1180
childish,1181
children,1182
chilled,1183
chilliness,1184
chimed,1185
chimeric,1186
chipped,1187
chipper,1188
chirping,1189
chit,1190
chivalric,1191
chloroform,1192
choked,1193
choleric,1194
choose,1195
chop,1196
chopin,1197
choppy,1198
chores,1199
chorus,1200
chosen,1201
chromatic,1202
chronic,1203
chubby,1204
chunky,1205
cinema,1206
circle,1207
circuitous,1208
circular,1209
circumlocutory,1210
circumnavigation,1211
circumspect,1212
circumstances,1213
circus,1214
circus_tent,1215
city,1216
cityscape,1217
citywide,1218
civic,1219
civil,1220
claim,1221
claimant,1222
claimed,1223
clamber,1224
clammy,1225
clamorous,1226
clandestine,1227
clang,1228
clanger,1229
clangorous,1230
clannish,1231
clapped,1232
clarification,1233
clarify,1234
clashed,1235
classes,1236
classicism,1237
classify,1238
classless,1239
classy,1240
clawed,1241
clean-cut,1242
cleaned,1243
cleaning,1244
clear,1245
clear-cut,1246
clear_the_air,1247
clearly,1248
cleavage,1249
cleave,1250
clement,1251
clerical,1252
clerihew,1253
clever,1254
cleverly,1255
clicked,1256
clientele,1257
cliff,1258
climactic,1259
climate,1260
climax,1261
clinical,1262
cloak-and-dagger,1263
clobber,1264
clobbered,1265
clocked,1266
clocking,1267
close,1268
close-set,1269
close_at_hand,1270
close_together,1271
close_up,1272
closely,1273
closeness,1274
closer,1275
cloth,1276
clothes,1277
cloudless,1278
cloudy,1279
clouted,1280
clownish,1281
club,1282
clubbable,1283
clubbed,1284
clubby,1285
clumsily,1286
clumsy,1287
cluster,1288
coagulated,1289
coarse,1290
coarsely,1291
coarsen,1292
coastal,1293
cobblers,1294
cocksure,1295
cocky,1296
coercive,1297
coffee,1298
cog,1299
cogent,1300
cogitative,1301
cohere,1302
coherent,1303
coherently,1304
coil,1305
coincident,1306
cold,1307
cold-blooded,1308
cold-shouldered,1309
cold_feet,1310
cold_turkey,1311
cold_water,1312
collaboration,1313
collage,1314
collapsed,1315
collision,1316
collocate,1317
colony,1318
colossal,1319
comatose,1320
combust,1321
come_to_life,1322
comely,1323
comfort,1324
comfortable,1325
comfortably,1326
comforts,1327
comfy,1328
comical,1329
comically,1330
commanded,1331
commandeered,1332
commander_in_chief,1333
commendable,1334
commensurate,1335
comment,1336
commitment,1337
committee,1338
commodious,1339
common_or_garden,1340
common_people,1341
common_sense,1342
commonsense,1343
commonsensical,1344
communal,1345
communicate,1346
communication,1347
communications,1348
communicative,1349
communion,1350
community,1351
commute,1352
companies,1353
companionable,1354
companions,1355
company,1356
comparably,1357
comparative,1358
compare,1359
compared,1360
comparison,1361
compatible,1362
compel,1363
compendious,1364
competent,1365
competition,1366
competitive,1367
compiling,1368
complacent,1369
complacently,1370
complains,1371
complaisant,1372
completed,1373
completely,1374
complex,1375
complexity,1376
compliant,1377
complicated,1378
complied,1379
complimentary,1380
complimented,1381
comply,1382
component,1383
composed,1384
composition,1385
composure,1386
comprehend,1387
comprehensible,1388
comprehension,1389
comprised,1390
compulsion,1391
compulsory,1392
computationally,1393
comrades,1394
conceited,1395
conceivably,1396
conceived,1397
concern,1398
concession,1399
conciliation,1400
concise,1401
concisely,1402
conclusion,1403
conclusive,1404
concordant,1405
concurrently,1406
condemn,1407
condemnation,1408
condign,1409
condiments,1410
condition,1411
conditioner,1412
conditions,1413
condolences,1414
confectionery,1415
conferred,1416
confidence,1417
confident,1418
confidential,1419
confidentiality,1420
confidentially,1421
configuration,1422
configure,1423
confines,1424
confirmation,1425
confirmed,1426
confiscated,1427
conflict,1428
confluence,1429
confront,1430
confronted,1431
confusing,1432
confusion,1433
congenial,1434
conjecture,1435
conjugal,1436
connect,1437
connection,1438
connector,1439
conquer,1440
conscientious,1441
conscious,1442
consciousness,1443
consecration,1444
consensus,1445
consent,1446
consequences,1447
consequent,1448
consequential,1449
consequently,1450
consider,1451
considerable,1452
considerably,1453
considerate,1454
considerately,1455
consistency,1456
consistent,1457
consolidated,1458
conspicuous,1459
conspiratorial,1460
conspired,1461
constancy,1462
constantly,1463
constituent,1464
constitute,1465
constructed,1466
construction,1467
consult,1468
consultation,1469
consultative,1470
consummate,1471
contact,1472
contacted,1473
contagious,1474
container_ship,1475
contains,1476
contemplate,1477
contemporaneous,1478
contempt,1479
contended,1480
content,1481
contented,1482
contentious,1483
contested,1484
contiguous,1485
continent,1486
continental,1487
contingent,1488
continual,1489
continually,1490
continued,1491
continuous,1492
continuously,1493
contracting,1494
contrast,1495
contretemps,1496
contribution,1497
contributory,1498
contrived,1499
control,1500
controversial,1501
convenience,1502
convenient,1503
conveniently,1504
convention,1505
conventional,1506
converge,1507
conversant,1508
conversational,1509
converted,1510
conveyed,1511
convinced,1512
convincingly,1513
convivial,1514
cookery,1515
cooking,1516
cool,1517
coolant,1518
coolheaded,1519
coolness,1520
cooperation,1521
copacetic,1522
copenhagen,1523
copious,1524
cord,1525
core,1526
corker,1527
corner,1528
corolla,1529
corporate,1530
corporeal,1531
corpse,1532
correct,1533
correctional,1534
correctly,1535
correspondingly,1536
corroded,1537
corrupt,1538
corruptible,1539
corrupting,1540
cosmic,1541
cost_of_living,1542
costume,1543
council,1544
counselled,1545
count,1546
countenance,1547
counterblast,1548
counting,1549
countless,1550
countrified,1551
country,1552
country-style,1553
county,1554
couple,1555
coupled,1556
courageous,1557
course,1558
course_of_action,1559
courtly,1560
courtship,1561
coventry,1562
cover,1563
covering,1564
covertly,1565
covetous,1566
covets,1567
cow,1568
cowardly,1569
cows,1570
cracked,1571
cracking,1572
craftily,1573
craftsman,1574
crank_up,1575
crapulent,1576
crash_course,1577
crashed,1578
crawl,1579
creaky,1580
cream,1581
creamy,1582
crease,1583
create,1584
creative,1585
credence,1586
credible,1587
credit,1588
creditable,1589
credited,1590
credulous,1591
creek,1592
creepy,1593
creepy-crawlies,1594
cremate,1595
crepuscular,1596
cried,1597
cries,1598
crimes,1599
criminal_record,1600
crippled,1601
crisis,1602
critical,1603
critical_point,1604
critically,1605
criticism,1606
criticized,1607
crooked,1608
cross-country,1609
cross-section,1610
crotch,1611
crowd,1612
crowding,1613
crown,1614
crowned,1615
crucial,1616
crucially,1617
crudely,1618
cruel,1619
cruelly,1620
crumb,1621
crumbs,1622
crunch,1623
crying,1624
cryonics,1625
cryptic,1626
crystal_clear,1627
culmination,1628
culpable,1629
cultivation,1630
cultural,1631
cumbersome,1632
cunningly,1633
cup,1634
cup_of_tea,1635
curare,1636
curd,1637
cured,1638
curious,1639
curiously,1640
curmudgeonly,1641
current,1642
currently,1643
cursing,1644
cursory,1645
curt,1646
curtail,1647
curvaceous,1648
curvature,1649
cushy,1650
custodial,1651
custody,1652
customary,1653
cut,1654
cut-rate,1655
cut_back,1656
cut_corners,1657
cut_out,1658
cut_short,1659
cute,1660
cutting-edge,1661
cyborg,1662
cycle,1663
cyclopean,1664
cynosure,1665
daintiness,1666
damaged,1667
damn,1668
damnable,1669
damned,1670
dampener,1671
danced,1672
danger,1673
dangerous,1674
dank,1675
danube,1676
dapper,1677
dare,1678
daringly,1679
dark-haired,1680
darkened,1681
dash,1682
dashed,1683
dastardly,1684
data,1685
date,1686
dateless,1687
daughter,1688
dawn,1689
day,1690
day_off,1691
days,1692
daytime,1693
daze,1694
dazzled,1695
de_facto,1696
de_jure,1697
de_rigueur,1698
dead,1699
dead_drop,1700
dead_duck,1701
dead_set,1702
deadly,1703
deadness,1704
deadpan,1705
deaf,1706
deafening,1707
deal,1708
dealing,1709
dearly,1710
death,1711
deathly,1712
debated,1713
debonair,1714
debriefed,1715
debt,1716
debug,1717
debunked,1718
debut,1719
decease,1720
deceitful,1721
decent,1722
deceptive,1723
decided,1724
decidedly,1725
decision,1726
decisive,1727
declared,1728
decompress,1729
decontaminated,1730
decorate,1731
decorative,1732
decorous,1733
decrease,1734
decreased,1735
decrepit,1736
deductive,1737
deed,1738
deeds,1739
deep,1740
deep-rooted,1741
deep-seated,1742
deepened,1743
deeply,1744
defacement,1745
defamed,1746
default,1747
defeat,1748
defeated,1749
defective,1750
defects,1751
deference,1752
deferentially,1753
defiant,1754
deficiency,1755
deficient,1756
deficit,1757
defied,1758
definite,1759
deflate,1760
deflation,1761
deformed,1762
defrauded,1763
defrost,1764
deft,1765
defunct,1766
degage,1767
degree,1768
dehisce,1769
dehydrated,1770
delay,1771
delayed,1772
delete,1773
deleterious,1774
delicate,1775
delight,1776
delightful,1777
delightfully,1778
deliverance,1779
delivery,1780
delta,1781
delusive,1782
demanded,1783
demanding,1784
demands,1785
demist,1786
democratic,1787
demode,1788
demolish,1789
demolished,1790
demonic,1791
demonstrable,1792
demonstration,1793
demoted,1794
demotic,1795
dendritic,1796
denial,1797
denied,1798
denoted,1799
denounced,1800
dense,1801
dent,1802
dented,1803
denude,1804
department,1805
departmental,1806
departs,1807
dependable,1808
depends,1809
depicts,1810
deplorable,1811
deplore,1812
deportation,1813
depravity,1814
depressed,1815
depth,1816
derail,1817
derided,1818
derisive,1819
derivation,1820
derogatory,1821
desecrate,1822
desecration,1823
desensitized,1824
deserted,1825
deserve,1826
desiderata,1827
design,1828
design_criteria,1829
desirable,1830
desirous,1831
despair,1832
desperate,1833
desperately,1834
desperation,1835
despicable,1836
despicably,1837
despises,1838
despite,1839
despondent,1840
destination,1841
destined,1842
destroyed,1843
destruct,1844
destructive,1845
desultory,1846
detach,1847
details,1848
detected,1849
detection,1850
detention,1851
deterge,1852
deteriorated,1853
determinant,1854
determination,1855
detests,1856
detract,1857
detractive,1858
deuced,1859
developed,1860
development,1861
deviation,1862
device,1863
devices,1864
devilish,1865
devious,1866
deviously,1867
devising,1868
devoid,1869
devotedly,1870
devotion,1871
devoured,1872
dew,1873
dewy-eyed,1874
dextral,1875
diabolical,1876
diagnostic,1877
diagonally,1878
dialect,1879
diaphragm,1880
dibs,1881
dicey,1882
dickens,1883
dictatorial,1884
die-cast,1885
die-hard,1886
die_hard,1887
died,1888
differ,1889
differences,1890
different,1891
differentially,1892
differently,1893
difficult,1894
difficulty,1895
diffident,1896
dig,1897
digital,1898
digits,1899
dignified,1900
dignity,1901
digress,1902
digressive,1903
dilated,1904
diligent,1905
dimly,1906
dine,1907
dingbat,1908
dingy,1909
dining_area,1910
dinner,1911
dinner_party,1912
dip,1913
diplomatic,1914
dire,1915
directed,1916
direction,1917
directives,1918
directly,1919
direful,1920
dirt_cheap,1921
dirtily,1922
disability,1923
disable,1924
disabled,1925
disagreeable,1926
disagrees,1927
disappeared,1928
disappointment,1929
disaster,1930
disavowed,1931
disbanded,1932
discernible,1933
disciplinary,1934
discipline,1935
disclose,1936
disconnect,1937
discordant,1938
discourage,1939
discourteous,1940
discredit,1941
discredited,1942
discreet,1943
discreetly,1944
discrete,1945
discretionary,1946
discussed,1947
discussion,1948
diseased,1949
disengage,1950
disfigured,1951
disgracefully,1952
disgruntled,1953
disguise,1954
disguised,1955
disgustingly,1956
dish_the_dirt,1957
dishes,1958
dishonestly,1959
dishy,1960
disinclination,1961
disinfect,1962
dislocate,1963
dislodged,1964
dismal,1965
dismally,1966
dismissed,1967
dismissive,1968
disobedient,1969
disorder,1970
disorderly,1971
disparaged,1972
disparagingly,1973
disparate,1974
dispassion,1975
dispassionate,1976
dispel,1977
dispensable,1978
displaced,1979
display,1980
disposal,1981
disposed,1982
disposition,1983
disputatious,1984
dispute,1985
disrepute,1986
disrespectful,1987
disruptive,1988
dissatisfaction,1989
dissect,1990
dissent,1991
disservice,1992
dissimilar,1993
dissipation,1994
dissuade,1995
distant,1996
distinct,1997
distinction,1998
distinctive,1999
distinctively,2000
distinctly,2001
distinguish,2002
distracted,2003
distraction,2004
distraught,2005
distress,2006
distrustful,2007
disturbance,2008
dither,2009
diurnal,2010
diverge,2011
divergence,2012
divergent,2013
diverse,2014
diversify,2015
diversion,2016
diversity,2017
divisions,2018
divot,2019
do-or-die,2020
do_well,2021
docile,2022
docked,2023
doctor,2024
dodged,2025
doer,2026
dog,2027
dog-eared,2028
dog-tired,2029
dogfight,2030
doggerel,2031
doggo,2032
dole_out,2033
doleful,2034
domesticate,2035
dominion,2036
donate,2037
donated,2038
donates,2039
done_with,2040
donned,2041
doodad,2042
doom,2043
doomed,2044
door,2045
doorway,2046
dopey,2047
dormant,2048
dorsal,2049
dosed,2050
dots,2051
dotted_line,2052
double,2053
double-crossing,2054
double-edged,2055
double-faced,2056
doubled,2057
doubling,2058
doubtful,2059
doughy,2060
dour,2061
douse,2062
dow_jones,2063
down-and-out,2064
down-to-earth,2065
downed,2066
downhearted,2067
downing_street,2068
downright,2069
downside,2070
downstairs,2071
downtown,2072
downturn,2073
downward,2074
dozy,2075
draconian,2076
dragged,2077
dragging,2078
dragnet,2079
dramatic,2080
drastic,2081
drawbacks,2082
drawing,2083
drawn-out,2084
drawstring,2085
dreadful,2086
dream,2087
dreamlike,2088
dreary,2089
drink,2090
drink_up,2091
drip,2092
drippy,2093
drive,2094
drive_away,2095
driveway,2096
droll,2097
drop_by,2098
dropper,2099
drops,2100
drought,2101
drowned,2102
drowsy,2103
drugged,2104
drum_up,2105
drumming,2106
drunken,2107
dual,2108
dual_carriageway,2109
dubious,2110
ducal,2111
duct,2112
duct_tape,2113
due,2114
duffer,2115
dulcet,2116
duly,2117
dumps,2118
dunkirk,2119
duped,2120
duple,2121
durable,2122
duress,2123
dust,2124
duster,2125
dusty,2126
dutch,2127
duteous,2128
dutiful,2129
dutifully,2130
duty,2131
dwelling,2132
dying,2133
dynamic,2134
e-mailed,2135
each,2136
eagerly,2137
eared,2138
earlier,2139
earliest,2140
early,2141
early_on,2142
earnestly,2143
earns,2144
earth,2145
earthborn,2146
earthen,2147
earthly,2148
earthy,2149
ease,2150
eased,2151
easily,2152
easiness,2153
eastern,2154
easy,2155
easygoing,2156
eat,2157
ebbed,2158
echoes,2159
echoing,2160
eclat,2161
ecological,2162
economic,2163
economical,2164
economically,2165
economize,2166
ecumenical,2167
edacious,2168
edged,2169
edgewise,2170
edifice,2171
edit,2172
edited,2173
educate,2174
education,2175
educational,2176
eerie,2177
eerily,2178
efface,2179
effect,2180
effective,2181
effectively,2182
effects,2183
effete,2184
efficacious,2185
efficient,2186
efficiently,2187
effigy,2188
effort,2189
effortless,2190
effortlessness,2191
effulgent,2192
effused,2193
egghead,2194
egregious,2195
either,2196
elaboration,2197
elapsed,2198
elbow_room,2199
elbowing,2200
eldritch,2201
elect,2202
elected,2203
election,2204
electoral,2205
electrical,2206
electromagnetic,2207
electronic,2208
electronic_mail,2209
elegance,2210
elegant,2211
elegantly,2212
elegiac,2213
elemental,2214
elementary,2215
elements,2216
elevation,2217
eleventh_hour,2218
elfin,2219
elided,2220
eligibility,2221
eligible,2222
eliminate,2223
elizabeth,2224
elizabeth_ii,2225
ellipse,2226
eloquence,2227
elsewhere,2228
eluded,2229
elusive,2230
emaciated,2231
emanates,2232
emancipator,2233
emasculated,2234
embargoed,2235
embattled,2236
embellishments,2237
embittered,2238
embitterment,2239
emblematic,2240
embodiment,2241
embossed,2242
embryonic,2243
emended,2244
emerged,2245
emergence,2246
emergency,2247
emergent,2248
emigrate,2249
eminence,2250
eminent,2251
eminently,2252
emoluments,2253
emotional,2254
emotional_state,2255
emotionless,2256
empathetic,2257
emphasis,2258
emphasizes,2259
emphatic,2260
empiric,2261
empirical,2262
employ,2263
employment,2264
emptied,2265
empties,2266
emulating,2267
emulsion,2268
en_famille,2269
en_masse,2270
enable,2271
enables,2272
enacted,2273
encased,2274
encircle,2275
encode,2276
end,2277
endeared,2278
endgame,2279
ending,2280
endless,2281
endurance,2282
endure,2283
endways,2284
enemy,2285
energetic,2286
energy,2287
engaged,2288
engagement,2289
engrave,2290
engraved,2291
enhance,2292
enigmatic,2293
enjoyable,2294
enlarged,2295
enlighten,2296
enormous,2297
enormously,2298
enough,2299
enriched,2300
enrobe,2301
ensconced,2302
ensemble,2303
enshrined,2304
ensure,2305
entered,2306
enterprise,2307
enterprising,2308
enterprisingly,2309
enthalpy,2310
enthusiastic,2311
enthusiastically,2312
entirely,2313
entirety,2314
entitlements,2315
entitles,2316
entombed,2317
entrance,2318
entrant,2319
entreaty,2320
entrepot,2321
entrusted,2322
enveloped,2323
enviable,2324
envious,2325
environment,2326
environmental,2327
epilate,2328
episcopal,2329
episodic,2330
epochal,2331
eponym,2332
equable,2333
equably,2334
equally,2335
equanimity,2336
equate,2337
equator,2338
equipped,2339
equitable,2340
equitably,2341
equivalent,2342
equivocal,2343
erasable,2344
erased,2345
erasures,2346
eroded,2347
erosive,2348
errant,2349
erratic,2350
erroneous,2351
errorless,2352
errors,2353
erstwhile,2354
erudite,2355
escalation,2356
escape,2357
escaped,2358
escapism,2359
esoteric,2360
especial,2361
especially,2362
espouses,2363
essayed,2364
essentially,2365
essentials,2366
establishment,2367
estate_agent,2368
esteem,2369
estimate,2370
estranged,2371
esurient,2372
et_al,2373
eta,2374
etched,2375
eternal,2376
ethereal,2377
ethic,2378
ethical,2379
ethically,2380
ethnicity,2381
ethos,2382
eutrophication,2383
evacuated,2384
evade,2385
evaded,2386
evanescence,2387
evanescent,2388
evangelical,2389
evangelistic,2390
evaporate,2391
evasive,2392
evening,2393
evenly,2394
eventful,2395
eventual,2396
ever,2397
ever_so,2398
evermore,2399
every,2400
every_inch,2401
every_so_often,2402
everyday,2403
everywhere,2404
evict,2405
evidence,2406
evident,2407
evidently,2408
evilly,2409
evoke,2410
evolution,2411
evolutionary,2412
ex_gratia,2413
exaction,2414
exactitude,2415
exactly,2416
exactness,2417
exaggerate,2418
example,2419
excavate,2420
excavated,2421
excavation,2422
exceeds,2423
excelled,2424
excellent,2425
exception,2426
exceptionable,2427
exceptional,2428
exceptionally,2429
excessive,2430
excision,2431
excitedly,2432
excitement,2433
exclaimed,2434
exclamation,2435
excluded,2436
exclusively,2437
excursions,2438
excuses,2439
executed,2440
exemplar,2441
exemplary,2442
exemplified,2443
exempted,2444
exercise,2445
exercising,2446
exert,2447
exhale,2448
exhaustive,2449
exhibition,2450
exigency,2451
exigent,2452
exiguity,2453
exiled,2454
existence,2455
existent,2456
exorbitant,2457
exorcise,2458
exoteric,2459
exotic,2460
expands,2461
expansive,2462
expatriates,2463
expatriation,2464
expectant,2465
expecting,2466
expedite,2467
expelled,2468
expended,2469
expensive,2470
experience,2471
experimental,2472
experimentation,2473
expertly,2474
expiate,2475
expiatory,2476
expired,2477
explained,2478
explanation,2479
explanatory,2480
expletives,2481
explicit,2482
explicitly,2483
exploded,2484
exploitation,2485
exploring,2486
expose,2487
expository,2488
exposure,2489
expression,2490
expressionless,2491
expressive,2492
expressly,2493
expulsion,2494
exquisite,2495
extant,2496
extempore,2497
extend,2498
extended,2499
extension,2500
extensive,2501
extensively,2502
extensiveness,2503
extent,2504
extenuate,2505
exterminate,2506
extinct,2507
extinction,2508
extol,2509
extortionate,2510
extramarital,2511
extraneous,2512
extraordinaire,2513
extraordinarily,2514
extraordinary,2515
extravagance,2516
extravagant,2517
extremely,2518
extremes,2519
extremities,2520
extricate,2521
extrinsic,2522
extrude,2523
exuberantly,2524
exude,2525
eye-catching,2526
eye_candy,2527
eyeful,2528
eyeless,2529
eyes,2530
fabled,2531
fabric,2532
fabulous,2533
face,2534
face_to_face,2535
faced,2536
faceless,2537
facet,2538
facetious,2539
facile,2540
facilitate,2541
facility,2542
fact-finding,2543
factors,2544
facts,2545
fads,2546
fag_end,2547
fagin,2548
failed,2549
failings,2550
failure,2551
faintly,2552
fair-haired,2553
fair_game,2554
fair_sex,2555
fairish,2556
fairly,2557
fairness,2558
faith,2559
faithless,2560
faked,2561
fall,2562
fallacious,2563
fallible,2564
false,2565
falsely,2566
falsity,2567
famed,2568
family,2569
famous,2570
fanatic,2571
fanciful,2572
fancy-free,2573
fanny,2574
fanny_adams,2575
fantastic,2576
fantasy,2577
far-flung,2578
far-off,2579
far_and_away,2580
far_and_wide,2581
far_cry,2582
faraway,2583
farcical,2584
farm,2585
farsi,2586
fashion,2587
fashionable,2588
fashionably,2589
fashioned,2590
fast_buck,2591
fast_one,2592
fast_track,2593
fasten,2594
fastener,2595
fastidious,2596
fastidiousness,2597
fat,2598
fat-free,2599
fatally,2600
fateful,2601
father,2602
fatigue,2603
fatness,2604
fatty_tissue,2605
faultless,2606
faults,2607
fauna,2608
faustian,2609
faux,2610
fearful,2611
fearlessly,2612
fearsomely,2613
feat,2614
feathery,2615
featureless,2616
features,2617
febrile,2618
fed_up,2619
feeble,2620
feebly,2621
feel,2622
feel_like,2623
feeling,2624
feelings,2625
feet,2626
feigned,2627
feisty,2628
fellow,2629
fellowship,2630
felonious,2631
fenced,2632
fend,2633
fender,2634
feral,2635
ferment,2636
ferocious,2637
ferociously,2638
fervent,2639
fervently,2640
festal,2641
festive,2642
fetishes,2643
fettle,2644
fever_pitch,2645
fevered,2646
feverish,2647
few,2648
fewest,2649
fib,2650
fickle,2651
fictional,2652
fictive,2653
fidgeting,2654
fiducial,2655
field,2656
fiendish,2657
fierce,2658
fiercely,2659
fiery,2660
fifty-fifty,2661
fight_off,2662
fighting,2663
figment,2664
figurative,2665
figuratively,2666
figure,2667
fill,2668
fill_out,2669
fillip,2670
film,2671
film_noir,2672
filmy,2673
filthy,2674
fine-looking,2675
fine_print,2676
fined,2677
finer,2678
fines_herbes,2679
fingers,2680
finicky,2681
finish,2682
finished,2683
fire,2684
fire-raising,2685
firearm,2686
fireplace,2687
firewall,2688
firewood,2689
firm_up,2690
firmly,2691
firmness,2692
first,2693
first-class,2694
first-rate,2695
first_and_last,2696
first_degree,2697
firsthand,2698
fiscal,2699
fish,2700
fishy,2701
fit,2702
fit_the_bill,2703
fitful,2704
fitfully,2705
fitness,2706
fix,2707
flabby,2708
flaccid,2709
flag_down,2710
flagging,2711
flagrant,2712
flagrantly,2713
flagship,2714
flair,2715
flaky,2716
flamboyance,2717
flap,2718
flare,2719
flashy,2720
flatly,2721
flatten,2722
flaunt,2723
flaw,2724
flawless,2725
flaxen,2726
flea-bitten,2727
fled,2728
fleetness,2729
flex,2730
flexible,2731
flexibly,2732
flick,2733
flighty,2734
flip_over,2735
floaty,2736
flogged,2737
flooded,2738
floor,2739
floored,2740
floors,2741
floppy,2742
flops,2743
flora,2744
floral,2745
florid,2746
florist,2747
flourish,2748
flout,2749
flowed,2750
flowery,2751
fluency,2752
fluff_up,2753
fluky,2754
flying,2755
foam,2756
focal,2757
focus,2758
foil,2759
foiled,2760
foisted,2761
fold,2762
fold_up,2763
folding,2764
folk,2765
folks,2766
folksy,2767
follow,2768
follow-up,2769
followed,2770
fond,2771
fondled,2772
fondly,2773
fondness,2774
foolhardy,2775
foolish,2776
foolproof,2777
foot,2778
footage,2779
foothold,2780
footing,2781
footloose,2782
footsteps,2783
for_a_song,2784
for_certain,2785
for_example,2786
for_good_measure,2787
for_keeps,2788
for_love_or_money,2789
for_one,2790
for_short,2791
for_sure,2792
for_that_matter,2793
for_the_time_being,2794
forager,2795
forbid,2796
force,2797
forced,2798
forceful,2799
forcefully,2800
forcefulness,2801
forceless,2802
forcible,2803
fordable,2804
foreboding,2805
forefathers,2806
forefront,2807
foreign,2808
foreign_country,2809
foreman,2810
foremost,2811
forever,2812
forgave,2813
forgive,2814
forlorn,2815
formality,2816
formally,2817
formation,2818
formed,2819
former,2820
formidable,2821
formless,2822
forms,2823
forte,2824
forthright,2825
forthwith,2826
fortnight,2827
fortuitous,2828
fortunate,2829
fortunately,2830
forward-looking,2831
forwarding,2832
fought,2833
foul-mouthed,2834
foully,2835
found,2836
foundation,2837
foursome,2838
foxy,2839
fractional,2840
fractious,2841
fracture,2842
fragile,2843
fragment,2844
fragmentary,2845
fragmented,2846
frangible,2847
frankly,2848
frantic,2849
fraternal,2850
fraudulent,2851
fraught,2852
frayed,2853
freakish,2854
freaky,2855
free,2856
free_hand,2857
free_lunch,2858
free_rein,2859
freebie,2860
freehand,2861
freeloading,2862
freely,2863
freemasonry,2864
freestanding,2865
freewill,2866
freeze-dry,2867
frenetic,2868
frenzied,2869
frenziedly,2870
frequency,2871
fresh,2872
freshness,2873
fretful,2874
fried,2875
friend,2876
frighteningly,2877
frightens,2878
frightful,2879
frigid,2880
fringe_benefits,2881
frisk,2882
frisson,2883
fritter_away,2884
frivolous,2885
frivolously,2886
frolic,2887
frolicked,2888
frolicsome,2889
from_pillar_to_post,2890
from_the_heart,2891
frontier,2892
frosty,2893
frothing,2894
frothy,2895
frowzy,2896
froze,2897
frugal,2898
fruitful,2899
fruitless,2900
frumpish,2901
frustrated,2902
fuddy-duddy,2903
fuel,2904
fugitives,2905
full,2906
full-length,2907
full-time,2908
full_complement,2909
full_of_life,2910
full_treatment,2911
fully,2912
fulsome,2913
fun,2914
functional,2915
fundamentals,2916
fundus,2917
funeral,2918
funereal,2919
funk,2920
funky,2921
funny,2922
funny_story,2923
furious,2924
furiously,2925
furniture,2926
furry,2927
furthermore,2928
furthest,2929
furtive,2930
fury,2931
fusillade,2932
futile,2933
future_perfect,2934
fuzz,2935
gabby,2936
gadgetry,2937
gagged,2938
gags,2939
gaily,2940
gain,2941
galactic,2942
gallic,2943
galloping,2944
galore,2945
galumphed,2946
galvanic,2947
gambling,2948
game,2949
game_plan,2950
gamut,2951
gamy,2952
gang,2953
gangling,2954
gap,2955
garish,2956
garlanded,2957
garlicky,2958
garments,2959
garnished,2960
garrotted,2961
gas_up,2962
gasp,2963
gassed,2964
gastric,2965
gastronomic,2966
gauche,2967
gaunt,2968
gauntlet,2969
gave,2970
gawky,2971
gaze,2972
gelid,2973
gelled,2974
geminate,2975
gen,2976
generalist,2977
generated,2978
generous,2979
genial,2980
genius,2981
genome,2982
genteel,2983
gently,2984
genuine,2985
genuinely,2986
genus,2987
geological_periods,2988
geometric,2989
geriatric,2990
germane,2991
get-go,2992
get_across,2993
get_cracking,2994
get_down,2995
get_off_the_ground,2996
get_rid_of,2997
getting,2998
getup,2999
ghana,3000
ghanaian,3001
ghastly,3002
ghetto,3003
ghost,3004
ghosted,3005
ghostly,3006
giddy,3007
gigantic,3008
gingerly,3009
girlfriend,3010
git,3011
give_a_damn,3012
give_a_hoot,3013
give_it_a_whirl,3014
give_or_take,3015
gizmo,3016
gladly,3017
gladsome,3018
glamorous,3019
glanced,3020
glandular,3021
glare,3022
glared,3023
glassy,3024
glaucoma,3025
gleefully,3026
glib,3027
glibness,3028
glimpsed,3029
glistening,3030
glittery,3031
global,3032
globally,3033
gloom,3034
gloomy,3035
glorify,3036
glorious,3037
glory,3038
gluttonous,3039
gnarled,3040
gnaw,3041
gnomic,3042
go,3043
go_about,3044
go_around,3045
go_away,3046
go_ballistic,3047
go_dutch,3048
go_far,3049
go_for,3050
go_through,3051
go_to,3052
goddam,3053
godforsaken,3054
godlike,3055
godly,3056
golden,3057
golden_age,3058
golden_rule,3059
goner,3060
good,3061
good-looking,3062
good-natured,3063
good_for_you,3064
good_form,3065
good_sense,3066
good_time,3067
good_turn,3068
goodish,3069
goodly,3070
goose_egg,3071
gorgeous,3072
gory,3073
got,3074
governance,3075
governed,3076
governing,3077
government,3078
governmental,3079
grace,3080
graceless,3081
gracious,3082
graciously,3083
gradations,3084
gradually,3085
graduated,3086
grain,3087
grainy,3088
grandeur,3089
grandly,3090
granular,3091
grappling,3092
grasp,3093
grass_roots,3094
grated,3095
grateful,3096
gratification,3097
gratitude,3098
gratuitous,3099
grave,3100
graven_image,3101
gravity,3102
greasy,3103
greater,3104
greatly,3105
greats,3106
greedy,3107
green_cards,3108
greenwood,3109
gregarious,3110
grew,3111
greyish,3112
grievous,3113
grim,3114
grimace,3115
grimaced,3116
grimy,3117
grip,3118
gripe,3119
gripped,3120
grisly,3121
groaned,3122
groped,3123
grotty,3124
ground,3125
grounding,3126
grub_up,3127
grudge,3128
gruesome,3129
gruff,3130
grumbled,3131
guarding,3132
guillotined,3133
guilty,3134
guise,3135
gullible,3136
gulp,3137
gulped,3138
gunfire,3139
gush,3140
gushed,3141
gust,3142
gusty,3143
gutless,3144
guts,3145
gutsy,3146
guy,3147
gymnastic,3148
gyrated,3149
habit,3150
habitat,3151
habitual,3152
habitue,3153
hackneyed,3154
hailed,3155
hair,3156
hair-raiser,3157
hairy,3158
hajj,3159
half,3160
half-baked,3161
half-term,3162
half-time,3163
half-track,3164
hall,3165
halt,3166
halve,3167
hammer_out,3168
hampered,3169
hamstrung,3170
hand-held,3171
hand_in_glove,3172
hand_in_hand,3173
hand_over_fist,3174
handcart,3175
handcuffed,3176
handful,3177
handle,3178
handmaiden,3179
handover,3180
hands,3181
handsome,3182
handsomely,3183
handwriting,3184
hang,3185
hang_together,3186
hangdog,3187
hangings,3188
hansard,3189
haphazard,3190
hapless,3191
haply,3192
happily,3193
happy,3194
harassment,3195
hard,3196
hard-and-fast,3197
hard-core,3198
hard-hitting,3199
hard-nosed,3200
hard-pressed,3201
hard_cash,3202
hard_copy,3203
hard_currency,3204
hard_time,3205
hard_to_please,3206
hardened,3207
hardly,3208
hardship,3209
hardware_store,3210
harebrained,3211
hared,3212
harmful,3213
harmless,3214
harmonize,3215
harry,3216
harsh,3217
harshly,3218
haste,3219
hastily,3220
hasty,3221
hateful,3222
haughty,3223
haul,3224
haunted,3225
have_a_look,3226
hawkish,3227
hazard,3228
hazardous,3229
head,3230
head-on,3231
head-to-head,3232
head_off,3233
head_over_heels,3234
headband,3235
headed,3236
headfirst,3237
heading,3238
headlong,3239
headquarters,3240
health,3241
healthily,3242
healthy,3243
heaped,3244
heart,3245
heart_and_soul,3246
heartbreaking,3247
heartfelt,3248
hearth,3249
heartrending,3250
heartstrings,3251
hearty,3252
heaved,3253
heaven-sent,3254
heavenly,3255
heavily,3256
heaviness,3257
heaving,3258
heavyset,3259
hedonistic,3260
heed,3261
heedful,3262
heedless,3263
heeled,3264
hefty,3265
hegemony,3266
heightened,3267
heights,3268
heinous,3269
heinously,3270
held,3271
hell,3272
hell-bent,3273
hellish,3274
help,3275
help_out,3276
helped,3277
helpless,3278
hem,3279
hemlock,3280
hence,3281
herald,3282
heraldic,3283
herculean,3284
herded,3285
here,3286
here_and_now,3287
here_and_there,3288
herein,3289
hereunder,3290
heritage,3291
heroes,3292
heroically,3293
heroism,3294
hesitantly,3295
hesitate,3296
hesperian,3297
het_up,3298
heterogeneous,3299
hew,3300
hibernate,3301
hideous,3302
hideously,3303
hierarchical,3304
hierarchy,3305
high,3306
high-flown,3307
high-level,3308
high-powered,3309
high-rise,3310
high-voltage,3311
high_and_low,3312
high_point,3313
high_priest,3314
high_time,3315
high_winds,3316
highbrowed,3317
higher,3318
highlight,3319
highlighted,3320
highly,3321
hike,3322
hiked,3323
hilarious,3324
hills,3325
himalayan,3326
hindsight,3327
hinny,3328
hire_car,3329
hired,3330
hired_hand,3331
hires,3332
hispid,3333
hissing,3334
historic,3335
historical,3336
history,3337
histrionic,3338
hit,3339
hit-and-run,3340
hit-or-miss,3341
hitting,3342
ho-hum,3343
hoarse,3344
hoary,3345
hobbyhorse,3346
hobnobs,3347
hold,3348
hold_water,3349
holder,3350
hole-and-corner,3351
holiday,3352
hollows,3353
holocaust,3354
home,3355
homegrown,3356
homeless,3357
homely,3358
homeric,3359
homicidal,3360
homogeneity,3361
honest,3362
honestly,3363
honorary,3364
hoodoo,3365
hoof_it,3366
hook_up,3367
hookah,3368
hooks,3369
hope,3370
hopefully,3371
hopeless,3372
horrendous,3373
horrible,3374
horrid,3375
horrific,3376
horrified,3377
hospitable,3378
hosted,3379
hostilities,3380
hostility,3381
hot,3382
hot-blooded,3383
hot_potato,3384
hot_spots,3385
hot_stuff,3386
hot_water,3387
hotbed,3388
hotheaded,3389
hotly,3390
hounded,3391
hour,3392
hourly,3393
hours,3394
house,3395
household,3396
housing_development,3397
however,3398
howl,3399
howls,3400
hued,3401
hug,3402
huge,3403
hugged,3404
hugger-mugger,3405
hum,3406
human_body,3407
human_nature,3408
humane,3409
humble,3410
humdinger,3411
humdrum,3412
humid,3413
humiliated,3414
humility,3415
hummed,3416
humorous,3417
humorously,3418
hump,3419
hung,3420
hungry,3421
hunted,3422
hurrah,3423
hurriedly,3424
hurry,3425
hurtful,3426
hurtled,3427
hydra,3428
hydrated,3429
hygiene,3430
hygienic,3431
hyperactive,3432
hypercritical,3433
hypersensitive,3434
hypocritical,3435
hysterical,3436
ibuprofen,3437
ice,3438
ice_age,3439
icy,3440
idea,3441
ideally,3442
identical,3443
identified,3444
identity,3445
idiomatic,3446
idiosyncratic,3447
idiotic,3448
idle,3449
idly,3450
idolatrous,3451
idyllic,3452
if_not,3453
iffy,3454
igbo,3455
igneous,3456
ignite,3457
ignoble,3458
ignominy,3459
ignorant,3460
ilk,3461
ill-advised,3462
ill-considered,3463
ill-defined,3464
ill-equipped,3465
ill-fated,3466
ill-gotten,3467
ill-judged,3468
ill-starred,3469
ill-timed,3470
ill_at_ease,3471
illegal,3472
illegible,3473
illicit,3474
illusive,3475
illusory,3476
illustrious,3477
images,3478
imagination,3479
imaginative,3480
imbalance,3481
imbricate,3482
imitated,3483
imitative,3484
immaculate,3485
immanent,3486
immaterial,3487
immature,3488
immediate,3489
immediately,3490
immense,3491
immerse,3492
immigrate,3493
imminent,3494
immoderate,3495
immodest,3496
immodestly,3497
immolate,3498
immorality,3499
immorally,3500
immutable,3501
impaired,3502
impale,3503
impart,3504
impartial,3505
impasse,3506
impassioned,3507
impassive,3508
impassively,3509
impatient,3510
impeach,3511
impeccable,3512
impeding,3513
impending,3514
impenetrable,3515
impersonal,3516
impersonates,3517
imperturbable,3518
impervious,3519
impetuous,3520
impish,3521
impishly,3522
implacable,3523
implanted,3524
implausible,3525
implementation,3526
implicated,3527
implications,3528
implicit,3529
implosion,3530
impolitic,3531
importance,3532
important,3533
importantly,3534
importunate,3535
importune,3536
impose,3537
impossible,3538
impotent,3539
impounded,3540
impracticable,3541
impractical,3542
imprecise,3543
impregnable,3544
impressed,3545
impression,3546
impressionable,3547
impressive,3548
impressively,3549
imprint,3550
imprisoned,3551
improbable,3552
impromptu,3553
improper,3554
improperly,3555
improved,3556
imprudent,3557
imprudently,3558
impudent,3559
impudently,3560
impulses,3561
impulsive,3562
impulsively,3563
impute,3564
in-between,3565
in-your-face,3566
in_a_bad_way,3567
in_a_nutshell,3568
in_a_way,3569
in_all_likelihood,3570
in_any_case,3571
in_any_event,3572
in_arrears,3573
in_case,3574
in_chorus,3575
in_common,3576
in_concert,3577
in_detail,3578
in_due_course,3579
in_earnest,3580
in_effect,3581
in_evidence,3582
in_fact,3583
in_flight,3584
in_force,3585
in_front,3586
in_full,3587
in_gear,3588
in_general,3589
in_hand,3590
in_haste,3591
in_league,3592
in_line,3593
in_name_only,3594
in_no_time,3595
in_operation,3596
in_order,3597
in_other_words,3598
in_particular,3599
in_passing,3600
in_perpetuity,3601
in_person,3602
in_place,3603
in_play,3604
in_principle,3605
in_private,3606
in_reality,3607
in_secret,3608
in_sight,3609
in_situ,3610
in_spades,3611
in_store,3612
in_tandem,3613
in_the_air,3614
in_the_first_place,3615
in_the_flesh,3616
in_the_long_run,3617
in_the_meantime,3618
in_the_same_breath,3619
in_time,3620
in_toto,3621
in_truth,3622
in_turn,3623
in_unison,3624
in_use,3625
in_utero,3626
in_vain,3627
inaccurate,3628
inaccurately,3629
inactive,3630
inadequacy,3631
inadequate,3632
inadequately,3633
inadvertent,3634
inanimate,3635
inappropriate,3636
inarticulate,3637
inattentive,3638
inaudible,3639
inauguration,3640
incandescent,3641
incapable,3642
incarcerated,3643
incarnation,3644
incautious,3645
incessant,3646
inchoate,3647
incidental,3648
incidentally,3649
incipience,3650
incipient,3651
incisive,3652
incitement,3653
inclination,3654
inclined,3655
includes,3656
inclusive,3657
incoherent,3658
incomparable,3659
incompatible,3660
incomplete,3661
inconclusive,3662
incongruous,3663
inconsequent,3664
inconsequential,3665
inconsiderable,3666
inconsiderate,3667
inconsistent,3668
inconsolable,3669
inconspicuous,3670
inconstant,3671
incontrovertible,3672
inconvenient,3673
incorporated,3674
incorrect,3675
incorrupt,3676
incorruptible,3677
increased,3678
increasingly,3679
incredible,3680
incredibly,3681
inculcate,3682
incur,3683
incurious,3684
incursion,3685
indecent,3686
indecently,3687
indecision,3688
indecisive,3689
indecorous,3690
indeed,3691
indefatigable,3692
indefinite,3693
indefinitely,3694
indelible,3695
indelicate,3696
independently,3697
indescribable,3698
indeterminate,3699
indicate,3700
indication,3701
indications,3702
indifferent,3703
indifferently,3704
indigence,3705
indigenous,3706
indignant,3707
indirect,3708
indirectly,3709
indiscernible,3710
indiscreet,3711
indispensable,3712
indistinct,3713
indistinguishable,3714
individually,3715
indoctrinate,3716
indolent,3717
indoor,3718
indrawn,3719
induce,3720
induct,3721
induction,3722
indulged,3723
indulgent,3724
industrial,3725
industry,3726
indweller,3727
inebriated,3728
ineffable,3729
ineffective,3730
inefficient,3731
inelastic,3732
ineligible,3733
ineluctable,3734
inept,3735
ineptly,3736
inequality,3737
inerrant,3738
inertia,3739
inescapable,3740
inestimable,3741
inevitable,3742
inexhaustible,3743
inexorable,3744
inexpedient,3745
inexpensive,3746
inexperience,3747
inexpert,3748
inexplicable,3749
infallible,3750
infamous,3751
infamy,3752
infantile,3753
infatuated,3754
infected,3755
infernally,3756
inferno,3757
infertile,3758
infested,3759
infinite,3760
inflamed,3761
inflammatory,3762
inflatable,3763
inflated,3764
inflation,3765
inflexible,3766
influence,3767
influenced,3768
influential,3769
informal,3770
informally,3771
informed,3772
infra,3773
infra_dig,3774
infrared,3775
infrequent,3776
ingenious,3777
ingenuous,3778
ingrown,3779
inhabited,3780
inhaled,3781
inherence,3782
inherently,3783
inherited,3784
inhospitable,3785
inhumane,3786
inhumanely,3787
inimical,3788
inimitable,3789
iniquitous,3790
initials,3791
initiated,3792
initiation,3793
injected,3794
inked,3795
inkling,3796
inner,3797
innermost,3798
innocently,3799
innovative,3800
innumerable,3801
inoffensive,3802
inoperative,3803
inopportune,3804
inordinate,3805
inordinately,3806
inorganic,3807
inquisitive,3808
inroads,3809
insane,3810
insanely,3811
insatiable,3812
inscrutable,3813
insecure,3814
insensate,3815
insensible,3816
insensitive,3817
insensitively,3818
insentient,3819
inseparable,3820
insertions,3821
inside_job,3822
inside_out,3823
insidious,3824
insightful,3825
insincere,3826
insinuated,3827
insipid,3828
insist,3829
insistent,3830
insouciant,3831
inspect,3832
inspection,3833
inst,3834
install,3835
installation,3836
instance,3837
instant_coffee,3838
instantaneous,3839
instead,3840
instigator,3841
instilled,3842
instinct,3843
instinctive,3844
instructed,3845
instrument_panel,3846
instrumental,3847
insubordinate,3848
insubstantial,3849
insufferable,3850
insufficient,3851
insular,3852
insulated,3853
insulation,3854
insulted,3855
insults,3856
insurmountable,3857
intact,3858
integer,3859
integrity,3860
intellect,3861
intelligent,3862
intemperate,3863
intense,3864
intensely,3865
intensity,3866
intent,3867
intentional,3868
intentionally,3869
intentions,3870
intently,3871
interact,3872
interchangeable,3873
interchanged,3874
intercommunicate,3875
interest,3876
interlock,3877
interminable,3878
intermingle,3879
intermittent,3880
intermittently,3881
internal,3882
internecine,3883
interned,3884
internees,3885
interpret,3886
interpreting,3887
intersperse,3888
interspersion,3889
intertwine,3890
intertwined,3891
intervene,3892
intervention,3893
intestate,3894
intifada,3895
intimacy,3896
intimately,3897
intimidates,3898
intolerable,3899
intolerance,3900
intonate,3901
intractable,3902
intransigent,3903
intrepid,3904
intricate,3905
intrinsic,3906
introduce,3907
intrusive,3908
intuitive,3909
inundated,3910
inured,3911
invaded,3912
inventive,3913
inverse,3914
inverted,3915
investigate,3916
invidious,3917
invincible,3918
inviolable,3919
invisible,3920
invitation,3921
invite,3922
involuntary,3923
invulnerable,3924
inward,3925
inwardly,3926
ipso_facto,3927
iraqi,3928
irate,3929
irately,3930
ireful,3931
iridescent,3932
irksome,3933
iron_out,3934
ironic,3935
ironical,3936
ironically,3937
ironing,3938
ironmonger,3939
ironwork,3940
irony,3941
irrefutable,3942
irregularly,3943
irrelevant,3944
irreplaceable,3945
irrepressible,3946
irresistible,3947
irresolute,3948
irresponsible,3949
irreverent,3950
irreverently,3951
irritates,3952
irrupted,3953
irruption,3954
is,3955
islam,3956
islamic,3957
isolated,3958
issue,3959
issues,3960
itch,3961
item,3962
items,3963
iterations,3964
itinerant,3965
ivied,3966
ivory_tower,3967
jab,3968
jabbed,3969
jack,3970
jack_up,3971
jacketed,3972
jag,3973
jain,3974
jam-packed,3975
jangle,3976
janissaries,3977
jape,3978
jaundiced,3979
jaunty,3980
jazz,3981
jealous,3982
jeered,3983
jejune,3984
jemmy,3985
jeremiad,3986
jerry-built,3987
jest,3988
jetted,3989
jewish,3990
jimmy,3991
jingle,3992
jittery,3993
jobless,3994
jocund,3995
jog,3996
joined,3997
joined_forces,3998
joining,3999
jointly,4000
joke,4001
jolt,4002
jolts,4003
jovial,4004
joyful,4005
joyous,4006
judgment,4007
judgmental,4008
judicial,4009
judicious,4010
jumbo,4011
jump,4012
jumper,4013
junior,4014
jurisdiction,4015
just,4016
just_about,4017
just_as,4018
just_in_case,4019
just_now,4020
just_so,4021
just_the_ticket,4022
justification,4023
justifies,4024
juxtaposition,4025
keenly,4026
keenness,4027
keep,4028
keep_an_eye_on,4029
keep_off,4030
keep_track,4031
keep_up,4032
keeper,4033
keeping,4034
kempt,4035
ken,4036
kernels,4037
keystone,4038
kick,4039
kicking,4040
kidnapped,4041
kidney,4042
kids,4043
killed,4044
kilogram,4045
kilter,4046
kin,4047
kind_of,4048
kindly,4049
kinetic,4050
king-size,4051
kingdom,4052
kingly,4053
kinky,4054
kinship,4055
kip,4056
kissed,4057
kited,4058
kith,4059
knack,4060
knead,4061
knife-edge,4062
knifed,4063
knighted,4064
knightly,4065
knobbly,4066
knock-down,4067
knock_out,4068
knocking,4069
knot,4070
knotted,4071
knotty,4072
know,4073
knowledgeable,4074
label,4075
labelled,4076
laborious,4077
labyrinthine,4078
laciniate,4079
lack,4080
lackadaisical,4081
laconic,4082
lactose,4083
lady,4084
ladylike,4085
ladyship,4086
laic,4087
laid_up,4088
lam,4089
lambent,4090
lamentable,4091
lamented,4092
laments,4093
lamplit,4094
lanate,4095
lanced,4096
land,4097
land_agent,4098
landed,4099
landmark,4100
landslide,4101
language,4102
languages,4103
languid,4104
languorous,4105
lank,4106
lanky,4107
lap,4108
large-scale,4109
largely,4110
largeness,4111
last-ditch,4112
last-minute,4113
last_minute,4114
last_word,4115
lasted,4116
late,4117
lately,4118
latent,4119
latent_hostility,4120
laterally,4121
latest,4122
latter,4123
latter-day,4124
laudable,4125
laudatory,4126
laughable,4127
lavishly,4128
law,4129
law-abiding,4130
lawful,4131
lax,4132
lay_out,4133
lay_waste_to,4134
lazy,4135
lead,4136
lead-in,4137
lead_off,4138
lead_time,4139
leaden,4140
leadership,4141
leafy,4142
leak,4143
leaky,4144
lean_on,4145
leaned,4146
leapfrog,4147
leapfrogged,4148
leapt,4149
learned,4150
least,4151
leave,4152
leave_off,4153
leave_office,4154
lecherous,4155
lecture,4156
leered,4157
left,4158
left_over,4159
leftovers,4160
legato,4161
legendary,4162
legible,4163
legibly,4164
legislate,4165
legless,4166
legs,4167
leisure,4168
leisured,4169
leisurely,4170
lends,4171
length,4172
lengthen,4173
lengthwise,4174
lengthy,4175
lenten,4176
less,4177
lesser,4178
lessons,4179
let_alone,4180
let_go,4181
let_go_of,4182
let_it_go,4183
let_out,4184
let_up,4185
lethal,4186
lethargic,4187
lethargically,4188
letter,4189
letter-perfect,4190
letters,4191
level,4192
leviathan,4193
lewd,4194
liable,4195
liberally,4196
libidinous,4197
library,4198
licensed,4199
licentious,4200
licit,4201
licked,4202
licking,4203
lidless,4204
lids,4205
lie_down,4206
lieu,4207
life,4208
life-and-death,4209
life_assurance,4210
life_insurance,4211
lifeless,4212
lifelike,4213
lifelong,4214
light,4215
light-fingered,4216
light-headed,4217
lightened,4218
lighting,4219
lightly,4220
ligneous,4221
like,4222
like_clockwork,4223
like_crazy,4224
like_hell,4225
like_the_devil,4226
likely,4227
likeness,4228
likes,4229
likewise,4230
liking,4231
lily-white,4232
limelight,4233
limit,4234
limitless,4235
limpid,4236
limply,4237
linchpin,4238
line,4239
line_up,4240
lineage,4241
lineal,4242
liner,4243
lingered,4244
lingo,4245
liquefied,4246
listen,4247
listless,4248
lit,4249
litany,4250
literally,4251
literary,4252
literatim,4253
litigants,4254
litotes,4255
little,4256
little_brother,4257
live_it_up,4258
live_with,4259
lived,4260
livelihood,4261
lively,4262
livid,4263
loath,4264
loathe,4265
lobate,4266
lobe,4267
local,4268
locality,4269
locally,4270
locate,4271
lock_up,4272
locker-room,4273
lofty,4274
log_off,4275
logical,4276
logistic,4277
logjam,4278
logogram,4279
loiter,4280
lone,4281
lonely,4282
lonesome,4283
long-ago,4284
long-distance,4285
long-lasting,4286
long-term,4287
long-winded,4288
long_ago,4289
long_distance,4290
long_haul,4291
long_run,4292
longer,4293
longevity,4294
look,4295
look_around,4296
look_back,4297
look_to,4298
looked,4299
looking,4300
looking_at,4301
loomed,4302
looseleaf,4303
loosely,4304
loosen,4305
loosening,4306
lop_off,4307
lordly,4308
lordship,4309
lore,4310
loss,4311
lot,4312
lots,4313
lottery,4314
louche,4315
loud,4316
loudly,4317
lousy,4318
loutish,4319
lovable,4320
love,4321
loveless,4322
lovemaking,4323
low,4324
low-budget,4325
low-cut,4326
low-lying,4327
low-rise,4328
lowly,4329
loyal,4330
loyally,4331
lubricates,4332
lubricious,4333
lucent,4334
lucid,4335
luck,4336
lucky,4337
ludicrous,4338
lukewarm,4339
lumbered,4340
luminaries,4341
luminosity,4342
lunchtime,4343
lured,4344
lurid,4345
luridly,4346
lustful,4347
lustrous,4348
luxurious,4349
lyrics,4350
macabre,4351
macaroni,4352
macaronic,4353
machinate,4354
mad,4355
madly,4356
magazine,4357
magic_bullet,4358
magical,4359
magisterial,4360
magnanimous,4361
magnanimously,4362
magnetic,4363
magnificent,4364
magnified,4365
magnitude,4366
maidenly,4367
mail_service,4368
mainly,4369
mainstream,4370
majestic,4371
majestically,4372
majority,4373
make,4374
make_good,4375
make_out,4376
make_way,4377
making,4378
maladies,4379
maladroit,4380
malarial,4381
malefic,4382
malevolent,4383
malicious,4384
malpractice,4385
man-made,4386
man-to-man,4387
managed,4388
management,4389
maniacal,4390
manic,4391
manifestation,4392
manifestly,4393
manipulated,4394
manipulation,4395
mankind,4396
mannequin,4397
manner,4398
manner_of_speaking,4399
mannered,4400
manners,4401
mantel,4402
mantle,4403
mantra,4404
manually,4405
manufacturing,4406
many,4407
many_a,4408
marching,4409
margin_of_safety,4410
marginal,4411
marginally,4412
marital,4413
maritime,4414
mark_out,4415
markedly,4416
market,4417
marketplace,4418
maroon,4419
marooned,4420
marred,4421
marriage,4422
mars,4423
marshland,4424
marshy,4425
martyred,4426
masked,4427
masonic,4428
massacred,4429
massing,4430
massive,4431
master,4432
mastered,4433
masterful,4434
mastering,4435
masterly,4436
masticate,4437
matches,4438
matchless,4439
matchwood,4440
material,4441
materially,4442
maternal,4443
mathematical,4444
mating,4445
matronly,4446
matter-of-fact,4447
matters,4448
matured,4449
maudlin,4450
mawkishly,4451
meager,4452
meaning,4453
meaningful,4454
meaningfully,4455
meaningless,4456
means,4457
meanwhile,4458
measly,4459
measurements,4460
measures,4461
meatless,4462
meaty,4463
mechanical,4464
mechanisms,4465
meddle,4466
mediated,4467
medicinal,4468
medieval,4469
mediocre,4470
meditation,4471
meek,4472
meekly,4473
meeting,4474
megabucks,4475
mellowed,4476
melodramatic,4477
melt,4478
melted,4479
member,4480
members,4481
membership,4482
memory,4483
mendacious,4484
mendicancy,4485
mends,4486
menses,4487
mental,4488
mental_picture,4489
mentally,4490
mention,4491
mentioned,4492
mentored,4493
mentoring,4494
menu,4495
mercantile,4496
merchandise,4497
merciful,4498
merciless,4499
mercurial,4500
mercy,4501
merely,4502
meretricious,4503
merge,4504
merging,4505
merit,4506
meritorious,4507
merry,4508
merry-go-round,4509
mesa,4510
mesh,4511
mesmeric,4512
mess,4513
message,4514
messaged,4515
messianic,4516
messy,4517
metadata,4518
metalloid,4519
metalwork,4520
metaphorical,4521
metaphysical,4522
meteoric,4523
methodical,4524
methodically,4525
meticulous,4526
meticulously,4527
metonym,4528
metrical,4529
metro,4530
mews,4531
miasma,4532
microprocessor,4533
microscope,4534
microscopic,4535
middle_east,4536
midnight,4537
midriff,4538
midst,4539
midwestern,4540
miffed,4541
mightier,4542
mightily,4543
mighty,4544
mild,4545
mildly,4546
miler,4547
military,4548
military_post,4549
milky,4550
mimetic,4551
mince,4552
mind,4553
mind-boggling,4554
minder,4555
mindful,4556
mindless,4557
mingled,4558
minimal,4559
minimize,4560
ministerial,4561
ministers,4562
mint,4563
minus,4564
minute,4565
minutiae,4566
mired,4567
mirthful,4568
misapplied,4569
miscellaneous,4570
mischievously,4571
misdo,4572
miserable,4573
miserly,4574
misery,4575
mismanagement,4576
misplaced,4577
missed,4578
misshapen,4579
misspent,4580
misstep,4581
mistake,4582
mistakenly,4583
mistimed,4584
mistreatment,4585
mitt,4586
mixing,4587
mo,4588
mock,4589
mode,4590
model,4591
moderated,4592
modern_times,4593
modernistic,4594
modest,4595
modicum,4596
modifiable,4597
modified,4598
modify,4599
modulate,4600
moist,4601
mollify,4602
moloch,4603
molto,4604
moment,4605
momentary,4606
momentous,4607
momentum,4608
monetary,4609
money,4610
moneyed,4611
monitoring,4612
monitory,4613
monogamous,4614
monolithic,4615
monopoly,4616
monotonous,4617
monotony,4618
month,4619
month_of_sundays,4620
monumental,4621
moon,4622
moonless,4623
moonlight,4624
moonlit,4625
moonwalk,4626
moot,4627
mopes,4628
mopped,4629
mopping,4630
moral,4631
morbid,4632
more_or_less,4633
more_than,4634
moreover,4635
morning,4636
morose,4637
morsel,4638
mossad,4639
most,4640
mother,4641
motivation,4642
motives,4643
motored,4644
mottle,4645
mountain_range,4646
mounted,4647
mouth,4648
mouthpiece,4649
move,4650
move_around,4651
moved,4652
movement,4653
movie,4654
much,4655
mucky,4656
muggy,4657
mull,4658
multidimensional,4659
multifaceted,4660
multilingual,4661
multinational,4662
multiple,4663
multiply,4664
multitude,4665
mummified,4666
municipal,4667
munificent,4668
murdered,4669
murderous,4670
murky,4671
murmured,4672
muscleman,4673
muscular,4674
must,4675
muster,4676
mutable,4677
mutate,4678
mutilates,4679
mutinous,4680
mutual,4681
myanmar,4682
mycenaean,4683
myriad,4684
mysterious,4685
mystery,4686
mystical,4687
mythical,4688
naive,4689
naively,4690
naked,4691
naked_eye,4692
nakedly,4693
name,4694
named,4695
nameless,4696
names,4697
naming,4698
nap,4699
narcolepsy,4700
narrative,4701
narrowed,4702
narrowly,4703
nary,4704
nascent,4705
nastily,4706
nasty,4707
nation,4708
nationality,4709
nations,4710
nationwide,4711
natives,4712
nattily,4713
natural,4714
naturalistic,4715
naturally,4716
nature,4717
naught,4718
naughtily,4719
naughty,4720
nauseous,4721
nautical,4722
naval,4723
navel,4724
nays,4725
near,4726
nearby,4727
nearest,4728
nearly,4729
neat,4730
neatly,4731
nebular,4732
nebulous,4733
necessarily,4734
neck,4735
neck_and_neck,4736
neck_of_the_woods,4737
necktie,4738
nee,4739
need,4740
needful,4741
needled,4742
needless,4743
needlessly,4744
needy,4745
nefarious,4746
negative,4747
neglectful,4748
negligent,4749
negligently,4750
negligible,4751
negotiable,4752
negotiated,4753
negotiation,4754
neo,4755
nerve-racking,4756
nerveless,4757
nerves,4758
nervous,4759
nervously,4760
nesting,4761
nether,4762
nettlesome,4763
network,4764
neural,4765
neuralgic,4766
never,4767
never-ending,4768
never-never,4769
nevertheless,4770
new,4771
newfangled,4772
newly,4773
news,4774
newspaper,4775
newspeak,4776
next,4777
next_door,4778
nibbed,4779
nibbled,4780
nicely,4781
niche,4782
nicked,4783
nickname,4784
niggardly,4785
nightly,4786
nihil,4787
nil,4788
nimble,4789
nimbleness,4790
ninth,4791
nippy,4792
no,4793
no-frills,4794
no-good,4795
no-nonsense,4796
no_end,4797
no_more,4798
nobly,4799
nocturnal,4800
noddle,4801
nodular,4802
noise,4803
noiseless,4804
noises,4805
noisily,4806
noisy,4807
nomadic,4808
nomenclature,4809
nominally,4810
nomination,4811
nonce,4812
nonchalant,4813
noncommittal,4814
nonexistent,4815
nonresident,4816
nontraditional,4817
norm,4818
nose,4819
nosedive,4820
nosing,4821
nosy,4822
not,4823
not_guilty,4824
notably,4825
notate,4826
notch,4827
note,4828
noted,4829
noteworthy,4830
nothing,4831
nothings,4832
notice,4833
noticeable,4834
noticeably,4835
notional,4836
notorious,4837
notoriously,4838
nourishing,4839
nous,4840
now,4841
now_and_again,4842
now_and_then,4843
nowhere,4844
noxious,4845
nuances,4846
nuclear,4847
nugatory,4848
number,4849
numerals,4850
numerical,4851
numerous,4852
nuptial,4853
nursed,4854
nutbrown,4855
nutty,4856
nymphs,4857
oafish,4858
oaken,4859
obedient,4860
obediently,4861
objected,4862
objectionable,4863
objects,4864
oblations,4865
obligation,4866
obligatory,4867
oblivious,4868
obscene,4869
obscured,4870
obscures,4871
observable,4872
obsolescence,4873
obsolete,4874
obstacle,4875
obstetric,4876
obstreperous,4877
obtain,4878
obtrusive,4879
obverse,4880
obvious,4881
obviously,4882
occasional,4883
occasionally,4884
occasions,4885
occulted,4886
odds-on,4887
odious,4888
odoriferous,4889
odorous,4890
oeuvre,4891
of_age,4892
of_late,4893
of_the_essence,4894
off-hand,4895
off-limits,4896
off-putting,4897
off-the-cuff,4898
off-the-wall,4899
off_and_on,4900
off_the_cuff,4901
off_the_hook,4902
off_the_record,4903
offended,4904
offensively,4905
offer,4906
offerings,4907
offhand,4908
offhanded,4909
office,4910
officer,4911
officially,4912
officious,4913
offshore,4914
offspring,4915
often,4916
oily,4917
old-time,4918
old_age,4919
old_boy_network,4920
old_lady,4921
old_money,4922
olden,4923
oleaginous,4924
oligarchy,4925
omega,4926
omen,4927
ominous,4928
on,4929
on-the-spot,4930
on_air,4931
on_average,4932
on_earth,4933
on_fire,4934
on_guard,4935
on_hand,4936
on_occasion,4937
on_paper,4938
on_tap,4939
on_the_button,4940
on_the_contrary,4941
on_the_face_of_it,4942
on_the_go,4943
on_the_job,4944
on_the_loose,4945
on_the_nose,4946
on_the_other_hand,4947
on_the_road,4948
on_the_side,4949
on_the_spot,4950
on_the_spur_of_the_moment,4951
on_the_table,4952
on_the_way,4953
on_time,4954
once,4955
once-over,4956
one,4957
one-dimensional,4958
one-horse,4959
one-piece,4960
one-way,4961
one_and_only,4962
one_by_one,4963
onerous,4964
ongoing,4965
only,4966
onset,4967
onward,4968
opalescent,4969
opaline,4970
opaque,4971
open,4972
open-air,4973
open-and-shut,4974
open-ended,4975
open-eyed,4976
open-minded,4977
open_air,4978
opened,4979
opener,4980
opening,4981
openly,4982
openness,4983
operant,4984
operation,4985
operational,4986
opinion,4987
opportune,4988
opportunity,4989
oppose,4990
opposition,4991
oppression,4992
oppressive,4993
opted,4994
optical,4995
optically,4996
optimal,4997
optimistic,4998
optimistically,4999
optionally,5000
or_so,5001
oracular,5002
orally,5003
oration,5004
oratory,5005
orbit,5006
orbital,5007
orbiting,5008
orchestral,5009
ordained,5010
ordered,5011
orderly,5012
orders,5013
organelle,5014
orgy,5015
orifice,5016
origin,5017
originated,5018
ornate,5019
ornateness,5020
orphanage,5021
orthodox,5022
oscillates,5023
osculate,5024
ostensible,5025
ostensibly,5026
ostentatious,5027
other,5028
other_than,5029
otherwise,5030
otiose,5031
ousted,5032
out-and-out,5033
out-of-date,5034
out-of-the-way,5035
out_loud,5036
out_of_gear,5037
out_of_hand,5038
out_of_play,5039
out_of_sight,5040
out_of_the_blue,5041
out_of_the_way,5042
out_of_true,5043
out_of_work,5044
outbreak,5045
outdated,5046
outdoes,5047
outdoor,5048
outdoors,5049
outed,5050
outer,5051
outlandish,5052
outlying,5053
outplayed,5054
outrageous,5055
outrageously,5056
outre,5057
outreach,5058
outskirts,5059
outsource,5060
outspoken,5061
outspread,5062
outstanding,5063
outstay,5064
outstretched,5065
outward,5066
outwardly,5067
outwears,5068
over-embellished,5069
over-the-top,5070
over_and_over,5071
over_and_over_again,5072
overbear,5073
overblown,5074
overboard,5075
overcame,5076
overcome,5077
overconfident,5078
overcrowded,5079
overdid,5080
overdrive,5081
overdue,5082
overestimated,5083
overexert,5084
overfamiliar,5085
overhasty,5086
overhaul,5087
overheard,5088
overheated,5089
overindulgence,5090
overjoyed,5091
overlap,5092
overlies,5093
overnight,5094
overruled,5095
overseas,5096
overseeing,5097
overshadowed,5098
overt,5099
overthrown,5100
overtly,5101
overtones,5102
overturned,5103
overview,5104
overweening,5105
overwork,5106
overworked,5107
owlishly,5108
own_goal,5109
owner,5110
owns,5111
oxen,5112
paced,5113
pacesetter,5114
pacification,5115
packaging,5116
paid,5117
pain,5118
painful,5119
painfully,5120
painless,5121
painstaking,5122
paint,5123
painted,5124
painting,5125
paired,5126
palatable,5127
palatial,5128
palely,5129
pallid,5130
palpable,5131
palpably,5132
paltry,5133
pamper,5134
pangs,5135
panhandle,5136
panic-stricken,5137
panicked,5138
panicky,5139
panned,5140
panoramic,5141
papal,5142
paper_trail,5143
par,5144
par_excellence,5145
paradisal,5146
paradox,5147
parasitic,5148
parched,5149
parity,5150
park,5151
parking,5152
parlous,5153
parnassus,5154
parochial,5155
paroled,5156
paroxysm,5157
parsimonious,5158
part,5159
partially,5160
particular,5161
particularly,5162
parting,5163
partitioned,5164
partly,5165
parts,5166
party,5167
pass_along,5168
pass_through,5169
passable,5170
passed,5171
passing,5172
passive,5173
password,5174
past,5175
past_perfect,5176
paste-up,5177
pastime,5178
patch,5179
patches,5180
patchy,5181
patently,5182
paternal,5183
path,5184
pathetic,5185
pathetically,5186
pathos,5187
paths,5188
patiently,5189
patients,5190
pattern,5191
paused,5192
pawed,5193
pay,5194
pay_up,5195
payroll,5196
peaceable,5197
peaceful,5198
peak,5199
peanuts,5200
pearlescent,5201
peculiar,5202
peculiarly,5203
pecuniary,5204
pedicabs,5205
peerless,5206
pelagic,5207
pell-mell,5208
pellucid,5209
pelted,5210
penal,5211
penalized,5212
penchant,5213
pending,5214
pendulous,5215
penetrable,5216
pent-up,5217
people,5218
peoples,5219
pep,5220
peppery,5221
peptic,5222
per_annum,5223
per_capita,5224
peradventure,5225
perceive,5226
perceptive,5227
perceptual,5228
perchance,5229
perdition,5230
peremptory,5231
perfectly,5232
perforate,5233
performances,5234
perfumed,5235
perfunctory,5236
perhaps,5237
perilous,5238
perinatal,5239
period,5240
period_of_time,5241
periodic,5242
peripherals,5243
perished,5244
perked_up,5245
perky,5246
permanently,5247
permeated,5248
permissible,5249
permission,5250
permitted,5251
perpetrate,5252
perpetual,5253
perpetually,5254
perpetuate,5255
persecuted,5256
persian,5257
person,5258
personage,5259
personal_effects,5260
personalities,5261
personally,5262
personification,5263
persuasive,5264
persuasively,5265
pertinent,5266
perturbed,5267
peruse,5268
pervasive,5269
perverse,5270
perversely,5271
perversion,5272
pesky,5273
pestilential,5274
petit_mal,5275
petrified,5276
phallic,5277
phenomenal,5278
phenomenally,5279
philosophical,5280
phlegmatic,5281
phobias,5282
phone_call,5283
phonetic,5284
phosphorescent,5285
physical,5286
physics,5287
physiologically,5288
picaresque,5289
pick,5290
picked,5291
picking,5292
pickings,5293
pictures,5294
picturesque,5295
piebald,5296
piece,5297
piece_of_furniture,5298
piece_of_writing,5299
pied,5300
pierced,5301
pietistic,5302
piggish,5303
pillars,5304
pillowcase,5305
pilot_project,5306
pinch,5307
pinched,5308
pinned,5309
pinpoint,5310
pious,5311
pipe_dream,5312
piracy,5313
piratical,5314
pit,5315
pitch-black,5316
pitcher,5317
piteous,5318
pithy,5319
pitiable,5320
pitiful,5321
pittance,5322
pity,5323
pivotal,5324
place,5325
placement,5326
placid,5327
plain,5328
plain_sailing,5329
plainly,5330
plainspoken,5331
plan,5332
planetary,5333
plangent,5334
planned,5335
planning,5336
plans,5337
plant,5338
plaster_saint,5339
platform,5340
platonic,5341
plaudits,5342
plausible,5343
play_along,5344
playback,5345
played,5346
played_out,5347
playful,5348
playing_field,5349
plays,5350
plaza,5351
pleaded,5352
pleasant,5353
pleasantly,5354
pleasantries,5355
please,5356
pleasurable,5357
pleasure,5358
pleasure_trip,5359
pledge,5360
plenary,5361
plenteous,5362
plentiful,5363
plenty,5364
plenum,5365
pliant,5366
plight,5367
plod,5368
plot,5369
plotted,5370
plume,5371
plumes,5372
plummeted,5373
plummy,5374
plundered,5375
plundering,5376
ply,5377
pneumatic,5378
pocketbook,5379
pocketed,5380
poet_laureate,5381
poetic,5382
poignancy,5383
poignant,5384
point,5385
point-blank,5386
point_of_departure,5387
point_of_view,5388
pointed,5389
pointedly,5390
pointless,5391
poised,5392
polarity,5393
policies,5394
policy,5395
polishing,5396
politely,5397
politic,5398
political,5399
politics,5400
pollster,5401
polluted,5402
pompous,5403
pompously,5404
pond,5405
ponderous,5406
poor,5407
poorly,5408
popped,5409
popsicle,5410
popular,5411
popularity,5412
popularly,5413
population,5414
porcine,5415
pornographic,5416
porous,5417
porringer,5418
portals,5419
portentous,5420
portfolio,5421
portion,5422
portly,5423
portmanteau,5424
portrays,5425
posh,5426
posited,5427
positively,5428
possesses,5429
possibilities,5430
possible,5431
possibly,5432
post,5433
post-haste,5434
postal,5435
postbag,5436
poster,5437
postmodernist,5438
postoperative,5439
postpone,5440
potency,5441
potentially,5442
potted,5443
pounded,5444
pounder,5445
pounds,5446
pour,5447
powdery,5448
power,5449
powerful,5450
practicable,5451
practical,5452
practically,5453
practice,5454
praise,5455
praised,5456
praiseworthy,5457
praxis,5458
pray,5459
prayer,5460
precarious,5461
precaution,5462
precautionary,5463
precede,5464
precedence,5465
precious,5466
precipitation,5467
precise,5468
precisely,5469
precision,5470
precludes,5471
precocious,5472
predatory,5473
predicament,5474
predicated,5475
predicates,5476
predictably,5477
predilection,5478
predominate,5479
preeminent,5480
preened,5481
prefect,5482
prefer,5483
preferably,5484
preference,5485
preferential,5486
preferment,5487
prehensile,5488
prehistoric,5489
premature,5490
prematurely,5491
premeditated,5492
premises,5493
preparations,5494
preparatory,5495
prepare,5496
preponderance,5497
prepossession,5498
preposterous,5499
prerequisite,5500
prerogative,5501
prescient,5502
prescription,5503
presence,5504
present,5505
present_perfect,5506
presentable,5507
presentation,5508
presentational,5509
presentiment,5510
presently,5511
preserve,5512
preset,5513
preside,5514
presidio,5515
press,5516
press_corps,5517
pressed,5518
pressing,5519
pressure,5520
prestige,5521
prestigious,5522
presumably,5523
presumptuous,5524
presumptuousness,5525
pretend,5526
pretending,5527
pretentious,5528
preternatural,5529
pretty,5530
pretty_much,5531
prevention,5532
previous,5533
previously,5534
prey,5535
priapic,5536
price,5537
pricey,5538
pricked,5539
prickly,5540
prideful,5541
priestly,5542
prim,5543
primeval,5544
primordial,5545
princely,5546
principled,5547
principles,5548
print,5549
printed,5550
priority,5551
prison_term,5552
pristine,5553
private,5554
privately,5555
prize,5556
pro_forma,5557
pro_tem,5558
proactive,5559
probability,5560
probably,5561
probe,5562
probity,5563
problematic,5564
problems,5565
procedural,5566
procedure,5567
process,5568
processing,5569
procession,5570
proclaimed,5571
proclivity,5572
procrastinated,5573
procreate,5574
procured,5575
procurement,5576
prodding,5577
prodigious,5578
prodigy,5579
production,5580
productive,5581
products,5582
profanely,5583
profession,5584
proficient,5585
profile,5586
profitable,5587
profound,5588
profusion,5589
progress,5590
progressed,5591
prohibition,5592
prohibitive,5593
projected,5594
proliferate,5595
prolific,5596
prolix,5597
prolonged,5598
prominent,5599
promiscuous,5600
promoting,5601
promptly,5602
prone,5603
proneness,5604
pronounces,5605
pronunciation,5606
proof,5607
propagate,5608
proper,5609
properly,5610
properly_speaking,5611
property,5612
prophetic,5613
propitious,5614
proportionate,5615
proposed,5616
props,5617
prosaic,5618
prospects,5619
prospectus,5620
prosperous,5621
prostration,5622
protean,5623
protection,5624
protective,5625
protects,5626
protein,5627
protest,5628
protestations,5629
prototype,5630
protuberance,5631
proud,5632
proved,5633
proverbial,5634
provided,5635
provident,5636
providential,5637
provision,5638
provisional,5639
provocative,5640
proximate,5641
prudent,5642
prudential,5643
pruner,5644
prurient,5645
prussia,5646
psalmist,5647
psychoanalysis,5648
public,5649
publicly,5650
published,5651
puckered,5652
pudding,5653
puerile,5654
puffing,5655
puissance,5656
pukka,5657
pulchritudinous,5658
pull,5659
pulling,5660
pulp,5661
pumped_up,5662
pun,5663
punch-up,5664
punctilious,5665
punctual,5666
pungency,5667
pungent,5668
pungently,5669
punish,5670
punitive,5671
punning,5672
puny,5673
pupate,5674
purchase,5675
purchased,5676
pure,5677
purgatory,5678
purged,5679
purify,5680
puritanic,5681
purposefully,5682
pursuant,5683
pursued,5684
pursuit,5685
purulent,5686
push,5687
pushed,5688
pushing,5689
put-up,5690
put_on,5691
put_over,5692
putative,5693
putrescent,5694
putrid,5695
putt,5696
putting,5697
puzzler,5698
puzzles,5699
pyongyang,5700
quadrillion,5701
quaint,5702
qualifications,5703
qualifier,5704
quality,5705
quantum_leap,5706
quarantined,5707
quarrel,5708
quarrelsome,5709
quarter,5710
quarters,5711
quasi,5712
quelling,5713
quest,5714
questing,5715
question,5716
questionable,5717
quick-witted,5718
quickly,5719
quiescent,5720
quietly,5721
quit,5722
quite,5723
quite_a,5724
quixotic,5725
quizzically,5726
quondam,5727
quota,5728
quoted,5729
quotidian,5730
race,5731
race_meeting,5732
raced,5733
rachitic,5734
racial,5735
racy,5736
radiant,5737
radiates,5738
rage,5739
raided,5740
rainless,5741
rainy,5742
raise,5743
raise_the_roof,5744
raising,5745
raked,5746
rallying,5747
rambunctious,5748
ramify,5749
rampageous,5750
rampant,5751
ramparts,5752
ramshackle,5753
ran,5754
rancid,5755
random,5756
randomly,5757
rang,5758
range,5759
ranged,5760
rank_and_file,5761
rankled,5762
ranks,5763
rap,5764
rapacious,5765
rapture,5766
rare,5767
rarefied,5768
rarely,5769
raring,5770
rate,5771
rated,5772
rather,5773
ratification,5774
ratified,5775
rationale,5776
rationality,5777
rationally,5778
rationed,5779
rations,5780
rattle,5781
raucously,5782
raunchy,5783
ravages,5784
ravenous,5785
raves,5786
raving,5787
raw,5788
rawness,5789
re-examine,5790
reach,5791
reached,5792
reaction,5793
reactive,5794
read,5795
readily,5796
readiness,5797
reading,5798
readjust,5799
ready,5800
ready-to-wear,5801
ready_cash,5802
realistic,5803
reality,5804
reality_check,5805
really,5806
realm,5807
rear,5808
rear-ended,5809
reared,5810
rearrange,5811
reason,5812
reasonably,5813
reasoned,5814
reassure,5815
rebellion,5816
rebellious,5817
rebuild,5818
rebuke,5819
recalculated,5820
recapitulate,5821
recast,5822
receive,5823
recently,5824
reception,5825
receptive,5826
reciprocal,5827
reciprocate,5828
reckless,5829
reclusive,5830
recognition,5831
recognize,5832
recommended,5833
recondite,5834
reconnaissance,5835
reconsider,5836
record,5837
recounting,5838
recourse,5839
recovery,5840
recreation,5841
recreational,5842
recruited,5843
rectify,5844
rectilinear,5845
recuperate,5846
recurring,5847
red-faced,5848
red-letter,5849
red_flag,5850
redeposit,5851
redirect,5852
redistribute,5853
redolent,5854
redoubtable,5855
reduce,5856
redundant,5857
reference_work,5858
references,5859
referral,5860
refill,5861
refine,5862
refinement,5863
reflects,5864
reform,5865
refrained,5866
refulgent,5867
refuted,5868
regained,5869
regal,5870
regally,5871
regardless,5872
regional,5873
regions,5874
regret,5875
regretful,5876
regrettable,5877
regularly,5878
regulate,5879
rehabilitated,5880
rehash,5881
rehearsal,5882
reheat,5883
reign,5884
reigned,5885
reimburse,5886
reimbursement,5887
reincarnation,5888
reinforced,5889
reinstalled,5890
reinstatement,5891
rejected,5892
rejection,5893
rejoinder,5894
relapsed,5895
relate,5896
related_to,5897
relationship,5898
relatively,5899
relatives,5900
relax,5901
relaxed,5902
relaxer,5903
relay,5904
release,5905
relegate,5906
relentless,5907
relentlessly,5908
relentlessness,5909
relevant,5910
reliable,5911
reliance,5912
relief,5913
relieve,5914
relined,5915
relished,5916
relocated,5917
reluctant,5918
rely,5919
rely_on,5920
remainder,5921
remained,5922
remains,5923
remarkable,5924
remedial,5925
remember,5926
remembering,5927
remind,5928
reminders,5929
remiss,5930
remission,5931
remit,5932
remorseless,5933
remote,5934
removable,5935
removal,5936
remove,5937
remover,5938
removes,5939
remunerated,5940
rendered,5941
rendition,5942
renewed,5943
renovated,5944
renovation,5945
renowned,5946
rented,5947
repaired,5948
reparation,5949
repeat,5950
repeatedly,5951
repeaters,5952
repel,5953
repercussions,5954
replace,5955
replaced,5956
replacing,5957
replies,5958
repose,5959
reposed,5960
reposition,5961
reprehensible,5962
repression,5963
reproach,5964
reproached,5965
reproduce,5966
reproductive,5967
repudiation,5968
repugnant,5969
repulsive,5970
reputable,5971
reputed,5972
requested,5973
requirements,5974
requires,5975
requisites,5976
reschedule,5977
reseal,5978
researched,5979
resentful,5980
resents,5981
reservoir,5982
resettle,5983
reshaped,5984
reshuffle,5985
reside,5986
residences,5987
resigned,5988
resistance,5989
resolute,5990
resolutely,5991
resonant,5992
resonates,5993
resounded,5994
resoundingly,5995
resourceful,5996
respect,5997
respectable,5998
respectful,5999
respectively,6000
respects,6001
response,6002
responsibility,6003
responsible,6004
responsible_for,6005
responsive,6006
rest,6007
restful,6008
restlessly,6009
restlessness,6010
restore,6011
restraint,6012
restrictions,6013
restrictive,6014
resumed,6015
resurgent,6016
resurrected,6017
resuscitation,6018
retain,6019
retains,6020
retarded,6021
retentive,6022
retired,6023
retouch,6024
retracted,6025
retreat,6026
retreated,6027
retrospect,6028
return,6029
returned,6030
rev_up,6031
revamped,6032
reverberant,6033
reverence,6034
reverent,6035
reversal,6036
reverse,6037
reversed,6038
reverted,6039
revision,6040
revival,6041
revived,6042
revolted,6043
reward,6044
rewarded,6045
rewrite,6046
rhetorical,6047
rhone,6048
rhythm,6049
rhythmic,6050
ribbed,6051
ribbon,6052
ribosome,6053
rich,6054
richness,6055
ricin,6056
rickety,6057
rid,6058
riddled,6059
ride_out,6060
ridiculed,6061
rifle,6062
rift,6063
rig_up,6064
right,6065
right-angled,6066
righteous,6067
rightful,6068
rightly,6069
rights,6070
rigid,6071
rigidly,6072
rigorous,6073
rigorously,6074
rimose,6075
ring,6076
ringing,6077
rings,6078
riot_act,6079
riotous,6080
ripe,6081
ripped,6082
ripper,6083
riser,6084
risible,6085
risked,6086
risky,6087
risque,6088
rite,6089
ritualistic,6090
rivals,6091
river,6092
riviera,6093
road_map,6094
roam,6095
roamed,6096
roared,6097
roasting,6098
robbed,6099
robotic,6100
robust,6101
robustly,6102
rock,6103
rocket_scientist,6104
rocking,6105
rocky,6106
roguish,6107
roguishly,6108
role,6109
role_model,6110
roll_out,6111
roll_up,6112
rolled,6113
roller_coaster,6114
romantically,6115
romped,6116
roominess,6117
rootage,6118
rootless,6119
roots,6120
roseate,6121
rosy,6122
rotary,6123
rotates,6124
rotation,6125
rotational,6126
rotter,6127
roughen,6128
roughly,6129
round_up,6130
routinely,6131
row,6132
royalties,6133
rub_up,6134
rubbishy,6135
rubicund,6136
ruck,6137
ruddy,6138
rudimentary,6139
rugged,6140
ruin,6141
ruined,6142
ruinous,6143
rule,6144
rumbling,6145
rumbustious,6146
ruminate,6147
rummaged,6148
run-down,6149
run-of-the-mill,6150
rune,6151
runic,6152
running,6153
runs,6154
rural,6155
rushed,6156
rusty,6157
ruthless,6158
ruthlessly,6159
sabotaged,6160
sacerdotal,6161
sacked,6162
sacred,6163
sacrilegious,6164
sad,6165
saddened,6166
sadly,6167
safe_and_sound,6168
safeguard,6169
safety,6170
sag,6171
sagacious,6172
said,6173
sailed,6174
saintly,6175
sake,6176
salacious,6177
salaried,6178
sale,6179
saltwater,6180
salty,6181
salubrious,6182
salutary,6183
salute,6184
sameness,6185
sanative,6186
sanctimonious,6187
sanctum,6188
sane,6189
sanguinary,6190
sanitary,6191
sank,6192
sapient,6193
sarcasm,6194
sardonic,6195
saskatchewan,6196
sass,6197
satanic,6198
sated,6199
satiny,6200
satire,6201
satirical,6202
satisfaction,6203
satisfactory,6204
saturation,6205
saturnine,6206
satyric,6207
saunter,6208
savagery,6209
save,6210
saving,6211
saving_grace,6212
say,6213
scale,6214
scalp,6215
scan,6216
scandalous,6217
scanned,6218
scarce,6219
scarcely,6220
scare,6221
scarify,6222
scarred,6223
scary,6224
scathing,6225
scattered,6226
scavenge,6227
scene,6228
scenery,6229
scenic,6230
sceptically,6231
scheduled,6232
schism,6233
schismatic,6234
schmaltzy,6235
scholarly,6236
school,6237
schoolbag,6238
schooled,6239
science,6240
scientific,6241
scion,6242
sclerotic,6243
scolded,6244
scope,6245
scorched,6246
score,6247
scored,6248
scoundrelly,6249
scoured,6250
scram,6251
scrambled,6252
scrambler,6253
scramblers,6254
scrape,6255
scraped,6256
scrappy,6257
scrawny,6258
scrimp,6259
scrubbed,6260
scruffy,6261
scrupulous,6262
sculpt,6263
scurried,6264
seamless,6265
seance,6266
searching,6267
season,6268
seated,6269
seating,6270
second-class,6271
second_hand,6272
second_thoughts,6273
second_wind,6274
secret,6275
secrete,6276
secretly,6277
section,6278
securely,6279
security,6280
sedated,6281
sedentary,6282
seduced,6283
seedy,6284
seekers,6285
seemingly,6286
seemly,6287
seems,6288
segment,6289
segregated,6290
seize,6291
seized,6292
seizure,6293
selected,6294
selective,6295
self-confident,6296
self-conscious,6297
self-evident,6298
self-indulgent,6299
self-justification,6300
self-possessed,6301
self-propelled,6302
self-styled,6303
selfish,6304
selfsame,6305
sell,6306
semantic,6307
semblance,6308
seminal,6309
send_in,6310
sender,6311
sensate,6312
sensation,6313
sense,6314
sense_of_taste,6315
senseless,6316
senselessly,6317
sensible,6318
sensitively,6319
sensitivity,6320
sensual,6321
sentences,6322
sententious,6323
sentient,6324
sentimentally,6325
separable,6326
septic,6327
sepulchral,6328
sequelae,6329
sequence,6330
sequestration,6331
seraphic,6332
sere,6333
serenaded,6334
serene,6335
series,6336
serious,6337
seriously,6338
serous,6339
serpentine,6340
serrate,6341
serried,6342
served,6343
serves,6344
serviceable,6345
services,6346
servile,6347
servitude,6348
sessile,6349
session,6350
set,6351
set_forth,6352
set_in,6353
set_in_motion,6354
set_in_stone,6355
set_up,6356
setting,6357
settled,6358
sever,6359
several,6360
severe,6361
severely,6362
sex,6363
sex_drive,6364
sexual,6365
sexy,6366
shabby,6367
shade,6368
shades,6369
shades_of,6370
shadowy,6371
shady,6372
shaggy,6373
shaker,6374
shaky,6375
shambling,6376
shambolic,6377
shamefaced,6378
shameful,6379
shameless,6380
shanghaied,6381
shapeless,6382
shapely,6383
shapes,6384
share,6385
sharia,6386
sharpen,6387
sharpener,6388
sharply,6389
shattered,6390
shear,6391
sheathe,6392
sheet,6393
shell_out,6394
shelling,6395
shifting,6396
shiftless,6397
shifty,6398
shimmer,6399
shimmy,6400
shining,6401
shiny,6402
shipshape,6403
shirked,6404
shiva,6405
shivery,6406
shock,6407
shock_wave,6408
shockingly,6409
shoddily,6410
shooting,6411
shop,6412
shop_floor,6413
shoplifting,6414
shopping,6415
shorn,6416
short-term,6417
short_and_sweet,6418
shortened,6419
shortly,6420
shortness,6421
shouting,6422
shove,6423
show,6424
showcase,6425
shower,6426
showered,6427
showery,6428
showy,6429
shrewd,6430
shrewish,6431
shrillness,6432
shrinkage,6433
shrouded,6434
shucks,6435
shuffled,6436
shufti,6437
shunt,6438
shut,6439
shut_off,6440
shut_up,6441
shy,6442
shy_away_from,6443
shyly,6444
siam,6445
sick,6446
sickened,6447
side,6448
side_by_side,6449
sidearm,6450
sidelined,6451
sidle,6452
sighed,6453
sight,6454
sightings,6455
signals,6456
signboards,6457
signed,6458
significance,6459
significant,6460
significantly,6461
signified,6462
signs,6463
silence,6464
silent,6465
silky,6466
silly,6467
silver_lining,6468
silvery,6469
similar,6470
similarly,6471
simmer,6472
simple-minded,6473
simplicity,6474
simplify,6475
simplistic,6476
simply,6477
simultaneously,6478
sincere,6479
sincerely,6480
sinful,6481
sing,6482
single-handedly,6483
single-minded,6484
singly,6485
singularity,6486
sinister,6487
sinistral,6488
sinking,6489
sinking_feeling,6490
siren,6491
siren_call,6492
sister,6493
sisterly,6494
sit_in,6495
sit_tight,6496
site,6497
sitting,6498
situation,6499
sizable,6500
size,6501
skeletal,6502
skeleton,6503
sketchy,6504
skew-whiff,6505
skewed,6506
skilled,6507
skillful,6508
skillfully,6509
skim,6510
skimpily,6511
skimpy,6512
skin,6513
skin-deep,6514
skinny,6515
skint,6516
skintight,6517
skipped,6518
skirted,6519
skive,6520
skywards,6521
slackening,6522
slam_dunk,6523
slammer,6524
slang,6525
slangy,6526
slanted,6527
slap-bang,6528
slapdash,6529
slapped,6530
slapper,6531
slated,6532
slavish,6533
slavishly,6534
sleaziness,6535
sleazy,6536
sleekly,6537
sleep,6538
sleep_off,6539
sleepiness,6540
sleepless,6541
sleepy,6542
slew,6543
slice,6544
slicing,6545
slightly,6546
slimy,6547
slip_on,6548
slip_road,6549
slippery,6550
slippy,6551
slipshod,6552
slivers,6553
slope,6554
sloped,6555
sloppiness,6556
sloppy,6557
slot,6558
slothful,6559
slouch,6560
slovenly,6561
slow-moving,6562
slowcoach,6563
slowly,6564
slowpoke,6565
sluggish,6566
sluiced,6567
slumber,6568
slumberous,6569
slump,6570
slurred,6571
slushy,6572
sly,6573
smacked,6574
small-minded,6575
small-scale,6576
small-time,6577
small_fortune,6578
smarmy,6579
smartly,6580
smashed,6581
smell,6582
smithereens,6583
smoggy,6584
smoke_out,6585
smoked,6586
smoking,6587
smooth,6588
smooth-tongued,6589
smoothly,6590
smorgasbord,6591
smoulder,6592
smug,6593
smuggled,6594
smugly,6595
smutty,6596
snagged,6597
snail_mail,6598
snap,6599
snapped,6600
snappish,6601
snapshots,6602
snare,6603
snarled,6604
snatched,6605
snatcher,6606
snatches,6607
snazzy,6608
sneaking,6609
sneered,6610
snide,6611
sniffy,6612
snit,6613
snitched,6614
snookered,6615
snootiness,6616
snotty,6617
snugly,6618
so-called,6619
so-so,6620
so_far,6621
soak,6622
soaked,6623
soapy,6624
soared,6625
sobering,6626
social_status,6627
sodden,6628
softening,6629
softly,6630
software,6631
soil_conditioner,6632
sold,6633
soldiers,6634
solely,6635
solemn,6636
solemnly,6637
solicited,6638
solicitous,6639
solidly,6640
solitary,6641
solution,6642
solve,6643
solvent,6644
some,6645
someday,6646
somehow,6647
sometimes,6648
somewhat,6649
somewhere,6650
somnolent,6651
son,6652
sonar,6653
songs,6654
sonic,6655
sonic_boom,6656
sonorous,6657
soon,6658
soonest,6659
sooth,6660
sophisticated,6661
soppy,6662
sopranino,6663
sordid,6664
sorely,6665
sororal,6666
sorrow,6667
sorrowful,6668
sorting,6669
sottish,6670
sotto_voce,6671
sought-after,6672
soul-destroying,6673
soulful,6674
sound,6675
sound_out,6676
soundless,6677
source,6678
southeasterly,6679
southern,6680
sowed,6681
space,6682
spacious,6683
spade,6684
spades,6685
span,6686
spanking,6687
sparkle,6688
sparkled,6689
sparkly,6690
sparse,6691
sparsely,6692
spasmodic,6693
spatter,6694
spayed,6695
speaker,6696
special,6697
specifically,6698
specious,6699
speck,6700
spectacle,6701
spectacular,6702
spectators,6703
spectral,6704
speculative,6705
speech_pattern,6706
speechless,6707
speedy,6708
spell_out,6709
sperm,6710
sphere,6711
spherical,6712
spheroid,6713
spick-and-span,6714
spiffing,6715
spills,6716
spin_out,6717
spindles,6718
spirited,6719
spiritless,6720
spiteful,6721
splashed,6722
splat,6723
splayed,6724
splendid,6725
splendidly,6726
splendiferous,6727
splice,6728
splint,6729
splinter,6730
spoils,6731
spondaic,6732
sponge_up,6733
spongy,6734
spontaneous,6735
spontaneously,6736
spooked,6737
spoor,6738
sporadic,6739
sporadically,6740
sporting,6741
sportsmanlike,6742
spot,6743
spot_checks,6744
spotty,6745
spousal,6746
sprained,6747
sprayed,6748
sprightly,6749
spring,6750
springtide,6751
springy,6752
sprinkling,6753
spruce_up,6754
spry,6755
spur-of-the-moment,6756
spurious,6757
spuriously,6758
spurned,6759
sputnik,6760
squalid,6761
squally,6762
squandered,6763
squandering,6764
square,6765
square_one,6766
squawk,6767
squeak,6768
squeaker,6769
squeamish,6770
squeeze,6771
squirted,6772
stab,6773
staccato,6774
stacks,6775
staff,6776
stage,6777
staggered,6778
stagnant,6779
stagnate,6780
stagnation,6781
stain,6782
stake,6783
stamp_down,6784
stamp_out,6785
stampede,6786
stand-in,6787
stand-up,6788
standards,6789
standing,6790
standoffish,6791
starchy,6792
stardom,6793
stared,6794
stark,6795
starkly,6796
starless,6797
starlit,6798
starry,6799
starry-eyed,6800
start,6801
start_up,6802
starting,6803
startled,6804
state,6805
state-of-the-art,6806
state_of_affairs,6807
state_of_the_art,6808
stateless,6809
stateliness,6810
stately,6811
statement,6812
statesmanlike,6813
station,6814
stationary,6815
stature,6816
status,6817
statutory,6818
staunch,6819
staunchly,6820
stay,6821
stay_put,6822
stead,6823
steadfast,6824
steadily,6825
steadiness,6826
steady-going,6827
stealthy,6828
steamed,6829
steamy,6830
steely,6831
steeply,6832
stellar,6833
stem,6834
stereotyped,6835
sternly,6836
sternness,6837
stew,6838
stewing,6839
stick,6840
stick-on,6841
stickily,6842
stickler,6843
sticks,6844
stiff,6845
stiff-necked,6846
stiff_upper_lip,6847
stiffened,6848
stifling,6849
stills,6850
stilted,6851
stimulated,6852
stimulates,6853
sting,6854
stinging,6855
stingy,6856
stipulation,6857
stirring,6858
stochastic,6859
stock,6860
stockholm,6861
stockpiling,6862
stocktaker,6863
stocky,6864
stodgy,6865
stoic,6866
stoical,6867
stolid,6868
stolidly,6869
stone-cold,6870
stone_pit,6871
stonewalls,6872
stony,6873
stooped,6874
stop,6875
stop_up,6876
stopover,6877
stopped,6878
stories,6879
stormy,6880
stove,6881
stow,6882
strafe,6883
strafed,6884
straggle,6885
straggly,6886
straight_line,6887
straightener,6888
straightforward,6889
straitjacket,6890
straitlaced,6891
strands,6892
strange,6893
strangle,6894
stranglehold,6895
strategic,6896
streak,6897
streaked,6898
streaky,6899
streamed,6900
street,6901
streets,6902
strength,6903
strengthen,6904
strengthener,6905
strenuous,6906
stress,6907
stressful,6908
stretch,6909
stretch_out,6910
stretched,6911
strew,6912
strict,6913
strictly,6914
strident,6915
stridently,6916
strike,6917
strikingly,6918
stringent,6919
stringently,6920
stringer,6921
strip,6922
stripes,6923
stripped,6924
strode,6925
stroked,6926
strokes,6927
strong,6928
strongly,6929
struck,6930
structural,6931
structure,6932
struggle,6933
struggled,6934
strum,6935
stubbornly,6936
stubby,6937
stuck-up,6938
studio,6939
studios,6940
studious,6941
studiously,6942
stuff,6943
stuffed,6944
stuffy,6945
stultify,6946
stumbled,6947
stumped,6948
stumpy,6949
stun,6950
stupendous,6951
stupendously,6952
stupid,6953
stupidly,6954
sturdy,6955
stygian,6956
style,6957
styled,6958
stylish,6959
stylistic,6960
sub_rosa,6961
subatomic,6962
subject,6963
submission,6964
submissions,6965
submissive,6966
submitted,6967
subscribed,6968
subsequent,6969
subsequently,6970
subservient,6971
subsided,6972
subsidy,6973
subsist,6974
subsistence,6975
substance,6976
substandard,6977
substantial,6978
substantially,6979
subterfuge,6980
subterranean,6981
subtle,6982
subtract,6983
subtraction,6984
subversion,6985
subvert,6986
subway,6987
succeeded,6988
success,6989
successful,6990
successor,6991
succinct,6992
succinctly,6993
such,6994
suchlike,6995
sudden,6996
suddenly,6997
suer,6998
suffered,6999
suffice,7000
sufficiency,7001
sufficient,7002
sufficiently,7003
sugary,7004
suggestion,7005
suggestive,7006
sui_generis,7007
suicide,7008
suit,7009
suitability,7010
suitable,7011
sulk,7012
sullen,7013
sultry,7014
sum,7015
summarize,7016
summary,7017
summer,7018
summer_camp,7019
summery,7020
summit,7021
sun,7022
sunday-go-to-meeting,7023
sundry,7024
sunlit,7025
sunny,7026
sup,7027
superb,7028
supercilious,7029
superficial,7030
superficially,7031
superfluously,7032
superhuman,7033
supernal,7034
supernatural,7035
supersonic,7036
supervisory,7037
suppled,7038
suppliant,7039
support,7040
supported,7041
supporters,7042
supportive,7043
suppress,7044
supreme,7045
supremely,7046
sure,7047
sure-fire,7048
sure_enough,7049
surefooted,7050
surely,7051
surface,7052
surfaces,7053
surged,7054
surgery,7055
surgical,7056
surly,7057
surprised,7058
surprisingly,7059
surreal,7060
surrendered,7061
surreptitious,7062
surreptitiously,7063
surround,7064
surveying,7065
survive,7066
suspended,7067
suspiciously,7068
sustained,7069
swaddled,7070
swampy,7071
swarming,7072
swart,7073
swarthy,7074
sweat,7075
sweep,7076
sweet_fanny_adams,7077
sweet_nothings,7078
swelled,7079
swept,7080
swiftly,7081
swim,7082
swimmer,7083
swimming,7084
swindled,7085
swing,7086
swinish,7087
switch_on,7088
swooped,7089
swoops,7090
sword_of_damocles,7091
swung,7092
symbolic,7093
sympathetic,7094
sympathies,7095
syndrome,7096
system,7097
systematic,7098
systematically,7099
systemic,7100
table,7101
tacit,7102
tacitly,7103
tackle,7104
tacky,7105
tactful,7106
tactfully,7107
tactical,7108
tactile,7109
tactless,7110
tad,7111
take-away,7112
take_care,7113
take_down,7114
take_for,7115
take_home,7116
take_note,7117
take_notice,7118
take_office,7119
take_shape,7120
take_turns,7121
take_up,7122
takeaway,7123
taken_up,7124
taking,7125
taliban,7126
talk,7127
talks,7128
tall_order,7129
tally,7130
tamely,7131
tampered,7132
tangential,7133
tangible,7134
tangier,7135
tangle,7136
tantamount,7137
tantrum,7138
tape,7139
tapered,7140
tapestry,7141
tapping,7142
tardily,7143
tardy,7144
tarnished,7145
tasked,7146
taste,7147
tastelessly,7148
tasty,7149
tattered,7150
tatty,7151
taught,7152
taut,7153
tautological,7154
tautology,7155
tawdry,7156
tax_cut,7157
tax_return,7158
taxed,7159
taxi_rank,7160
tea,7161
teaching,7162
teamed,7163
teamwork,7164
tearful,7165
tearfully,7166
tears,7167
teased,7168
tedious,7169
tee,7170
teeming,7171
teenage,7172
telephone,7173
television,7174
telly,7175
temper,7176
temperamental,7177
temperate,7178
tempest,7179
temporally,7180
temporarily,7181
tempted,7182
tempter,7183
tenacious,7184
tenant,7185
tendency,7186
tendentious,7187
tenderly,7188
tends,7189
tenebrous,7190
tensed,7191
tenseness,7192
tensile,7193
tension,7194
tent,7195
tentative,7196
tenuous,7197
tenuously,7198
tepid,7199
terminally,7200
terminated,7201
terminology,7202
terms,7203
terrain,7204
terrible,7205
terribly,7206
terrific,7207
terse,7208
tersely,7209
tessellate,7210
testament,7211
testing,7212
teutonic,7213
text,7214
textbook,7215
texture,7216
thailand,7217
thankful,7218
thankless,7219
thawed,7220
the_devil,7221
the_like,7222
the_pits,7223
theme,7224
then,7225
then_again,7226
theoretical,7227
theories,7228
theory,7229
therapy,7230
there,7231
thereabouts,7232
thereafter,7233
thereby,7234
therefore,7235
therein,7236
thereto,7237
thermosetting,7238
thicken,7239
thickening,7240
thickset,7241
thieving,7242
thin_air,7243
thing,7244
things,7245
think,7246
think_of,7247
think_twice,7248
thinking,7249
thinly,7250
thinness,7251
third,7252
thirsty,7253
thorn,7254
thorny,7255
thorough,7256
thoroughgoing,7257
thoroughly,7258
though,7259
thought,7260
thought-provoking,7261
thoughtful,7262
thoughtfully,7263
thoughtless,7264
thoughtlessly,7265
threadbare,7266
threat,7267
threshold,7268
thrice,7269
thrilled,7270
thriving,7271
throaty,7272
throbbing,7273
throes,7274
throne,7275
through,7276
through_and_through,7277
throw,7278
thrum,7279
thrust,7280
thundered,7281
thunderstruck,7282
tick_off,7283
ticklish,7284
ticks,7285
tidal,7286
tidal_wave,7287
tiddler,7288
tidy_up,7289
tie,7290
tie_beam,7291
tie_down,7292
tie_up,7293
tied,7294
tied_up,7295
tiered,7296
tiger,7297
tigerish,7298
tigers,7299
tight,7300
tight-fitting,7301
tighten,7302
tightening,7303
tightly,7304
timbre,7305
time,7306
time_bomb,7307
time_frame,7308
time_off,7309
time_out,7310
time_period,7311
time_scale,7312
timeless,7313
timely,7314
times,7315
timeworn,7316
timid,7317
timorous,7318
tinpot,7319
tinsel,7320
tintinnabulation,7321
tiny,7322
tip-top,7323
tipper,7324
tippled,7325
tired,7326
tired_of,7327
tireless,7328
tires,7329
tiresome,7330
titivate,7331
title,7332
to_a_t,7333
to_all_intents_and_purposes,7334
to_and_fro,7335
to_be_sure,7336
to_date,7337
to_order,7338
to_the_hilt,7339
today,7340
toddle,7341
toe-to-toe,7342
toehold,7343
together,7344
togetherness,7345
tokens,7346
tolerable,7347
tolerably,7348
tolerantly,7349
tolerate,7350
toleration,7351
tomorrow,7352
tone,7353
tone_of_voice,7354
tongue-in-cheek,7355
tongue-tied,7356
tonsorial,7357
too,7358
too_bad,7359
too_much,7360
tooled,7361
tooth_and_nail,7362
toothless,7363
tootles,7364
top,7365
top-notch,7366
topic,7367
topical,7368
topicality,7369
topless,7370
topmost,7371
tops,7372
torched,7373
torpid,7374
torpor,7375
torrential,7376
torrid,7377
tortuous,7378
toss-up,7379
tot,7380
totality,7381
totally,7382
totemic,7383
tottery,7384
touch,7385
touch-and-go,7386
touched,7387
touchily,7388
toughen,7389
tour,7390
toured,7391
tourism,7392
tousled,7393
tow,7394
town,7395
toxic,7396
trace,7397
track,7398
track_record,7399
trade,7400
trade_in,7401
traditional,7402
traditionally,7403
tragic,7404
tragically,7405
trail,7406
train_of_thought,7407
trains,7408
traitorous,7409
tramcar,7410
tramp,7411
trample,7412
trampled,7413
transact,7414
transcendental,7415
transcribe,7416
transcript,7417
transect,7418
transfuse,7419
transgressions,7420
transient,7421
transiently,7422
transitional,7423
transitory,7424
translate,7425
translucent,7426
transparent,7427
transparently,7428
transplantation,7429
transverse,7430
transversely,7431
trapped,7432
trashy,7433
travel,7434
travelled,7435
treacherous,7436
treasure,7437
tremendous,7438
tremulous,7439
trench_warfare,7440
trenchant,7441
trend,7442
trendy,7443
trial,7444
trials,7445
triangular,7446
tribal,7447
trick,7448
tricked,7449
tried,7450
trim,7451
trimming,7452
trimmings,7453
trip,7454
trisect,7455
trite,7456
triumph,7457
triumphal,7458
triumphant,7459
trivially,7460
trojan_war,7461
tropical,7462
trot_out,7463
trouble,7464
trouble-free,7465
troublesome,7466
troubling,7467
trounced,7468
trousers,7469
truculent,7470
true,7471
true-blue,7472
true_to_life,7473
truly,7474
trump_up,7475
trumped-up,7476
trumps,7477
trust,7478
trustful,7479
trustworthy,7480
truth,7481
truthful,7482
try,7483
tsunami,7484
tuberous,7485
tugged,7486
tuition,7487
tumbled,7488
tumescent,7489
tumid,7490
tunisia,7491
tunnel,7492
tup,7493
turbulent,7494
turf_war,7495
turn_back,7496
turn_in,7497
turn_of_phrase,7498
turn_off,7499
turn_on,7500
turned,7501
turned_out,7502
turnout,7503
turquoise,7504
tutored,7505
tv_channel,7506
tv_set,7507
tweeters,7508
tweeting,7509
twice,7510
twigged,7511
twilight,7512
twilit,7513
twinges,7514
twisty,7515
twofold,7516
type,7517
typeset,7518
typical,7519
typically,7520
tyrannical,7521
tyrannous,7522
ugly,7523
ulterior,7524
ultimate,7525
ultimately,7526
ultra,7527
ultramodern,7528
unabashed,7529
unabated,7530
unable,7531
unacceptable,7532
unaccountably,7533
unaccustomed,7534
unadulterated,7535
unaffected,7536
unaided,7537
unalike,7538
unalloyed,7539
unaltered,7540
unambiguous,7541
unanimous,7542
unanticipated,7543
unapproachable,7544
unasked,7545
unassertive,7546
unassuming,7547
unattainable,7548
unattended,7549
unattractive,7550
unavailable,7551
unavailing,7552
unavoidable,7553
unaware,7554
unawares,7555
unbalanced,7556
unbeatable,7557
unbecoming,7558
unblemished,7559
unblocked,7560
unblushing,7561
unbolt,7562
unbowed,7563
unbox,7564
unbroken,7565
unbuckle,7566
unbutton,7567
uncalled-for,7568
uncanny,7569
uncapped,7570
uncaring,7571
uncensored,7572
unceremonious,7573
uncertain,7574
uncertainty,7575
unchangeable,7576
unchanged,7577
uncharacteristic,7578
uncharitable,7579
uncharted,7580
unchaste,7581
unchecked,7582
uncivil,7583
unclaimed,7584
unclean,7585
unclipped,7586
unclothe,7587
uncomfortable,7588
uncommon,7589
uncommonly,7590
uncomplaining,7591
uncomplicated,7592
uncomplimentary,7593
uncompromising,7594
unconcerned,7595
unconditional,7596
uncongenial,7597
unconscionable,7598
unconsidered,7599
uncontaminated,7600
uncontrollable,7601
uncontrolled,7602
unconventional,7603
unconvinced,7604
unconvincing,7605
uncooperative,7606
uncordial,7607
uncork,7608
uncorrupted,7609
uncouple,7610
uncouth,7611
uncrate,7612
uncritical,7613
unctuous,7614
uncultivated,7615
undecided,7616
undefeated,7617
undemanding,7618
undemocratic,7619
undeniably,7620
undependable,7621
under,7622
under_way,7623
under_wraps,7624
undercover,7625
underdeveloped,7626
underfed,7627
underfoot,7628
undergo,7629
underhand,7630
underneath,7631
undernourished,7632
understand,7633
understanding,7634
undertakings,7635
undertones,7636
undertow,7637
undeserved,7638
undesirables,7639
undetected,7640
undeterred,7641
undeveloped,7642
undiluted,7643
undisciplined,7644
undiscovered,7645
undisguised,7646
undisturbed,7647
undo,7648
undomesticated,7649
undoubtedly,7650
undramatic,7651
undress,7652
undue,7653
unduly,7654
undyed,7655
undying,7656
unearthed,7657
unearthly,7658
uneasy,7659
uneconomical,7660
unemployed,7661
unemployment,7662
unencumbered,7663
unending,7664
unenlightened,7665
unenthusiastic,7666
unenthusiastically,7667
unenviable,7668
unequaled,7669
unequivocal,7670
unerring,7671
unerringly,7672
unethical,7673
unethically,7674
uneven,7675
uneventful,7676
unexceptionable,7677
unexceptional,7678
unexcited,7679
unexpansive,7680
unexpected,7681
unfailing,7682
unfair,7683
unfairly,7684
unfaithful,7685
unfamiliar,7686
unfashionable,7687
unfasten,7688
unfeeling,7689
unfeigned,7690
unflappable,7691
unfledged,7692
unforeseen,7693
unforgiving,7694
unfortunately,7695
unfounded,7696
unfriendly,7697
unfurl,7698
ungainly,7699
ungenerous,7700
ungentle,7701
ungodly,7702
ungoverned,7703
ungraceful,7704
ungrateful,7705
unguarded,7706
unhappy,7707
unhealthy,7708
unheard-of,7709
unhesitating,7710
unhesitatingly,7711
unhoped-for,7712
unhurried,7713
unhygienic,7714
unidentified,7715
unified,7716
uniformly,7717
unilateral,7718
unilluminated,7719
unimaginative,7720
unimpaired,7721
unimpeachable,7722
unimportant,7723
uninformed,7724
uninhabited,7725
uninhibited,7726
uninspired,7727
uninspiring,7728
unintelligent,7729
unintelligible,7730
unintentionally,7731
uninterested,7732
uninteresting,7733
uninterrupted,7734
union,7735
unique,7736
uniquely,7737
unironed,7738
unison,7739
unit,7740
unity,7741
universe,7742
unkempt,7743
unkept,7744
unkind,7745
unkindly,7746
unknown,7747
unknown_quantity,7748
unlatched,7749
unleash,7750
unlettered,7751
unlike,7752
unlikely,7753
unlisted,7754
unlit,7755
unload,7756
unlock,7757
unlucky,7758
unmarked,7759
unmarried,7760
unmasked,7761
unmethodical,7762
unmindful,7763
unmistakable,7764
unmistakably,7765
unmitigated,7766
unmixed,7767
unmoved,7768
unmusical,7769
unnamed,7770
unnatural,7771
unnecessarily,7772
unnoticed,7773
unobtrusive,7774
unobtrusively,7775
unoccupied,7776
unofficial,7777
unoiled,7778
unopened,7779
unopposed,7780
unoriginal,7781
unornamented,7782
unpack,7783
unpaid,7784
unpalatable,7785
unparalleled,7786
unplanned,7787
unpleasant,7788
unplug,7789
unpolished,7790
unpopular,7791
unposed,7792
unprecedented,7793
unprejudiced,7794
unpremeditated,7795
unprepared,7796
unpretentious,7797
unpreventable,7798
unprincipled,7799
unproductive,7800
unprofessional,7801
unprofitable,7802
unpromising,7803
unprovoked,7804
unpunished,7805
unqualified,7806
unquestionable,7807
unquestionably,7808
unravel,7809
unread,7810
unreal,7811
unrealistic,7812
unreasonably,7813
unrefined,7814
unregistered,7815
unrehearsed,7816
unrelaxed,7817
unreservedly,7818
unresolved,7819
unrest,7820
unrestrained,7821
unripe,7822
unrivaled,7823
unruffled,7824
unruly,7825
unsaddled,7826
unsatisfactory,7827
unscientific,7828
unscramble,7829
unscrew,7830
unscripted,7831
unscrupulous,7832
unsealed,7833
unseasonable,7834
unseat,7835
unseeing,7836
unseemly,7837
unselfconscious,7838
unshaped,7839
unshockable,7840
unsightly,7841
unsigned,7842
unsinkable,7843
unskilled,7844
unskillful,7845
unsmooth,7846
unsociable,7847
unsophisticated,7848
unsound,7849
unsparing,7850
unspeakable,7851
unspecific,7852
unspecified,7853
unspectacular,7854
unspoken,7855
unsportsmanlike,7856
unstable,7857
unsteady,7858
unstinting,7859
unstirred,7860
unstoppable,7861
unstructured,7862
unstuck,7863
unstudied,7864
unsuccessfully,7865
unsuitable,7866
unsullied,7867
unsung,7868
unsupported,7869
unsure,7870
unsurpassable,7871
unswayed,7872
unswerving,7873
unsympathetic,7874
unsympathetically,7875
unsystematic,7876
untarnished,7877
untaxed,7878
untended,7879
untidy,7880
untied,7881
untimely,7882
untitled,7883
untold,7884
untouched,7885
untoward,7886
untraceable,7887
untreated,7888
untried,7889
untrimmed,7890
untroubled,7891
untrue,7892
untrustworthy,7893
untruthful,7894
untutored,7895
untwine,7896
untying,7897
unused,7898
unusual,7899
unusually,7900
unvarying,7901
unveil,7902
unveiling,7903
unwanted,7904
unwarmed,7905
unwashed,7906
unwavering,7907
unweaned,7908
unwed,7909
unwelcome,7910
unwell,7911
unwholesome,7912
unwieldy,7913
unwilling,7914
unwind,7915
unwise,7916
unwitting,7917
unwonted,7918
unworldly,7919
unworthy,7920
unwrap,7921
unwritten,7922
unzip,7923
up,7924
up-to-date,7925
up-to-the-minute,7926
up_and_down,7927
up_here,7928
up_in_the_air,7929
up_on,7930
up_to,7931
upbeat,7932
upcoming,7933
upcountry,7934
updated,7935
updating,7936
upended,7937
upfront,7938
uplifting,7939
upmarket,7940
uppermost,7941
uppity,7942
upraising,7943
uprights,7944
uprooted,7945
uprose,7946
upscale,7947
upset,7948
upside_down,7949
upstairs,7950
upstanding,7951
upward,7952
upwards,7953
urban,7954
urbane,7955
urged,7956
urgent,7957
urgently,7958
urinated,7959
urine,7960
usable,7961
use,7962
used_to,7963
useful,7964
usefully,7965
useless,7966
usual,7967
usually,7968
usurious,7969
usurped,7970
utmost,7971
utopian,7972
uttered,7973
utterer,7974
utterly,7975
uzi,7976
vacant,7977
vacation,7978
vaccinate,7979
vaccinated,7980
vagabonds,7981
vagaries,7982
vague,7983
vain,7984
valentine,7985
valiant,7986
valid,7987
valuables,7988
valuation,7989
value,7990
values,7991
vantage_point,7992
vapid,7993
vaporous,7994
variable,7995
varies,7996
variety,7997
various,7998
vast,7999
vastly,8000
veered,8001
vegetation,8002
vehemence,8003
vehement,8004
vein,8005
venal,8006
venerable,8007
venerate,8008
veneration,8009
venereal,8010
vengeance,8011
venial,8012
venomous,8013
ventured,8014
venturesome,8015
venus,8016
veracious,8017
verbal,8018
verbal_expression,8019
verbatim,8020
verbose,8021
veridical,8022
verify,8023
verily,8024
veritable,8025
versatile,8026
version,8027
vertically,8028
very,8029
very_much,8030
vesicular,8031
veterans,8032
vetoed,8033
vetted,8034
vexatious,8035
vibe,8036
vibrant,8037
vicarious,8038
vice_versa,8039
vicinity,8040
vicious,8041
victorious,8042
victory,8043
view,8044
viewpoint,8045
vigilance,8046
vigilant,8047
vigorous,8048
vigorously,8049
vile,8050
vilified,8051
villainous,8052
vim,8053
vindicate,8054
vindication,8055
vindictive,8056
violence,8057
violent,8058
violently,8059
virile,8060
virtual,8061
virtually,8062
virulence,8063
visaged,8064
viscera,8065
visceral,8066
visible,8067
visibly,8068
vision,8069
visit,8070
visitation,8071
visual,8072
visually,8073
vital,8074
vital_signs,8075
vitally,8076
vitreous,8077
vitriolic,8078
vivacious,8079
vivid,8080
vividly,8081
vocally,8082
vociferous,8083
vogue,8084
voguish,8085
voice,8086
voiced,8087
volcanic,8088
volition,8089
volume,8090
voluminous,8091
volunteered,8092
voluptuous,8093
voracious,8094
votaries,8095
vote,8096
voted,8097
votes,8098
votive,8099
vouch,8100
vows,8101
vulgar,8102
vulnerability,8103
vulnerable,8104
vulpine,8105
wacky,8106
wad,8107
waddle,8108
wafted,8109
waged,8110
wages,8111
waggish,8112
wagon_train,8113
wait_on,8114
wake,8115
wake-up_call,8116
wakeless,8117
waking,8118
waking_up,8119
walked,8120
walking,8121
wall,8122
wallop,8123
wanderings,8124
waned,8125
wannabes,8126
wantonly,8127
war,8128
warily,8129
warlike,8130
warmed,8131
warmly,8132
warned,8133
warning,8134
wary,8135
wash_away,8136
washed-out,8137
washout,8138
waspish,8139
waste,8140
waste_material,8141
waste_of_time,8142
wasted,8143
wasteful,8144
wastefulness,8145
watchdog,8146
watchers,8147
watchword,8148
water_down,8149
water_supply,8150
waterless,8151
watery,8152
waved,8153
wavy,8154
waxy,8155
way,8156
way_out,8157
wayside,8158
wayward,8159
weak,8160
weak-kneed,8161
weakened,8162
wealth,8163
wealthy,8164
weapon,8165
wear,8166
weariness,8167
wearisome,8168
weather,8169
weather-beaten,8170
weather_conditions,8171
web,8172
wee,8173
weedy,8174
week,8175
weighed_down,8176
weightiness,8177
weightless,8178
weighty,8179
weirdly,8180
welcome,8181
welfare,8182
well-adjusted,8183
well-balanced,8184
well-behaved,8185
well-defined,8186
well-founded,8187
well-informed,8188
well-knit,8189
well-known,8190
well-meaning,8191
well-nigh,8192
well-ordered,8193
well-read,8194
well-rounded,8195
well-set,8196
well-spoken,8197
well-to-do,8198
wend,8199
went,8200
wept,8201
wet,8202
wetness,8203
whacked,8204
what_is_more,8205
whatsoever,8206
wheaten,8207
whereabouts,8208
whet,8209
while,8210
whimsical,8211
whimsy,8212
whining,8213
whir,8214
whirl,8215
whirred,8216
whisker,8217
whiten,8218
whole,8219
wholehearted,8220
wholeheartedly,8221
wholesome,8222
wholly,8223
whoop_it_up,8224
wickedly,8225
wide,8226
wide-open,8227
wide-ranging,8228
wide_of_the_mark,8229
widely,8230
widespread,8231
wield,8232
wieldy,8233
wild,8234
wild-eyed,8235
wild_card,8236
wilderness,8237
wildlife,8238
wildly,8239
wildness,8240
willies,8241
willingly,8242
wily,8243
win,8244
wind,8245
windless,8246
winds,8247
windswept,8248
windy,8249
wings,8250
winning,8251
wintry,8252
wise,8253
wisely,8254
wish,8255
wishing,8256
wispy,8257
wistful,8258
with-it,8259
with_child,8260
withdrew,8261
withstands,8262
witnessed,8263
wits,8264
witty,8265
wizened,8266
wobbled,8267
woebegone,8268
wolfed,8269
wolfish,8270
woman,8271
womanish,8272
womanly,8273
wonted,8274
wooded,8275
wooden,8276
woody,8277
woozy,8278
word-perfect,8279
word_of_mouth,8280
wordless,8281
words,8282
wordy,8283
work,8284
work-shy,8285
worked,8286
worked_up,8287
worker,8288
workhorse,8289
working_group,8290
worldly,8291
worldwide,8292
worn-out,8293
worn_out,8294
worriedly,8295
worry,8296
worse,8297
worsened,8298
worst,8299
worsted,8300
worth,8301
worthful,8302
worthless,8303
worthwhile,8304
wound_up,8305
wounded,8306
wowed,8307
wrapped_up,8308
wreak,8309
wreck,8310
wreckage,8311
wrench,8312
wrenched,8313
wrest,8314
wrestle,8315
wrestled,8316
wrestling,8317
wretchedness,8318
wring,8319
wrinkles,8320
writ_large,8321
writer's_block,8322
writhed,8323
writing,8324
wrong,8325
wrongful,8326
wrongly,8327
wrote,8328
wry,8329
wryly,8330
yakking,8331
yardage,8332
yardie,8333
yardstick,8334
yawn,8335
yawned,8336
yawning,8337
year,8338
year-end,8339
year_dot,8340
yearlong,8341
yearner,8342
years,8343
yelled,8344
yes,8345
yesterday,8346
yet,8347
yogic,8348
yonder,8349
young_lady,8350
youngster,8351
zapper,8352
zeal,8353
zealously,8354
zeugma,8355
zilch,8356
zing,8357
zion,8358
zoology,8359
