group_removed,n_removed,n_remaining,accuracy,delta_accuracy
Context-Informed (6),6,26,0.63225,-0.10775000000000001
Relationship (22),22,10,0.653,-0.08699999999999997
Surface (4),4,28,0.73425,-0.005750000000000033
