group_removed,n_removed,n_remaining,accuracy,delta_accuracy
Context-Informed (6),6,26,0.6488317635426966,-0.10925742831867613
Relationship (22),22,10,0.6604985169381277,-0.09759067492324502
Surface (4),4,28,0.7480668158401416,-0.010022376021231127
