Experiment,Model,accuracy_mean,f1_mean,precision_mean,recall_mean,roc_auc_mean,accuracy_std,f1_std,precision_std,recall_std,roc_auc_std
Exp_2A,KNN,0.72715,0.7114104862497548,0.7548874814824784,0.6728015780695967,0.7855232334952412,0.0036124783736376977,0.0063784299265978485,0.010468511110778116,0.01016849519708882,0.006569563478881822
Exp_2A,Logistic Regression,0.7202999999999999,0.7045660186716334,0.7465805689199126,0.6670840220741792,0.7766590135183883,0.007809049237903415,0.006942802062911388,0.006904652009433695,0.00970072906598028,0.005982555075566372
Exp_2A,Random Forest,0.7446499999999999,0.72802885333592,0.7786449759075033,0.6837145413685161,0.814730155990498,0.008843429764520088,0.010502718132074354,0.014475850258023351,0.012105754458981556,0.008063036017421652
Exp_2B,KNN,0.64515,0.6229406014567695,0.6645935162841198,0.5863769147997315,0.6985298364399432,0.003834872879249048,0.005062032198682502,0.010119768678075618,0.010142665968978733,0.0037531864947534473
Exp_2B,Logistic Regression,0.66485,0.6083397357240086,0.7318051512610381,0.520721659366503,0.7109847191799165,0.0054931775867888815,0.006591796124836513,0.007910490518545919,0.012581915260425581,0.005638779904317786
Exp_2B,Random Forest,0.6695,0.5977037966879717,0.7663797677745601,0.49292924266422833,0.7271843864695718,0.004619929653144088,0.021186896239433792,0.04106671983307564,0.044554503400290636,0.009661542043414826
