Model,exp_1a_accuracy_mean,exp_1a_accuracy_std,exp_1b_accuracy_mean,exp_1b_accuracy_std,delta_easy,exp_2a_accuracy_mean,exp_2a_accuracy_std,exp_2b_accuracy_mean,exp_2b_accuracy_std,delta_hard
KNN,0.8630974431387557,0.001412445669936,0.8624376062361021,0.001974089515247,0.0006598369026535877,0.7388733223592147,0.0012560308690264,0.6444875660901184,0.0032494081008399,0.09438575626909629
Logistic Regression,0.8692170684106161,0.0016377123172855,0.8674748508517085,0.0016570794398381,0.0017422175589075772,0.7207101256132545,0.0021266591953166,0.6658854178774385,0.0029853160511797,0.05482470773581605
Random Forest,0.8770206212579726,0.001330593209913,0.8727327238039667,0.0007590314085823,0.004287897454005929,0.7569928096925874,0.0013514459924631,0.6729562838046537,0.002980107465002,0.08403652588793376
