Experiment,Model,accuracy_mean,f1_mean,precision_mean,recall_mean,roc_auc_mean,accuracy_std,f1_std,precision_std,recall_std,roc_auc_std
Exp_2A,KNN,0.7388733223592147,0.7243439815186304,0.7670129853192562,0.6861788191736476,0.8047769100925795,0.001256030869026409,0.0019221598144822179,0.002997922727292111,0.002360475491396781,0.0016926410297766884
Exp_2A,Logistic Regression,0.7207101256132545,0.704320129794079,0.7482183978812601,0.665293888853691,0.775116965651454,0.002126659195316611,0.0027906725566149543,0.003476354264763134,0.003162780075845064,0.0016654629565340691
Exp_2A,Random Forest,0.7569928096925874,0.7384197283522624,0.7995069637680404,0.6860110380142596,0.8269638764517468,0.0013514459924631652,0.002419862275593087,0.0034859683958614785,0.0026705956232433723,0.0016080538418883682
Exp_2B,KNN,0.6444875660901184,0.6213818246726914,0.6645881173619053,0.5834700302771431,0.6888784934727135,0.003249408100839905,0.00329791947877474,0.0044905882156456335,0.0043067787924856325,0.003131876717984052
Exp_2B,Logistic Regression,0.6658854178774385,0.608413156620043,0.7347910638329141,0.519136515918557,0.7101893812816908,0.0029853160511797545,0.004496079738609232,0.005678446474665117,0.004416000447840315,0.002074530299710231
Exp_2B,Random Forest,0.6729562838046537,0.6266034192142499,0.730076015056616,0.5488288355269404,0.7326958477811332,0.0029801074650020135,0.0038871879316422033,0.005608936244686692,0.0035988491792180465,0.003818832885716927
