Experiment,Model,accuracy_mean,f1_mean,precision_mean,recall_mean,roc_auc_mean,accuracy_std,f1_std,precision_std,recall_std,roc_auc_std
Exp_1A,KNN,0.8630974431387557,0.8558624644265338,0.9035930170056613,0.812930504795208,0.9279405006314219,0.0014124456699360756,0.001891645638919907,0.001017354334483964,0.003818883281793177,0.001004593971549964
Exp_1A,Logistic Regression,0.8692170684106161,0.8647985199195907,0.8950313353369216,0.8365452563000929,0.9383881820212643,0.0016377123172855413,0.0017774397125102342,0.0009073203849362107,0.0030129879554316977,0.0014733406325644583
Exp_1A,Random Forest,0.8770206212579726,0.8712402822212845,0.9141977374829064,0.8321447009206796,0.9452119192501891,0.0013305932099130242,0.0015866372841395204,0.0007548233613210046,0.0031947391374089135,0.0013037194921295438
Exp_1B,KNN,0.8624376062361021,0.8554898897966019,0.9009641809912894,0.8143955461610707,0.9316796063609674,0.001974089515247074,0.002465311499509719,0.0012328560388995464,0.004430998504585906,0.001556835600153958
Exp_1B,Logistic Regression,0.8674748508517085,0.8630305591000352,0.8929740694620488,0.8350348620556826,0.9366413604742068,0.001657079439838176,0.0017636692788037455,0.001255893243005658,0.0030616244487492003,0.0016032977757693692
Exp_1B,Random Forest,0.8727327238039667,0.8643880007413287,0.9250386921231186,0.8112042669441382,0.9435809365590565,0.0007590314085823244,0.0008944840731780195,0.0006680516461116681,0.0020502788330765383,0.0013500939068115023
