def_condition,ans_condition,n_queries,reporting_unit,top_1,top_5,top_10,top_50,top_100,mean_rank,median_rank,mean_cosine_sim
Allsense,Allsense,240211,all_rows,0.0024311959069318223,0.05068044344347261,0.0877145509572834,0.1966437840065609,0.2590763953357673,4829.618843433482,831.0,0.648230731876132
