word,row
0,0
1,1
10,2
100,3
10s,4
11,5
11s,6
12,7
13,8
14,9
15,10
16,11
16s,12
17,13
18,14
18s,15
19,16
1s,17
1st_class,18
2,19
20,20
20s,21
21,22
22,23
23,24
24,25
25,26
26,27
26s,28
27,29
28,30
29,31
3,32
3-d,33
30,34
31,35
33,36
3s,37
4,38
45,39
5,40
500,41
6,42
60,43
60_minutes,44
60s,45
7,46
7s,47
8,48
9,49
9s,50
a,51
a-bomb,52
a-list,53
a-one,54
a-team,55
a_bit,56
a_cappella,57
a_few,58
a_good_deal,59
a_great_deal,60
a_la_carte,61
a_la_mode,62
a_level,63
a_levels,64
a_little,65
a_lot,66
a_posteriori,67
a_priori,68
a_trifle,69
aa,70
aardvark,71
aardwolf,72
aaron,73
aaron_copland,74
ab_initio,75
abaci,76
aback,77
abacus,78
abadan,79
abaft,80
abalone,81
abandon,82
abandoned,83
abandoning,84
abandonment,85
abandons,86
abase,87
abased,88
abasement,89
abases,90
abash,91
abashed,92
abashes,93
abashing,94
abashment,95
abasing,96
abate,97
abated,98
abatement,99
abates,100
abating,101
abatis,102
abattoir,103
abbe,104
abbess,105
abbesses,106
abbey,107
abbeys,108
abbot,109
abbots,110
abbreviate,111
abbreviated,112
abbreviation,113
abc,114
abdicate,115
abdicated,116
abdicating,117
abdication,118
abdomen,119
abdominal,120
abduce,121
abduct,122
abducted,123
abduction,124
abductor,125
abecedarian,126
abed,127
abel_tasman,128
abelard,129
abele,130
abelia,131
aberdeen,132
aberdeen_angus,133
aberdonian,134
aberrance,135
aberrant,136
aberrates,137
aberration,138
aberrations,139
abet,140
abets,141
abettal,142
abetted,143
abetter,144
abetting,145
abettor,146
abeyance,147
abeyant,148
abhor,149
abhorred,150
abhorrence,151
abhorrent,152
abhors,153
abidance,154
abide,155
abided,156
abides,157
abiding,158
abidjan,159
abilities,160
ability,161
abject,162
abjection,163
abjure,164
abjured,165
ablate,166
ablated,167
ablative,168
ablaze,169
able,170
able-bodied,171
able_seaman,172
abler,173
abloom,174
ablution,175
ablutions,176
ably,177
abnegate,178
abnegated,179
abnegates,180
abnegation,181
abnormal,182
abnormality,183
abnormally,184
aboard,185
abode,186
abodes,187
abolish,188
abolishes,189
abolishment,190
abolition,191
abolitionist,192
abomasum,193
abominable,194
abominate,195
abominates,196
abomination,197
aboriginal,198
aborigine,199
aborigines,200
abort,201
aborted,202
abortion,203
abortive,204
aborts,205
abound,206
abounded,207
abounding,208
abounds,209
about,210
about-face,211
about_turn,212
above,213
above_all,214
abracadabra,215
abrade,216
abrades,217
abrading,218
abraham,219
abraham_lincoln,220
abrasion,221
abrasive,222
abrasive_material,223
abreacting,224
abreast,225
abridge,226
abridged,227
abridgement,228
abridger,229
abridges,230
abridging,231
abridgment,232
abroad,233
abrogate,234
abrogation,235
abrupt,236
abrupter,237
abruptly,238
abs,239
abscess,240
abscissa,241
abscond,242
absconded,243
absconder,244
absconders,245
absconding,246
absconds,247
abseil,248
abseiled,249
absence,250
absent,251
absentee,252
absentees,253
absentmindedly,254
absinth,255
absinthe,256
absinthes,257
absolute,258
absolutely,259
absolution,260
absolutist,261
absolve,262
absolved,263
absolves,264
absolving,265
absorb,266
absorbed,267
absorbent,268
absorbent_material,269
absorber,270
absorbing,271
absorbs,272
absorption,273
abstain,274
abstainer,275
abstains,276
abstemious,277
abstention,278
abstinence,279
abstinent,280
abstract,281
abstracted,282
abstraction,283
abstracts,284
abstruse,285
absurd,286
absurdities,287
absurdity,288
absurdly,289
absurdness,290
abu_dhabi,291
abuja,292
abundance,293
abundant,294
abundantly,295
abuse,296
abused,297
abuser,298
abusers,299
abuses,300
abusing,301
abusive,302
abusively,303
abut,304
abutilon,305
abutment,306
abuts,307
abutted,308
abutter,309
abuzz,310
abysm,311
abysmal,312
abysmally,313
abysms,314
abyss,315
abysses,316
abyssinian,317
acacia,318
academe,319
academia,320
academic,321
academic_term,322
academician,323
academics,324
academy,325
academy_award,326
acanthus,327
acanthuses,328
acapulco,329
acari,330
acarid,331
acarina,332
accede,333
acceded,334
accedes,335
accelerate,336
accelerated,337
accelerates,338
accelerator,339
accent,340
accented,341
accentor,342
accents,343
accentuate,344
accentuated,345
accept,346
acceptable,347
acceptance,348
acceptant,349
accepted,350
accepting,351
accepts,352
access,353
access_code,354
access_codes,355
accessible,356
accessories,357
accessory,358
accident,359
accident-prone,360
accidental,361
accidentally,362
accidents,363
accipiter,364
accipitrine,365
acclaim,366
acclaimed,367
acclaiming,368
acclaims,369
acclamation,370
acclimate,371
acclimatise,372
acclimatised,373
acclimatized,374
accolade,375
accolades,376
accommodate,377
accommodated,378
accommodates,379
accommodating,380
accommodation,381
accommodations,382
accompanied,383
accompaniment,384
accompanist,385
accompany,386
accompanying,387
accomplice,388
accomplices,389
accomplish,390
accomplished,391
accomplishment,392
accomplishments,393
accord,394
accordant,395
accorded,396
according,397
accordingly,398
accordion,399
accordionists,400
accords,401
accost,402
accosted,403
accosts,404
account,405
account_book,406
account_for,407
accountancy,408
accountant,409
accountants,410
accounted,411
accounting,412
accounts,413
accoutre,414
accoutred,415
accoutrements,416
accra,417
accredit,418
accredited,419
accrete,420
accretion,421
accrual,422
accrue,423
accrued,424
accrues,425
accumulate,426
accumulated,427
accumulating,428
accumulation,429
accumulator,430
accuracy,431
accurate,432
accurately,433
accurse,434
accursed,435
accusal,436
accusation,437
accusations,438
accusative,439
accuse,440
accused,441
accuser,442
accusing,443
accustom,444
accustomed,445
ace,446
ace_of_clubs,447
ace_of_spades,448
aced,449
acedia,450
acer,451
acerb,452
acerbate,453
acerbic,454
acerbity,455
acerose,456
acers,457
acervate,458
aces,459
acetal,460
acetaldehyde,461
acetamide,462
acetate,463
acetic,464
acetic_acid,465
acetone,466
acetose,467
acetous,468
acetylene,469
achaean,470
ache,471
ached,472
achenes,473
aches,474
achievable,475
achieve,476
achieved,477
achievement,478
achievements,479
achievers,480
achieves,481
achilles,482
achilles_tendon,483
achimenes,484
aching,485
achromatic,486
achy,487
acicular,488
acid,489
acid_heads,490
acid_rain,491
acid_test,492
acidic,493
acidifies,494
acidity,495
acidosis,496
acidulous,497
ack-ack,498
acknowledge,499
acknowledged,500
acknowledgement,501
acknowledgements,502
acknowledges,503
acknowledging,504
acknowledgment,505
acme,506
acne,507
acned,508
acolyte,509
acolytes,510
aconcagua,511
aconite,512
aconites,513
aconitum,514
acorn,515
acorns,516
acorus,517
acoustics,518
acquaint,519
acquaintance,520
acquainted,521
acquaints,522
acquiesce,523
acquiesced,524
acquiescence,525
acquire,526
acquired,527
acquires,528
acquisition,529
acquisitive,530
acquit,531
acquits,532
acquittal,533
acquitted,534
acquitting,535
acre,536
acreage,537
acreages,538
acres,539
acrid,540
acrimonious,541
acrimony,542
acrobat,543
acrobatic,544
acrobatic_feat,545
acrobatics,546
acrobats,547
acronyms,548
acropolis,549
across,550
across-the-board,551
across_the_board,552
across_the_country,553
acrostic,554
acrylic,555
acrylics,556
act,557
act_as,558
act_on,559
act_out,560
act_up,561
act_upon,562
acted,563
actin,564
actinal,565
acting,566
actinium,567
action,568
actioning,569
actions,570
actium,571
activate,572
activated,573
activates,574
activator,575
active,576
activist,577
activists,578
activities,579
activity,580
actor,581
actors,582
actress,583
actresses,584
acts,585
actual,586
actuality,587
actually,588
actuaries,589
actuary,590
actuate,591
actuated,592
acuity,593
aculeate,594
acumen,595
acute,596
acute_accent,597
acutely,598
acuteness,599
acuter,600
acyclic,601
ad,602
ad-lib,603
ad-libbing,604
ad-libs,605
ad_hoc,606
ad_hominem,607
ad_infinitum,608
ad_interim,609
ad_lib,610
ad_nauseam,611
ad_valorem,612
ada,613
adage,614
adages,615
adagio,616
adam,617
adam_smith,618
adamance,619
adamant,620
adamantine,621
adams,622
adansonia,623
adapt,624
adaptable,625
adaptation,626
adapted,627
adapter,628
adaption,629
adaptive,630
adaptor,631
adapts,632
adar_sheni,633
add,634
add-on,635
add-ons,636
add_on,637
add_to,638
add_up,639
addax,640
added,641
addenda,642
addendum,643
adder,644
adders,645
addict,646
addicted,647
addiction,648
addictions,649
addictive,650
addicts,651
adding,652
adding_machine,653
addis_ababa,654
addition,655
additional,656
additionally,657
additions,658
additive,659
additives,660
addle,661
addled,662
addles,663
addling,664
address,665
addressed,666
addressee,667
addresses,668
addressing,669
addressograph,670
adds,671
adduce,672
adduced,673
adducing,674
adelaide,675
aden,676
adenine,677
adenoid,678
adenoma,679
adenosine,680
adept,681
adeptness,682
adepts,683
adequacy,684
adequate,685
adequately,686
ades,687
adhere,688
adhered,689
adherence,690
adherent,691
adherents,692
adhering,693
adhesion,694
adhesive,695
adhesive_material,696
adhesives,697
adi_granth,698
adience,699
adieu,700
adieus,701
adieux,702
adios,703
adipose,704
adipose_tissue,705
adiposis,706
adit,707
adjacency,708
adjacent,709
adjective,710
adjoin,711
adjoining,712
adjoining_rooms,713
adjourn,714
adjourned,715
adjournment,716
adjourns,717
adjudge,718
adjudged,719
adjudges,720
adjudicate,721
adjudicated,722
adjudicator,723
adjunct,724
adjure,725
adjures,726
adjust,727
adjustable,728
adjusted,729
adjuster,730
adjusting,731
adjustment,732
adjustments,733
adjusts,734
adjutant,735
admen,736
administer,737
administered,738
administers,739
administrate,740
administrated,741
administration,742
administrations,743
administrative_body,744
administrative_district,745
administrative_division,746
administrator,747
administrators,748
admirable,749
admiral,750
admirals,751
admiration,752
admire,753
admired,754
admirer,755
admirers,756
admires,757
admiring,758
admissible,759
admission,760
admissions,761
admit,762
admits,763
admittance,764
admitted,765
admittedly,766
admitting,767
admixes,768
admixture,769
admonish,770
admonished,771
admonishment,772
admonition,773
admonitions,774
ado,775
adobe,776
adolesced,777
adolescence,778
adolescent,779
adolescents,780
adonis,781
adopt,782
adopted,783
adoptee,784
adoption,785
adoptions,786
adoptive,787
adopts,788
adorable,789
adoration,790
adore,791
adored,792
adorer,793
adorers,794
adores,795
adoring,796
adoringly,797
adorn,798
adorned,799
adorning,800
adornment,801
adornments,802
adorns,803
ados,804
adrenal,805
adrenal_gland,806
adrenalin,807
adrenaline,808
adrenals,809
adrian,810
adriatic,811
adriatic_sea,812
adrift,813
adroit,814
adroitly,815
adroitness,816
ads,817
adsorbs,818
adulate,819
adulated,820
adulates,821
adulating,822
adulation,823
adulator,824
adulatory,825
adult,826
adult_education,827
adult_males,828
adulterate,829
adulterated,830
adulteration,831
adulterer,832
adulterers,833
adulteress,834
adulterous,835
adultery,836
adulthood,837
adumbrate,838
adumbrated,839
adumbrates,840
adumbrating,841
adust,842
advance,843
advanced,844
advancement,845
advances,846
advancing,847
advantage,848
advantageous,849
advantageously,850
advantages,851
advent,852
adventist,853
adventitious,854
adventure,855
adventure_stories,856
adventure_story,857
adventurer,858
adventurers,859
adventures,860
adventuresome,861
adventurous,862
adverb,863
adverbial,864
adversaries,865
adversary,866
adverse,867
adversely,868
adversities,869
adversity,870
advert,871
adverted,872
advertent,873
advertise,874
advertised,875
advertisement,876
advertisements,877
advertiser,878
advertising,879
advice,880
advisable,881
advise,882
advised,883
advisedly,884
advisement,885
adviser,886
advising,887
advisor,888
advisors,889
advisory,890
advocacy,891
advocate,892
advocated,893
advocates,894
advocator,895
advowson,896
adynamia,897
adze,898
aegean,899
aegean_island,900
aegean_sea,901
aegis,902
aegises,903
aeneid,904
aeolian,905
aeolian_harp,906
aeolus,907
aeon,908
aeons,909
aerate,910
aerated,911
aerates,912
aerator,913
aerial,914
aerialist,915
aerials,916
aerie,917
aeries,918
aerobatics,919
aerobics,920
aerodrome,921
aerodynamic,922
aerogram,923
aeronaut,924
aeronauts,925
aeroplane,926
aerosol,927
aerosols,928
aerospace,929
aeschylus,930
aesir,931
aesop,932
aesthete,933
aesthetic,934
aesthetics,935
aestivate,936
afar,937
affable,938
affair,939
affaire,940
affairs,941
affect,942
affectation,943
affectations,944
affected,945
affecting,946
affection,947
affectionate,948
affections,949
affective,950
affects,951
affenpinschers,952
affiance,953
affianced,954
affidavit,955
affiliate,956
affiliated,957
affiliates,958
affiliation,959
affinity,960
affirm,961
affirmation,962
affirmative,963
affirmatively,964
affirmed,965
affirms,966
affix,967
affixing,968
afflatus,969
afflict,970
afflicted,971
affliction,972
afflictions,973
afflicts,974
affluence,975
affluent,976
afford,977
affordable,978
afforded,979
affording,980
affords,981
affray,982
affrays,983
affright,984
affront,985
affronted,986
affronts,987
affusions,988
afghan,989
afghan_hound,990
afghani,991
afghanistan,992
afghans,993
aficionado,994
aficionados,995
afield,996
afire,997
aflame,998
afloat,999
aflutter,1000
afoot,1001
aforementioned,1002
afoul,1003
afraid,1004
afresh,1005
africa,1006
african,1007
african_country,1008
african_marigold,1009
african_nation,1010
african_violet,1011
africans,1012
afrikaans,1013
afro,1014
afro-asian,1015
aft,1016
after,1017
after_a_fashion,1018
after_all,1019
after_hours,1020
aftereffect,1021
afterglow,1022
afterlife,1023
aftermath,1024
aftermaths,1025
afternoon,1026
afternoons,1027
afters,1028
aftershock,1029
aftertaste,1030
afterthought,1031
afterward,1032
afterwards,1033
aga,1034
again,1035
again_and_again,1036
agama,1037
agamas,1038
agamemnon,1039
agamid,1040
agamids,1041
agapanthus,1042
agape,1043
agar,1044
agar-agar,1045
agaric,1046
agarics,1047
agas,1048
agate,1049
agates,1050
agatha_christie,1051
agave,1052
agaze,1053
age,1054
age-old,1055
age_group,1056
age_limit,1057
aged,1058
ageing,1059
ageism,1060
ageless,1061
agelong,1062
agencies,1063
agency,1064
agenda,1065
agendas,1066
agent,1067
agent_orange,1068
agents,1069
ageratum,1070
ages,1071
agglomerated,1072
agglomeration,1073
agglutinate,1074
agglutinin,1075
aggrandise,1076
aggrandisement,1077
aggravate,1078
aggravated,1079
aggravates,1080
aggregate,1081
aggregated,1082
aggregates,1083
aggregation,1084
aggress,1085
aggression,1086
aggressive,1087
aggressively,1088
aggressor,1089
aggressors,1090
aggrieve,1091
aggrieved,1092
aggrieves,1093
aggrieving,1094
aggro,1095
agha,1096
aghast,1097
agile,1098
agiler,1099
agility,1100
agincourt,1101
aging,1102
agio,1103
agism,1104
agitate,1105
agitated,1106
agitates,1107
agitating,1108
agitation,1109
agitations,1110
agitator,1111
agitators,1112
agitprop,1113
agleam,1114
aglitter,1115
aglow,1116
agnate,1117
agnathan,1118
agnation,1119
agnise,1120
agnomen,1121
agnostic,1122
agnus_dei,1123
ago,1124
agog,1125
agon,1126
agonies,1127
agonise,1128
agonised,1129
agonises,1130
agonising,1131
agonistic,1132
agonize,1133
agony,1134
agony_aunt,1135
agora,1136
agoraphobia,1137
agouti,1138
agoutis,1139
agra,1140
agrarian,1141
agree,1142
agreeable,1143
agreeably,1144
agreed,1145
agreed_upon,1146
agreeing,1147
agreement,1148
agreements,1149
agrees,1150
agricola,1151
agricultural,1152
agriculturalist,1153
agriculture,1154
agriculturist,1155
agrimony,1156
agrippa,1157
agronomist,1158
aground,1159
ague,1160
agues,1161
agueweed,1162
ahab,1163
ahead,1164
ahead_of_time,1165
ahimsa,1166
ahriman,1167
aid,1168
aide,1169
aide-de-camp,1170
aide-memoire,1171
aided,1172
aides,1173
aiding,1174
aids,1175
aigrette,1176
aikido,1177
ail,1178
ailanthus,1179
ailed,1180
aileron,1181
ailerons,1182
ailing,1183
ailment,1184
ailments,1185
ails,1186
aim,1187
aimed,1188
aimless,1189
aimlessly,1190
aims,1191
aioli,1192
air,1193
air-drop,1194
air-intake,1195
air-to-air_missile,1196
air_bag,1197
air_conditioner,1198
air_cover,1199
air_current,1200
air_duct,1201
air_force,1202
air_hole,1203
air_jacket,1204
air_letter,1205
air_marshal,1206
air_passage,1207
air_passages,1208
air_pocket,1209
air_pollution,1210
air_potato,1211
air_pump,1212
air_raid,1213
air_rifle,1214
air_sac,1215
air_sacs,1216
air_space,1217
air_transport,1218
air_traveller,1219
airborne,1220
airbrush,1221
airbus,1222
aircraft,1223
aircraft_carrier,1224
aircrew,1225
aircrewman,1226
airdrop,1227
aire,1228
aired,1229
airedale,1230
airedale_terrier,1231
airedales,1232
airfield,1233
airflow,1234
airfoil,1235
airgun,1236
airhead,1237
airheads,1238
airier,1239
airily,1240
airing,1241
airing_cupboard,1242
airless,1243
airlift,1244
airline,1245
airliner,1246
airlock,1247
airmail,1248
airman,1249
airmanship,1250
airmen,1251
airplane,1252
airplanes,1253
airport,1254
airs,1255
airscrew,1256
airship,1257
airships,1258
airspace,1259
airstream,1260
airstrip,1261
airtight,1262
airway,1263
airways,1264
airwoman,1265
airwomen,1266
airworthy,1267
airy,1268
aisle,1269
aisles,1270
aitchbone,1271
aix-la-chapelle,1272
ajar,1273
ajax,1274
akee,1275
akimbo,1276
akin,1277
akinesia,1278
akvavit,1279
al,1280
al_capone,1281
al_dente,1282
alabama,1283
alabamian,1284
alabaster,1285
alacrity,1286
aladdin,1287
alamo,1288
alar,1289
alarm,1290
alarm_bell,1291
alarmed,1292
alarming,1293
alarmist,1294
alarmists,1295
alarms,1296
alarum,1297
alarums,1298
alary,1299
alas,1300
alaska,1301
alaskan,1302
alaskans,1303
alb,1304
albacore,1305
albacores,1306
alban_berg,1307
albania,1308
albanian,1309
albany,1310
albatross,1311
albee,1312
albert,1313
alberta,1314
alberts,1315
albino,1316
albion,1317
album,1318
albumen,1319
albumin,1320
albums,1321
alcaic,1322
alcazar,1323
alchemise,1324
alchemist,1325
alchemy,1326
alcohol,1327
alcoholic,1328
alcoholic_beverage,1329
alcoholic_drink,1330
alcoholic_drinks,1331
alcott,1332
alcove,1333
alcoves,1334
aldebaran,1335
aldehyde,1336
alder,1337
alderman,1338
aldermen,1339
alders,1340
aldose,1341
ale,1342
aleatory,1343
alec_guinness,1344
alecost,1345
alecto,1346
alehouse,1347
alehouses,1348
alembic,1349
aleph,1350
aleppo,1351
alert,1352
alerted,1353
alerting,1354
alertly,1355
alertness,1356
alerts,1357
ales,1358
aleutian,1359
aleutian_islands,1360
alewife,1361
alewives,1362
alexander,1363
alexander_pope,1364
alexandre_dumas,1365
alexandria,1366
alexandrines,1367
alexia,1368
alfalfa,1369
alfred,1370
alfred_hitchcock,1371
alfred_tennyson,1372
alfred_the_great,1373
alfresco,1374
alga,1375
algae,1376
algarrobas,1377
algebra,1378
algeria,1379
algerian,1380
algerians,1381
algid,1382
algiers,1383
algol,1384
algonkin,1385
algonquin,1386
algorithm,1387
algorithms,1388
alhambra,1389
ali,1390
ali_baba,1391
alias,1392
alibi,1393
alibis,1394
alidade,1395
alien,1396
alienate,1397
alienated,1398
alienates,1399
alienation,1400
aliens,1401
alight,1402
alighting,1403
align,1404
aligned,1405
aligning,1406
alignment,1407
aligns,1408
alike,1409
aliment,1410
alimentary,1411
alimentary_canal,1412
alimented,1413
aliments,1414
alimonies,1415
alimony,1416
alisma,1417
alistair_cooke,1418
alive,1419
aliveness,1420
alkahest,1421
alkali,1422
alkalies,1423
alkaloid,1424
alkanet,1425
alky,1426
alkyd,1427
all,1428
all-embracing,1429
all-encompassing,1430
all-important,1431
all-inclusive,1432
all-knowing,1433
all-out,1434
all-powerful,1435
all-purpose,1436
all-round,1437
all-rounder,1438
all-time,1439
all_at_once,1440
all_day_long,1441
all_fours,1442
all_in,1443
all_in_all,1444
all_of_a_sudden,1445
all_over,1446
all_right,1447
all_the_same,1448
all_the_time,1449
all_the_way,1450
all_together,1451
all_told,1452
allah,1453
allargando,1454
allay,1455
allaying,1456
allegation,1457
allege,1458
alleged,1459
alleges,1460
allegheny,1461
allegiance,1462
allegiant,1463
alleging,1464
allegoric,1465
allegories,1466
allegory,1467
allegretto,1468
allegro,1469
allele,1470
allemande,1471
allen,1472
allen_wrench,1473
allergen,1474
allergic,1475
allergic_reaction,1476
allergist,1477
allergy,1478
alleviate,1479
alleviated,1480
alleviates,1481
alleviating,1482
alley,1483
alley_cats,1484
alleys,1485
alleyway,1486
alliance,1487
alliances,1488
allice,1489
allied,1490
allies,1491
alligator,1492
allis,1493
alliteration,1494
allocate,1495
allocated,1496
allocates,1497
allocation,1498
allomorph,1499
allot,1500
allotment,1501
allotments,1502
allots,1503
allotted,1504
allow,1505
allowable,1506
allowance,1507
allowances,1508
allowed,1509
allowing,1510
allows,1511
alloy,1512
alloys,1513
allspice,1514
allude,1515
alluded,1516
alludes,1517
allure,1518
allured,1519
allurement,1520
allures,1521
alluring,1522
allusion,1523
allusive,1524
alluvial_deposit,1525
alluvial_deposits,1526
alluvial_flat,1527
ally,1528
allying,1529
allyl,1530
alma_mater,1531
alma_maters,1532
almanac,1533
almanacs,1534
almandine,1535
almighty,1536
almond,1537
almonds,1538
almoner,1539
almost,1540
alms,1541
alnus,1542
aloe,1543
aloe_vera,1544
aloft,1545
aloha,1546
aloha_state,1547
alohas,1548
alone,1549
along,1550
alongside,1551
aloof,1552
aloofness,1553
aloud,1554
alp,1555
alpaca,1556
alpacas,1557
alpha,1558
alpha_centauri,1559
alpha_ray,1560
alpha_rhythm,1561
alphabet,1562
alphabetic,1563
alphabetical,1564
alphabetise,1565
alphabets,1566
alpine,1567
alpinist,1568
alpinists,1569
alps,1570
already,1571
alright,1572
alsace,1573
alsatia,1574
alsatian,1575
alsatians,1576
also,1577
also-ran,1578
also_known_as,1579
alt,1580
altair,1581
altar,1582
altar_boy,1583
altarpiece,1584
altars,1585
alter,1586
alter_ego,1587
alter_egos,1588
alterability,1589
alteration,1590
alterations,1591
altercation,1592
altercations,1593
altered,1594
altering,1595
alternate,1596
alternation,1597
alternation_of_generations,1598
alternative,1599
alternative_medicine,1600
alternatively,1601
alternatives,1602
alters,1603
althea,1604
altimeter,1605
altitude,1606
alto,1607
altocumuli,1608
altogether,1609
altoists,1610
altos,1611
altostratus,1612
altruism,1613
altruist,1614
alum,1615
alumina,1616
aluminium,1617
aluminum,1618
alumna,1619
alumnae,1620
alumni,1621
alumnus,1622
alveoli,1623
alveolus,1624
always,1625
alyssum,1626
amadavat,1627
amah,1628
amain,1629
amalgam,1630
amalgamate,1631
amalgamation,1632
amalgams,1633
amanita,1634
amanuensis,1635
amaranth,1636
amaretto,1637
amaryllis,1638
amass,1639
amassed,1640
amasses,1641
amassing,1642
amateur,1643
amateurish,1644
amateurs,1645
amati,1646
amatory,1647
amaze,1648
amazed,1649
amazement,1650
amazing,1651
amazingly,1652
amazon,1653
ambassador,1654
ambassadors,1655
ambassadorship,1656
ambassadress,1657
amber,1658
ambergris,1659
ambiance,1660
ambidextrous,1661
ambience,1662
ambient,1663
ambiguity,1664
ambiguous,1665
ambit,1666
ambition,1667
ambitions,1668
ambitious,1669
ambits,1670
ambivalence,1671
ambivalent,1672
amble,1673
ambled,1674
ambler,1675
ambles,1676
ambling,1677
ambo,1678
ambrose,1679
ambrosia,1680
ambrosial,1681
ambulance,1682
ambulances,1683
ambulant,1684
ambulate,1685
ambulates,1686
ambulation,1687
ambulatory,1688
ambuscade,1689
ambush,1690
ambushed,1691
ambushes,1692
ambushing,1693
ameer,1694
ameers,1695
amelia,1696
amelia_earhart,1697
ameliorate,1698
amelioration,1699
amen,1700
amen_corner,1701
amenable,1702
amend,1703
amendatory,1704
amended,1705
amendment,1706
amendments,1707
amends,1708
amenities,1709
amenity,1710
amerce,1711
amerced,1712
america,1713
american,1714
american_capital,1715
american_elm,1716
american_flag,1717
american_indian,1718
american_plane,1719
american_state,1720
americana,1721
americans,1722
americas,1723
amerindian,1724
amerinds,1725
amethyst,1726
amethysts,1727
amex,1728
amharic,1729
amiability,1730
amiable,1731
amicable,1732
amides,1733
amigo,1734
amigos,1735
amine,1736
amines,1737
amino,1738
amino_acid,1739
amino_acids,1740
amish,1741
amiss,1742
amity,1743
amman,1744
ammeter,1745
ammo,1746
ammonia,1747
ammonite,1748
ammunition,1749
amnesia,1750
amnesiac,1751
amnesic,1752
amnesty,1753
amnia,1754
amniocentesis,1755
amniote,1756
amniotic_fluid,1757
amoeba,1758
amok,1759
amontillado,1760
amorally,1761
amorist,1762
amorous,1763
amorphous,1764
amortise,1765
amos,1766
amount,1767
amount_of_money,1768
amounts,1769
amour,1770
amour_propre,1771
ampere,1772
ampersand,1773
ampersands,1774
amphetamine,1775
amphibia,1776
amphibian,1777
amphibians,1778
amphitheatre,1779
amphora,1780
amphorae,1781
amphoras,1782
ampicillin,1783
ample,1784
ampleness,1785
ampler,1786
amplified,1787
amplifier,1788
amplifiers,1789
amplifies,1790
amplify,1791
amplitude,1792
amply,1793
ampoule,1794
amps,1795
ampulla,1796
ampullae,1797
amputate,1798
amputation,1799
amsterdam,1800
amuck,1801
amulet,1802
amulets,1803
amundsen,1804
amuse,1805
amused,1806
amusement,1807
amusement_arcade,1808
amusement_park,1809
amusements,1810
amuses,1811
amusing,1812
amusingly,1813
amygdalae,1814
amyl,1815
amytal,1816
an,1817
ana,1818
anabolic_steroid,1819
anachronistic,1820
anaconda,1821
anacondas,1822
anaemia,1823
anaemic,1824
anaesthesia,1825
anaesthetic,1826
anaesthetics,1827
anaesthetise,1828
anaesthetised,1829
anaesthetist,1830
anaesthetists,1831
anagram,1832
anagrammatise,1833
anal,1834
analects,1835
analgesia,1836
analgesic,1837
analog_computer,1838
analogise,1839
analogous,1840
analogue,1841
analogy,1842
analyse,1843
analysed,1844
analyses,1845
analysing,1846
analysis,1847
analyst,1848
analysts,1849
analytic,1850
analytical,1851
analyze,1852
anamnesis,1853
ananas,1854
ananias,1855
anapaest,1856
anaphora,1857
anarchic,1858
anarchism,1859
anarchist,1860
anarchy,1861
anastomose,1862
anastomosing,1863
anathema,1864
anatolia,1865
anatolian,1866
anatomies,1867
anatomise,1868
anatomist,1869
anatomists,1870
anatomy,1871
ancestor,1872
ancestors,1873
ancestral,1874
ancestry,1875
anchor,1876
anchorage,1877
anchored,1878
anchorite,1879
anchorites,1880
anchorman,1881
anchors,1882
anchovies,1883
anchovy,1884
ancient,1885
ancient_greek,1886
ancient_greeks,1887
ancient_history,1888
ancientness,1889
ancients,1890
ancillary,1891
and_how,1892
and_so_on,1893
and_then_some,1894
andalusian,1895
andante,1896
andantino,1897
andersen,1898
anderson,1899
andes,1900
andesite,1901
andiron,1902
andorra,1903
andorran,1904
andrei_sakharov,1905
andrew,1906
androgen,1907
android,1908
androids,1909
andromeda,1910
andromeda_galaxy,1911
anecdotal,1912
anecdote,1913
anecdotes,1914
anecdotist,1915
anemone,1916
anemones,1917
anesthetic,1918
aneurism,1919
anew,1920
angel,1921
angel_cake,1922
angel_dust,1923
angel_falls,1924
angelfish,1925
angelic,1926
angelica,1927
angelical,1928
angels,1929
angelus,1930
anger,1931
angered,1932
angering,1933
angers,1934
angevin,1935
angina,1936
angiogram,1937
angle,1938
angle_iron,1939
angled,1940
angler,1941
anglerfish,1942
anglers,1943
angles,1944
anglesey,1945
angleworm,1946
anglican,1947
anglicanism,1948
angling,1949
anglo-saxons,1950
angola,1951
angolan,1952
angolans,1953
angora,1954
angoras,1955
angostura,1956
angriest,1957
angrily,1958
angry,1959
angst,1960
angstrom,1961
angsts,1962
anguish,1963
anguished,1964
angular,1965
angular_unit,1966
angus,1967
anil,1968
anile,1969
anima,1970
animadversion,1971
animal,1972
animal_disease,1973
animal_fat,1974
animal_husbandry,1975
animal_kingdom,1976
animal_magnetism,1977
animal_skins,1978
animals,1979
animate,1980
animated,1981
animatedly,1982
animates,1983
animation,1984
animator,1985
anime,1986
animosity,1987
animus,1988
anis,1989
anise,1990
aniseed,1991
anisette,1992
anisettes,1993
anjou,1994
ankara,1995
ankle,1996
anklet,1997
anklets,1998
anna,1999
annalist,2000
annals,2001
annapolis,2002
annapurna,2003
anne,2004
anne_boleyn,2005
anne_bronte,2006
anne_hathaway,2007
anneal,2008
annealed,2009
annealing,2010
annelid,2011
annelids,2012
annex,2013
annexation,2014
annexe,2015
annexed,2016
annexes,2017
annexing,2018
annihilate,2019
annihilation,2020
anniversary,2021
anno_domini,2022
annon,2023
annotate,2024
annotation,2025
annotator,2026
announce,2027
announced,2028
announcement,2029
announcements,2030
announcer,2031
announcers,2032
announces,2033
announcing,2034
annoy,2035
annoyance,2036
annoyances,2037
annoyed,2038
annoying,2039
annoys,2040
annual,2041
annually,2042
annuals,2043
annuity,2044
annul,2045
annular,2046
annulet,2047
annuli,2048
annulled,2049
annulling,2050
annulment,2051
annulus,2052
annunciate,2053
anoa,2054
anode,2055
anodes,2056
anodyne,2057
anodynes,2058
anoint,2059
anointed,2060
anointment,2061
anoints,2062
anole,2063
anomala,2064
anomalies,2065
anomalous,2066
anomaly,2067
anomie,2068
anon,2069
anonym,2070
anonymity,2071
anonymous,2072
anonymously,2073
anorak,2074
anoraks,2075
anorexic,2076
another,2077
anouilh,2078
anselm,2079
anserine,2080
answer,2081
answerable,2082
answered,2083
answerers,2084
answering,2085
answers,2086
ant,2087
antacid,2088
antagonise,2089
antagonised,2090
antagonism,2091
antagonist,2092
antagonistic,2093
antagonists,2094
antarctic,2095
antarctic_ocean,2096
antarctica,2097
antares,2098
ante,2099
ante_meridiem,2100
anteater,2101
antecede,2102
antecedence,2103
antecedent,2104
antecedents,2105
antechamber,2106
antechambers,2107
antediluvian,2108
antelope,2109
antelopes,2110
antenatal,2111
antenna,2112
antennae,2113
anterior,2114
anteroom,2115
anterooms,2116
anthem,2117
anthems,2118
anther,2119
anthill,2120
anthology,2121
anthony,2122
anthony_hopkins,2123
anthony_trollope,2124
anthracite,2125
anthrax,2126
anthropoid,2127
anthropologist,2128
anthropologists,2129
anthropomorphic,2130
anti,2131
anti-inflammatory,2132
antibacterial,2133
antibiotic,2134
antibody,2135
antic,2136
antichrist,2137
anticipate,2138
anticipated,2139
anticipates,2140
anticipating,2141
anticipation,2142
anticlimax,2143
anticoagulant,2144
antics,2145
anticyclone,2146
anticyclones,2147
antidepressant,2148
antidepressants,2149
antidote,2150
antidotes,2151
antigen,2152
antigone,2153
antigua,2154
antiguan,2155
antihero,2156
antihistamine,2157
antilles,2158
antimacassar,2159
antimatter,2160
antimony,2161
antineutron,2162
antinomy,2163
antioxidant,2164
antipasto,2165
antipastos,2166
antipathetic,2167
antipathy,2168
antiperspirant,2169
antiphon,2170
antiphony,2171
antipode,2172
antipodean,2173
antipodes,2174
antiquary,2175
antiquated,2176
antique,2177
antiques,2178
antiquity,2179
antis,2180
antiseptic,2181
antisocial,2182
antistrophe,2183
antitheses,2184
antithesis,2185
antithetical,2186
antitoxin,2187
antivenins,2188
antiviral,2189
antiviral_agent,2190
antler,2191
antonin_dvorak,2192
antony,2193
antonym,2194
antonyms,2195
antra,2196
ants,2197
antsy,2198
antwerp,2199
anubis,2200
anura,2201
anvil,2202
anxieties,2203
anxiety,2204
anxious,2205
anxiously,2206
any,2207
anyhow,2208
anymore,2209
anyway,2210
anzac,2211
aorist,2212
aorta,2213
aortic,2214
aoudads,2215
apace,2216
apache,2217
apart,2218
apartheid,2219
apartment,2220
apartment_building,2221
apartments,2222
apathetic,2223
apathy,2224
apatite,2225
ape,2226
ape-man,2227
aped,2228
apennines,2229
aper,2230
apercu,2231
apercus,2232
aperient,2233
aperiodic,2234
aperitif,2235
aperitifs,2236
aperture,2237
apertures,2238
apery,2239
apes,2240
apex,2241
apexes,2242
aphasia,2243
aphid,2244
aphids,2245
aphorism,2246
aphorisms,2247
aphrodisiac,2248
aphrodite,2249
apiarist,2250
apiarists,2251
apiary,2252
apices,2253
apiece,2254
aping,2255
apish,2256
aplomb,2257
apnea,2258
apocalypse,2259
apocope,2260
apocrypha,2261
apocryphal,2262
apogee,2263
apollo,2264
apollos,2265
apologetic,2266
apologia,2267
apologies,2268
apologise,2269
apologises,2270
apologist,2271
apology,2272
apophthegm,2273
apoplectic,2274
apoplexy,2275
apostasies,2276
apostasy,2277
apostate,2278
apostates,2279
apostle,2280
apostles,2281
apostrophe,2282
apostrophes,2283
apostrophise,2284
apostrophises,2285
apothecaries,2286
apothecary,2287
apothegm,2288
apotheosis,2289
apotheosise,2290
appal,2291
appalachians,2292
appalled,2293
appalling,2294
appaloosa,2295
appals,2296
appanage,2297
apparatus,2298
apparel,2299
apparent,2300
apparently,2301
apparition,2302
apparitions,2303
appeal,2304
appealed,2305
appealing,2306
appeals,2307
appear,2308
appearance,2309
appearances,2310
appeared,2311
appearing,2312
appears,2313
appease,2314
appeased,2315
appeasement,2316
appeaser,2317
appeases,2318
appellation,2319
appellations,2320
append,2321
appendage,2322
appendages,2323
appendectomies,2324
appended,2325
appendices,2326
appendicitis,2327
appendix,2328
appends,2329
appertain,2330
appertains,2331
appetence,2332
appetent,2333
appetiser,2334
appetisers,2335
appetising,2336
appetite,2337
appetites,2338
appetizer,2339
appetizers,2340
applaud,2341
applauded,2342
applauding,2343
applauds,2344
applause,2345
apple,2346
apple_pie,2347
apple_polisher,2348
apple_sauce,2349
apple_tart,2350
apple_turnover,2351
applejack,2352
apples,2353
applet,2354
applets,2355
applewood,2356
appliance,2357
appliances,2358
applicable,2359
applicant,2360
applicants,2361
application,2362
applications,2363
applied,2364
applied_mathematics,2365
applied_maths,2366
applied_science,2367
applies,2368
applique,2369
apply,2370
applying,2371
appoint,2372
appointed,2373
appointee,2374
appointing,2375
appointment,2376
appointments,2377
appoints,2378
apportion,2379
apportionments,2380
apportions,2381
apposite,2382
appraisal,2383
appraise,2384
appraiser,2385
appraisers,2386
appraises,2387
appraising,2388
appreciable,2389
appreciate,2390
appreciated,2391
appreciates,2392
appreciating,2393
appreciation,2394
appreciative,2395
apprehend,2396
apprehended,2397
apprehends,2398
apprehension,2399
apprehensions,2400
apprehensive,2401
apprentice,2402
apprentices,2403
apprenticeship,2404
apprise,2405
apprised,2406
apprises,2407
apprising,2408
approach,2409
approach_shot,2410
approachable,2411
approached,2412
approaches,2413
approaching,2414
approbation,2415
appropriate,2416
appropriated,2417
appropriately,2418
appropriateness,2419
appropriates,2420
appropriating,2421
appropriation,2422
approval,2423
approve,2424
approved,2425
approves,2426
approving,2427
approximate,2428
approximated,2429
approximately,2430
appurtenant,2431
apricot,2432
apricots,2433
april,2434
apron,2435
aprons,2436
apropos,2437
apse,2438
apses,2439
apt,2440
apteryx,2441
aptitude,2442
aptitudes,2443
aptness,2444
aqaba,2445
aqua,2446
aqua_vitae,2447
aqualung,2448
aquamarine,2449
aquanaut,2450
aquaplane,2451
aquaria,2452
aquarium,2453
aquariums,2454
aquarius,2455
aquatic_bird,2456
aquatic_birds,2457
aquatic_mammal,2458
aquatic_mammals,2459
aquatic_plant,2460
aquatint,2461
aquavit,2462
aqueduct,2463
aqueous,2464
aquifer,2465
aquila,2466
aquilegia,2467
aquiline,2468
aquinas,2469
aquitaine,2470
arab,2471
arab_chief,2472
arabesque,2473
arabian,2474
arabian_sea,2475
arabians,2476
arabic,2477
arabist,2478
arable,2479
arabs,2480
arachnid,2481
aragonite,2482
arak,2483
aral_sea,2484
aramaic,2485
aranea,2486
arapaho,2487
ararat,2488
araroba,2489
araucaria,2490
arbalest,2491
arbiter,2492
arbiters,2493
arbitrageur,2494
arbitrarily,2495
arbitrary,2496
arbitrate,2497
arbitrates,2498
arbitration,2499
arbitrator,2500
arboreal,2501
arboreta,2502
arboretum,2503
arbour,2504
arbours,2505
arbutus,2506
arc,2507
arc_lamp,2508
arc_lamps,2509
arc_light,2510
arc_tangent,2511
arcade,2512
arcadia,2513
arcadian,2514
arcana,2515
arcane,2516
arcanum,2517
arced,2518
arch,2519
archaeologist,2520
archaeology,2521
archaic,2522
archaism,2523
archangel,2524
archangels,2525
archbishop,2526
archbishops,2527
archdeacon,2528
archdeacons,2529
archdiocese,2530
arched,2531
archer,2532
archers,2533
archery,2534
arches,2535
archetypal,2536
archetype,2537
archetypical,2538
archil,2539
archimedes,2540
arching,2541
archipelago,2542
archipelagos,2543
architect,2544
architects,2545
architectural,2546
architectural_style,2547
architecture,2548
architrave,2549
archive,2550
archives,2551
archivist,2552
archly,2553
archness,2554
archway,2555
archways,2556
arco,2557
arcs,2558
arctic,2559
arctic_circle,2560
arctic_ocean,2561
arcturus,2562
arcuate,2563
arcus,2564
ardeb,2565
ardennes,2566
ardent,2567
ardently,2568
ardor,2569
ardour,2570
ardours,2571
ards,2572
arduous,2573
are,2574
area,2575
areas,2576
areaway,2577
areca,2578
arena,2579
arenas,2580
ares,2581
arete,2582
arethusa,2583
argali,2584
argent,2585
argentic,2586
argentina,2587
argentine,2588
argentines,2589
argentite,2590
argents,2591
argil,2592
argo,2593
argon,2594
argonaut,2595
argonauts,2596
argonne,2597
argosy,2598
argot,2599
argots,2600
arguable,2601
arguably,2602
argue,2603
argued,2604
argues,2605
arguing,2606
argument,2607
argumentation,2608
argumentative,2609
arguments,2610
argus,2611
argy-bargy,2612
argyle,2613
argyll,2614
aria,2615
ariadne,2616
arias,2617
arid,2618
aridity,2619
aridness,2620
aries,2621
arietta,2622
aright,2623
arise,2624
arisen,2625
arising,2626
aristocracy,2627
aristocrat,2628
aristocratic,2629
aristocrats,2630
aristophanes,2631
aristotle,2632
arithmetic,2633
arithmetically,2634
arizona,2635
arjuna,2636
ark,2637
arkansan,2638
arkansas,2639
arks,2640
arles,2641
arm,2642
arm-twisting,2643
arm_bones,2644
armada,2645
armadas,2646
armadillo,2647
armadillos,2648
armageddon,2649
armagnac,2650
armament,2651
armaments,2652
armature,2653
armatures,2654
armband,2655
armchair,2656
armed,2657
armed_forces,2658
armed_robbery,2659
armenia,2660
armenian,2661
armhole,2662
armies,2663
armiger,2664
arming,2665
armistice,2666
armless,2667
armlet,2668
armoire,2669
armoires,2670
armorial,2671
armour,2672
armour_plate,2673
armoured,2674
armoured_car,2675
armoured_vehicle,2676
armoury,2677
armpit,2678
armpits,2679
armrest,2680
armrests,2681
arms,2682
armstrong,2683
army,2684
army_corps,2685
army_engineer,2686
army_officer,2687
army_officers,2688
army_unit,2689
army_units,2690
arnhem,2691
arnica,2692
arno,2693
arnold,2694
aroid,2695
aroma,2696
aromas,2697
aromatic,2698
aromatise,2699
arose,2700
around,2701
around-the-clock,2702
around_the_bend,2703
around_the_clock,2704
arousal,2705
arouse,2706
aroused,2707
arouses,2708
arousing,2709
arpeggio,2710
arrack,2711
arraign,2712
arraigned,2713
arraigns,2714
arrange,2715
arranged,2716
arrangement,2717
arrangements,2718
arranger,2719
arrangers,2720
arranges,2721
arranging,2722
arrant,2723
arras,2724
array,2725
arrayed,2726
arrays,2727
arrears,2728
arrest,2729
arrested,2730
arrester,2731
arresting,2732
arrests,2733
arrhenius,2734
arrival,2735
arrival_time,2736
arrive,2737
arrive_at,2738
arrived,2739
arrivederci,2740
arrives,2741
arriviste,2742
arrogance,2743
arrogant,2744
arrogantly,2745
arrogate,2746
arrogates,2747
arrow,2748
arrowhead,2749
arrowroot,2750
arrows,2751
arroyo,2752
arse,2753
arsenal,2754
arsenate,2755
arsenic,2756
arson,2757
arsonist,2758
arsonists,2759
arsons,2760
art,2761
art_deco,2762
art_form,2763
art_forms,2764
art_gallery,2765
art_movement,2766
art_nouveau,2767
art_school,2768
artal,2769
artefact,2770
artel,2771
artemis,2772
artemisia,2773
arterial,2774
arteries,2775
artery,2776
artesian,2777
artful,2778
artfulness,2779
arthritis,2780
arthropod,2781
arthropods,2782
arthur,2783
arthur_koestler,2784
arthurian,2785
artichoke,2786
article,2787
article_of_clothing,2788
article_of_faith,2789
article_of_furniture,2790
articles,2791
articulate,2792
articulated,2793
articulates,2794
articulating,2795
articulation,2796
articulations,2797
artifact,2798
artifacts,2799
artifice,2800
artificer,2801
artificers,2802
artifices,2803
artificial,2804
artificial_intelligence,2805
artificial_lake,2806
artificial_language,2807
artificial_satellite,2808
artificially,2809
artillery,2810
artilleryman,2811
artisan,2812
artisans,2813
artist,2814
artist's_model,2815
artist's_workroom,2816
artiste,2817
artistes,2818
artistic,2819
artistic_movement,2820
artistic_production,2821
artistic_style,2822
artistry,2823
artists,2824
artless,2825
artlessness,2826
arts,2827
arturo_toscanini,2828
artwork,2829
artworks,2830
arty,2831
aruba,2832
arui,2833
arum,2834
arum_lily,2835
arums,2836
as,2837
as_a_group,2838
as_a_matter_of_fact,2839
as_it_is,2840
as_it_were,2841
as_much_as_possible,2842
as_required,2843
as_such,2844
as_the_crow_flies,2845
as_usual,2846
as_well,2847
as_yet,2848
asafoetida,2849
asana,2850
asanas,2851
asap,2852
asbestos,2853
asbestosis,2854
ascend,2855
ascendancy,2856
ascendant,2857
ascended,2858
ascender,2859
ascenders,2860
ascends,2861
ascension,2862
ascension_day,2863
ascent,2864
ascents,2865
ascertain,2866
ascertained,2867
ascertaining,2868
ascertains,2869
ascesis,2870
ascetic,2871
asceticism,2872
ascetics,2873
asci,2874
ascites,2875
ascot,2876
ascots,2877
ascribe,2878
ascribed,2879
ascribes,2880
ascus,2881
asdic,2882
asea,2883
asepsis,2884
aseptic,2885
asexual,2886
ash,2887
ashamed,2888
ashe,2889
ashen,2890
ashes,2891
ashier,2892
ashlar,2893
ashlars,2894
ashore,2895
ashram,2896
ashrams,2897
ashy,2898
asia,2899
asia_minor,2900
asian,2901
asian_country,2902
asian_nation,2903
asians,2904
aside,2905
asides,2906
asimov,2907
asinine,2908
asininity,2909
ask,2910
ask_for,2911
ask_jeeves,2912
askance,2913
askant,2914
asked,2915
askew,2916
asking,2917
asks,2918
aslant,2919
asleep,2920
aslope,2921
asmara,2922
asocial,2923
asp,2924
asparagus,2925
aspartame,2926
aspect,2927
aspects,2928
aspen,2929
aspens,2930
asperity,2931
asperse,2932
aspersed,2933
asperses,2934
aspersion,2935
aspersions,2936
asphalt,2937
asphalts,2938
asphodel,2939
asphyxia,2940
asphyxiate,2941
aspic,2942
aspics,2943
aspidistra,2944
aspirant,2945
aspirants,2946
aspirate,2947
aspirated,2948
aspirates,2949
aspiration,2950
aspirations,2951
aspirator,2952
aspire,2953
aspired,2954
aspires,2955
aspirin,2956
aspiring,2957
asps,2958
ass,2959
assagai,2960
assagais,2961
assail,2962
assailant,2963
assailants,2964
assailed,2965
assailing,2966
assails,2967
assam,2968
assamese,2969
assassin,2970
assassin_bug,2971
assassinate,2972
assassinating,2973
assassination,2974
assassins,2975
assault,2976
assault_and_battery,2977
assault_rifle,2978
assaulted,2979
assaults,2980
assay,2981
assayed,2982
assayer,2983
assaying,2984
assays,2985
assegai,2986
assemblage,2987
assemble,2988
assembled,2989
assembles,2990
assemblies,2991
assembling,2992
assembly,2993
assemblyman,2994
assent,2995
assented,2996
assenting,2997
assents,2998
assert,2999
asserted,3000
assertion,3001
assertions,3002
assertive,3003
assertively,3004
asserts,3005
asses,3006
assess,3007
assessed,3008
assessee,3009
assesses,3010
assessing,3011
assessment,3012
assessments,3013
assessor,3014
assessors,3015
asset,3016
assets,3017
asseverate,3018
asseverated,3019
assiduous,3020
assign,3021
assignation,3022
assigned,3023
assignment,3024
assignments,3025
assignor,3026
assigns,3027
assimilate,3028
assimilating,3029
assimilation,3030
assimilator,3031
assist,3032
assistance,3033
assistant,3034
assistants,3035
assisted,3036
assists,3037
assize,3038
associate,3039
associate_degree,3040
associated,3041
associates,3042
associating,3043
association,3044
associations,3045
assoils,3046
assonance,3047
assonant,3048
assort,3049
assorted,3050
assortment,3051
assorts,3052
assuage,3053
assuaged,3054
assuagement,3055
assuages,3056
assuaging,3057
assuasive,3058
assume,3059
assumed,3060
assumed_name,3061
assumes,3062
assuming,3063
assumption,3064
assumptions,3065
assurance,3066
assurances,3067
assure,3068
assured,3069
assuredly,3070
assuredness,3071
assures,3072
assyrian,3073
astaire,3074
astarte,3075
astatic,3076
astatine,3077
aster,3078
asterisk,3079
asterisked,3080
astern,3081
asteroid,3082
asteroid_belt,3083
asteroids,3084
asters,3085
asthenia,3086
asthenopia,3087
asthma,3088
astigmatism,3089
astilbe,3090
astilbes,3091
astir,3092
astonish,3093
astonished,3094
astonishing,3095
astonishment,3096
astound,3097
astounded,3098
astounding,3099
astounds,3100
astraddle,3101
astragal,3102
astragalus,3103
astrakhan,3104
astral,3105
astray,3106
astride,3107
astringency,3108
astringent,3109
astringents,3110
astrodome,3111
astrolabe,3112
astrologer,3113
astrology,3114
astronaut,3115
astronomer,3116
astronomers,3117
astronomical,3118
astronomy,3119
astrophysicist,3120
astrophysicists,3121
astrophysics,3122
astute,3123
astutely,3124
astuteness,3125
astuter,3126
asuncion,3127
asunder,3128
aswan,3129
asylum,3130
asylums,3131
asymmetric,3132
asymmetrical,3133
asymmetry,3134
at,3135
at_a_loss,3136
at_a_time,3137
at_all,3138
at_any_cost,3139
at_any_rate,3140
at_bay,3141
at_best,3142
at_bottom,3143
at_close_range,3144
at_fault,3145
at_first_glance,3146
at_first_hand,3147
at_first_sight,3148
at_hand,3149
at_heart,3150
at_home,3151
at_large,3152
at_last,3153
at_least,3154
at_leisure,3155
at_length,3156
at_loggerheads,3157
at_most,3158
at_odds,3159
at_once,3160
at_one_time,3161
at_peace,3162
at_present,3163
at_random,3164
at_rest,3165
at_sea,3166
at_stake,3167
at_that_place,3168
at_the_most,3169
at_the_ready,3170
at_the_same_time,3171
at_times,3172
at_will,3173
at_work,3174
atar,3175
ataractic,3176
ate,3177
atelier,3178
ateliers,3179
atenolol,3180
atheism,3181
atheist,3182
atheistic,3183
athelstan,3184
athena,3185
athenaeum,3186
athene,3187
athenian,3188
athenians,3189
athens,3190
athirst,3191
athlete,3192
athletes,3193
athletic,3194
athletic_competition,3195
athletic_contest,3196
athletic_facility,3197
athletics,3198
athos,3199
athwart,3200
atilt,3201
atlanta,3202
atlantic,3203
atlantic_ocean,3204
atlantic_salmon,3205
atlantis,3206
atlas,3207
atlases,3208
atm,3209
atmosphere,3210
atmospheric_condition,3211
atmospheric_conditions,3212
atmospheric_phenomenon,3213
atoll,3214
atolls,3215
atom,3216
atom_bomb,3217
atom_bombs,3218
atomic,3219
atomise,3220
atomised,3221
atomiser,3222
atomizing,3223
atoms,3224
atonal,3225
atone,3226
atoned,3227
atonement,3228
atonic,3229
atoning,3230
atop,3231
atria,3232
atrium,3233
atrocious,3234
atrocity,3235
atrophied,3236
atrophies,3237
atrophy,3238
atropine,3239
attach,3240
attach_to,3241
attachable,3242
attache,3243
attache_case,3244
attached,3245
attaches,3246
attaching,3247
attachment,3248
attack,3249
attacked,3250
attacker,3251
attackers,3252
attacking,3253
attacks,3254
attain,3255
attainable,3256
attained,3257
attainment,3258
attains,3259
attaint,3260
attar,3261
attempt,3262
attempted,3263
attempting,3264
attempts,3265
attend,3266
attend_to,3267
attendance,3268
attendant,3269
attendants,3270
attendee,3271
attender,3272
attending,3273
attends,3274
attention,3275
attentive,3276
attenuate,3277
attest,3278
attestant,3279
attested,3280
attester,3281
attestor,3282
attests,3283
attic,3284
attila,3285
attila_the_hun,3286
attire,3287
attired,3288
attitude,3289
attitudes,3290
attitudinise,3291
attlee,3292
attorney,3293
attorney_general,3294
attorneys,3295
attract,3296
attracted,3297
attracting,3298
attraction,3299
attractions,3300
attractive,3301
attractive_feature,3302
attractive_features,3303
attractiveness,3304
attracts,3305
attribute,3306
attributed,3307
attributes,3308
attrition,3309
attune,3310
attuned,3311
atypical,3312
au_courant,3313
au_gratin,3314
au_naturel,3315
au_pair,3316
au_pairs,3317
au_revoir,3318
auberge,3319
aubergine,3320
auburn,3321
auckland,3322
auction,3323
auction_bridge,3324
auction_sale,3325
auctioned,3326
auctioneering,3327
auctions,3328
audacious,3329
audacity,3330
auden,3331
audible,3332
audibly,3333
audience,3334
audio,3335
audio_system,3336
audios,3337
audiotape,3338
audit,3339
audited,3340
audition,3341
auditions,3342
auditor,3343
auditoria,3344
auditorium,3345
auditoriums,3346
auditors,3347
auditory,3348
audits,3349
auf_wiedersehen,3350
augean,3351
auger,3352
augite,3353
augment,3354
augments,3355
augur,3356
augurs,3357
august,3358
august_plum,3359
augusta,3360
augustine,3361
augustus,3362
auk,3363
auks,3364
auld,3365
aunt,3366
auntie,3367
aunties,3368
aunts,3369
aunty,3370
aura,3371
aurae,3372
aurally,3373
auras,3374
aureate,3375
auric,3376
auricle,3377
auriferous,3378
auriga,3379
aurochs,3380
aurora,3381
aurorae,3382
auroras,3383
aurorean,3384
auschwitz,3385
auspice,3386
auspices,3387
auspicious,3388
aussie,3389
aussies,3390
austen,3391
austenite,3392
austere,3393
austerely,3394
austerity,3395
austerlitz,3396
austin,3397
austral,3398
australasian,3399
australia,3400
australian,3401
australian_capital,3402
austria,3403
austrian,3404
austrians,3405
autarkic,3406
auteur,3407
authentic,3408
authenticate,3409
authenticity,3410
author,3411
authored,3412
authoress,3413
authorisation,3414
authorisations,3415
authorise,3416
authorised,3417
authorises,3418
authorising,3419
authoritarian,3420
authoritarian_regime,3421
authoritative,3422
authorities,3423
authority,3424
authority_figure,3425
authorization,3426
authorize,3427
authorized,3428
authors,3429
authorship,3430
auto,3431
autobahn,3432
autobiographies,3433
autobiography,3434
autobus,3435
autochthones,3436
autoclave,3437
autocrat,3438
autocratic,3439
autocrats,3440
autocue,3441
autogiro,3442
autograph,3443
autographed,3444
automat,3445
automata,3446
automated,3447
automatic,3448
automatic_drive,3449
automatic_pilot,3450
automaton,3451
automobile,3452
automobiles,3453
automotive,3454
autonomous,3455
autonomy,3456
autopilot,3457
autopsy,3458
autos,3459
autostrada,3460
autumn,3461
autumns,3462
auvergne,3463
auxiliary,3464
avail,3465
available,3466
availed,3467
avails,3468
avalanche,3469
avalanches,3470
avant-garde,3471
avarice,3472
avaricious,3473
avatar,3474
avatars,3475
ave_maria,3476
avena,3477
avenge,3478
avenged,3479
avenger,3480
avengers,3481
avens,3482
aventurine,3483
avenue,3484
avenues,3485
aver,3486
average,3487
averages,3488
averred,3489
averring,3490
avers,3491
averse,3492
aversion,3493
aversions,3494
avert,3495
averted,3496
averting,3497
averts,3498
aves,3499
avesta,3500
avestan,3501
avian,3502
aviaries,3503
aviary,3504
aviate,3505
aviates,3506
aviation,3507
aviator,3508
aviators,3509
aviatrix,3510
avid,3511
avifauna,3512
avocado,3513
avocado_pear,3514
avocados,3515
avocation,3516
avocet,3517
avocets,3518
avogadro,3519
avoid,3520
avoidable,3521
avoidance,3522
avoidances,3523
avoided,3524
avoiding,3525
avoids,3526
avoirdupois,3527
avon,3528
avouch,3529
avow,3530
avowal,3531
avowed,3532
avowing,3533
avows,3534
avuncular,3535
await,3536
awaited,3537
awaiting,3538
awake,3539
awaken,3540
awakened,3541
awakening,3542
awakens,3543
award,3544
awarded,3545
awards,3546
aware,3547
awareness,3548
awash,3549
away,3550
awe,3551
awe-inspiring,3552
awed,3553
awesome,3554
awestruck,3555
awful,3556
awfully,3557
awhile,3558
awing,3559
awkward,3560
awkwardly,3561
awkwardness,3562
awl,3563
awless,3564
awn,3565
awned,3566
awning,3567
awnings,3568
awny,3569
awoke,3570
awoken,3571
awol,3572
awry,3573
axe,3574
axed,3575
axes,3576
axial,3577
axillae,3578
axing,3579
axiom,3580
axiomatic,3581
axioms,3582
axis,3583
axle,3584
axles,3585
axolotl,3586
ayah,3587
ayahs,3588
ayatollah,3589
ayatollahs,3590
aye-aye,3591
aye-ayes,3592
ayn_rand,3593
ayrshire,3594
azalea,3595
azaleas,3596
azerbaijan,3597
azeri,3598
azimuth,3599
azores,3600
aztec,3601
azure,3602
azurite,3603
b,3604
ba,3605
baa,3606
baas,3607
baba,3608
babassu,3609
babble,3610
babbling,3611
babe,3612
babel,3613
babies,3614
babirusa,3615
babirussa,3616
baboon,3617
baboonish,3618
baboons,3619
babu,3620
babushka,3621
babushkas,3622
baby,3623
baby's_room,3624
baby-sits,3625
baby-sitting,3626
baby_bed,3627
baby_bird,3628
baby_birds,3629
baby_boomer,3630
baby_carriage,3631
baby_grand,3632
babying,3633
bacca,3634
baccalaureate,3635
baccarat,3636
baccarats,3637
bacchanal,3638
bacchanalian,3639
bacchant,3640
bacchante,3641
bacchic,3642
bacchus,3643
bach,3644
bachelor,3645
bachelor_of_arts,3646
bachelors,3647
bacilli,3648
back,3649
back_and_forth,3650
back_away,3651
back_burner,3652
back_door,3653
back_down,3654
back_end,3655
back_entrance,3656
back_of_beyond,3657
back_off,3658
back_out,3659
back_tooth,3660
back_up,3661
backache,3662
backbenchers,3663
backbit,3664
backbite,3665
backbiter,3666
backbites,3667
backbiting,3668
backboard,3669
backbone,3670
backbreaking,3671
backchat,3672
backdoor,3673
backdown,3674
backdrop,3675
backed,3676
backer,3677
backers,3678
backfire,3679
backfired,3680
backfires,3681
backfiring,3682
backgammon,3683
background,3684
backhand,3685
backhander,3686
backing,3687
backlash,3688
backlog,3689
backpack,3690
backpacker,3691
backpacks,3692
backs,3693
backseat,3694
backside,3695
backslap,3696
backslid,3697
backslide,3698
backslider,3699
backslides,3700
backsliding,3701
backspace,3702
backstage,3703
backstairs,3704
backstop,3705
backsword,3706
backtrack,3707
backup,3708
backups,3709
backward,3710
backwards,3711
backwater,3712
backwaters,3713
backyard,3714
bacon,3715
bacteria,3716
bacteriologist,3717
bacteriologists,3718
bacterium,3719
bactrian_camel,3720
bad,3721
bad-mannered,3722
bad-tempered,3723
bad_blood,3724
bad_debt,3725
bad_egg,3726
bad_guy,3727
bad_hat,3728
bad_luck,3729
bad_person,3730
bad_temper,3731
bad_weather,3732
baddie,3733
baddies,3734
bade,3735
badge,3736
badged,3737
badger,3738
badgered,3739
badgering,3740
badgers,3741
badges,3742
badinage,3743
badlands,3744
badly,3745
badminton,3746
badminton_racket,3747
badmouth,3748
badmouthed,3749
baedeker,3750
baffle,3751
baffled,3752
bafflement,3753
baffles,3754
baffling,3755
bag,3756
bag_lady,3757
bag_of_tricks,3758
bagasse,3759
bagatelle,3760
bagatelles,3761
bagel,3762
baggage,3763
baggage_car,3764
bagged,3765
baghdad,3766
bagnio,3767
bagpipe,3768
bagpiper,3769
bagpipers,3770
bagpipes,3771
bags,3772
baguette,3773
bahai,3774
bahaism,3775
bahamas,3776
bahamian,3777
bahasa,3778
bahasa_indonesia,3779
bahrain,3780
bahraini,3781
baht,3782
bail,3783
bail_out,3784
bailey,3785
baileys,3786
bailiff,3787
bailiffs,3788
bailiwick,3789
bairn,3790
bairns,3791
bait,3792
baited,3793
baiting,3794
baits,3795
baize,3796
bake,3797
baked,3798
baked_alaska,3799
baked_goods,3800
baked_potato,3801
bakelite,3802
baker,3803
bakery,3804
bakeshop,3805
baking,3806
baking_soda,3807
baklava,3808
baksheesh,3809
baku,3810
balaclava,3811
balalaika,3812
balance,3813
balance_sheet,3814
balanced,3815
balanced_diet,3816
balances,3817
balancing,3818
balboa,3819
balconies,3820
balcony,3821
bald,3822
bald_eagle,3823
baldachin,3824
balder,3825
balderdash,3826
baldly,3827
baldric,3828
baldrick,3829
baldwin,3830
bale,3831
bale_out,3832
balearic_islands,3833
baleful,3834
balefully,3835
balfour,3836
bali,3837
balinese,3838
baling,3839
balk,3840
balkan_country,3841
balkan_state,3842
balkan_states,3843
balkanised,3844
ball,3845
ball_game,3846
ball_of_fire,3847
ballad,3848
balladeer,3849
balladeers,3850
ballads,3851
ballast,3852
ballerina,3853
ballet,3854
ballet_dancer,3855
ballet_dancers,3856
ballet_position,3857
balletic,3858
ballista,3859
ballistic,3860
ballistic_missile,3861
balloon,3862
balloonist,3863
balloons,3864
ballot,3865
ballot_boxes,3866
balloting,3867
ballpark,3868
ballpoint,3869
ballpoint_pen,3870
ballroom,3871
ballroom_dance,3872
ballroom_dancing,3873
balls,3874
balls-up,3875
bally,3876
ballyhoo,3877
ballyrag,3878
balm,3879
balm_of_gilead,3880
balmoral,3881
baloney,3882
balsa,3883
balsam,3884
baltic,3885
baltic_republic,3886
baltic_sea,3887
baltic_state,3888
baltimore,3889
baluster,3890
balustrade,3891
balzac,3892
bamako,3893
bambino,3894
bambinos,3895
bamboo,3896
bamboozle,3897
bamboozled,3898
bamboozles,3899
ban,3900
banal,3901
banalities,3902
banality,3903
banana,3904
banana_skin,3905
banana_split,3906
bananas,3907
banausic,3908
band,3909
band_aid,3910
band_together,3911
bandage,3912
bandaged,3913
bandages,3914
bandaging,3915
bandana,3916
bandanna,3917
bandannas,3918
banded,3919
banderilla,3920
bandicoot,3921
bandit,3922
banditry,3923
bandits,3924
banditti,3925
bandleader,3926
bandleaders,3927
bandmaster,3928
bandoleer,3929
bandolier,3930
bandoneon,3931
bands,3932
bandsaw,3933
bandsman,3934
bandwagon,3935
bandwidth,3936
bandy,3937
bane,3938
bang,3939
bang_up,3940
bangalore,3941
banger,3942
bangers,3943
bangkok,3944
bangla,3945
bangladesh,3946
bangladeshi,3947
bangle,3948
bangles,3949
bangor,3950
bangs,3951
banian,3952
banish,3953
banished,3954
banishes,3955
banishment,3956
banister,3957
banisters,3958
banjo,3959
banjoes,3960
banjos,3961
bank,3962
bank_card,3963
bank_clerk,3964
bank_note,3965
bank_robber,3966
banked,3967
banker,3968
banking,3969
banknote,3970
banknotes,3971
bankroll,3972
bankrolls,3973
bankrupt,3974
bankruptcy,3975
banks,3976
banksia,3977
banned,3978
banner,3979
banneret,3980
banners,3981
banning,3982
bannister,3983
banquet,3984
banqueting,3985
banquets,3986
banquettes,3987
bans,3988
banshee,3989
bantam,3990
banteng,3991
banter,3992
bantu,3993
banyan,3994
banzais,3995
baobab,3996
bap,3997
baps,3998
baptise,3999
baptised,4000
baptism,4001
baptisms,4002
baptist,4003
baptizing,4004
bar,4005
bar_chart,4006
bar_graph,4007
bar_graphs,4008
bar_mitzvah,4009
barb,4010
barbados,4011
barbarian,4012
barbaric,4013
barbarism,4014
barbarity,4015
barbarous,4016
barbecue,4017
barbecue_sauce,4018
barbecued,4019
barbecuing,4020
barbed,4021
barbed_wire,4022
barbel,4023
barbell,4024
barbeque,4025
barber,4026
barberry,4027
barbershop,4028
barbet,4029
barbican,4030
barbital,4031
barbitone,4032
barbiturate,4033
barbra_streisand,4034
barbuda,4035
barcarole,4036
barcarolle,4037
barcelona,4038
bard,4039
bardic,4040
bare,4041
bare_bones,4042
bared,4043
barefaced,4044
barefoot,4045
barely,4046
barer,4047
bares,4048
barf,4049
bargain,4050
bargained,4051
bargaining,4052
bargaining_chip,4053
bargains,4054
barge,4055
barge_in,4056
bargee,4057
barges,4058
bari,4059
baring,4060
baritone,4061
barium,4062
bark,4063
barkeeper,4064
barker,4065
barkers,4066
barking,4067
barley,4068
barleycorn,4069
barman,4070
barmier,4071
barmy,4072
barn,4073
barn_dance,4074
barn_door,4075
barn_owl,4076
barnacle,4077
barnacle_goose,4078
barnacles,4079
barns,4080
barnstormer,4081
barnum,4082
barnyard,4083
barometer,4084
baron,4085
baronage,4086
baroness,4087
baronesses,4088
baronet,4089
barong,4090
baroque,4091
barouche,4092
barque,4093
barques,4094
barrack,4095
barracks,4096
barracuda,4097
barrage,4098
barrages,4099
barramundi,4100
barred,4101
barrel,4102
barrel_roll,4103
barrels,4104
barren,4105
barricade,4106
barrie,4107
barrier,4108
barriers,4109
barring,4110
barrio,4111
barrister,4112
barristers,4113
barrow,4114
bars,4115
bart,4116
bartender,4117
bartenders,4118
barter,4119
bartok,4120
barts,4121
baryta,4122
barytes,4123
bas_relief,4124
basal,4125
basalt,4126
basaltic,4127
base,4128
base_of_operations,4129
baseball,4130
baseball_cap,4131
baseball_player,4132
baseball_players,4133
baseball_score,4134
baseball_team,4135
based,4136
basel,4137
baseless,4138
baseline,4139
basement,4140
basements,4141
basenji,4142
baser,4143
bases,4144
basest,4145
bash,4146
bashed,4147
bashes,4148
bashful,4149
bashing,4150
basic,4151
basic_assumption,4152
basic_principle,4153
basic_principles,4154
basic_training,4155
basically,4156
basics,4157
basil,4158
basilica,4159
basilicas,4160
basilisk,4161
basin,4162
basinet,4163
basinets,4164
basing,4165
basins,4166
basis,4167
bask,4168
basked,4169
basket,4170
basketball,4171
basketball_player,4172
basketmaker,4173
basketry,4174
baskets,4175
basking_shark,4176
basque,4177
basra,4178
bass,4179
bass_clarinet,4180
bass_drum,4181
bass_parts,4182
basset,4183
basset_horn,4184
bassets,4185
bassi,4186
bassinet,4187
bassist,4188
bassists,4189
basso,4190
basso_profundo,4191
bassoon,4192
bassoonist,4193
bassoons,4194
bastard,4195
bastardise,4196
bastardly,4197
baste,4198
bastille,4199
bastille_day,4200
bastinado,4201
bastion,4202
bastions,4203
bat,4204
batch,4205
bate,4206
bated,4207
bath,4208
bath_chair,4209
bath_towel,4210
bath_water,4211
bathe,4212
bather,4213
bathing_cap,4214
bathing_costume,4215
bathing_suit,4216
bathing_suits,4217
bathos,4218
bathrobe,4219
bathroom,4220
bathroom_cleaner,4221
bathroom_fixture,4222
baths,4223
batik,4224
batiste,4225
batman,4226
baton,4227
batons,4228
bats,4229
batsman,4230
battalion,4231
batten,4232
batter,4233
battered,4234
battering,4235
battering_rams,4236
batters,4237
battery,4238
battiest,4239
batting,4240
battle,4241
battle-axe,4242
battle-axes,4243
battle-scarred,4244
battle_cruiser,4245
battle_of_britain,4246
battle_of_wits,4247
battled,4248
battledore,4249
battlefield,4250
battleground,4251
battlegrounds,4252
battlement,4253
battles,4254
battleship,4255
battling,4256
batty,4257
bauble,4258
baubles,4259
baudelaire,4260
bauhaus,4261
baulks,4262
bauxite,4263
bavaria,4264
bavarian,4265
bawbee,4266
bawdily,4267
bawdy,4268
bawl,4269
bawled,4270
bay,4271
bay_laurel,4272
bay_leaf,4273
bay_tree,4274
bay_trees,4275
bay_window,4276
bayed,4277
bayonet,4278
bays,4279
bazaar,4280
bazooka,4281
be,4282
be-all_and_end-all,4283
be_born,4284
be_due,4285
be_full,4286
be_given,4287
be_quiet,4288
be_sick,4289
beach,4290
beach_buggy,4291
beachwear,4292
beacon,4293
beaconed,4294
beacons,4295
bead,4296
beading,4297
beadle,4298
beads,4299
beagle,4300
beagles,4301
beak,4302
beaker,4303
beakers,4304
beaks,4305
beam,4306
beamed,4307
beaming,4308
beamish,4309
beams,4310
bean,4311
bean_counter,4312
bean_curd,4313
bean_tree,4314
beanbag,4315
beanfeast,4316
beanie,4317
beano,4318
beanos,4319
beans,4320
bear,4321
bear_down,4322
bear_down_on,4323
bear_hugs,4324
bear_in_mind,4325
bear_out,4326
bear_up,4327
bear_witness,4328
bearable,4329
bearcat,4330
bearcats,4331
beard,4332
bearded,4333
beardless,4334
beards,4335
bearer,4336
bearing,4337
bearings,4338
bearnaise,4339
bears,4340
bearskin,4341
beast,4342
beast_of_burden,4343
beastly,4344
beasts,4345
beat,4346
beat-up,4347
beat_a_retreat,4348
beat_around_the_bush,4349
beat_back,4350
beat_out,4351
beat_up,4352
beaten,4353
beaten-up,4354
beater,4355
beatific,4356
beating,4357
beatings,4358
beatitude,4359
beatles,4360
beatnik,4361
beatniks,4362
beatrice,4363
beats,4364
beau,4365
beau_geste,4366
beaujolais,4367
beaut,4368
beauteous,4369
beautician,4370
beauties,4371
beautification,4372
beautified,4373
beautiful,4374
beautify,4375
beauty,4376
beauty_parlour,4377
beauty_parlours,4378
beauty_sleep,4379
beauty_spot,4380
beauty_treatment,4381
beaux,4382
beaver,4383
beavering,4384
beavers,4385
bebop,4386
becalm,4387
becalmed,4388
became,4389
bechamel,4390
bechamel_sauce,4391
beck,4392
becket,4393
beckett,4394
beckon,4395
beckoned,4396
beckons,4397
becloud,4398
become,4399
becomes,4400
becoming,4401
bed,4402
bed-hop,4403
bed_cover,4404
bed_linen,4405
bed_of_roses,4406
bed_rest,4407
bed_sheet,4408
bed_sheets,4409
bedaub,4410
bedaubed,4411
bedaubing,4412
bedazzle,4413
bedazzled,4414
bedazzles,4415
bedbug,4416
bedchamber,4417
bedcover,4418
bedded,4419
bedding,4420
bedding_material,4421
bedding_plant,4422
bede,4423
bedeck,4424
bedecked,4425
bedevil,4426
bedevilled,4427
bedevilment,4428
bedevils,4429
bedewed,4430
bedewing,4431
bedews,4432
bedfellow,4433
bedfellows,4434
bedframe,4435
bedimmed,4436
bedims,4437
bedlam,4438
bedouin,4439
bedraggle,4440
bedraggled,4441
bedrests,4442
bedridden,4443
bedrock,4444
bedroll,4445
bedroom,4446
bedroom_suite,4447
beds,4448
bedsit,4449
bedsitter,4450
bedsitters,4451
bedspread,4452
bedspreads,4453
bedstead,4454
bedstraw,4455
bee,4456
bee_orchid,4457
beech,4458
beeches,4459
beechwood,4460
beef,4461
beef_stew,4462
beef_stock,4463
beef_stroganoff,4464
beef_tea,4465
beef_up,4466
beef_wellington,4467
beefalo,4468
beefburger,4469
beefburgers,4470
beefcake,4471
beefeater,4472
beefeaters,4473
beefed,4474
beefiest,4475
beefs,4476
beefsteak,4477
beefy,4478
beehive,4479
beehives,4480
beekeeper,4481
beep,4482
beer,4483
beer_can,4484
beer_halls,4485
beer_maker,4486
beer_mug,4487
beerbohm,4488
beers,4489
beery,4490
bees,4491
beeswax,4492
beet,4493
beet_sugar,4494
beethoven,4495
beetle,4496
beetle-browed,4497
beetles,4498
beetling,4499
beetroot,4500
beetroots,4501
befall,4502
befallen,4503
befell,4504
befit,4505
befits,4506
befitting,4507
befog,4508
befogged,4509
before,4510
before_long,4511
beforehand,4512
befouled,4513
befriend,4514
befriending,4515
befriends,4516
befuddle,4517
befuddled,4518
beg,4519
began,4520
begat,4521
beget,4522
begets,4523
begetter,4524
beggar,4525
beggarly,4526
beggars,4527
begged,4528
begging,4529
begin,4530
beginner,4531
beginners,4532
beginning,4533
beginnings,4534
begins,4535
begonia,4536
begonias,4537
begotten,4538
begrimed,4539
begrimes,4540
begrudge,4541
begrudged,4542
begrudges,4543
begrudging,4544
begs,4545
beguile,4546
beguiled,4547
beguiles,4548
beguine,4549
begum,4550
begun,4551
behalf,4552
behave,4553
behaved,4554
behaves,4555
behaving,4556
behaviour,4557
behead,4558
beheaded,4559
beheading,4560
beheld,4561
behemoth,4562
behest,4563
behind,4564
behindhand,4565
behold,4566
beholden,4567
beholder,4568
beholders,4569
beholding,4570
beige,4571
beijing,4572
being,4573
beings,4574
beirut,4575
bejewel,4576
bel,4577
bel_esprit,4578
bela_bartok,4579
belabour,4580
belarus,4581
belated,4582
belatedly,4583
belay,4584
belayed,4585
belch,4586
beldam,4587
beldames,4588
beleaguer,4589
beleaguered,4590
belfast,4591
belfry,4592
belgian,4593
belgium,4594
belgrade,4595
belie,4596
belied,4597
belief,4598
beliefs,4599
belies,4600
believe,4601
believe_in,4602
believed,4603
believer,4604
believers,4605
believes,4606
believing,4607
belittle,4608
belittled,4609
belittles,4610
belittling,4611
belize,4612
bell,4613
bell-bottoms,4614
bell_tower,4615
belladonna,4616
bellboy,4617
belle,4618
belles,4619
belles_lettres,4620
bellhop,4621
bellicose,4622
bellied,4623
bellies,4624
belligerence,4625
belligerency,4626
belligerent,4627
belligerents,4628
bellini,4629
bellman,4630
belloc,4631
bellow,4632
bellowed,4633
bellows,4634
bells,4635
bellwether,4636
belly,4637
belly_dancers,4638
belly_laugh,4639
bellyache,4640
bellyaches,4641
bellyful,4642
bellylaugh,4643
belong,4644
belonging,4645
belongings,4646
belongs,4647
beloved,4648
below,4649
below_the_belt,4650
belt,4651
belt_up,4652
belted,4653
belts,4654
beluga,4655
belvedere,4656
bemire,4657
bemoan,4658
bemoaned,4659
bemoaning,4660
bemuse,4661
bemused,4662
bemuses,4663
bemusing,4664
ben,4665
ben_jonson,4666
bench,4667
bench_press,4668
benches,4669
benchmark,4670
bend,4671
bender,4672
benders,4673
bending,4674
bends,4675
beneath,4676
benedict,4677
benedictine,4678
benediction,4679
benedictions,4680
benefaction,4681
benefactor,4682
benefactors,4683
benefactress,4684
benefice,4685
beneficent,4686
beneficial,4687
beneficiaries,4688
beneficiary,4689
benefit,4690
benefits,4691
benelux,4692
benevolence,4693
benevolent,4694
benevolently,4695
bengal,4696
bengali,4697
benghazi,4698
benighted,4699
benign,4700
benign_tumour,4701
benign_tumours,4702
benin,4703
beninese,4704
benison,4705
benjamin,4706
benjamin_britten,4707
benne,4708
bennett,4709
benni,4710
benny,4711
bent,4712
bent_on,4713
bentham,4714
bentonite,4715
benumb,4716
benumbs,4717
benzedrine,4718
benzine,4719
benzodiazepine,4720
benzoin,4721
benzol,4722
benzyl,4723
beowulf,4724
beplaster,4725
bequeath,4726
bequest,4727
berate,4728
berated,4729
berates,4730
berating,4731
berber,4732
berberis,4733
bereavement,4734
bereavements,4735
bereft,4736
beret,4737
berets,4738
berg,4739
bergamot,4740
bergen,4741
bergenia,4742
bergman,4743
beriberi,4744
bering_sea,4745
berk,4746
berkeley,4747
berkshire,4748
berlin,4749
berliner,4750
berlioz,4751
berm,4752
bermuda_rig,4753
bermuda_shorts,4754
bermuda_triangle,4755
bermudan,4756
bermudans,4757
bern,4758
bernard,4759
bernoulli,4760
bernstein,4761
berries,4762
berry,4763
berserk,4764
berth,4765
berthed,4766
berths,4767
bertolt_brecht,4768
bertolucci,4769
beryl,4770
beryllium,4771
beryls,4772
beseech,4773
beseeched,4774
beset,4775
besets,4776
besetting,4777
beshrew,4778
besides,4779
besiege,4780
besieger,4781
besmear,4782
besmears,4783
besmirch,4784
besmirched,4785
besom,4786
besoms,4787
besot,4788
besotted,4789
besought,4790
bespatter,4791
bespattering,4792
bespeckle,4793
bespoke,4794
bessemer,4795
best,4796
best-selling,4797
best_friend,4798
best_of_all,4799
bested,4800
bestial,4801
bestir,4802
bestirs,4803
bestow,4804
bestowal,4805
bestowed,4806
bestrew,4807
bestrewn,4808
bestrews,4809
bestridden,4810
bestride,4811
bestriding,4812
bestrode,4813
bestseller,4814
bestsellers,4815
bet,4816
bet_on,4817
beta,4818
beta_blocker,4819
beta_test,4820
bete_noire,4821
betel,4822
betel_nut,4823
betelgeuse,4824
beth,4825
bethel,4826
betide,4827
betides,4828
betoken,4829
betray,4830
betrayal,4831
betrayed,4832
betrayer,4833
betrayers,4834
betraying,4835
betrays,4836
betroth,4837
betrothal,4838
betrothed,4839
betroths,4840
bets,4841
bette_davis,4842
better,4843
better_half,4844
better_halves,4845
better_off,4846
betterment,4847
betters,4848
betting,4849
betting_odds,4850
between,4851
bevel,4852
beverage,4853
beverages,4854
beverly_sills,4855
bevies,4856
bevy,4857
bewail,4858
bewailing,4859
beware,4860
bewilder,4861
bewildered,4862
bewildering,4863
bewilderment,4864
bewilders,4865
bewitch,4866
bewitched,4867
bewitches,4868
bewitching,4869
bewray,4870
beyond,4871
beyond_a_doubt,4872
beyond_doubt,4873
beyond_measure,4874
bezel,4875
bezique,4876
bhang,4877
bhutan,4878
bi,4879
biannual,4880
bias,4881
biased,4882
biassed,4883
bible,4884
bibliomania,4885
biceps,4886
bicker,4887
bicycle,4888
bicycled,4889
bicycles,4890
bid,4891
biddable,4892
bidden,4893
bidding,4894
biddy,4895
bide,4896
bides,4897
bidet,4898
bidets,4899
biding,4900
bids,4901
biennials,4902
bier,4903
biers,4904
biff,4905
biffs,4906
bifocals,4907
big,4908
big-chested,4909
big_band,4910
big_bang,4911
big_ben,4912
big_blue,4913
big_brother,4914
big_business,4915
big_businessman,4916
big_cat,4917
big_cats,4918
big_cheese,4919
big_deal,4920
big_dipper,4921
big_fish,4922
big_game,4923
big_gun,4924
big_guns,4925
big_hand,4926
big_shot,4927
big_stick,4928
big_time,4929
big_top,4930
big_tree,4931
big_wheel,4932
big_wheels,4933
bigamist,4934
bigamous,4935
bigamy,4936
bigeneric,4937
bigfoot,4938
bigger,4939
biggest,4940
bighead,4941
bigheaded,4942
bight,4943
bigmouthed,4944
bigot,4945
bigoted,4946
bigotry,4947
bigots,4948
bigwig,4949
bigwigs,4950
bihar,4951
bihari,4952
bijou,4953
bijoux,4954
bike,4955
bikes,4956
bikini,4957
bikinis,4958
bilberry,4959
bile,4960
bilge,4961
bilimbi,4962
bilious,4963
biliousness,4964
bilk,4965
bilked,4966
bill,4967
bill_of_exchange,4968
bill_of_fare,4969
billabong,4970
billboard,4971
billet,4972
billhook,4973
billiard_ball,4974
billiards,4975
billing,4976
billingsgate,4977
billion,4978
billionaire,4979
billionth,4980
billow,4981
billowed,4982
billowing,4983
bills,4984
billy,4985
billy_goat,4986
bimbo,4987
bin,4988
bin_liner,4989
binary,4990
bind,4991
binder,4992
binding,4993
binds,4994
bindweed,4995
binge,4996
binged,4997
bingeing,4998
bingo,4999
bins,5000
biochemical,5001
biochemist,5002
biodegrade,5003
biographer,5004
biographies,5005
biography,5006
biohazard,5007
biological_groups,5008
biological_process,5009
biologist,5010
bionic,5011
biophysics,5012
biopsy,5013
bioweapon,5014
bipartisan,5015
biped,5016
biplane,5017
biracial,5018
birch,5019
birched,5020
bird,5021
bird's_nest,5022
bird_food,5023
bird_of_paradise,5024
bird_of_passage,5025
bird_of_prey,5026
bird_sanctuary,5027
bird_shot,5028
birdbrain,5029
birdcage,5030
birdcall,5031
birdhouse,5032
birdie,5033
birdies,5034
birds,5035
birdsong,5036
birdwatching,5037
biretta,5038
birl,5039
birmingham,5040
biro,5041
birr,5042
birth,5043
birth_control_device,5044
birthday,5045
birthday_gift,5046
birthday_party,5047
birthday_present,5048
birthday_suit,5049
birthplace,5050
birthrate,5051
birthright,5052
births,5053
biryani,5054
bis,5055
biscuit,5056
biscuits,5057
bisect,5058
bisected,5059
bisects,5060
bishop,5061
bishopric,5062
bishoprics,5063
bishops,5064
bismuth,5065
bison,5066
bisque,5067
bistro,5068
bistros,5069
bit,5070
bit_by_bit,5071
bit_part,5072
bitch,5073
bitchery,5074
bitching,5075
bitchy,5076
bite,5077
biter,5078
bites,5079
biting,5080
bitingly,5081
bitmap,5082
bits,5083
bitten,5084
bitter,5085
bitter_end,5086
bitter_lemon,5087
bitter_lemons,5088
bittern,5089
bitterness,5090
bitterns,5091
bittersweet,5092
bitumen,5093
bivalve,5094
bivouac,5095
bivouacs,5096
bizarre,5097
bizet,5098
blab,5099
blabbered,5100
blabbermouth,5101
blabbermouths,5102
blabbers,5103
blabbing,5104
black,5105
black_and_tans,5106
black_and_white,5107
black_art,5108
black_arts,5109
black_bear,5110
black_death,5111
black_eye,5112
black_eyes,5113
black_fly,5114
black_hole,5115
black_humour,5116
black_magic,5117
black_mamba,5118
black_maria,5119
black_marketeer,5120
black_marketeers,5121
black_out,5122
black_prince,5123
black_pudding,5124
black_sheep,5125
black_spot,5126
black_swan,5127
black_tea,5128
black_teas,5129
black_tie,5130
black_widow,5131
blackball,5132
blackballing,5133
blackballs,5134
blackbeard,5135
blackberry,5136
blackberrying,5137
blackbird,5138
blackboard,5139
blackcap,5140
blacken,5141
blackened,5142
blackening,5143
blackguard,5144
blackguards,5145
blackhead,5146
blacking,5147
blackish,5148
blackjack,5149
blackleg,5150
blacklist,5151
blacklisting,5152
blackmail,5153
blackmailer,5154
blackmails,5155
blackout,5156
blackouts,5157
blacksmith,5158
blackthorn,5159
bladder,5160
bladders,5161
bladderwrack,5162
blade,5163
blades,5164
blah,5165
blain,5166
blair,5167
blake,5168
blame,5169
blamed,5170
blameful,5171
blameless,5172
blamelessness,5173
blames,5174
blameworthy,5175
blaming,5176
blanc,5177
blanched,5178
blancmange,5179
bland,5180
blandish,5181
blandishes,5182
blandishment,5183
blandishments,5184
blank,5185
blank_cheque,5186
blank_out,5187
blanket,5188
blanketed,5189
blankets,5190
blanks,5191
blares,5192
blaring,5193
blarney,5194
blarneys,5195
blase,5196
blaspheme,5197
blasphemer,5198
blaspheming,5199
blasphemous,5200
blasphemy,5201
blast,5202
blast_furnaces,5203
blasted,5204
blaster,5205
blasting,5206
blastoff,5207
blasts,5208
blatant,5209
blather,5210
blathers,5211
blatherskite,5212
blaze,5213
blazer,5214
blazes,5215
blazing,5216
blazoning,5217
bleach,5218
bleached,5219
bleaches,5220
bleak,5221
blear,5222
bleary,5223
bleat,5224
bleated,5225
bleats,5226
bled,5227
bleed,5228
bleeding,5229
bleeding_heart,5230
bleeding_hearts,5231
bleeds,5232
bleep,5233
bleeped,5234
blemish,5235
blemished,5236
blemishes,5237
blench,5238
blend,5239
blend_in,5240
blende,5241
blended,5242
blender,5243
blenders,5244
blending,5245
blends,5246
blenheim,5247
blenny,5248
bleriot,5249
bless,5250
blessed,5251
blessedness,5252
blesses,5253
blessing,5254
blessings,5255
blest,5256
blether,5257
blew,5258
blewits,5259
blight,5260
blighted,5261
blighter,5262
blighters,5263
blighty,5264
blimp,5265
blimpish,5266
blimps,5267
blind,5268
blind_alley,5269
blind_alleys,5270
blind_drunk,5271
blind_spot,5272
blinded,5273
blinding,5274
blindness,5275
blinds,5276
bling,5277
blini,5278
blink,5279
blinkered,5280
blinking,5281
blinks,5282
blintz,5283
blintzes,5284
blip,5285
blips,5286
bliss,5287
blissful,5288
blister,5289
blisters,5290
blistery,5291
blithe,5292
blitheness,5293
blither,5294
blithered,5295
blithering,5296
blithesome,5297
blitz,5298
blitzkrieg,5299
blizzard,5300
blizzards,5301
bloat,5302
bloated,5303
bloater,5304
bloaters,5305
bloats,5306
blob,5307
bloc,5308
block,5309
block_capital,5310
block_letter,5311
block_out,5312
blockade,5313
blockades,5314
blockage,5315
blockages,5316
blockbuster,5317
blockbusters,5318
blocked,5319
blockhead,5320
blockheads,5321
blocking,5322
blocks,5323
blog,5324
blogger,5325
bloggers,5326
bloke,5327
blokes,5328
blond,5329
blonde,5330
blood,5331
blood_brothers,5332
blood_count,5333
blood_disorder,5334
blood_line,5335
blood_money,5336
blood_relation,5337
blood_sport,5338
blood_vessel,5339
bloodbath,5340
bloodcurdling,5341
bloodhound,5342
bloodiest,5343
bloodiness,5344
bloodless,5345
bloodline,5346
bloodlines,5347
bloodshed,5348
bloodshot,5349
bloodstock,5350
bloodstream,5351
bloodsucker,5352
bloodsuckers,5353
bloodthirsty,5354
bloody,5355
bloody-minded,5356
bloody_mary,5357
bloom,5358
bloomed,5359
bloomer,5360
bloomers,5361
blooming,5362
blooms,5363
blooper,5364
blossom,5365
blossomed,5366
blossoms,5367
blot,5368
blot_out,5369
blotch,5370
blotched,5371
blotchy,5372
blots,5373
blotted_out,5374
blotto,5375
blouse,5376
blow,5377
blow_a_fuse,5378
blow_off,5379
blow_over,5380
blow_up,5381
blowback,5382
blower,5383
blowfish,5384
blowflies,5385
blowhard,5386
blowiest,5387
blowing,5388
blowing_up,5389
blowlamps,5390
blown,5391
blowout,5392
blowouts,5393
blowpipe,5394
blows,5395
blowsy,5396
blowtorch,5397
blub,5398
blubber,5399
blubbered,5400
blubbing,5401
blubs,5402
bludgeon,5403
blue,5404
blue-blooded,5405
blue-chip,5406
blue-collar,5407
blue-eyed,5408
blue-pencil,5409
blue_cheese,5410
blue_funk,5411
blue_gum,5412
blue_jay,5413
blue_jeans,5414
blue_murder,5415
blue_peter,5416
blue_ribbon,5417
blue_tit,5418
blue_whale,5419
bluebeard,5420
bluebell,5421
blueberry,5422
bluebird,5423
bluebottle,5424
bluebottles,5425
bluegrass,5426
bluejacket,5427
bluenose,5428
blueprint,5429
bluer,5430
blues,5431
bluestone,5432
bluff,5433
bluffed,5434
bluffer,5435
bluffs,5436
bluish,5437
bluish-grey,5438
blunder,5439
blunderbuss,5440
blundered,5441
blunderer,5442
blunders,5443
blunt,5444
blunter,5445
bluntly,5446
blur,5447
blurb,5448
blurred,5449
blurry,5450
blurs,5451
blurt_out,5452
blush,5453
blushed,5454
blusher,5455
blushes,5456
blushing,5457
bluster,5458
blustered,5459
blustering,5460
blustery,5461
boa,5462
boa_constrictor,5463
boar,5464
board,5465
board_game,5466
board_meeting,5467
board_member,5468
board_up,5469
boarded,5470
boarder,5471
boarding,5472
boarding_house,5473
boards,5474
boardwalk,5475
boas,5476
boast,5477
boasted,5478
boaster,5479
boastful,5480
boastfully,5481
boasting,5482
boasts,5483
boat,5484
boat_race,5485
boat_train,5486
boater,5487
boaters,5488
boatload,5489
boatloads,5490
boatman,5491
boats,5492
boatswain,5493
bob,5494
bob_dylan,5495
bob_hope,5496
bob_marley,5497
bobbed,5498
bobbin,5499
bobbing,5500
bobby,5501
bobcat,5502
bobcats,5503
bobs,5504
bobtail,5505
bobwhite,5506
bod,5507
bodacious,5508
bode,5509
bodega,5510
bodegas,5511
bodice,5512
bodice_ripper,5513
bodices,5514
bodies,5515
bodiless,5516
bodily,5517
bodily_cavities,5518
bodily_fluid,5519
bodkin,5520
bods,5521
body,5522
body_armour,5523
body_fluid,5524
body_fluids,5525
body_mass_index,5526
body_of_water,5527
body_part,5528
body_parts,5529
body_politic,5530
body_suit,5531
bodyguard,5532
bodyguards,5533
bodywork,5534
boer,5535
boer_war,5536
boffin,5537
boffins,5538
bog,5539
bog_plant,5540
bogart,5541
bogey,5542
bogeyman,5543
bogged_down,5544
boggy,5545
bogota,5546
bogus,5547
bohemia,5548
bohemian,5549
bohr,5550
boil,5551
boil_down,5552
boiled,5553
boiling,5554
boils,5555
boise,5556
boisterous,5557
bold,5558
bolder,5559
boldest,5560
boldly,5561
boldness,5562
bole,5563
bolero,5564
boletus,5565
bolivar,5566
bolivia,5567
bolivian,5568
boll_weevil,5569
bollard,5570
bollocks,5571
bolo_tie,5572
bologna,5573
bolshevik,5574
bolsheviks,5575
bolshie,5576
bolshy,5577
bolster,5578
bolstered,5579
bolt,5580
bolted,5581
bolting,5582
bolts,5583
bomb,5584
bombard,5585
bombarded,5586
bombardier,5587
bombardment,5588
bombardon,5589
bombards,5590
bombast,5591
bombastic,5592
bombastically,5593
bombay,5594
bombed,5595
bomber,5596
bomber_jacket,5597
bombes,5598
bombing,5599
bombs,5600
bombshell,5601
bombshells,5602
bombycid,5603
bon_mot,5604
bon_vivant,5605
bon_vivants,5606
bon_voyage,5607
bona_fide,5608
bonanza,5609
bonaparte,5610
bonbon,5611
bonbons,5612
bonce,5613
bond,5614
bondage,5615
bonding,5616
bondman,5617
bonds,5618
bondsman,5619
bondswoman,5620
bone,5621
bone-dry,5622
bone_china,5623
bone_marrow,5624
bone_of_contention,5625
bone_up,5626
bonehead,5627
boneheaded,5628
bonemeal,5629
boner,5630
bones,5631
boneset,5632
bonesetter,5633
boneshaker,5634
boneshakers,5635
bonfire,5636
bong,5637
bongo,5638
bongo_drum,5639
bonhomie,5640
boniface,5641
bonito,5642
bonkers,5643
bonnet,5644
bonnie,5645
bonny,5646
bonobo,5647
bonsai,5648
bonus,5649
bonuses,5650
bonxie,5651
bony,5652
boo,5653
boo-boo,5654
boob,5655
boob_tube,5656
boobs,5657
booby,5658
booby_prize,5659
booby_trap,5660
booed,5661
boogie,5662
boogie-woogie,5663
boogied,5664
book,5665
book_of_knowledge,5666
book_of_maps,5667
book_review,5668
book_reviews,5669
bookbinder,5670
bookcase,5671
bookcases,5672
booked,5673
bookend,5674
booker,5675
booking,5676
bookings,5677
bookish,5678
bookkeeper,5679
booklet,5680
booklover,5681
bookmaker,5682
bookmakers,5683
books,5684
bookseller,5685
bookworm,5686
bookworms,5687
boolean_algebra,5688
boom,5689
boomed,5690
boomer,5691
boomerang,5692
boomeranged,5693
boomeranging,5694
booming,5695
boon,5696
boondocks,5697
boor,5698
boorish,5699
boos,5700
boost,5701
booster,5702
boosting,5703
boosts,5704
boot,5705
boot_camp,5706
boot_out,5707
booted,5708
bootes,5709
booth,5710
booths,5711
bootlace,5712
bootleg,5713
bootlegger,5714
bootless,5715
bootlick,5716
bootlicker,5717
bootlicking,5718
boots,5719
bootstrap,5720
booty,5721
booze,5722
booze-ups,5723
boozed,5724
boozer,5725
boozers,5726
boozing,5727
boozy,5728
bop,5729
bopped,5730
bopping,5731
bops,5732
boracic,5733
borage,5734
borages,5735
borate,5736
borax,5737
bordeaux,5738
bordello,5739
border,5740
border_on,5741
border_terrier,5742
bordered,5743
bordering,5744
borderland,5745
borderline,5746
borders,5747
bore,5748
boreal,5749
bored,5750
boredom,5751
boredoms,5752
borer,5753
bores,5754
borges,5755
boring,5756
born,5757
borne,5758
borneo,5759
borodin,5760
borodino,5761
boron,5762
borough,5763
boroughs,5764
borrow,5765
borrowed,5766
borrowers,5767
borsch,5768
borscht,5769
borstal,5770
bortsch,5771
borzoi,5772
bosch,5773
bosie,5774
bosnia,5775
bosom,5776
bosoms,5777
bosomy,5778
boss,5779
boss-eyed,5780
boss_around,5781
bosses,5782
bossy,5783
boston,5784
bosun,5785
bosuns,5786
boswell,5787
bosworth_field,5788
bot,5789
botanical_garden,5790
botanical_gardens,5791
botanist,5792
botany,5793
botch,5794
botched,5795
both,5796
bother,5797
botheration,5798
bothered,5799
bothering,5800
bothers,5801
bothersome,5802
botswana,5803
botticelli,5804
bottle,5805
bottle_green,5806
bottle_opener,5807
bottle_up,5808
bottlebrush,5809
bottled,5810
bottled_gas,5811
bottleneck,5812
bottlenecks,5813
bottles,5814
bottom,5815
bottom_line,5816
bottom_lines,5817
bottomless,5818
bottoms,5819
botulin,5820
botulism,5821
boudoir,5822
bougainvillaeas,5823
bougainvillea,5824
bough,5825
boughs,5826
bought,5827
bouillon,5828
boulder,5829
boulders,5830
boules,5831
boulevard,5832
boulevards,5833
boulez,5834
bounce,5835
bounce_back,5836
bounced,5837
bouncer,5838
bouncers,5839
bounces,5840
bouncier,5841
bouncing_bet,5842
bouncy,5843
bound,5844
boundaries,5845
boundary,5846
bounded,5847
bounder,5848
bounders,5849
boundless,5850
bounds,5851
bountiful,5852
bountifully,5853
bounty,5854
bouquet,5855
bouquets,5856
bourbon,5857
bourdon,5858
bourgeois,5859
bourne,5860
bourse,5861
bout,5862
boutique,5863
boutiques,5864
bouts,5865
bovine,5866
bow,5867
bow-wow,5868
bow_and_arrow,5869
bow_down,5870
bow_out,5871
bow_tie,5872
bowdlerise,5873
bowdlerised,5874
bowdlerism,5875
bowed,5876
bowel_movement,5877
bowels,5878
bower,5879
bowerbird,5880
bowered,5881
bowering,5882
bowhead,5883
bowie,5884
bowing,5885
bowl,5886
bowl_over,5887
bowler,5888
bowler_hat,5889
bowler_hats,5890
bowlers,5891
bowline,5892
bowling,5893
bowling_alley,5894
bowling_green,5895
bowls,5896
bowman,5897
bowmen,5898
bows,5899
bowse,5900
bowsprit,5901
box,5902
box_calf,5903
box_elder,5904
box_in,5905
boxcars,5906
boxed,5907
boxer,5908
boxers,5909
boxes,5910
boxing,5911
boxing_rings,5912
boxwood,5913
boxy,5914
boy,5915
boy_scout,5916
boy_scouts,5917
boy_wonder,5918
boycott,5919
boycotting,5920
boyfriend,5921
boyfriends,5922
boyish,5923
boyle,5924
boys,5925
bozo,5926
bra,5927
brabble,5928
brace,5929
bracelet,5930
bracelets,5931
bracer,5932
braces,5933
brachial,5934
bracing,5935
bracken,5936
bracket,5937
bracketed,5938
brackets,5939
brackish,5940
bract,5941
bracts,5942
brad,5943
bradawl,5944
bradford,5945
brae,5946
brag,5947
braga,5948
bragg,5949
braggadocio,5950
braggart,5951
braggarts,5952
brags,5953
brahma,5954
brahman,5955
brahmi,5956
brahms,5957
braid,5958
braided,5959
brail,5960
braille,5961
brain,5962
brain-teaser,5963
brain_cell,5964
brain_cells,5965
brain_disease,5966
brain_drain,5967
braincase,5968
braincases,5969
brainchild,5970
brainchildren,5971
brainier,5972
brainless,5973
brainpower,5974
brains,5975
brainsick,5976
brainstorm,5977
brainwash,5978
brainwashing,5979
brainwave,5980
brainwaves,5981
brainy,5982
braise,5983
braised,5984
brake,5985
brake_drum,5986
brake_pad,5987
brakes,5988
bram_stoker,5989
bramble,5990
brambling,5991
bran,5992
branch,5993
branch_out,5994
branches,5995
branching,5996
brand,5997
brand-new,5998
branded,5999
branding,6000
brandish,6001
brandished,6002
brandishes,6003
brands,6004
brandy,6005
brandy_glass,6006
brandysnap,6007
bras,6008
brash,6009
brasilia,6010
brass,6011
brass_band,6012
brass_hat,6013
brass_hats,6014
brass_instrument,6015
brassard,6016
brasserie,6017
brasseries,6018
brassica,6019
brassie,6020
brassier,6021
brassiere,6022
brassy,6023
brat,6024
bratislava,6025
brats,6026
brattle,6027
bratwurst,6028
bravado,6029
bravados,6030
brave,6031
bravery,6032
bravest,6033
braving,6034
bravo,6035
bravos,6036
bravura,6037
braw,6038
brawl,6039
brawled,6040
brawler,6041
brawlers,6042
brawling,6043
brawls,6044
brawn,6045
brawny,6046
bray,6047
brazen,6048
brazenly,6049
brazenness,6050
brazier,6051
brazil,6052
brazil_nut,6053
brazilian,6054
brazilians,6055
breach,6056
breach_of_the_peace,6057
breach_of_trust,6058
breached,6059
breaches,6060
breaching,6061
bread,6062
bread_knife,6063
breadbasket,6064
breadbaskets,6065
breadline,6066
breadroot,6067
breads,6068
breadth,6069
breadths,6070
breadwinner,6071
breadwinners,6072
break,6073
break-in,6074
break_away,6075
break_bread,6076
break_down,6077
break_in,6078
break_into,6079
break_off,6080
break_out,6081
break_up,6082
break_wind,6083
break_with,6084
breakage,6085
breakaway,6086
breakdown,6087
breakdowns,6088
breaker,6089
breakers,6090
breakfast,6091
breakfast_food,6092
breaking,6093
breaking_and_entering,6094
breaking_away,6095
breaking_point,6096
breakneck,6097
breakout,6098
breaks,6099
breakthrough,6100
breakwater,6101
bream,6102
breast,6103
breast_implants,6104
breastbone,6105
breastpin,6106
breasts,6107
breaststroke,6108
breastwork,6109
breath,6110
breath_of_fresh_air,6111
breathe,6112
breathe_in,6113
breathe_out,6114
breathed,6115
breather,6116
breathers,6117
breathes,6118
breathing,6119
breathing_apparatus,6120
breathing_device,6121
breathing_space,6122
breathing_spaces,6123
breathless,6124
breaths,6125
breathtaking,6126
brecht,6127
bred,6128
breech,6129
breeches,6130
breed,6131
breeder,6132
breeders,6133
breeding,6134
breeding_ground,6135
breeding_grounds,6136
breeds,6137
breeze,6138
breezier,6139
breezy,6140
bremen,6141
bren,6142
bren_gun,6143
brent,6144
brest,6145
brethren,6146
breton,6147
bretons,6148
breve,6149
breviary,6150
brevity,6151
brew,6152
brewed,6153
brewer,6154
brewers,6155
brewery,6156
brewing,6157
brewpub,6158
brews,6159
briar,6160
bribe,6161
bribed,6162
briberies,6163
bribery,6164
bribes,6165
brick,6166
brick_red,6167
brickbat,6168
bricklayer,6169
bricks,6170
bricks_and_mortar,6171
brickwork,6172
bricole,6173
bridal,6174
bride,6175
bridesmaid,6176
bridge,6177
bridge_player,6178
bridge_players,6179
bridged,6180
bridgehead,6181
bridges,6182
bridget,6183
bridgetown,6184
bridle,6185
bridled,6186
brie,6187
brief,6188
briefcase,6189
briefcases,6190
briefed,6191
briefest,6192
briefing,6193
briefly,6194
briefs,6195
brier,6196
briers,6197
briery,6198
brig,6199
brigade,6200
brigadier,6201
brigadiers,6202
brigand,6203
brigands,6204
brigantine,6205
bright,6206
bright_side,6207
brighten,6208
brighter,6209
brightest,6210
brightness,6211
brighton,6212
brigs,6213
brill,6214
brilliance,6215
brilliant,6216
brilliantine,6217
brilliantly,6218
brim,6219
brimmed,6220
brimstone,6221
brindisi,6222
brindle,6223
brindled,6224
brine,6225
bring,6226
bring_about,6227
bring_back,6228
bring_down,6229
bring_forth,6230
bring_home,6231
bring_in,6232
bring_on,6233
bring_out,6234
bring_round,6235
bring_to_bear,6236
bring_together,6237
bring_up,6238
bringing,6239
bringing_up,6240
brings,6241
brinjals,6242
brink,6243
briny,6244
brio,6245
brioche,6246
briony,6247
briquette,6248
brisbane,6249
brisk,6250
brisker,6251
briskest,6252
brisket,6253
briskets,6254
briskly,6255
briskness,6256
brisling,6257
bristle,6258
bristled,6259
bristles,6260
bristling,6261
bristly,6262
bristol,6263
bristol_channel,6264
brit,6265
britain,6266
britches,6267
british,6268
british_capital,6269
british_columbia,6270
british_honduras,6271
british_isles,6272
british_people,6273
britisher,6274
briton,6275
britons,6276
britten,6277
brittle,6278
broach,6279
broached,6280
broad,6281
broad-minded,6282
broad_bean,6283
broad_beans,6284
broadcast,6285
broadcast_medium,6286
broadcaster,6287
broadcasting,6288
broadcasts,6289
broadcloth,6290
broaden,6291
broadened,6292
broadening,6293
broader,6294
broadest,6295
broadloom,6296
broadly,6297
broads,6298
broadsheet,6299
broadside,6300
broadsides,6301
broadsword,6302
brobdingnagian,6303
brocade,6304
broccoli,6305
brochette,6306
brochure,6307
brochures,6308
brocket,6309
brogan,6310
brogans,6311
brogue,6312
brogues,6313
broil,6314
broiler,6315
broke,6316
broken,6317
broken-down,6318
brokenhearted,6319
broker,6320
brokerage,6321
brokered,6322
brokering,6323
brokers,6324
brollies,6325
brolly,6326
bromide,6327
bromides,6328
bromine,6329
bronchi,6330
bronchiole,6331
bronchitis,6332
bronco,6333
broncos,6334
bronte,6335
brontosaurus,6336
bronx_cheer,6337
bronze,6338
bronzed,6339
brooch,6340
brood,6341
brooded,6342
brooding,6343
broods,6344
broody,6345
brook,6346
brooke,6347
brooklyn,6348
brooks,6349
broom,6350
broomstick,6351
broth,6352
brothel,6353
brothel_keeper,6354
brother,6355
brotherhood,6356
brotherly,6357
brothers,6358
brothers-in-law,6359
brougham,6360
broughams,6361
brought,6362
brouhaha,6363
brouhahas,6364
brow,6365
browbeat,6366
browbeaten,6367
browbeating,6368
brown,6369
brown_bread,6370
brown_rat,6371
brown_sauce,6372
brown_studies,6373
brown_study,6374
brown_sugar,6375
browned_off,6376
brownie,6377
brownies,6378
browning,6379
brownish,6380
brownish-yellow,6381
browns,6382
brownstone,6383
brows,6384
browse,6385
browser,6386
browsing,6387
bruce,6388
bruce_lee,6389
bruckner,6390
bruin,6391
bruise,6392
bruised,6393
bruiser,6394
bruisers,6395
bruises,6396
bruit,6397
brummie,6398
brunch,6399
brunei,6400
brunette,6401
bruno,6402
brunt,6403
brush,6404
brush-off,6405
brush_aside,6406
brush_off,6407
brushed,6408
brushwood,6409
brushwork,6410
brusque,6411
brusquer,6412
brussels,6413
brussels_sprouts,6414
brut,6415
brutal,6416
brutality,6417
brutally,6418
brute,6419
brutes,6420
brutish,6421
brutus,6422
bse,6423
bubble,6424
bubble_and_squeak,6425
bubble_gum,6426
bubblejet,6427
bubbles,6428
bubbly,6429
buccal,6430
buccaneer,6431
buccaneering,6432
buccaneers,6433
buchanan,6434
bucharest,6435
buck,6436
buck_up,6437
buckaroo,6438
buckeroo,6439
bucket,6440
bucketful,6441
buckets,6442
buckeye,6443
bucking,6444
buckle,6445
buckled,6446
buckler,6447
buckles,6448
buckling,6449
buckram,6450
buckrams,6451
bucks,6452
bucksaw,6453
buckshee,6454
buckshot,6455
buckskin,6456
buckthorn,6457
buckwheat,6458
bucolic,6459
bud,6460
budapest,6461
buddha,6462
buddhism,6463
buddhist,6464
budding,6465
buddleia,6466
buddleias,6467
buddy,6468
budge,6469
budged,6470
budgerigar,6471
budges,6472
budget,6473
budgetary,6474
budgie,6475
budgies,6476
buds,6477
buenos_aires,6478
buff,6479
buffalo,6480
buffaloes,6481
buffed,6482
buffer,6483
buffer_zone,6484
buffers,6485
buffet,6486
buffets,6487
bufflehead,6488
buffleheads,6489
buffoon,6490
buffoonery,6491
buffoonish,6492
buffoons,6493
buffs,6494
bug,6495
bugaboo,6496
bugbear,6497
bugbears,6498
bugged,6499
bugger,6500
bugging,6501
buggy,6502
bugle,6503
bugles,6504
bugloss,6505
bugs,6506
build,6507
build_up,6508
builder,6509
builders,6510
building,6511
building_block,6512
building_blocks,6513
building_complex,6514
building_material,6515
building_site,6516
building_sites,6517
building_society,6518
buildings,6519
builds,6520
built,6521
bulawayo,6522
bulb,6523
bulbous,6524
bulbous_plant,6525
bulbul,6526
bulgaria,6527
bulgarian,6528
bulgarian_capital,6529
bulge,6530
bulge_out,6531
bulges,6532
bulk,6533
bulkhead,6534
bulky,6535
bull,6536
bull_fiddle,6537
bullace,6538
bullaces,6539
bulldog,6540
bulldoze,6541
bulldozer,6542
bulldozes,6543
bullet,6544
bullet_train,6545
bulletin,6546
bulletin_board,6547
bulletins,6548
bulletproof,6549
bullets,6550
bullfighter,6551
bullfighters,6552
bullfinch,6553
bullfrog,6554
bullfrogs,6555
bullied,6556
bullies,6557
bullion,6558
bullish,6559
bullock,6560
bulls,6561
bullshot,6562
bully,6563
bully_beef,6564
bullying,6565
bulrush,6566
bulrushes,6567
bulwark,6568
bulwarks,6569
bum,6570
bumble,6571
bumblebee,6572
bumbled,6573
bumbler,6574
bumbling,6575
bumf,6576
bumming,6577
bump,6578
bump_into,6579
bump_off,6580
bumper,6581
bumper_car,6582
bumph,6583
bumpkin,6584
bumpkins,6585
bumps,6586
bumpy,6587
bums,6588
bun,6589
bunch,6590
bunches,6591
buncombe,6592
bundle,6593
bundle_up,6594
bundles,6595
bunfight,6596
bung,6597
bungalow,6598
bungalows,6599
bungle,6600
bungler,6601
bungling,6602
bunion,6603
bunk,6604
bunk_off,6605
bunker,6606
bunker_hill,6607
bunker_mentality,6608
bunkers,6609
bunkum,6610
bunnies,6611
buns,6612
bunsen_burners,6613
bunter,6614
bunting,6615
buntings,6616
buoy,6617
buoyancy,6618
buoyant,6619
bur,6620
burden,6621
burdened,6622
burdening,6623
burdens,6624
burdensome,6625
burdock,6626
bureau,6627
bureaucracy,6628
bureaucrat,6629
bureaucrats,6630
bureaus,6631
bureaux,6632
burette,6633
burg,6634
burgeon,6635
burgeoned,6636
burgeoning,6637
burger,6638
burgers,6639
burgher,6640
burghers,6641
burglar,6642
burglarises,6643
burglars,6644
burglary,6645
burgle,6646
burgles,6647
burgomaster,6648
burgundy,6649
burial,6650
burial_chamber,6651
burial_ground,6652
burial_mound,6653
burial_site,6654
buried,6655
buries,6656
burka,6657
burkina_faso,6658
burlesque,6659
burly,6660
burma,6661
burmese,6662
burn,6663
burn_mark,6664
burn_up,6665
burned,6666
burner,6667
burners,6668
burnham,6669
burning,6670
burning_bush,6671
burnish,6672
burnoose,6673
burns,6674
burnt,6675
burnt-out,6676
burnt_umber,6677
burp,6678
burr,6679
burrito,6680
burro,6681
burrow,6682
burrowed,6683
burrows,6684
bursa,6685
bursal,6686
bursar,6687
bursitis,6688
burst,6689
burst_out,6690
bursting,6691
bursts,6692
burton,6693
bury,6694
burying,6695
bus,6696
bus_service,6697
bus_station,6698
bus_stop,6699
busbar,6700
busby,6701
bused,6702
buses,6703
bush,6704
bush_tit,6705
bushbaby,6706
bushel,6707
bushes,6708
bushido,6709
bushman,6710
bushwhack,6711
bushwhacker,6712
busiest,6713
business,6714
business_agent,6715
business_community,6716
business_deal,6717
business_deals,6718
business_department,6719
business_enterprise,6720
business_establishments,6721
business_expense,6722
business_leader,6723
business_organisation,6724
business_people,6725
businesses,6726
businessman,6727
businessperson,6728
busking,6729
buss,6730
bust,6731
bust-up,6732
bustard,6733
bustards,6734
busted,6735
buster,6736
buster_keaton,6737
bustier,6738
bustle,6739
busts,6740
busty,6741
busy,6742
busy_bee,6743
busybodies,6744
but,6745
butane,6746
butanol,6747
butch,6748
butcher,6749
butchered,6750
butchers,6751
butchery,6752
butler,6753
butlers,6754
butt,6755
butt_end,6756
butt_in,6757
butte,6758
butter,6759
butter_bean,6760
butter_up,6761
buttercup,6762
butterfat,6763
butterfingered,6764
butterfingers,6765
butterflies,6766
butterfly,6767
buttering,6768
buttermilk,6769
butternut,6770
butternut_squash,6771
butters,6772
butterscotch,6773
buttery,6774
butties,6775
buttock,6776
buttocks,6777
button,6778
buttoned,6779
buttonhole,6780
buttons,6781
buttress,6782
buttressed,6783
buttresses,6784
buttressing,6785
butts,6786
butty,6787
butyl,6788
butylene,6789
buxom,6790
buy,6791
buy_back,6792
buy_off,6793
buy_time,6794
buyer,6795
buyers,6796
buyout,6797
buyouts,6798
buys,6799
buzz,6800
buzz_bomb,6801
buzz_off,6802
buzzard,6803
buzzards,6804
buzzer,6805
buzzers,6806
buzzes,6807
buzzing,6808
by,6809
by-lines,6810
by-product,6811
by-products,6812
by_all_means,6813
by_and_by,6814
by_and_large,6815
by_chance,6816
by_choice,6817
by_design,6818
by_far,6819
by_hand,6820
by_heart,6821
by_memory,6822
by_no_means,6823
by_rights,6824
by_the_bye,6825
by_the_way,6826
by_word_of_mouth,6827
bye,6828
bye-bye,6829
byelorussian,6830
byes,6831
bygone,6832
bylaw,6833
bylaws,6834
bypass,6835
bypassed,6836
bypasses,6837
bypaths,6838
byproducts,6839
byrd,6840
byre,6841
byroad,6842
byron,6843
bystander,6844
bystanders,6845
byte,6846
byway,6847
byword,6848
byzantine,6849
c,6850
c-section,6851
cab,6852
cabal,6853
cabalist,6854
caballed,6855
cabals,6856
cabana,6857
cabaret,6858
cabarets,6859
cabbage,6860
cabbaged,6861
cabbages,6862
cabby,6863
caber,6864
cabernet,6865
cabin,6866
cabin_boy,6867
cabinet,6868
cabinet_minister,6869
cabinetmaker,6870
cabinetmakers,6871
cabinets,6872
cabins,6873
cable,6874
cable_car,6875
cable_cars,6876
cabled,6877
cablegram,6878
cables,6879
caboodle,6880
cabot,6881
cabriolet,6882
cabs,6883
cacao,6884
cachalot,6885
cache,6886
cached,6887
caches,6888
cachet,6889
cachinnate,6890
cachou,6891
cackle,6892
cackling,6893
cacophonous,6894
cacophony,6895
cacti,6896
cactus,6897
cactuses,6898
cad,6899
cadaver,6900
cadaveric,6901
cadaverous,6902
cadavers,6903
caddie,6904
caddies,6905
caddy,6906
cadence,6907
cadences,6908
cadet,6909
cadets,6910
cadge,6911
cadged,6912
cadgers,6913
cadging,6914
cadiz,6915
cadmium,6916
cadre,6917
caesar,6918
caesar_salad,6919
caesarean,6920
caesium,6921
caesura,6922
cafe,6923
cafe_noir,6924
cafeteria,6925
cafeterias,6926
caffeine,6927
caftan,6928
cage,6929
caged,6930
cager,6931
cages,6932
cagey,6933
cagoule,6934
cagy,6935
cahoots,6936
caiman,6937
cain,6938
cairn,6939
cairngorm,6940
cairo,6941
caisson,6942
caitiff,6943
cajole,6944
cajoled,6945
cajolery,6946
cajoles,6947
cajoling,6948
cake,6949
caked,6950
cakehole,6951
cakes,6952
cakewalk,6953
caking,6954
calabash,6955
calabria,6956
calais,6957
calamari,6958
calami,6959
calamine,6960
calamine_lotion,6961
calamities,6962
calamitous,6963
calamity,6964
calash,6965
calcification,6966
calcium,6967
calculate,6968
calculated,6969
calculating,6970
calculation,6971
calculations,6972
calculator,6973
calculators,6974
calculi,6975
calculus,6976
caldera,6977
caledonia,6978
caledonian_canal,6979
calendar,6980
calendaring,6981
calendars,6982
calender,6983
calendula,6984
calf,6985
calf_love,6986
calfskin,6987
calgary,6988
calibrate,6989
calibrated,6990
calibration,6991
calibre,6992
calibres,6993
calico,6994
calif,6995
california,6996
californian,6997
caligula,6998
caliper,6999
calipers,7000
caliph,7001
caliphates,7002
call,7003
call_back,7004
call_box,7005
call_for,7006
call_forth,7007
call_girl,7008
call_in,7009
call_into_question,7010
call_it_a_day,7011
call_off,7012
call_on,7013
call_out,7014
call_the_shots,7015
call_the_tune,7016
call_up,7017
calla,7018
callas,7019
called,7020
caller,7021
callers,7022
calling,7023
callings,7024
calliope,7025
calliper,7026
callipers,7027
callisthenics,7028
callisto,7029
callous,7030
calloused,7031
callously,7032
callow,7033
callowness,7034
calls,7035
callus,7036
calm,7037
calm_down,7038
calmed,7039
calmer,7040
calmest,7041
calming,7042
calmly,7043
calmness,7044
calomel,7045
calorie,7046
calorific,7047
calumet,7048
calumniate,7049
calumniated,7050
calumniatory,7051
calumnies,7052
calumnious,7053
calumny,7054
calvados,7055
calve,7056
calvinist,7057
calvinistic,7058
calvino,7059
calypso,7060
calyptra,7061
cam,7062
camaraderie,7063
camash,7064
camass,7065
camber,7066
cambodia,7067
cambodian,7068
cambodian_capital,7069
cambrian,7070
cambric,7071
cambridge,7072
came,7073
camel,7074
camelhair,7075
camellia,7076
camelot,7077
camels,7078
camembert,7079
cameo,7080
camera,7081
camera_lucida,7082
cameraman,7083
cameramen,7084
cameras,7085
cameroon,7086
cameroun,7087
camisole,7088
camisoles,7089
camlet,7090
camomile,7091
camomile_tea,7092
camouflage,7093
camouflaged,7094
camouflages,7095
camp,7096
camp_follower,7097
campaign,7098
campaigner,7099
campaigners,7100
campaigning,7101
campaigns,7102
campanile,7103
campaniles,7104
campanula,7105
campbell,7106
camper,7107
campers,7108
camphor,7109
camphorated,7110
campion,7111
campsite,7112
campstool,7113
campus,7114
campy,7115
camshaft,7116
camus,7117
can,7118
can-do,7119
can_of_worms,7120
canaan,7121
canada,7122
canada_goose,7123
canadian,7124
canadian_province,7125
canal,7126
canal_boat,7127
canals,7128
canape,7129
canapes,7130
canard,7131
canards,7132
canaries,7133
canary,7134
canary_wine,7135
canasta,7136
canberra,7137
cancan,7138
cancel,7139
cancellation,7140
cancelled,7141
cancelling,7142
cancels,7143
cancer,7144
candelabra,7145
candelabrum,7146
candid,7147
candidate,7148
candidates,7149
candidly,7150
candied,7151
candies,7152
candle,7153
candlemas,7154
candles,7155
candlestick,7156
candlewick,7157
candour,7158
candy,7159
candy_store,7160
candyfloss,7161
cane,7162
canebrake,7163
caned,7164
canes,7165
canfield,7166
canid,7167
canine,7168
canines,7169
caning,7170
canis_minor,7171
canister,7172
canisters,7173
canker,7174
cankerous,7175
cannabis,7176
canned,7177
canned_meat,7178
cannelloni,7179
canneries,7180
cannery,7181
cannes,7182
cannibal,7183
cannibals,7184
cannon,7185
cannonade,7186
cannonball,7187
canny,7188
canoe,7189
canoed,7190
canoeing,7191
canoeist,7192
canoes,7193
canola,7194
canon,7195
canon_law,7196
canonic,7197
canonical,7198
canonise,7199
canons,7200
canoodle,7201
canoodles,7202
canoodling,7203
canopies,7204
canopus,7205
canopy,7206
canopying,7207
cans,7208
cant,7209
cantabile,7210
cantaloup,7211
cantaloupe,7212
cantankerous,7213
cantankerously,7214
cantata,7215
canteen,7216
canter,7217
canterbury,7218
canterbury_tales,7219
canticle,7220
cantilever,7221
cantilevers,7222
canto,7223
canton,7224
cantonese,7225
cantor,7226
canute,7227
canvas,7228
canvass,7229
canvassed,7230
canvasser,7231
canvassing,7232
canyon,7233
cap,7234
capability,7235
capable,7236
capacious,7237
capaciousness,7238
capacity,7239
caparison,7240
cape,7241
cape_fear,7242
cape_gooseberry,7243
cape_horn,7244
cape_town,7245
cape_verde,7246
capelin,7247
capelins,7248
capella,7249
caper,7250
capercaillie,7251
capered,7252
capering,7253
capers,7254
capes,7255
capillaries,7256
capillary,7257
capita,7258
capital,7259
capital_gains,7260
capital_gains_tax,7261
capital_of_chile,7262
capital_of_france,7263
capital_of_india,7264
capital_of_iowa,7265
capital_of_south_africa,7266
capital_of_tunisia,7267
capital_of_wisconsin,7268
capital_punishment,7269
capitalise,7270
capitalism,7271
capitalist,7272
capitalists,7273
capitals,7274
capitol,7275
capitulate,7276
capitulates,7277
capitulation,7278
caplin,7279
capo,7280
capon,7281
capone,7282
capote,7283
capped,7284
cappelletti,7285
cappuccino,7286
capra,7287
capri,7288
capriccio,7289
caprice,7290
caprices,7291
capricious,7292
capricorn,7293
capriole,7294
capris,7295
caps,7296
capsicum,7297
capsid,7298
capsize,7299
capsized,7300
capsizes,7301
capsizing,7302
capstan,7303
capstone,7304
capsule,7305
captain,7306
captaincy,7307
captained,7308
captains,7309
caption,7310
captions,7311
captious,7312
captivate,7313
captivated,7314
captivates,7315
captivating,7316
captive,7317
captives,7318
captivity,7319
captor,7320
capture,7321
captured,7322
captures,7323
capturing,7324
capuchin,7325
capuchins,7326
caput,7327
capybaras,7328
car,7329
car_boot_sale,7330
car_boot_sales,7331
car_maker,7332
car_manufacturer,7333
car_part,7334
car_parts,7335
carabaos,7336
carabineer,7337
carabiner,7338
caracal,7339
caracals,7340
caracara,7341
caracas,7342
carafe,7343
carafes,7344
caramel,7345
carapace,7346
carapaces,7347
carat,7348
caravaggio,7349
caravan,7350
caravans,7351
caravanserai,7352
caraway,7353
caraway_seed,7354
carbide,7355
carbine,7356
carbohydrate,7357
carbon,7358
carbon_dating,7359
carbon_dioxide,7360
carbon_monoxide,7361
carbon_steel,7362
carbonado,7363
carbonara,7364
carbonate,7365
carboy,7366
carbuncle,7367
carbuncles,7368
carcase,7369
carcass,7370
carcasses,7371
carcinoma,7372
card,7373
card_game,7374
card_games,7375
card_player,7376
card_sharp,7377
cardamom,7378
cardamon,7379
cardboard,7380
carded,7381
cardiac,7382
cardiac_arrest,7383
cardiff,7384
cardigan,7385
cardinal,7386
cardinal_number,7387
cardinal_numbers,7388
cardiography,7389
cardiologist,7390
cardiologists,7391
cards,7392
cardsharp,7393
care,7394
care_for,7395
cared,7396
careen,7397
career,7398
careered,7399
careerists,7400
careers,7401
carefree,7402
careful,7403
carefully,7404
carefulness,7405
caregiver,7406
careless,7407
carelessly,7408
carelessness,7409
cares,7410
caress,7411
caressed,7412
caresses,7413
caret,7414
caretaker,7415
caretakers,7416
careworn,7417
cargo,7418
cargo_cult,7419
cargo_ship,7420
cargo_vessel,7421
cargoes,7422
carhop,7423
cariamas,7424
carib,7425
caribbean,7426
caribbean_island,7427
caribbean_islands,7428
caribe,7429
caribou,7430
carica,7431
caricature,7432
caricaturist,7433
caries,7434
carillon,7435
carillons,7436
caring,7437
carioca,7438
cariocas,7439
carl_orff,7440
carload,7441
carlyle,7442
carmaker,7443
carmelite,7444
carmelites,7445
carmine,7446
carnage,7447
carnal,7448
carnal_knowledge,7449
carnation,7450
carnations,7451
carnauba,7452
carnegie,7453
carnelian,7454
carnival,7455
carnivora,7456
carnivore,7457
carnivores,7458
carnivorous_plant,7459
carob,7460
carobs,7461
carol,7462
caroli,7463
carolina,7464
caroline,7465
carollers,7466
carols,7467
carom,7468
caromed,7469
carotene,7470
carousal,7471
carouse,7472
carousel,7473
carousels,7474
carouser,7475
carp,7476
carpal,7477
carpals,7478
carpathians,7479
carped,7480
carpel,7481
carpenter,7482
carpenter_ant,7483
carpenters,7484
carpentry,7485
carper,7486
carpet,7487
carpet_slipper,7488
carpet_slippers,7489
carpet_snake,7490
carpet_sweeper,7491
carpet_sweepers,7492
carpetbag,7493
carpetbagger,7494
carpetbaggers,7495
carpeted,7496
carpeting,7497
carpets,7498
carpi,7499
carping,7500
carpus,7501
carrageen,7502
carrageens,7503
carrel,7504
carriage,7505
carriages,7506
carriageway,7507
carriageways,7508
carrick_bend,7509
carried,7510
carrier,7511
carrier_bag,7512
carrier_pigeon,7513
carriers,7514
carries,7515
carroll,7516
carrot,7517
carrots,7518
carroty,7519
carrousel,7520
carry,7521
carry_off,7522
carry_on,7523
carry_out,7524
carry_through,7525
carryall,7526
carrying,7527
carrying_out,7528
cars,7529
carson_city,7530
cart,7531
cart_off,7532
cartage,7533
carte_blanche,7534
cartel,7535
cartels,7536
carter,7537
carthage,7538
carthaginians,7539
carthorse,7540
cartier,7541
cartilage,7542
cartloads,7543
cartographer,7544
carton,7545
cartoon,7546
cartoon_strip,7547
cartoonist,7548
cartoonists,7549
cartoons,7550
cartouche,7551
cartridge,7552
cartridge_belt,7553
carts,7554
cartwheel,7555
cartwright,7556
caruso,7557
carve,7558
carved,7559
carved_in_stone,7560
carver,7561
carvers,7562
carves,7563
carving,7564
carving_knife,7565
carvings,7566
cary_grant,7567
caryatid,7568
casaba,7569
casablanca,7570
casals,7571
casanova,7572
casbah,7573
cascade,7574
cascades,7575
cascading,7576
cascara,7577
case,7578
case_history,7579
case_law,7580
casebook,7581
cased,7582
casein,7583
casement,7584
cases,7585
casework,7586
cash,7587
cash_cow,7588
cash_crop,7589
cash_flow,7590
cash_in,7591
cash_in_hand,7592
cash_in_on,7593
cash_machine,7594
cash_register,7595
cashed,7596
cashes,7597
cashew,7598
cashew_nut,7599
cashew_nuts,7600
cashier,7601
cashiered,7602
cashiers,7603
cashmere,7604
casing,7605
casino,7606
cask,7607
casket,7608
caskets,7609
casks,7610
caspar,7611
caspian,7612
caspian_sea,7613
casque,7614
cassandra,7615
cassava,7616
casserole,7617
casseroles,7618
cassette,7619
cassette_deck,7620
cassette_tape,7621
cassettes,7622
cassia,7623
cassinos,7624
cassiopeia,7625
cassock,7626
cassocks,7627
cassowary,7628
cast,7629
cast-iron,7630
cast_aside,7631
cast_down,7632
cast_iron,7633
cast_off,7634
cast_out,7635
castanets,7636
castaway,7637
caste,7638
castes,7639
castigate,7640
castigated,7641
castigates,7642
castilian,7643
casting,7644
castings,7645
castle,7646
castle_in_spain,7647
castles,7648
castor,7649
castor_bean,7650
castor_oil,7651
castors,7652
castrate,7653
castrated,7654
castrates,7655
castrati,7656
castration,7657
castro,7658
casts,7659
casual,7660
casually,7661
casualties,7662
casualty,7663
casuarina,7664
casuist,7665
cat,7666
cat's-paw,7667
cat_burglar,7668
catabolic,7669
cataclysm,7670
cataclysmic,7671
catacomb,7672
catacombs,7673
catalan,7674
catalase,7675
catalogue,7676
catalogues,7677
catalpa,7678
catalpas,7679
catalysis,7680
catalyst,7681
catalytic,7682
catamaran,7683
catamount,7684
catamounts,7685
catapult,7686
catapulted,7687
catapults,7688
cataract,7689
cataracts,7690
catarrh,7691
catarrhs,7692
catastrophe,7693
catastrophes,7694
catastrophic,7695
catastrophically,7696
catatonia,7697
catatonic,7698
catawba,7699
catbird,7700
catcall,7701
catcalled,7702
catch,7703
catch_cold,7704
catch_fire,7705
catch_on,7706
catch_one's_breath,7707
catch_phrase,7708
catch_phrases,7709
catch_sight,7710
catch_up,7711
catchall,7712
catcher,7713
catches,7714
catching,7715
catchment,7716
catchment_area,7717
catchments,7718
catchphrase,7719
catchphrases,7720
catchword,7721
catchy,7722
catechism,7723
categoric,7724
categorically,7725
categories,7726
categorise,7727
categorised,7728
categorises,7729
categorized,7730
category,7731
catena,7732
catenary,7733
catenas,7734
cater,7735
catered,7736
caterer,7737
caterpillar,7738
caterpillars,7739
caters,7740
caterwaul,7741
caterwauls,7742
catfish,7743
catharses,7744
catharsis,7745
cathartic,7746
cathay,7747
cathedral,7748
cathedrals,7749
catherine,7750
catherine_wheel,7751
catherine_wheels,7752
catheter,7753
cathode,7754
cathodes,7755
catholic,7756
catkin,7757
catmint,7758
catnap,7759
catnaps,7760
catnip,7761
catnips,7762
cats,7763
catsup,7764
cattier,7765
cattiness,7766
cattle,7767
cattle_farm,7768
cattle_thief,7769
cattleman,7770
catty,7771
catullus,7772
catwalk,7773
catwalks,7774
caucasian,7775
caucus,7776
caucuses,7777
caudate,7778
caught,7779
caught_up,7780
caul,7781
cauldron,7782
cauliflower,7783
causal,7784
cause,7785
cause_celebre,7786
cause_of_death,7787
caused,7788
causerie,7789
causes,7790
causeway,7791
causing,7792
caustic,7793
cauterise,7794
cauterises,7795
caution,7796
cautionary,7797
cautioned,7798
cautions,7799
cautious,7800
cautious_statement,7801
cautiously,7802
cavalcade,7803
cavalier,7804
cavalry,7805
cavalryman,7806
cavalrymen,7807
cave,7808
cave_dweller,7809
cave_in,7810
cave_man,7811
caveat,7812
caveat_emptor,7813
caveats,7814
caveman,7815
cavemen,7816
cavendish,7817
cavern,7818
cavernous,7819
caves,7820
caviar,7821
caviare,7822
cavil,7823
cavilled,7824
cavils,7825
cavities,7826
cavity,7827
cavort,7828
cavorting,7829
cavy,7830
caw,7831
caxton,7832
cayenne,7833
cayenne_pepper,7834
cayennes,7835
cayman,7836
cays,7837
cayuga,7838
cd,7839
cd-rom,7840
cease,7841
cease-fire,7842
ceased,7843
ceaseless,7844
ceases,7845
cebus,7846
cecropia,7847
cedar,7848
cedar_tree,7849
cedars,7850
cede,7851
ceded,7852
cedi,7853
cedilla,7854
ceding,7855
ceiba,7856
ceilidh,7857
ceiling,7858
celandine,7859
celandines,7860
celebrant,7861
celebrants,7862
celebrate,7863
celebrated,7864
celebrates,7865
celebrating,7866
celebration,7867
celebrations,7868
celebratory,7869
celebrities,7870
celebrity,7871
celeriac,7872
celerity,7873
celery,7874
celesta,7875
celestas,7876
celestial,7877
celestial_body,7878
celibate,7879
cell,7880
cell_death,7881
cell_deaths,7882
cellar,7883
cellaret,7884
cellars,7885
cellist,7886
cellists,7887
cello,7888
cellophane,7889
cellos,7890
cellphone,7891
cells,7892
cellular,7893
celluloid,7894
celsius,7895
celt,7896
celtic,7897
cembalo,7898
cement,7899
cements,7900
cemetery,7901
cenotaph,7902
cenotaphs,7903
censer,7904
censor,7905
censored,7906
censorious,7907
censors,7908
censorship,7909
censure,7910
censured,7911
censures,7912
censuring,7913
census,7914
cent,7915
centaur,7916
centaurs,7917
centaurus,7918
centaury,7919
centavo,7920
centenary,7921
center,7922
centesimo,7923
centigrade,7924
centime,7925
centimes,7926
centimetre,7927
centimetres,7928
centimo,7929
centipede,7930
centipedes,7931
central,7932
central_american,7933
central_american_country,7934
central_american_nation,7935
central_heating,7936
central_office,7937
centrally,7938
centre,7939
centre_of_attention,7940
centred,7941
centrepiece,7942
centres,7943
centric,7944
centrifuge,7945
centrist,7946
cents,7947
centuries,7948
centurion,7949
century,7950
ceo,7951
cephalopod,7952
ceramic,7953
ceramic_ware,7954
ceramicist,7955
ceramics,7956
ceramist,7957
ceramists,7958
cerate,7959
cerberus,7960
cereal,7961
cerebra,7962
cerebral,7963
cerebrum,7964
ceremonial,7965
ceremonies,7966
ceremony,7967
ceres,7968
cerise,7969
cero,7970
cert,7971
certain,7972
certainly,7973
certainty,7974
certificate,7975
certificates,7976
certification,7977
certified,7978
certify,7979
certiorari,7980
certitude,7981
cerulean,7982
cerumen,7983
ceruse,7984
cervantes,7985
cespitose,7986
cessation,7987
cession,7988
cesspit,7989
cesspool,7990
cesspools,7991
cestoda,7992
cetacean,7993
cetrimide,7994
ceylon,7995
cezanne,7996
cha-cha,7997
cha-cha-cha,7998
cha-cha-chas,7999
chablis,8000
chacma,8001
chad,8002
chadic,8003
chador,8004
chafe,8005
chafed,8006
chaff,8007
chaffed,8008
chaffer,8009
chaffinch,8010
chaffinches,8011
chaffing,8012
chaffs,8013
chafing,8014
chafings,8015
chagall,8016
chagrin,8017
chagrined,8018
chagrins,8019
chain,8020
chain_gang,8021
chain_letter,8022
chain_letters,8023
chain_mail,8024
chain_reaction,8025
chain_store,8026
chained,8027
chains,8028
chainsaw,8029
chair,8030
chair_of_state,8031
chairlift,8032
chairman,8033
chairmen,8034
chairperson,8035
chairs,8036
chaise,8037
chaise_longue,8038
chaises,8039
chalcedony,8040
chalet,8041
chalice,8042
chalices,8043
chalk,8044
chalk_out,8045
chalky,8046
challah,8047
challenge,8048
challenged,8049
challenger,8050
challenges,8051
challenging,8052
challis,8053
chamber,8054
chamber_music,8055
chamberlain,8056
chamberlains,8057
chambermaid,8058
chambermaids,8059
chamberpot,8060
chambers,8061
chambray,8062
chameleon,8063
chameleons,8064
chamfer,8065
chamois,8066
champ,8067
champagne,8068
champagnes,8069
champaign,8070
champion,8071
champions,8072
championship,8073
championships,8074
champlain,8075
champs,8076
chance,8077
chance_event,8078
chance_on,8079
chance_upon,8080
chancellor,8081
chancellor_of_the_exchequer,8082
chancer,8083
chanceries,8084
chancery,8085
chances,8086
chancre,8087
chancy,8088
chandelier,8089
chandler,8090
chandlers,8091
change,8092
change_course,8093
change_form,8094
change_of_course,8095
change_of_direction,8096
change_of_mind,8097
change_shape,8098
change_state,8099
changeable,8100
changeableness,8101
changed,8102
changeless,8103
changeling,8104
changeover,8105
changes,8106
changing,8107
channel,8108
channel_island,8109
channeled,8110
channels,8111
chanoyu,8112
chant,8113
chanted,8114
chanter,8115
chanterelles,8116
chanting,8117
chantry,8118
chants,8119
chanukah,8120
chaos,8121
chaotic,8122
chap,8123
chaparral,8124
chapati,8125
chapatti,8126
chapeau,8127
chapel,8128
chapelgoer,8129
chapels,8130
chaperon,8131
chaperone,8132
chaperones,8133
chaperons,8134
chapfallen,8135
chaplain,8136
chaplains,8137
chaplet,8138
chaplets,8139
chaplin,8140
chapman,8141
chaps,8142
chapter,8143
chapters,8144
char,8145
chara,8146
charabanc,8147
character,8148
character_assassination,8149
character_set,8150
character_witness,8151
character_witnesses,8152
characterise,8153
characterises,8154
characteristic,8155
characteristics,8156
characterless,8157
characters,8158
charade,8159
charades,8160
charas,8161
charcoal,8162
charcoal_burner,8163
charcuterie,8164
chard,8165
chardonnay,8166
charge,8167
charge_card,8168
charged,8169
charger,8170
chargers,8171
charges,8172
charging,8173
chariot,8174
charioteer,8175
charioteers,8176
chariots,8177
charis,8178
charisma,8179
charismatic,8180
charitable,8181
charities,8182
charity,8183
charivari,8184
charlatan,8185
charlatanism,8186
charlatans,8187
charles,8188
charles_darwin,8189
charles_de_gaulle,8190
charles_dickens,8191
charles_i,8192
charles_lamb,8193
charles_laughton,8194
charleston,8195
charlie_chaplin,8196
charlie_parker,8197
charlock,8198
charlotte,8199
charlotte_bronte,8200
charlotte_russe,8201
charlottes,8202
charm,8203
charmed,8204
charmer,8205
charmers,8206
charming,8207
charmingly,8208
charms,8209
charnel,8210
charolais,8211
charon,8212
charred,8213
charring,8214
chars,8215
chart,8216
charter,8217
chartered,8218
charterhouse,8219
charters,8220
chartism,8221
chartist,8222
chartists,8223
chartres,8224
chartreuse,8225
charts,8226
charwoman,8227
chary,8228
charybdis,8229
chase,8230
chase_away,8231
chased,8232
chaser,8233
chases,8234
chasing,8235
chasm,8236
chasms,8237
chassis,8238
chaste,8239
chastely,8240
chasten,8241
chastened,8242
chastening,8243
chastise,8244
chastised,8245
chastisement,8246
chastisements,8247
chastising,8248
chastity,8249
chasuble,8250
chat,8251
chat_up,8252
chateau,8253
chateaubriand,8254
chatelaine,8255
chatroom,8256
chats,8257
chattel,8258
chattels,8259
chatter,8260
chatterbox,8261
chatterboxes,8262
chattered,8263
chatterer,8264
chatterers,8265
chattering,8266
chatters,8267
chatty,8268
chaucer,8269
chauffeur,8270
chauffeured,8271
chauvinist,8272
cheap,8273
cheapen,8274
cheapening,8275
cheapens,8276
cheaper,8277
cheaply,8278
cheapskate,8279
cheat,8280
cheat_on,8281
cheated,8282
cheaters,8283
cheating,8284
cheats,8285
chechen,8286
check,8287
check_in,8288
check_marks,8289
check_off,8290
check_out,8291
checked,8292
checker,8293
checkers,8294
checking,8295
checklist,8296
checklists,8297
checkmate,8298
checkmated,8299
checkmates,8300
checkout,8301
checkpoint,8302
checks,8303
checkup,8304
cheddar,8305
cheddar_cheese,8306
cheek,8307
cheekier,8308
cheekiness,8309
cheeks,8310
cheeky,8311
cheep,8312
cheeps,8313
cheer,8314
cheer_up,8315
cheered,8316
cheerful,8317
cheerfulness,8318
cheering,8319
cheerio,8320
cheerios,8321
cheerless,8322
cheerlessly,8323
cheers,8324
cheery,8325
cheese,8326
cheeseburger,8327
cheesecake,8328
cheesecloth,8329
cheesed_off,8330
cheeseparing,8331
cheeses,8332
cheesy,8333
cheetah,8334
cheetahs,8335
chef,8336
chefs,8337
chekhov,8338
chela,8339
chelate,8340
chemical,8341
chemical_agent,8342
chemical_agents,8343
chemical_analysis,8344
chemical_compound,8345
chemical_compounds,8346
chemical_element,8347
chemical_plant,8348
chemical_process,8349
chemical_reaction,8350
chemical_substance,8351
chemical_substances,8352
chemical_weapon,8353
chemicals,8354
chemin_de_fer,8355
chemise,8356
chemist,8357
chemistry,8358
chemists,8359
chemotherapy,8360
chenille,8361
chenin_blanc,8362
chennai,8363
cheque,8364
chequer,8365
chequered,8366
chequers,8367
cherbourg,8368
cherish,8369
cherished,8370
cherishes,8371
cherishing,8372
cherokee,8373
cheroot,8374
cheroots,8375
cherries,8376
cherry,8377
cherry_laurel,8378
cherry_plum,8379
cherry_tomato,8380
chert,8381
cherub,8382
cherubic,8383
cherubim,8384
cherubini,8385
chervil,8386
cheshire_cheese,8387
chess,8388
chess_match,8389
chess_move,8390
chess_piece,8391
chess_player,8392
chessman,8393
chest,8394
chest_of_drawers,8395
chest_pain,8396
chest_protector,8397
chest_protectors,8398
chester,8399
chesterfield,8400
chesterton,8401
chestnut,8402
chestnuts,8403
chests,8404
chesty,8405
chevalier,8406
chevied,8407
cheviot,8408
chevron,8409
chew,8410
chew_over,8411
chew_the_fat,8412
chew_up,8413
chewed,8414
chewiest,8415
chewing_gum,8416
chews,8417
chewy,8418
cheyenne,8419
chi,8420
chianti,8421
chiantis,8422
chiaroscuro,8423
chic,8424
chicago,8425
chicane,8426
chicaneries,8427
chicanery,8428
chicanes,8429
chicha,8430
chichi,8431
chick,8432
chicken,8433
chicken_feed,8434
chicken_out,8435
chicken_run,8436
chickenfeed,8437
chickenpox,8438
chickens,8439
chickpea,8440
chickpeas,8441
chicks,8442
chicle,8443
chicory,8444
chidden,8445
chide,8446
chided,8447
chides,8448
chiding,8449
chief,8450
chief_assistant,8451
chief_constable,8452
chief_executive,8453
chiefly,8454
chiefs,8455
chieftain,8456
chieftains,8457
chiffon,8458
chiffonier,8459
chignon,8460
chihuahua,8461
chilblain,8462
child,8463
child's_play,8464
child_prodigy,8465
childbirth,8466
childhood,8467
childish,8468
children,8469
chile,8470
chile_pine,8471
chilean,8472
chileans,8473
chill,8474
chill_out,8475
chilled,8476
chiller,8477
chilli,8478
chilliness,8479
chilling,8480
chills,8481
chilly,8482
chimaera,8483
chime,8484
chimed,8485
chimera,8486
chimeras,8487
chimeric,8488
chimerical,8489
chimney,8490
chimney_corner,8491
chimney_corners,8492
chimneys,8493
chimp,8494
chimpanzee,8495
chin,8496
chin-wag,8497
chin_up,8498
china,8499
china_clay,8500
china_rose,8501
chinaman,8502
chinamen,8503
chinas,8504
chinaware,8505
chinchilla,8506
chinchillas,8507
chine,8508
chinese,8509
chinese_lantern,8510
chink,8511
chino,8512
chinook,8513
chinos,8514
chinquapin,8515
chintz,8516
chip,8517
chip_in,8518
chip_shot,8519
chipboard,8520
chipmunk,8521
chipolata,8522
chipolatas,8523
chipped,8524
chipper,8525
chippewa,8526
chippewas,8527
chips,8528
chirico,8529
chirp,8530
chirping,8531
chirpy,8532
chirrup,8533
chirruped,8534
chisel,8535
chisel_in,8536
chiselled,8537
chisellers,8538
chiselling,8539
chisels,8540
chit,8541
chit-chat,8542
chitchat,8543
chitchats,8544
chiton,8545
chitterlings,8546
chivalric,8547
chivalrous,8548
chivalry,8549
chives,8550
chivvy,8551
chivvying,8552
chlamydia,8553
chloride,8554
chlorinate,8555
chlorine,8556
chloroform,8557
choc,8558
choc-ices,8559
chock,8560
chock-full,8561
chocolate,8562
chocolate_bar,8563
chocolate_cake,8564
chocolate_eclair,8565
chocolate_mousse,8566
chocolate_tree,8567
chocolates,8568
choctaw,8569
choice,8570
choice_of_words,8571
choices,8572
choicest,8573
choir,8574
choirboy,8575
choirboys,8576
choirs,8577
choke,8578
choke_back,8579
choked,8580
choker,8581
chokers,8582
chokes,8583
chokey,8584
choking,8585
choky,8586
choler,8587
cholera,8588
choleric,8589
chomp,8590
chondrites,8591
choo-choo,8592
choose,8593
chooses,8594
choosey,8595
choosing,8596
choosy,8597
chop,8598
chop-chop,8599
chop_suey,8600
chop_up,8601
chopin,8602
chopped,8603
chopper,8604
choppers,8605
choppy,8606
chops,8607
choral,8608
chorale,8609
chorals,8610
chord,8611
chore,8612
chorea,8613
choreograph,8614
choreography,8615
chores,8616
chorister,8617
chorizo,8618
chortle,8619
chortles,8620
chorus,8621
chorus_girls,8622
choruses,8623
chose,8624
chosen,8625
chosen_people,8626
chou,8627
chough,8628
choux,8629
chow,8630
chow_chow,8631
chow_mein,8632
chowder,8633
chrism,8634
chrisms,8635
christ,8636
christen,8637
christening,8638
christian,8639
christian_name,8640
christians,8641
christie,8642
christmas,8643
christmas_carol,8644
christmas_eve,8645
christmas_gift,8646
christmas_present,8647
christmas_pudding,8648
christmas_tree,8649
chromatic,8650
chrome,8651
chromite,8652
chromium,8653
chronic,8654
chronicle,8655
chronicler,8656
chronicles,8657
chronological_records,8658
chronologies,8659
chronometer,8660
chrysalis,8661
chrysanthemum,8662
chub,8663
chubbier,8664
chubby,8665
chuck,8666
chuck_berry,8667
chuck_out,8668
chucked,8669
chucking,8670
chuckle,8671
chuckled,8672
chuckling,8673
chucks,8674
chuckwalla,8675
chuffed,8676
chug,8677
chum,8678
chummy,8679
chump,8680
chumps,8681
chums,8682
chunk,8683
chunks,8684
chunky,8685
church,8686
church_building,8687
church_buildings,8688
church_festival,8689
church_member,8690
church_members,8691
church_music,8692
church_of_england,8693
church_officer,8694
church_property,8695
church_service,8696
church_tower,8697
churches,8698
churchgoer,8699
churchgoers,8700
churchill,8701
churchillian,8702
churchman,8703
churchmen,8704
churchwarden,8705
churchyard,8706
churl,8707
churlish,8708
churn,8709
chute,8710
chutes,8711
chutney,8712
chutneys,8713
chutzpah,8714
chyme,8715
cia,8716
ciao,8717
cicada,8718
cicadas,8719
cicatrix,8720
cicero,8721
cicerone,8722
cicerones,8723
cicuta,8724
cid,8725
cider,8726
ciders,8727
cigar,8728
cigarette,8729
cigarettes,8730
cigarillo,8731
cigars,8732
cilantro,8733
cilia,8734
ciliates,8735
cinch,8736
cinchona,8737
cincinnati,8738
cinctures,8739
cinderella,8740
cinders,8741
cinema,8742
cinematic,8743
cinematographer,8744
cinematography,8745
cineraria,8746
cinnabar,8747
cinnamon,8748
cipher,8749
ciphers,8750
cipro,8751
ciprofloxacin,8752
circe,8753
circle,8754
circled,8755
circles,8756
circlet,8757
circlets,8758
circling,8759
circuit,8760
circuitous,8761
circular,8762
circular_saw,8763
circulate,8764
circulated,8765
circulates,8766
circulation,8767
circumference,8768
circumferences,8769
circumflex,8770
circumlocutory,8771
circumnavigation,8772
circumscribe,8773
circumscribed,8774
circumspect,8775
circumspection,8776
circumstance,8777
circumstances,8778
circumvented,8779
circus,8780
circus_tent,8781
cirque,8782
cirri,8783
cirrus,8784
cisco,8785
cissy,8786
cistercian,8787
cistern,8788
cisterns,8789
citadel,8790
citadels,8791
citation,8792
cite,8793
cited,8794
cites,8795
cities,8796
citing,8797
citizen,8798
citizenry,8799
citizens,8800
citrate,8801
citrates,8802
citric,8803
citron,8804
citrus,8805
citrus_fruit,8806
cittern,8807
city,8808
city-state,8809
city_editor,8810
city_halls,8811
city_men,8812
city_of_light,8813
city_slicker,8814
city_state,8815
cityscape,8816
citywide,8817
civet,8818
civets,8819
civic,8820
civics,8821
civil,8822
civil_rights_activist,8823
civil_rights_leader,8824
civil_servant,8825
civil_service,8826
civil_war,8827
civilian,8828
civilisation,8829
civilised,8830
civilises,8831
civility,8832
civvies,8833
clad,8834
cladding,8835
claim,8836
claimant,8837
claimed,8838
claiming,8839
claims,8840
clairvoyance,8841
clairvoyant,8842
clairvoyants,8843
clam,8844
clam_chowder,8845
clam_up,8846
clamant,8847
clambake,8848
clambakes,8849
clamber,8850
clammy,8851
clamorous,8852
clamour,8853
clamoured,8854
clamours,8855
clamp,8856
clampdown,8857
clamping,8858
clamps,8859
clams,8860
clan,8861
clan_member,8862
clandestine,8863
clang,8864
clanger,8865
clangers,8866
clangorous,8867
clangour,8868
clangs,8869
clannish,8870
clans,8871
clap,8872
clapboard,8873
clapped,8874
clapped_out,8875
clapper,8876
clappers,8877
clapping,8878
claptrap,8879
clarence,8880
clarences,8881
claret,8882
clarets,8883
clarification,8884
clarified_butter,8885
clarifies,8886
clarify,8887
clarifying,8888
clarinet,8889
clarinets,8890
clarinettist,8891
clarion,8892
clarity,8893
claro,8894
claros,8895
clary,8896
clash,8897
clashed,8898
clashes,8899
clashing,8900
clasp,8901
clasped,8902
clasps,8903
class,8904
classed,8905
classes,8906
classic,8907
classical,8908
classical_scholar,8909
classicism,8910
classicist,8911
classics,8912
classification,8913
classifications,8914
classified,8915
classified_ad,8916
classified_ads,8917
classifieds,8918
classifies,8919
classify,8920
classifying,8921
classless,8922
classmate,8923
classmates,8924
classy,8925
clasts,8926
clause,8927
clavicle,8928
clavier,8929
claviers,8930
claw,8931
clawed,8932
claws,8933
clay,8934
clay_pigeon,8935
claymore,8936
clean,8937
clean-cut,8938
clean-shaven,8939
clean_and_jerk,8940
clean_out,8941
clean_slate,8942
clean_up,8943
cleaned,8944
cleaner,8945
cleaners,8946
cleanest,8947
cleaning,8948
cleaning_device,8949
cleaning_equipment,8950
cleaning_implement,8951
cleaning_woman,8952
cleanliness,8953
cleans,8954
cleanse,8955
cleansed,8956
cleanser,8957
cleansing,8958
cleansing_agent,8959
cleanup,8960
clear,8961
clear-cut,8962
clear-sighted,8963
clear_away,8964
clear_off,8965
clear_out,8966
clear_the_air,8967
clear_up,8968
clearance,8969
clearances,8970
cleared,8971
clearer,8972
clearing,8973
clearing_house,8974
clearly,8975
clears,8976
cleavage,8977
cleavages,8978
cleave,8979
cleaved,8980
cleaver,8981
cleaves,8982
cleaving,8983
clef,8984
cleft,8985
cleg,8986
clematis,8987
clemency,8988
clement,8989
clement_attlee,8990
clementine,8991
clementines,8992
clench,8993
cleopatra,8994
clepsydra,8995
clergy,8996
clergyman,8997
clergymen,8998
cleric,8999
clerical,9000
clerics,9001
clerihew,9002
clerk,9003
clerks,9004
cleveland,9005
clever,9006
clever_clogs,9007
clever_dicks,9008
cleverer,9009
cleverest,9010
cleverly,9011
cleverness,9012
cliche,9013
cliched,9014
cliches,9015
click,9016
clicked,9017
client,9018
clientele,9019
clients,9020
cliff,9021
cliffhanger,9022
cliffs,9023
climacteric,9024
climactic,9025
climate,9026
climate_change,9027
climax,9028
climaxed,9029
climaxing,9030
climb,9031
climb_on,9032
climbed,9033
climber,9034
climbers,9035
climbing,9036
climbing_frame,9037
climbs,9038
clinch,9039
cling,9040
cling_to,9041
clingfilm,9042
clinging,9043
clinic,9044
clinical,9045
clinician,9046
clink,9047
clinton,9048
clio,9049
clip,9050
clip-on,9051
clip_art,9052
clipped,9053
clipper,9054
clippers,9055
clipping,9056
clips,9057
clique,9058
cliques,9059
clive,9060
cloak,9061
cloak-and-dagger,9062
cloaking,9063
cloaks,9064
clobber,9065
clobbered,9066
clobbers,9067
cloche,9068
clock,9069
clock_in,9070
clock_radio,9071
clocked,9072
clocking,9073
clockmaker,9074
clocks,9075
clockwork,9076
clod,9077
cloddish,9078
clodhopper,9079
clog,9080
clog_up,9081
clogs,9082
cloisonne,9083
cloister,9084
cloistered,9085
cloisters,9086
cloistral,9087
clonal,9088
clone,9089
cloned,9090
close,9091
close-fitting,9092
close-set,9093
close_at_hand,9094
close_call,9095
close_down,9096
close_in,9097
close_off,9098
close_shave,9099
close_shaves,9100
close_to,9101
close_together,9102
close_up,9103
closed,9104
closed_book,9105
closed_circuit,9106
closely,9107
closeness,9108
closer,9109
closest,9110
closet,9111
closeted,9112
closing,9113
closing_time,9114
closure,9115
clot,9116
cloth,9117
cloth_cap,9118
clothe,9119
clothed,9120
clothes,9121
clothes_designer,9122
clothes_drier,9123
clothes_moth,9124
clothier,9125
clothing,9126
clothing_store,9127
clotho,9128
cloths,9129
clots,9130
clotted_cream,9131
cloud,9132
cloud_nine,9133
cloud_over,9134
cloudberry,9135
cloudburst,9136
clouded,9137
cloudiness,9138
cloudless,9139
cloudlike,9140
clouds,9141
cloudy,9142
clout,9143
clouted,9144
clouting,9145
clouts,9146
clove,9147
clove_hitch,9148
cloven,9149
clover,9150
cloves,9151
clown,9152
clownings,9153
clownish,9154
clowns,9155
cloy,9156
cloying,9157
club,9158
club_member,9159
club_sandwich,9160
club_soda,9161
club_steak,9162
clubbable,9163
clubbed,9164
clubbing,9165
clubby,9166
clubfooted,9167
clubs,9168
clue,9169
clue_in,9170
clueless,9171
clues,9172
clumber_spaniel,9173
clump,9174
clumsily,9175
clumsiness,9176
clumsy,9177
clumsy_person,9178
clung,9179
clusia,9180
cluster,9181
cluster_bomb,9182
clusters,9183
clutch,9184
clutches,9185
clutter,9186
cluttered,9187
clyde,9188
clydesdale,9189
clyster,9190
cm,9191
co-ops,9192
co-ordinate,9193
co-ordinated,9194
co-ordinates,9195
co-respondents,9196
co-star,9197
co-worker,9198
coach,9199
coach_station,9200
coached,9201
coaches,9202
coaching,9203
coachman,9204
coagulant,9205
coagulate,9206
coagulated,9207
coagulates,9208
coagulation,9209
coal,9210
coal_gas,9211
coal_mine,9212
coal_miner,9213
coalesce,9214
coalescence,9215
coalface,9216
coalition,9217
coalpit,9218
coalpits,9219
coapt,9220
coarse,9221
coarse-grained,9222
coarsely,9223
coarsen,9224
coarseness,9225
coarser,9226
coarsest,9227
coast,9228
coastal,9229
coaster,9230
coasters,9231
coastguard,9232
coasting,9233
coastline,9234
coasts,9235
coat,9236
coat_of_paint,9237
coated,9238
coati,9239
coating,9240
coatis,9241
coats,9242
coax,9243
coaxes,9244
coaxing,9245
cob,9246
cobalt,9247
cobbler,9248
cobblers,9249
cobbles,9250
cobblestones,9251
cobnuts,9252
cobra,9253
cobras,9254
cobs,9255
cobweb,9256
coca,9257
cocaine,9258
cocci,9259
coccyx,9260
cochineal,9261
cochlea,9262
cock,9263
cock-a-hoop,9264
cock-a-leekie,9265
cockateel,9266
cockatiel,9267
cockatoo,9268
cockatrice,9269
cockchafer,9270
cocker,9271
cocker_spaniel,9272
cockerel,9273
cockerels,9274
cockeyed,9275
cockhorse,9276
cockle,9277
cockleshell,9278
cockney,9279
cockpit,9280
cockpits,9281
cockroach,9282
cocks,9283
cockscomb,9284
cocksfoot,9285
cocksure,9286
cocktail,9287
cocktail_dress,9288
cocktail_dresses,9289
cocktails,9290
cockup,9291
cocky,9292
coco,9293
cocoa,9294
coconut,9295
cocoon,9296
cocoons,9297
cocotte,9298
cod,9299
coda,9300
coddle,9301
coddles,9302
coddling,9303
code,9304
code_of_conduct,9305
codeine,9306
coder,9307
coders,9308
codes,9309
codger,9310
codicil,9311
codify,9312
codling,9313
codpiece,9314
codswallop,9315
cody,9316
coelacanth,9317
coenzyme_q,9318
coerce,9319
coerced,9320
coercion,9321
coercive,9322
coeval,9323
coevals,9324
coexist,9325
coffee,9326
coffee_bar,9327
coffee_cup,9328
coffee_cups,9329
coffee_maker,9330
coffee_shop,9331
coffee_table,9332
coffees,9333
coffer,9334
coffers,9335
coffin,9336
coffin_nail,9337
coffins,9338
cog,9339
cogency,9340
cogent,9341
coggle,9342
cogitate,9343
cogitated,9344
cogitates,9345
cogitating,9346
cogitation,9347
cogitative,9348
cognac,9349
cognate,9350
cognisance,9351
cognisant,9352
cognition,9353
cognizant,9354
cognomen,9355
cognomens,9356
cogs,9357
cohabit,9358
cohabitation,9359
cohere,9360
coherence,9361
coherent,9362
coherently,9363
coheres,9364
cohesion,9365
cohesiveness,9366
coho,9367
cohoe,9368
cohort,9369
cohorts,9370
cohos,9371
coif,9372
coiffeur,9373
coiffeurs,9374
coiffure,9375
coil,9376
coiled,9377
coils,9378
coin,9379
coinage,9380
coincide,9381
coincided,9382
coincidence,9383
coincident,9384
coincidental,9385
coincidentally,9386
coins,9387
coir,9388
coition,9389
coitus,9390
coke,9391
col,9392
cola,9393
colander,9394
colanders,9395
cold,9396
cold-blooded,9397
cold-shoulder,9398
cold-shouldered,9399
cold-shouldering,9400
cold-shoulders,9401
cold_cream,9402
cold_cuts,9403
cold_duck,9404
cold_feet,9405
cold_fish,9406
cold_shoulder,9407
cold_snap,9408
cold_sore,9409
cold_sores,9410
cold_spell,9411
cold_storage,9412
cold_turkey,9413
cold_war,9414
cold_water,9415
cold_waters,9416
cold_weather,9417
colder,9418
coldhearted,9419
coldness,9420
cole,9421
cole_porter,9422
coleoptera,9423
coleridge,9424
coleslaw,9425
colette,9426
colic,9427
coliseum,9428
collaborate,9429
collaboration,9430
collaborator,9431
collaborators,9432
collage,9433
collapse,9434
collapsed,9435
collapses,9436
collapsing,9437
collar,9438
collard,9439
collared,9440
collaring,9441
collars,9442
collate,9443
collateral,9444
collation,9445
collations,9446
colleague,9447
colleagues,9448
collect,9449
collected,9450
collectibles,9451
collecting,9452
collection,9453
collections,9454
collective,9455
collectively,9456
collector,9457
collects,9458
colleen,9459
college,9460
college_student,9461
collegian,9462
collide,9463
collide_with,9464
collided,9465
collider,9466
collie,9467
collier,9468
collieries,9469
colliers,9470
colliery,9471
collies,9472
collision,9473
collocate,9474
colloquialisms,9475
colloquy,9476
collude,9477
collusion,9478
cologne,9479
colognes,9480
colombia,9481
colombian,9482
colombo,9483
colon,9484
colonel,9485
colonial,9486
colonialist,9487
colonies,9488
colonisation,9489
colonise,9490
colonised,9491
coloniser,9492
colonist,9493
colonizer,9494
colonnade,9495
colony,9496
colorado,9497
colorado_beetle,9498
coloration,9499
coloratura,9500
colossal,9501
colosseum,9502
colossi,9503
colossians,9504
colossus,9505
colossuses,9506
colour,9507
colour_scheme,9508
colour_tv,9509
coloured,9510
colourful,9511
colouring,9512
colourings,9513
colourless,9514
colours,9515
cols,9516
colt,9517
coltsfoot,9518
colugo,9519
columbia,9520
columbine,9521
columbines,9522
columbus,9523
column,9524
columnist,9525
columns,9526
comanche,9527
comatose,9528
comb,9529
combat,9530
combat_fatigue,9531
combat_zone,9532
combatant,9533
combatants,9534
combated,9535
combative,9536
combats,9537
combed,9538
combination,9539
combinations,9540
combine,9541
combined,9542
combines,9543
combing,9544
combining,9545
combo,9546
combs,9547
combust,9548
combustible,9549
combusting,9550
combustion,9551
come,9552
come-on,9553
come_about,9554
come_across,9555
come_after,9556
come_along,9557
come_apart,9558
come_away,9559
come_back,9560
come_before,9561
come_by,9562
come_close,9563
come_down,9564
come_forward,9565
come_home,9566
come_in,9567
come_into,9568
come_near,9569
come_off,9570
come_on,9571
come_out,9572
come_over,9573
come_round,9574
come_through,9575
come_to,9576
come_to_life,9577
come_to_light,9578
come_to_mind,9579
come_together,9580
come_up,9581
come_upon,9582
comeback,9583
comebacks,9584
comedian,9585
comedians,9586
comedienne,9587
comedown,9588
comedy,9589
comeliness,9590
comely,9591
comes,9592
comestible,9593
comestibles,9594
comet,9595
comeuppance,9596
comfit,9597
comfort,9598
comfortable,9599
comfortably,9600
comforted,9601
comforter,9602
comforting,9603
comforts,9604
comfy,9605
comic,9606
comic_opera,9607
comic_strip,9608
comical,9609
comically,9610
comics,9611
coming,9612
coming_back,9613
coming_together,9614
comity,9615
comma,9616
command,9617
commandant,9618
commanded,9619
commandeer,9620
commandeered,9621
commandeering,9622
commandeers,9623
commander,9624
commander_in_chief,9625
commanders,9626
commanding,9627
commando,9628
commandos,9629
commands,9630
commemorate,9631
commemoration,9632
commemorations,9633
commemorative,9634
commence,9635
commencement,9636
commences,9637
commend,9638
commendable,9639
commendation,9640
commended,9641
commending,9642
commends,9643
commensurate,9644
comment,9645
commentary,9646
commentate,9647
commentator,9648
commentators,9649
comments,9650
commerce,9651
commercial,9652
commercial_activity,9653
commercial_art,9654
commercial_document,9655
commercial_enterprise,9656
commercial_enterprises,9657
commercial_traveller,9658
commercials,9659
commie,9660
commiserate,9661
commiserated,9662
commiseration,9663
commiserations,9664
commissar,9665
commission,9666
commissionaire,9667
commissioner,9668
commissioning,9669
commissions,9670
commit,9671
commitment,9672
commitments,9673
committed,9674
committee,9675
committee_member,9676
committees,9677
commode,9678
commodious,9679
commodity,9680
commodore,9681
common,9682
common-law_marriage,9683
common_era,9684
common_ground,9685
common_man,9686
common_market,9687
common_or_garden,9688
common_people,9689
common_person,9690
common_salt,9691
common_sense,9692
common_soldiers,9693
commoner,9694
commoners,9695
commonly,9696
commonplace,9697
commons,9698
commonsense,9699
commonsensical,9700
commonwealth,9701
commotion,9702
commotions,9703
communal,9704
commune,9705
communicable,9706
communicate,9707
communicated,9708
communicates,9709
communication,9710
communication_channels,9711
communication_equipment,9712
communication_system,9713
communication_systems,9714
communications,9715
communicative,9716
communicator,9717
communicators,9718
communion,9719
communion_table,9720
communique,9721
communist,9722
communists,9723
communities,9724
community,9725
commute,9726
commuter,9727
comp,9728
compact,9729
companies,9730
companion,9731
companionable,9732
companions,9733
companionship,9734
company,9735
comparable,9736
comparably,9737
comparative,9738
comparatively,9739
compare,9740
compared,9741
compares,9742
comparing,9743
comparison,9744
compartment,9745
compartmental,9746
compartments,9747
compass,9748
compass_point,9749
compasses,9750
compassion,9751
compassionate,9752
compatible,9753
compatriot,9754
compatriots,9755
compeer,9756
compel,9757
compelled,9758
compelling,9759
compendious,9760
compendium,9761
compensate,9762
compensated,9763
compensates,9764
compensation,9765
compere,9766
compete,9767
competed,9768
competence,9769
competencies,9770
competency,9771
competent,9772
competing,9773
competition,9774
competitions,9775
competitive,9776
competitor,9777
competitors,9778
compilations,9779
compile,9780
compiled,9781
compiler,9782
compilers,9783
compiling,9784
complacent,9785
complacently,9786
complain,9787
complainant,9788
complained,9789
complaining,9790
complains,9791
complaint,9792
complaints,9793
complaisant,9794
complement,9795
complementing,9796
complete,9797
completed,9798
completely,9799
completeness,9800
completes,9801
completion,9802
complex,9803
complexion,9804
complexity,9805
compliance,9806
compliant,9807
complicated,9808
complicates,9809
complication,9810
complications,9811
complicity,9812
complied,9813
compliment,9814
complimentary,9815
complimented,9816
compliments,9817
comply,9818
complying,9819
component,9820
components,9821
comport,9822
comportment,9823
compos_mentis,9824
compose,9825
composed,9826
composer,9827
composers,9828
composes,9829
composing,9830
composite,9831
composites,9832
composition,9833
compositions,9834
compositor,9835
compost,9836
composure,9837
compote,9838
compound,9839
compounded,9840
compounder,9841
compounds,9842
comprehend,9843
comprehends,9844
comprehensible,9845
comprehension,9846
comprehensive,9847
comprehensively,9848
compress,9849
compressed,9850
comprise,9851
comprised,9852
comprises,9853
compromise,9854
compromises,9855
compulsion,9856
compulsions,9857
compulsive,9858
compulsory,9859
computationally,9860
compute,9861
computer,9862
computer_accessory,9863
computer_expert,9864
computer_files,9865
computer_game,9866
computer_language,9867
computer_memory,9868
computer_peripheral,9869
computer_peripherals,9870
computer_program,9871
computer_programs,9872
computer_science,9873
computer_software,9874
computer_store,9875
computer_system,9876
computers,9877
computing,9878
computing_device,9879
comrade,9880
comradely,9881
comrades,9882
comradeship,9883
comte,9884
con,9885
con_artist,9886
con_artists,9887
con_brio,9888
con_game,9889
con_man,9890
con_men,9891
conakry,9892
conan_doyle,9893
concatenation,9894
concave,9895
conceal,9896
concealed,9897
concealing,9898
concealment,9899
conceals,9900
concede,9901
conceded,9902
concedes,9903
conceding,9904
conceit,9905
conceited,9906
conceitedness,9907
conceits,9908
conceivably,9909
conceive,9910
conceived,9911
conceiving,9912
concentrate,9913
concentrated,9914
concentrated_fire,9915
concentrates,9916
concentrating,9917
concentration,9918
concentration_camp,9919
concept,9920
conception,9921
concepts,9922
conceptualise,9923
conceptualism,9924
concern,9925
concerned,9926
concerning,9927
concerns,9928
concert,9929
concert_grand,9930
concert_grands,9931
concert_hall,9932
concert_halls,9933
concerted,9934
concerti,9935
concertina,9936
concerto,9937
concerts,9938
concession,9939
concessions,9940
conch,9941
concierge,9942
concierges,9943
conciliation,9944
conciliator,9945
concise,9946
concisely,9947
concisest,9948
conclave,9949
conclaves,9950
conclude,9951
concluded,9952
concludes,9953
concluding,9954
conclusion,9955
conclusions,9956
conclusive,9957
concoct,9958
concocted,9959
concord,9960
concordance,9961
concordant,9962
concordat,9963
concourse,9964
concourses,9965
concrete,9966
concrete_jungle,9967
concretion,9968
concubinage,9969
concubine,9970
concupiscence,9971
concupiscent,9972
concur,9973
concurred,9974
concurrence,9975
concurrent,9976
concurrently,9977
concuss,9978
concussed,9979
condemn,9980
condemnation,9981
condemned,9982
condemning,9983
condemns,9984
condense,9985
condenser,9986
condescend,9987
condescended,9988
condescending,9989
condescends,9990
condign,9991
condiment,9992
condiments,9993
condition,9994
conditional,9995
conditional_contract,9996
conditioned,9997
conditioner,9998
conditions,9999
condo,10000
condoled,10001
condolences,10002
condom,10003
condone,10004
condones,10005
condor,10006
condos,10007
conduct,10008
conducted,10009
conductor,10010
conductors,10011
conducts,10012
conduit,10013
cone,10014
cones,10015
coney,10016
coneys,10017
confab,10018
confabbed,10019
confect,10020
confection,10021
confectioneries,10022
confectionery,10023
confections,10024
confederacy,10025
confederate,10026
confederation,10027
confederations,10028
confer,10029
conference,10030
conferences,10031
conferred,10032
confers,10033
confess,10034
confessed,10035
confesses,10036
confessing,10037
confession,10038
confessor,10039
confetti,10040
confidant,10041
confidante,10042
confidants,10043
confide,10044
confidence,10045
confidence_trick,10046
confidences,10047
confident,10048
confidential,10049
confidential_information,10050
confidentiality,10051
confidentially,10052
confides,10053
configuration,10054
configure,10055
confine,10056
confined,10057
confinement,10058
confinements,10059
confines,10060
confining,10061
confirm,10062
confirmation,10063
confirmatory,10064
confirmed,10065
confirms,10066
confiscate,10067
confiscated,10068
confiscates,10069
confiscation,10070
confiture,10071
conflagrate,10072
conflagration,10073
conflagrations,10074
conflate,10075
conflated,10076
conflict,10077
conflicted,10078
conflicting,10079
conflicts,10080
confluence,10081
conform,10082
conformed,10083
conforming,10084
conformist,10085
conformity,10086
conforms,10087
confound,10088
confounded,10089
confounds,10090
confrere,10091
confreres,10092
confront,10093
confrontation,10094
confrontational,10095
confronted,10096
confronting,10097
confronts,10098
confucius,10099
confuse,10100
confused,10101
confuses,10102
confusing,10103
confusion,10104
conga,10105
congaing,10106
congas,10107
congeal,10108
congealed,10109
congeals,10110
congee,10111
congener,10112
congenial,10113
congenital,10114
congenital_defect,10115
conger,10116
conger_eel,10117
conger_eels,10118
congeries,10119
congest,10120
congestion,10121
conglomerate,10122
conglomeration,10123
conglomerations,10124
congo,10125
congo_river,10126
congratulate,10127
congratulated,10128
congratulations,10129
congregate,10130
congregating,10131
congregation,10132
congregations,10133
congress,10134
congressman,10135
congruence,10136
congruent,10137
congruity,10138
conic,10139
conifer,10140
coniferous_tree,10141
conifers,10142
conima,10143
conjecture,10144
conjectured,10145
conjectures,10146
conjoin,10147
conjoined,10148
conjugal,10149
conjugate,10150
conjuring,10151
conjuring_tricks,10152
conjuror,10153
conjurors,10154
conk,10155
conk_out,10156
conker,10157
conkers,10158
connect,10159
connected,10160
connecticut,10161
connecting,10162
connection,10163
connections,10164
connective,10165
connector,10166
connects,10167
conned,10168
conniption,10169
conniptions,10170
connivance,10171
connive,10172
conniving,10173
connoisseur,10174
connoisseurs,10175
connoisseurship,10176
connotation,10177
connote,10178
connoted,10179
conquer,10180
conquered,10181
conquering,10182
conqueror,10183
conquerors,10184
conquers,10185
conquest,10186
conrad,10187
cons,10188
conscience,10189
conscientious,10190
conscious,10191
consciousness,10192
conscript,10193
conscription,10194
conscripts,10195
consecrate,10196
consecrated,10197
consecration,10198
consensus,10199
consent,10200
consenting,10201
consents,10202
consequence,10203
consequences,10204
consequent,10205
consequential,10206
consequently,10207
conservation,10208
conservationist,10209
conservationists,10210
conservative,10211
conservatives,10212
conservatoire,10213
conservatory,10214
conserve,10215
conserving,10216
consider,10217
considerable,10218
considerably,10219
considerate,10220
considerately,10221
considerateness,10222
consideration,10223
considered,10224
considering,10225
considers,10226
consign,10227
consignment,10228
consignments,10229
consist,10230
consistency,10231
consistent,10232
consistently,10233
consists,10234
console,10235
consoled,10236
consoles,10237
consolidate,10238
consolidated,10239
consolidation,10240
consomme,10241
consonant,10242
consonants,10243
consort,10244
consortia,10245
consortium,10246
consortiums,10247
consorts,10248
conspicuous,10249
conspicuous_consumption,10250
conspiracies,10251
conspiracy,10252
conspirator,10253
conspiratorial,10254
conspire,10255
conspired,10256
conspires,10257
conspiring,10258
constable,10259
constables,10260
constabulary,10261
constance,10262
constancy,10263
constant,10264
constantine,10265
constantine_the_great,10266
constantinople,10267
constantly,10268
constellate,10269
constellation,10270
consternate,10271
consternation,10272
constituency,10273
constituent,10274
constituents,10275
constitute,10276
constitution,10277
constitution_state,10278
constitutional,10279
constrain,10280
constrained,10281
constraining,10282
constraint,10283
constrict,10284
constricted,10285
constriction,10286
constrictions,10287
construct,10288
constructed,10289
constructing,10290
construction,10291
construction_worker,10292
construction_workers,10293
constructions,10294
constructs,10295
construe,10296
construed,10297
construes,10298
construing,10299
consul,10300
consulate,10301
consult,10302
consultant,10303
consultants,10304
consultation,10305
consultative,10306
consulted,10307
consulting,10308
consume,10309
consumed,10310
consumer,10311
consumers,10312
consumes,10313
consuming,10314
consummate,10315
consummated,10316
consummation,10317
consumption,10318
contact,10319
contact_sport,10320
contacted,10321
contacting,10322
contacts,10323
contagion,10324
contagious,10325
contain,10326
contained,10327
container,10328
container_ship,10329
containers,10330
contains,10331
contaminant,10332
contaminate,10333
contaminated,10334
contamination,10335
contemn,10336
contemplate,10337
contemplated,10338
contemplates,10339
contemplating,10340
contemplation,10341
contemplative,10342
contemporaneous,10343
contemporaries,10344
contemporary,10345
contempt,10346
contempt_of_court,10347
contemptible,10348
contemptuous,10349
contend,10350
contended,10351
contender,10352
contends,10353
content,10354
contented,10355
contention,10356
contentious,10357
contentment,10358
contents,10359
contest,10360
contestant,10361
contestation,10362
contested,10363
contests,10364
context,10365
contexts,10366
contiguous,10367
continent,10368
continental,10369
continental_quilt,10370
contingent,10371
continual,10372
continually,10373
continuation,10374
continue,10375
continued,10376
continues,10377
continuing,10378
continuous,10379
continuously,10380
continuum,10381
contorted,10382
contour,10383
contra,10384
contraband,10385
contrabandist,10386
contrabass,10387
contrabassoon,10388
contraceptive,10389
contract,10390
contract_bridge,10391
contracted,10392
contracting,10393
contraction,10394
contractor,10395
contractors,10396
contracts,10397
contradict,10398
contradicted,10399
contradiction,10400
contradiction_in_terms,10401
contradictions,10402
contradictory,10403
contradicts,10404
contrail,10405
contralti,10406
contralto,10407
contraption,10408
contraptions,10409
contrarian,10410
contrariety,10411
contrary,10412
contrast,10413
contrasts,10414
contravene,10415
contravention,10416
contraventions,10417
contretemps,10418
contribute,10419
contributed,10420
contributes,10421
contribution,10422
contributions,10423
contributor,10424
contributory,10425
contrite,10426
contriteness,10427
contrition,10428
contrive,10429
contrived,10430
contrives,10431
control,10432
control_board,10433
control_freak,10434
control_panel,10435
control_panels,10436
control_system,10437
controllable,10438
controlled,10439
controller,10440
controlling,10441
controls,10442
controversial,10443
controversy,10444
controvert,10445
contumacy,10446
contused,10447
contusion,10448
conundrum,10449
conundrums,10450
conurbation,10451
convalesce,10452
convalescent,10453
convene,10454
convener,10455
convenes,10456
convenience,10457
convenience_food,10458
convenience_store,10459
conveniences,10460
convenient,10461
conveniently,10462
convent,10463
convention,10464
conventional,10465
conventions,10466
convents,10467
converge,10468
convergence,10469
convergent,10470
conversant,10471
conversation,10472
conversation_piece,10473
conversational,10474
conversationalists,10475
conversations,10476
converse,10477
converses,10478
conversion,10479
convert,10480
converted,10481
convertible,10482
converts,10483
convex,10484
convey,10485
conveyance,10486
conveyances,10487
conveyed,10488
conveyor,10489
conveyor_belt,10490
conveyor_belts,10491
conveys,10492
convict,10493
conviction,10494
convictions,10495
convicts,10496
convince,10497
convinced,10498
convincing,10499
convincingly,10500
convivial,10501
conviviality,10502
convolute,10503
convoluted,10504
convoy,10505
cony,10506
coo,10507
cook,10508
cook_up,10509
cooked,10510
cooker,10511
cookers,10512
cookery,10513
cookhouse,10514
cookie,10515
cookies,10516
cooking,10517
cooking_oil,10518
cooking_utensil,10519
cooking_utensils,10520
cookouts,10521
cooks,10522
cookware,10523
cool,10524
cool_it,10525
coolant,10526
cooler,10527
coolers,10528
coolheaded,10529
coolness,10530
coop,10531
coop_up,10532
cooper,10533
cooperate,10534
cooperating,10535
cooperation,10536
coops,10537
coordinate,10538
coordinated,10539
coordinating,10540
coordination,10541
coot,10542
cop,10543
cop_out,10544
copacetic,10545
copal,10546
copartner,10547
cope,10548
cope_with,10549
copecks,10550
coped,10551
copenhagen,10552
copepod,10553
copepods,10554
copernicus,10555
copes,10556
copied,10557
copier,10558
copies,10559
copilot,10560
coping,10561
coping_saw,10562
copious,10563
copland,10564
copper,10565
copper-bottomed,10566
copperhead,10567
copperplate,10568
coppers,10569
coppersmith,10570
coppery,10571
coppice,10572
coppices,10573
coppola,10574
cops,10575
copse,10576
copses,10577
copt,10578
copts,10579
copulate,10580
copy,10581
copybook,10582
copycat,10583
copycats,10584
copying,10585
copyist,10586
copyreader,10587
copyright,10588
copyright_infringement,10589
coq_au_vin,10590
coquet,10591
coquette,10592
coquille,10593
cor_anglais,10594
coracle,10595
coracles,10596
coral,10597
coral_sea,10598
coral_snake,10599
corbel,10600
corbett,10601
corbetts,10602
cord,10603
cordial,10604
cordiality,10605
cordially,10606
cordials,10607
cordite,10608
cordoba,10609
cordobas,10610
cordon,10611
cordon_bleu,10612
cords,10613
corduroy,10614
corduroys,10615
core,10616
core_group,10617
corelli,10618
corer,10619
cores,10620
corgi,10621
corgis,10622
coriander,10623
corinth,10624
corinthian,10625
cork,10626
corker,10627
corking,10628
corks,10629
corkscrew,10630
cormorant,10631
corn,10632
corncob,10633
corncrake,10634
cornel,10635
cornelian,10636
corner,10637
cornered,10638
corners,10639
cornerstone,10640
cornet,10641
cornetist,10642
cornflour,10643
cornflower,10644
cornice,10645
cornish_pasty,10646
cornmeal,10647
cornmeal_mush,10648
cornucopia,10649
cornwall,10650
corny,10651
corolla,10652
corona,10653
coronach,10654
coronal,10655
coronated,10656
coronation,10657
coroner,10658
coronet,10659
coronets,10660
corot,10661
corporal,10662
corporal_punishment,10663
corporate,10664
corporation,10665
corporations,10666
corporeal,10667
corps,10668
corps_de_ballet,10669
corpse,10670
corpses,10671
corpulence,10672
corpulent,10673
corpus,10674
corpus_christi,10675
corpuscle,10676
corral,10677
corrals,10678
correct,10679
corrected,10680
correcting,10681
correction,10682
correctional,10683
corrections,10684
corrective,10685
correctly,10686
correctness,10687
corrects,10688
correlate,10689
correlation,10690
correspond,10691
corresponded,10692
correspondence,10693
correspondent,10694
corresponding,10695
correspondingly,10696
corresponds,10697
corridor,10698
corridors,10699
corrie,10700
corroborate,10701
corroboration,10702
corrode,10703
corroded,10704
corrodes,10705
corroding,10706
corrosion,10707
corrosive,10708
corrugated,10709
corrupt,10710
corruptible,10711
corrupting,10712
corruption,10713
corrupts,10714
corsage,10715
corsair,10716
corsairs,10717
corset,10718
corseted,10719
corsets,10720
corsica,10721
corsican,10722
corslet,10723
cortege,10724
cortina,10725
cortisone,10726
corundum,10727
coruscate,10728
corvette,10729
corvettes,10730
corvine_birds,10731
corymb,10732
coryza,10733
cos,10734
cos_lettuce,10735
cosa_nostra,10736
cosec,10737
cosh,10738
coshed,10739
coshes,10740
cosily,10741
cosine,10742
cosmetic,10743
cosmetic_surgery,10744
cosmetics,10745
cosmic,10746
cosmopolitan,10747
cosmos,10748
cosmoses,10749
cossack,10750
cossacks,10751
cosset,10752
cosseted,10753
cosseting,10754
cost,10755
cost-effective,10756
cost_of_living,10757
costa,10758
costa_rica,10759
costa_rican,10760
costae,10761
costalgia,10762
costermonger,10763
costly,10764
costmary,10765
costs,10766
costume,10767
costumers,10768
costumes,10769
costumier,10770
cosy,10771
cot,10772
cotangent,10773
cotangents,10774
cote,10775
coterie,10776
coteries,10777
cotillion,10778
cotinga,10779
cotoneaster,10780
cotopaxi,10781
cottage,10782
cottage_cheese,10783
cottage_industry,10784
cottage_pie,10785
cottar,10786
cotters,10787
cotton,10788
cotton_on,10789
cotton_wool,10790
cottus,10791
cotyledon,10792
couch,10793
couch_potato,10794
couchant,10795
couchette,10796
cougar,10797
cougars,10798
cough,10799
cough_drop,10800
cough_up,10801
coughing,10802
coughing_up,10803
coulomb,10804
council,10805
council_members,10806
councillor,10807
councils,10808
counsel,10809
counselled,10810
counselling,10811
counsellor,10812
counsels,10813
count,10814
count_on,10815
count_out,10816
countdown,10817
counted,10818
countenance,10819
countenanced,10820
countenances,10821
counter,10822
counteract,10823
counteractive,10824
counteracts,10825
counterargument,10826
counterbalance,10827
counterbalances,10828
counterblast,10829
counterfeit,10830
counterfeiter,10831
counterfeits,10832
counterfoil,10833
countering,10834
counterintelligence,10835
countermand,10836
countermanded,10837
countermanding,10838
countermands,10839
counterpane,10840
counterpart,10841
counterparts,10842
counterpoint,10843
counterpoise,10844
counterpunch,10845
counters,10846
countersign,10847
countersigns,10848
countersink,10849
counterspy,10850
countertenor,10851
counterweight,10852
countess,10853
countesses,10854
counties,10855
counting,10856
countless,10857
countries,10858
countrified,10859
country,10860
country-style,10861
country_club,10862
country_house,10863
country_houses,10864
country_music,10865
countryman,10866
countrymen,10867
countryside,10868
counts,10869
county,10870
county_council,10871
county_town,10872
coup,10873
coup_de_grace,10874
coup_de_theatre,10875
coupe,10876
couperin,10877
couple,10878
coupled,10879
couples,10880
couplet,10881
couplets,10882
coupling,10883
couplings,10884
coupon,10885
coupons,10886
courage,10887
courageous,10888
courante,10889
courgette,10890
courgettes,10891
courier,10892
couriers,10893
course,10894
course_of_action,10895
courser,10896
courses,10897
court,10898
court_of_justice,10899
court_order,10900
court_orders,10901
courted,10902
courteous,10903
courtesan,10904
courtesy,10905
courtier,10906
courting,10907
courtly,10908
courts,10909
courtship,10910
courtyard,10911
courtyards,10912
couscous,10913
cousin,10914
cousins,10915
couturier,10916
cove,10917
coven,10918
covenant,10919
coventry,10920
cover,10921
cover-up,10922
cover-ups,10923
cover_charge,10924
cover_up,10925
cover_version,10926
coverage,10927
covered,10928
covered_wagon,10929
covering,10930
covering_letter,10931
coverlet,10932
covers,10933
covert,10934
covert_operation,10935
covertly,10936
covertness,10937
coverts,10938
coves,10939
covet,10940
coveted,10941
coveting,10942
covetous,10943
covetousness,10944
covets,10945
cow,10946
cow_parsley,10947
coward,10948
cowardice,10949
cowardly,10950
cowboy,10951
cowboy_boots,10952
cowboys,10953
cowcatcher,10954
cowed,10955
cower,10956
cowered,10957
cowering,10958
cowers,10959
cowgirl,10960
cowherb,10961
cowherd,10962
cowhide,10963
cowing,10964
cowl,10965
cowls,10966
cowrie,10967
cows,10968
cowshed,10969
cowskin,10970
cowslip,10971
cowslips,10972
coxa,10973
coxcomb,10974
coxcombs,10975
coxes,10976
coxswain,10977
coy,10978
coyness,10979
coyote,10980
coyotes,10981
coypu,10982
coypus,10983
cozen,10984
cozens,10985
crab,10986
crab_apple,10987
crabbed,10988
crabbiness,10989
crabby,10990
crabmeat,10991
crabs,10992
crabwise,10993
crack,10994
crack_cocaine,10995
crack_shot,10996
crack_up,10997
crackdown,10998
crackdowns,10999
cracked,11000
cracker,11001
crackerjack,11002
crackers,11003
cracking,11004
crackle,11005
crackles,11006
crackpot,11007
crackpots,11008
cracks,11009
cradle,11010
cradles,11011
craft,11012
craftier,11013
craftily,11014
crafts,11015
craftsman,11016
craftsmanship,11017
craftsmen,11018
crafty,11019
crag,11020
craggy,11021
crake,11022
crakes,11023
cram,11024
crammed,11025
crammer,11026
cramming,11027
cramp,11028
cramped,11029
crampon,11030
cramps,11031
crams,11032
cranberry,11033
crane,11034
crane_flies,11035
cranes,11036
cranium,11037
crank,11038
crank_up,11039
cranked,11040
crankiness,11041
cranks,11042
crankshaft,11043
cranky,11044
crannies,11045
cranny,11046
crap,11047
crappie,11048
craps,11049
crapshooter,11050
crapulent,11051
crash,11052
crash_course,11053
crash_helmet,11054
crash_landings,11055
crashed,11056
crashes,11057
crass,11058
crate,11059
crater,11060
craters,11061
crates,11062
cravat,11063
cravats,11064
crave,11065
craved,11066
craven,11067
craves,11068
craving,11069
cravings,11070
craw,11071
crawl,11072
crawled,11073
crawler,11074
crawlers,11075
crawling,11076
crawls,11077
craws,11078
crayfish,11079
crayon,11080
crayoned,11081
crayons,11082
craze,11083
crazed,11084
crazier,11085
craziest,11086
craziness,11087
crazy,11088
crazy_horse,11089
creaky,11090
cream,11091
cream_cheese,11092
cream_puff,11093
cream_puffs,11094
cream_soda,11095
cream_sodas,11096
creamed,11097
creams,11098
creamy,11099
creamy-white,11100
crease,11101
creased,11102
creases,11103
create,11104
created,11105
creates,11106
creating,11107
creation,11108
creations,11109
creative,11110
creative_activity,11111
creative_person,11112
creative_thinker,11113
creativity,11114
creator,11115
creature,11116
creatures,11117
creche,11118
creches,11119
crecy,11120
credence,11121
credentials,11122
credenza,11123
credible,11124
credit,11125
credit_account,11126
credit_card,11127
credit_cards,11128
credit_crunch,11129
creditable,11130
credited,11131
creditor,11132
credits,11133
credo,11134
credos,11135
credulous,11136
cree,11137
creed,11138
creek,11139
creel,11140
creep,11141
creep_up,11142
creeper,11143
creepers,11144
creeping,11145
creeps,11146
creepy,11147
creepy-crawlies,11148
creepy-crawly,11149
creese,11150
cremate,11151
cremated,11152
cremates,11153
crematoria,11154
creme_caramel,11155
creme_de_menthe,11156
cremona,11157
crenellation,11158
creole,11159
creoles,11160
creon,11161
creosol,11162
creosote,11163
crepe,11164
crepitate,11165
crept,11166
crepuscular,11167
crescendo,11168
crescent,11169
cress,11170
crest,11171
crestfallen,11172
crests,11173
cretan,11174
cretans,11175
crete,11176
cretin,11177
cretinous,11178
cretins,11179
cretonne,11180
crevasse,11181
crevasses,11182
crevice,11183
crevices,11184
crew,11185
crew_cut,11186
crew_member,11187
crew_members,11188
crewman,11189
crewmen,11190
crews,11191
crib,11192
cribbage,11193
crick,11194
cricket,11195
cricket_ball,11196
cricket_match,11197
cricketer,11198
cricketers,11199
crickets,11200
cried,11201
crier,11202
cries,11203
crime,11204
crimea,11205
crimean_war,11206
crimes,11207
criminal,11208
criminal_offence,11209
criminal_record,11210
criminalisation,11211
criminality,11212
criminals,11213
criminologist,11214
crimp,11215
crimson,11216
crimsons,11217
cringe,11218
cringed,11219
cringes,11220
cringing,11221
crinkle,11222
crinkling,11223
crinkly,11224
crinoline,11225
cripple,11226
crippled,11227
crippling,11228
crises,11229
crisis,11230
crisp,11231
crisps,11232
crisscross,11233
crisscrossed,11234
criteria,11235
criterion,11236
critic,11237
critical,11238
critical_appraisal,11239
critical_appraisals,11240
critical_point,11241
critical_review,11242
critically,11243
criticise,11244
criticised,11245
criticises,11246
criticising,11247
criticism,11248
criticize,11249
criticized,11250
criticizes,11251
criticizing,11252
critics,11253
critique,11254
critiqued,11255
critter,11256
critters,11257
cro-magnon,11258
croak,11259
croaked,11260
croaker,11261
croaking,11262
croaky,11263
croat,11264
croatia,11265
croatian,11266
crochet,11267
crock,11268
crockery,11269
crocks,11270
crocodile,11271
crocodiles,11272
crocus,11273
crocuses,11274
croesus,11275
croft,11276
crofter,11277
croissant,11278
cromlech,11279
cromwell,11280
cromwellian,11281
crone,11282
crones,11283
cronies,11284
cronus,11285
crony,11286
cronyism,11287
crook,11288
crooked,11289
crookedly,11290
crooks,11291
croon,11292
crooned,11293
crooner,11294
crooners,11295
crop,11296
cropper,11297
crops,11298
croquet,11299
croquette,11300
crosby,11301
crosier,11302
cross,11303
cross-country,11304
cross-dresser,11305
cross-eye,11306
cross-section,11307
cross-stitch,11308
cross_out,11309
crossbeam,11310
crossbeams,11311
crossbench,11312
crossbill,11313
crossbow,11314
crossbows,11315
crossbred,11316
crosscheck,11317
crosscut,11318
crosse,11319
crossed,11320
crosser,11321
crosses,11322
crosshatch,11323
crossing,11324
crossover,11325
crosspatch,11326
crosspiece,11327
crossroad,11328
crossroads,11329
crossword,11330
crosswords,11331
crotch,11332
crotchet,11333
crotchety,11334
crouch,11335
crouches,11336
croup,11337
croupe,11338
croupier,11339
crouton,11340
crow,11341
crowbar,11342
crowbars,11343
crowd,11344
crowd_together,11345
crowded,11346
crowding,11347
crowds,11348
crowed,11349
crowfoot,11350
crowing,11351
crown,11352
crown_jewels,11353
crown_princess,11354
crowned,11355
crowned_head,11356
crowning,11357
crowns,11358
crows,11359
crt,11360
crucial,11361
crucially,11362
crucible,11363
crucibles,11364
crucifix,11365
crucifixes,11366
cruddy,11367
crude,11368
crude_oil,11369
crudely,11370
cruder,11371
crudites,11372
cruel,11373
cruelly,11374
cruelty,11375
cruets,11376
cruise,11377
cruise_missile,11378
cruise_ship,11379
cruiser,11380
cruising,11381
crumb,11382
crumble,11383
crumbles,11384
crumbs,11385
crummy,11386
crumpet,11387
crumpets,11388
crumple,11389
crumpled,11390
crumples,11391
crumpling,11392
crunch,11393
crusade,11394
crusaded,11395
crusader,11396
crusades,11397
crush,11398
crushed,11399
crusher,11400
crushes,11401
crushing,11402
crust,11403
crustacea,11404
crustacean,11405
crustaceans,11406
crusting,11407
crusts,11408
crusty,11409
crutch,11410
crux,11411
cry,11412
cry_out,11413
crybabies,11414
crybaby,11415
crying,11416
cryogen,11417
cryogenic,11418
cryolite,11419
cryonics,11420
crypt,11421
cryptic,11422
cryptologists,11423
crystal,11424
crystal_balls,11425
crystal_clear,11426
crystal_set,11427
crystallise,11428
crystals,11429
cs,11430
ctenoid,11431
cub,11432
cuba,11433
cuban,11434
cubans,11435
cubby,11436
cube,11437
cube_root,11438
cube_roots,11439
cubebs,11440
cubed,11441
cubes,11442
cubic,11443
cubic_centimetre,11444
cubicle,11445
cubism,11446
cubist,11447
cubists,11448
cubit,11449
cubits,11450
cuboid,11451
cubs,11452
cuckolded,11453
cuckoo,11454
cuckoo_clock,11455
cuckoos,11456
cucumber,11457
cucurbit,11458
cuddle,11459
cuddles,11460
cudgel,11461
cudgelled,11462
cudgels,11463
cue,11464
cue_ball,11465
cued,11466
cueing,11467
cues,11468
cuff,11469
cuffed,11470
cuffing,11471
cuffs,11472
cuirass,11473
cuirasses,11474
cuisine,11475
cul_de_sac,11476
culinary,11477
culls,11478
culminate,11479
culminates,11480
culmination,11481
culminations,11482
culottes,11483
culpability,11484
culpable,11485
culprit,11486
cult,11487
cultism,11488
cultivar,11489
cultivate,11490
cultivated,11491
cultivated_land,11492
cultivating,11493
cultivation,11494
cultivators,11495
cultural,11496
culture,11497
culture_medium,11498
cultured,11499
cultures,11500
culvert,11501
cumber,11502
cumbersome,11503
cumbria,11504
cumin,11505
cumin_seed,11506
cummerbund,11507
cumulation,11508
cumuli,11509
cuneiform,11510
cunning,11511
cunningly,11512
cup,11513
cup_final,11514
cup_of_tea,11515
cup_tie,11516
cupbearer,11517
cupboard,11518
cupboards,11519
cupcake,11520
cupcakes,11521
cupid,11522
cupidity,11523
cupids,11524
cupola,11525
cuppa,11526
cupric,11527
cups,11528
cur,11529
curacao,11530
curacoas,11531
curare,11532
curassow,11533
curate,11534
curates,11535
curative,11536
curator,11537
curb,11538
curbs,11539
curd,11540
curdles,11541
cure,11542
cure-all,11543
cured,11544
cures,11545
curettage,11546
curette,11547
curia,11548
curias,11549
curie,11550
curing,11551
curio,11552
curiosity,11553
curious,11554
curiously,11555
curl,11556
curl_up,11557
curler,11558
curlew,11559
curlicue,11560
curling,11561
curls,11562
curly-haired,11563
curmudgeon,11564
curmudgeonly,11565
currant,11566
currants,11567
currency,11568
current,11569
current_of_air,11570
current_unit,11571
currently,11572
currents,11573
curriculum,11574
curriculums,11575
curries,11576
curry,11577
curry_favour,11578
curry_sauce,11579
curs,11580
curse,11581
cursed,11582
curses,11583
cursing,11584
cursor,11585
cursory,11586
curt,11587
curtail,11588
curtailed,11589
curtailing,11590
curtailment,11591
curtails,11592
curtain,11593
curtained,11594
curtains,11595
curtsey,11596
curtsy,11597
curvaceous,11598
curvature,11599
curve,11600
curved,11601
curved_shapes,11602
curves,11603
curvet,11604
curving,11605
cushion,11606
cushions,11607
cushy,11608
cusp,11609
cuspid,11610
cuspidor,11611
cuss,11612
cussed,11613
custard,11614
custer,11615
custodial,11616
custodian,11617
custodians,11618
custodianship,11619
custody,11620
custom,11621
custom-made,11622
customary,11623
customer,11624
customers,11625
customise,11626
customised,11627
customs,11628
cut,11629
cut-and-thrust,11630
cut-in,11631
cut-rate,11632
cut_across,11633
cut_back,11634
cut_corners,11635
cut_down,11636
cut_glass,11637
cut_in,11638
cut_into,11639
cut_of_beef,11640
cut_of_meat,11641
cut_off,11642
cut_out,11643
cut_short,11644
cut_through,11645
cut_up,11646
cutback,11647
cute,11648
cutely,11649
cuteness,11650
cuter,11651
cutest,11652
cuticle,11653
cutis,11654
cutlass,11655
cutlasses,11656
cutlery,11657
cutlet,11658
cutpurse,11659
cuts,11660
cutter,11661
cutters,11662
cutthroat,11663
cutting,11664
cutting-edge,11665
cutting_board,11666
cutting_edge,11667
cutting_implement,11668
cutting_off,11669
cutting_out,11670
cutting_tool,11671
cuttings,11672
cuttle,11673
cuttlefish,11674
cutworm,11675
cutworms,11676
cv,11677
cwm,11678
cy_pres,11679
cyan,11680
cyanide,11681
cybele,11682
cyberspace,11683
cyborg,11684
cycad,11685
cyclamen,11686
cycle,11687
cycle_rickshaws,11688
cycles,11689
cyclical,11690
cycling,11691
cyclist,11692
cyclists,11693
cyclone,11694
cyclones,11695
cyclopean,11696
cyclops,11697
cyclotron,11698
cygnet,11699
cygnets,11700
cygnus,11701
cylinder,11702
cylindrical,11703
cyma,11704
cymbal,11705
cymru,11706
cynic,11707
cynical,11708
cynics,11709
cynosure,11710
cynthia,11711
cypher,11712
cyphers,11713
cypress,11714
cypresses,11715
cypriot,11716
cypriots,11717
cyprus,11718
cyrano_de_bergerac,11719
cyst,11720
cystine,11721
czar,11722
czarina,11723
czech,11724
czech_republic,11725
czechs,11726
d,11727
da,11728
da_vinci,11729
dab,11730
dabbing,11731
dabble,11732
dabbler,11733
dabblers,11734
dabs,11735
dace,11736
dacha,11737
dachas,11738
dachshund,11739
dachshunds,11740
dacoit,11741
dacoity,11742
dactyl,11743
dad,11744
dada,11745
dadaism,11746
daddy,11747
dado,11748
daemon,11749
daffodil,11750
daffodils,11751
daft,11752
dafter,11753
dagga,11754
dagger,11755
daggers,11756
dags,11757
daguerreotype,11758
dahl,11759
dahlia,11760
dahlias,11761
dahomey,11762
daikon,11763
dail,11764
dailies,11765
daily,11766
daily_double,11767
daimler,11768
daimon,11769
dainties,11770
daintiness,11771
dainty,11772
daiquiri,11773
dairy,11774
dairy_cow,11775
dairy_product,11776
dairy_products,11777
dairymaid,11778
dairyman,11779
dairymen,11780
dais,11781
daises,11782
daisies,11783
daisy,11784
daisy_chain,11785
daisy_cutter,11786
dakar,11787
dakota,11788
dal,11789
dalai_lama,11790
dale,11791
dales,11792
dalesman,11793
dali,11794
dallas,11795
dalliance,11796
dalliances,11797
dallied,11798
dallies,11799
dally,11800
dallying,11801
dalmatian,11802
dalmatians,11803
dals,11804
dalton,11805
dam,11806
dam_up,11807
damage,11808
damaged,11809
damages,11810
damaging,11811
damascene,11812
damascus,11813
damask,11814
damask_rose,11815
dame,11816
dames,11817
damn,11818
damnable,11819
damnation,11820
damned,11821
damning,11822
damocles,11823
damon,11824
damozel,11825
damp,11826
dampen,11827
dampened,11828
dampener,11829
damper,11830
dampest,11831
dampness,11832
damps,11833
dams,11834
damsel,11835
damselfish,11836
damselflies,11837
damselfly,11838
damsels,11839
damson,11840
damsons,11841
dance,11842
dance_hall,11843
dance_music,11844
dance_step,11845
dance_steps,11846
danced,11847
dancer,11848
dancers,11849
dances,11850
dancing,11851
dancing_partner,11852
dandelion,11853
dandie_dinmont,11854
dandies,11855
dandified,11856
dandruff,11857
dandy,11858
dandyish,11859
dane,11860
danes,11861
danger,11862
danger_zone,11863
dangerous,11864
dangers,11865
dangle,11866
dangles,11867
dangling,11868
daniel,11869
daniel_defoe,11870
daniel_ortega,11871
danish,11872
danish_blue,11873
danish_pastry,11874
dank,11875
danse_macabre,11876
danseur,11877
danseurs,11878
danseuse,11879
dante,11880
dante_alighieri,11881
danton,11882
danube,11883
danzig,11884
daphne,11885
daphne_du_maurier,11886
dapper,11887
dapple,11888
dappled,11889
dapples,11890
dapsone,11891
dar_es_salaam,11892
dardan,11893
dardanelles,11894
dare,11895
dared,11896
daredevil,11897
dares,11898
dari,11899
daring,11900
daringly,11901
darjeeling,11902
dark,11903
dark-coloured,11904
dark-haired,11905
dark_ages,11906
dark_blue,11907
dark_chocolate,11908
dark_glasses,11909
dark_horse,11910
dark_red,11911
darken,11912
darkened,11913
darkening,11914
darkens,11915
darker,11916
darkest,11917
darkness,11918
darling,11919
darlings,11920
darn,11921
darned,11922
darnel,11923
darner,11924
dart,11925
dartboard,11926
darted,11927
darter,11928
darting,11929
dartmouth,11930
darts,11931
darwin,11932
darwinian,11933
darwinism,11934
das_kapital,11935
dash,11936
dash_off,11937
dashboard,11938
dashed,11939
dashiki,11940
dashikis,11941
dashing,11942
dastard,11943
dastardliness,11944
dastardly,11945
dastards,11946
data,11947
data_point,11948
data_processor,11949
data_structure,11950
database,11951
date,11952
date_palm,11953
date_palms,11954
dated,11955
dateless,11956
dates,11957
dating,11958
dative,11959
datives,11960
datum,11961
daub,11962
daubed,11963
daubs,11964
daughter,11965
daughter-in-law,11966
daunt,11967
daunted,11968
daunting,11969
dauntless,11970
davenport,11971
david,11972
davis_cup,11973
davit,11974
daw,11975
dawdle,11976
dawdled,11977
dawdler,11978
dawdlers,11979
dawn,11980
dawning,11981
day,11982
day-to-day,11983
day_bed,11984
day_book,11985
day_care,11986
day_lily,11987
day_nursery,11988
day_of_rest,11989
day_off,11990
day_return,11991
day_shift,11992
daybreak,11993
daydream,11994
daydreamer,11995
daydreaming,11996
daydreams,11997
daylight,11998
daylights,11999
daylilies,12000
days,12001
dayspring,12002
daystar,12003
daytime,12004
daytona_beach,12005
daze,12006
dazed,12007
dazzle,12008
dazzled,12009
dazzles,12010
dazzling,12011
dd,12012
de_facto,12013
de_gaulle,12014
de_jure,12015
de_luxe,12016
de_mille,12017
de_niro,12018
de_novo,12019
de_rigueur,12020
de_valera,12021
deacon,12022
deactivate,12023
dead,12024
dead_bodies,12025
dead_body,12026
dead_centre,12027
dead_drop,12028
dead_duck,12029
dead_end,12030
dead_ends,12031
dead_heat,12032
dead_ringer,12033
dead_ringers,12034
dead_sea,12035
dead_set,12036
dead_weight,12037
deadbeat,12038
deaden,12039
deadeye,12040
deadhead,12041
deadline,12042
deadlock,12043
deadlocks,12044
deadly,12045
deadly_nightshade,12046
deadly_sin,12047
deadness,12048
deadpan,12049
deadwood,12050
deaf,12051
deafen,12052
deafening,12053
deal,12054
dealer,12055
dealers,12056
dealership,12057
dealfish,12058
dealing,12059
dealings,12060
deals,12061
dealt,12062
dean,12063
deans,12064
dear,12065
dearer,12066
dearest,12067
dearie,12068
dearies,12069
dearly,12070
dearness,12071
dearth,12072
dearths,12073
deary,12074
death,12075
death_camp,12076
death_duty,12077
death_penalty,12078
death_squad,12079
deathless,12080
deathly,12081
deaths,12082
deathwatch,12083
debacle,12084
debar,12085
debarment,12086
debarred,12087
debarring,12088
debase,12089
debased,12090
debasement,12091
debasing,12092
debatable,12093
debate,12094
debated,12095
debater,12096
debates,12097
debating,12098
debauch,12099
debauched,12100
debauchee,12101
debauchees,12102
debauchery,12103
debenture,12104
debentures,12105
debilitate,12106
debilitated,12107
debility,12108
debit,12109
debonair,12110
debone,12111
debones,12112
deboning,12113
debrief,12114
debriefed,12115
debriefs,12116
debris,12117
debt,12118
debts,12119
debug,12120
debunk,12121
debunked,12122
debussy,12123
debut,12124
debutante,12125
debuts,12126
decade,12127
decadence,12128
decadency,12129
decadent,12130
decades,12131
decaf,12132
decagon,12133
decagons,12134
decal,12135
decalitre,12136
decalogue,12137
decamp,12138
decamping,12139
decampment,12140
decant,12141
decanter,12142
decapitate,12143
decapitation,12144
decapod,12145
decarbonise,12146
decathlon,12147
decay,12148
decayed,12149
decaying,12150
decays,12151
decease,12152
deceased,12153
deceit,12154
deceitful,12155
deceitfulness,12156
deceive,12157
deceived,12158
deceiver,12159
deceives,12160
deceiving,12161
decelerate,12162
decelerates,12163
december,12164
december_31,12165
decency,12166
decennia,12167
decent,12168
decentralised,12169
deception,12170
deceptions,12171
deceptive,12172
decertify,12173
decibel,12174
decide,12175
decided,12176
decidedly,12177
decides,12178
deciding,12179
decimal,12180
decimal_point,12181
decimate,12182
decimated,12183
decimation,12184
decimetre,12185
decipher,12186
deciphered,12187
decision,12188
decisive,12189
decisive_factor,12190
deck,12191
deck_out,12192
deck_tennis,12193
decked,12194
deckhand,12195
decking,12196
decks,12197
declaim,12198
declaimed,12199
declaims,12200
declamation,12201
declamatory,12202
declaration,12203
declarations,12204
declare,12205
declared,12206
declares,12207
declaring,12208
decline,12209
declined,12210
declines,12211
declining,12212
decoct,12213
decoction,12214
decocts,12215
decode,12216
decoded,12217
decoders,12218
decoke,12219
decolletage,12220
decolour,12221
decompose,12222
decomposing,12223
decomposition,12224
decompress,12225
decompressed,12226
decongestant,12227
deconstruct,12228
decontaminate,12229
decontaminated,12230
decontaminates,12231
decontamination,12232
decor,12233
decorate,12234
decorated,12235
decorates,12236
decorating,12237
decoration,12238
decorations,12239
decorative,12240
decorator,12241
decorators,12242
decorous,12243
decorum,12244
decouple,12245
decoy,12246
decoyed,12247
decoys,12248
decrease,12249
decreased,12250
decreases,12251
decreasing,12252
decree,12253
decree_nisi,12254
decreed,12255
decreeing,12256
decrees,12257
decrement,12258
decrepit,12259
decrepitude,12260
decries,12261
decry,12262
decrying,12263
decrypt,12264
decrypted,12265
decrypts,12266
dedicate,12267
dedicated,12268
dedication,12269
deduce,12270
deduced,12271
deduces,12272
deduct,12273
deduction,12274
deductive,12275
deducts,12276
deed,12277
deedbox,12278
deeds,12279
deem,12280
deemed,12281
deeming,12282
deep,12283
deep-fry,12284
deep-rooted,12285
deep-seated,12286
deep_down,12287
deep_in_thought,12288
deep_red,12289
deep_space,12290
deep_water,12291
deepen,12292
deepened,12293
deepens,12294
deeply,12295
deepness,12296
deeps,12297
deer,12298
deerhound,12299
deerskin,12300
deerskins,12301
deerstalker,12302
deface,12303
defacement,12304
defaces,12305
defamation,12306
defamatory,12307
defame,12308
defamed,12309
default,12310
defaulter,12311
defaults,12312
defeat,12313
defeated,12314
defeating,12315
defeatist,12316
defeats,12317
defect,12318
defected,12319
defection,12320
defections,12321
defective,12322
defector,12323
defects,12324
defence,12325
defence_force,12326
defence_system,12327
defenceless,12328
defences,12329
defend,12330
defendant,12331
defender,12332
defenders,12333
defending,12334
defends,12335
defensible,12336
defensive_attitude,12337
defensive_measure,12338
defensive_structure,12339
defer,12340
deference,12341
deferent,12342
deferential,12343
deferentially,12344
deferment,12345
deferral,12346
deferred,12347
defers,12348
defiance,12349
defiant,12350
deficiency,12351
deficient,12352
deficit,12353
defied,12354
defile,12355
defiled,12356
defilement,12357
defiler,12358
defiling,12359
define,12360
defined,12361
defines,12362
defining,12363
definite,12364
definite_article,12365
definitely,12366
definition,12367
definitive,12368
deflagrate,12369
deflate,12370
deflated,12371
deflates,12372
deflating,12373
deflation,12374
deflect,12375
deflected,12376
deflection,12377
deflects,12378
deflower,12379
defoe,12380
defoliant,12381
deform,12382
deformed,12383
deformity,12384
defraud,12385
defrauded,12386
defray,12387
defrayal,12388
defrayals,12389
defrayed,12390
defrayments,12391
defrays,12392
defrock,12393
defrost,12394
defrosted,12395
deft,12396
defter,12397
deftest,12398
deftly,12399
defunct,12400
defuse,12401
defused,12402
defy,12403
defying,12404
degage,12405
degas,12406
degeneracy,12407
degenerate,12408
degenerates,12409
degenerating,12410
degeneration,12411
degradation,12412
degrade,12413
degraded,12414
degrades,12415
degrading,12416
degree,12417
degrees,12418
dehisce,12419
dehiscent,12420
dehumanising,12421
dehumidify,12422
dehydrate,12423
dehydrated,12424
dehydration,12425
deific,12426
deified,12427
deifies,12428
deign,12429
deigned,12430
deigns,12431
deimos,12432
deism,12433
deist,12434
deists,12435
deities,12436
deity,12437
deject,12438
dejected,12439
dejection,12440
dekker,12441
dekko,12442
delaware,12443
delawarean,12444
delay,12445
delayed,12446
delayed_action,12447
delaying,12448
delays,12449
delectable,12450
delectation,12451
delegacy,12452
delegate,12453
delegated,12454
delegates,12455
delegation,12456
delete,12457
deleted,12458
deleterious,12459
deletes,12460
deletion,12461
delf,12462
delft,12463
delhi,12464
deli,12465
deliberate,12466
deliberated,12467
deliberately,12468
deliberates,12469
deliberating,12470
deliberation,12471
delibes,12472
delicacy,12473
delicate,12474
delicatessen,12475
delicious,12476
delight,12477
delighted,12478
delightful,12479
delightfully,12480
delights,12481
delilah,12482
delimit,12483
delineate,12484
delineated,12485
delinquent,12486
delinquents,12487
delirious,12488
delirium,12489
delis,12490
delist,12491
delius,12492
deliver,12493
deliverance,12494
delivered,12495
deliverer,12496
deliveries,12497
delivering,12498
delivers,12499
delivery,12500
deliveryman,12501
dell,12502
delphi,12503
delphinia,12504
delphinium,12505
delta,12506
delta_wing,12507
deltas,12508
deltoid,12509
deltoids,12510
delude,12511
deluded,12512
deludes,12513
deluge,12514
deluged,12515
deluges,12516
delusion,12517
delusional,12518
delusions,12519
delusive,12520
deluxe,12521
delve,12522
delves,12523
delving,12524
demagogy,12525
demand,12526
demanded,12527
demanding,12528
demands,12529
demarcate,12530
demarcation,12531
dematerialise,12532
demean,12533
demeaned,12534
demeaning,12535
demeanour,12536
demeans,12537
demented,12538
dementia,12539
demerara,12540
demerara_sugar,12541
demerit,12542
demesne,12543
demeter,12544
demijohn,12545
demilitarise,12546
demise,12547
demisemiquaver,12548
demist,12549
demitasse,12550
demo,12551
demob,12552
demobilise,12553
democracy,12554
democrat,12555
democratic,12556
democratic_party,12557
democrats,12558
demode,12559
demographer,12560
demoiselle,12561
demolish,12562
demolished,12563
demolishes,12564
demolition,12565
demon,12566
demoniac,12567
demoniacal,12568
demonic,12569
demonised,12570
demons,12571
demonstrable,12572
demonstrate,12573
demonstrated,12574
demonstrates,12575
demonstrating,12576
demonstration,12577
demonstrations,12578
demonstrative,12579
demonstrator,12580
demonstrators,12581
demoralisation,12582
demoralise,12583
demoralised,12584
demos,12585
demote,12586
demoted,12587
demotes,12588
demotic,12589
demotion,12590
demur,12591
demure,12592
demurrage,12593
den,12594
den_haag,12595
denationalising,12596
denature,12597
denaturing,12598
denaturised,12599
dendrite,12600
dendritic,12601
deneb,12602
deniable,12603
denial,12604
denials,12605
denied,12606
denies,12607
denigrate,12608
denigrated,12609
denigrates,12610
denim,12611
denizen,12612
denmark,12613
denominate,12614
denomination,12615
denote,12616
denoted,12617
denotes,12618
denouement,12619
denounce,12620
denounced,12621
denouncement,12622
denounces,12623
dens,12624
dense,12625
densely,12626
denseness,12627
density,12628
dent,12629
dental,12630
dental_procedure,12631
dental_surgeons,12632
dentaria,12633
dented,12634
denting,12635
dentist,12636
dentists,12637
dents,12638
denture,12639
denude,12640
denuded,12641
denudes,12642
denunciation,12643
denunciations,12644
denver,12645
deny,12646
denying,12647
deodar,12648
deodars,12649
deodorant,12650
deodorants,12651
deodorised,12652
depart,12653
departed,12654
departing,12655
department,12656
department_store,12657
departmental,12658
departs,12659
departure,12660
departures,12661
depend,12662
depend_on,12663
depend_upon,12664
dependable,12665
dependant,12666
dependants,12667
depended,12668
dependence,12669
dependency,12670
dependent,12671
dependent_on,12672
dependent_upon,12673
depending,12674
depends,12675
depict,12676
depicted,12677
depicting,12678
depiction,12679
depicts,12680
deplete,12681
depleted,12682
depleting,12683
deplorable,12684
deplorably,12685
deplore,12686
deplored,12687
deplores,12688
deploring,12689
deploy,12690
deployed,12691
deploying,12692
deployment,12693
deploys,12694
deponent,12695
deponents,12696
deport,12697
deportation,12698
deported,12699
deportee,12700
deportment,12701
deports,12702
depose,12703
deposed,12704
deposing,12705
deposit,12706
deposited,12707
depositing,12708
deposition,12709
depositor,12710
depository,12711
deposits,12712
depot,12713
depots,12714
depravation,12715
deprave,12716
depraved,12717
depraves,12718
depravity,12719
deprecate,12720
depreciate,12721
depreciating,12722
depredation,12723
depress,12724
depressant,12725
depressed,12726
depresses,12727
depressing,12728
depressingly,12729
depression,12730
depressions,12731
deprivation,12732
deprive,12733
deprived,12734
deprives,12735
depth,12736
depth_charge,12737
depths,12738
deputation,12739
depute,12740
deputed,12741
deputes,12742
deputies,12743
deputise,12744
deputises,12745
deputy,12746
derail,12747
derailed,12748
derailment,12749
derange,12750
deranged,12751
derangement,12752
derbies,12753
derby,12754
derby_hat,12755
deregulation,12756
derelict,12757
dereliction,12758
deride,12759
derided,12760
derides,12761
deriding,12762
derision,12763
derisive,12764
derisory,12765
derivation,12766
derivative,12767
derivatives,12768
derive,12769
derived,12770
derives,12771
derma,12772
dermatitis,12773
dermatologists,12774
dermic,12775
derogate,12776
derogated,12777
derogatory,12778
derrick,12779
derrida,12780
derriere,12781
derring-do,12782
derringer,12783
derv,12784
dervish,12785
des,12786
des_moines,12787
descant,12788
descartes,12789
descend,12790
descendant,12791
descendants,12792
descended,12793
descends,12794
descent,12795
describe,12796
described,12797
describes,12798
describing,12799
descried,12800
description,12801
descriptions,12802
descry,12803
descrying,12804
desecrate,12805
desecrated,12806
desecration,12807
desegregate,12808
desensitized,12809
desert,12810
desert_fox,12811
desert_lynx,12812
desert_plant,12813
desert_rat,12814
desert_rats,12815
desert_rose,12816
deserted,12817
deserter,12818
deserters,12819
deserting,12820
desertion,12821
deserts,12822
deserve,12823
deserved,12824
deserves,12825
deserving,12826
desex,12827
desexualises,12828
deshabille,12829
desiccant,12830
desiccate,12831
desiccated,12832
desiderata,12833
desideratum,12834
design,12835
design_criteria,12836
designate,12837
designated,12838
designates,12839
designation,12840
designed,12841
designer,12842
designers,12843
designing,12844
designs,12845
desirable,12846
desire,12847
desired,12848
desires,12849
desiring,12850
desirous,12851
desist,12852
desisted,12853
desists,12854
desk,12855
desk_sergeant,12856
desktop,12857
desktops,12858
desolate,12859
desolated,12860
desolates,12861
desolation,12862
despair,12863
despaired,12864
despairing,12865
despatch,12866
despatches,12867
desperado,12868
desperados,12869
desperate,12870
desperately,12871
desperation,12872
despicable,12873
despicably,12874
despise,12875
despised,12876
despises,12877
despite,12878
despoil,12879
despoiler,12880
despoils,12881
despondency,12882
despondent,12883
despot,12884
despotic,12885
despotism,12886
despots,12887
dessert,12888
dessert_wine,12889
desserts,12890
dessertspoon,12891
destination,12892
destinations,12893
destine,12894
destined,12895
destiny,12896
destitute,12897
destitution,12898
destroy,12899
destroyed,12900
destroyer,12901
destroys,12902
destruct,12903
destruction,12904
destructive,12905
desultory,12906
detach,12907
detached,12908
detachment,12909
detail,12910
detailed,12911
detailing,12912
details,12913
detain,12914
detained,12915
detainee,12916
detainees,12917
detaining,12918
detainment,12919
detains,12920
detect,12921
detected,12922
detecting,12923
detection,12924
detective,12925
detectives,12926
detector,12927
detects,12928
detente,12929
detention,12930
detention_centre,12931
deter,12932
deterge,12933
detergent,12934
detergents,12935
deteriorate,12936
deteriorated,12937
deteriorating,12938
deterioration,12939
determinant,12940
determination,12941
determine,12942
determined,12943
determines,12944
determining,12945
deterred,12946
deterrence,12947
deterrent,12948
deters,12949
detest,12950
detestable,12951
detestation,12952
detested,12953
detesting,12954
detests,12955
dethrone,12956
dethroning,12957
detonate,12958
detonated,12959
detonator,12960
detour,12961
detox,12962
detract,12963
detracted,12964
detraction,12965
detractive,12966
detractor,12967
detracts,12968
detrain,12969
detriment,12970
detrimental,12971
detritus,12972
detroit,12973
deuce,12974
deuced,12975
deuteronomy,12976
devalue,12977
devalued,12978
devastate,12979
devastated,12980
devastates,12981
devastating,12982
devastation,12983
develop,12984
developed,12985
developer,12986
developing,12987
developing_country,12988
development,12989
developments,12990
develops,12991
deviance,12992
deviant,12993
deviants,12994
deviate,12995
deviates,12996
deviation,12997
device,12998
devices,12999
devil,13000
devil-may-care,13001
devilish,13002
devilishly,13003
devilled,13004
devilry,13005
devils,13006
devious,13007
deviously,13008
deviousness,13009
devise,13010
devising,13011
devitalise,13012
devoid,13013
devolution,13014
devolve,13015
devon,13016
devote,13017
devoted,13018
devotedly,13019
devotee,13020
devotees,13021
devotion,13022
devotional,13023
devotions,13024
devour,13025
devoured,13026
devouring,13027
devout,13028
devoutness,13029
dew,13030
dewberry,13031
dewdrops,13032
dewey,13033
dewlap,13034
dewy,13035
dewy-eyed,13036
dexter,13037
dexterity,13038
dextral,13039
dextrose,13040
dextrous,13041
dhak,13042
dhaka,13043
dhal,13044
dharma,13045
dhole,13046
dhoti,13047
dhotis,13048
dhow,13049
dhows,13050
diabetes,13051
diabolical,13052
diacritic,13053
diacritical_mark,13054
diadem,13055
diagnose,13056
diagnosed,13057
diagnoses,13058
diagnosing,13059
diagnosis,13060
diagnostic,13061
diagnostic_procedure,13062
diagnostic_technique,13063
diagnostic_test,13064
diagnostician,13065
diagonal,13066
diagonally,13067
diagram,13068
diagrams,13069
dial,13070
dialect,13071
dialectic,13072
dialectical_materialism,13073
dialects,13074
dialled,13075
dialogue,13076
dials,13077
dialysis,13078
diamante,13079
diameter,13080
diamond,13081
diamonds,13082
diana,13083
diapason,13084
diapasons,13085
diaper,13086
diaphragm,13087
diaries,13088
diarist,13089
diarrhoea,13090
diary,13091
dias,13092
diatom,13093
diatribe,13094
diatribes,13095
diaz,13096
diazepam,13097
dibber,13098
dibble,13099
dibs,13100
dice,13101
diced,13102
dicentra,13103
dicer,13104
dicey,13105
dick,13106
dickens,13107
dickensian,13108
dickey,13109
dickies,13110
dickinson,13111
dicks,13112
dicky,13113
dicot,13114
dicotyledon,13115
dicta,13116
dictaphone,13117
dictate,13118
dictated,13119
dictates,13120
dictating,13121
dictation,13122
dictator,13123
dictatorial,13124
dictators,13125
dictatorship,13126
diction,13127
dictionaries,13128
dictionary,13129
dictionary_entry,13130
dictum,13131
did,13132
didactic,13133
didder,13134
diddle,13135
diddles,13136
diddling,13137
diderot,13138
dido,13139
die,13140
die-cast,13141
die-hard,13142
die_away,13143
die_down,13144
die_hard,13145
die_out,13146
died,13147
diehard,13148
diehards,13149
diemaker,13150
dieresis,13151
dies,13152
dies_irae,13153
diesel,13154
diesel_engine,13155
diesel_oil,13156
diet,13157
dietary_supplement,13158
dieter,13159
dieting,13160
dietitian,13161
dietrich,13162
differ,13163
difference,13164
difference_of_opinion,13165
differences,13166
different,13167
differential,13168
differentially,13169
differentiate,13170
differentiation,13171
differently,13172
differs,13173
difficult,13174
difficulties,13175
difficulty,13176
diffident,13177
diffract,13178
diffuse,13179
diffusion,13180
dig,13181
dig_in,13182
dig_into,13183
dig_out,13184
dig_up,13185
digest,13186
digested,13187
digestive,13188
digestive_tract,13189
digestives,13190
digests,13191
digger,13192
diggers,13193
digging,13194
digging_up,13195
digit,13196
digital,13197
digital_watch,13198
digitalin,13199
digitalis,13200
digitoxin,13201
digits,13202
dignified,13203
dignify,13204
dignifying,13205
dignitaries,13206
dignitary,13207
dignity,13208
digress,13209
digressing,13210
digression,13211
digressions,13212
digressive,13213
digs,13214
dik-dik,13215
dika,13216
dike,13217
dilapidate,13218
dilapidated,13219
dilapidation,13220
dilate,13221
dilated,13222
dilates,13223
dilating,13224
dilation,13225
dilator,13226
dilatory,13227
dilemma,13228
dilemmas,13229
dilettante,13230
dilettantes,13231
dilettanti,13232
diligence,13233
diligent,13234
diligently,13235
dill,13236
dilly-dallies,13237
dilute,13238
diluted,13239
dilutes,13240
dilution,13241
dim,13242
dim_sum,13243
dime,13244
dime_novel,13245
dimension,13246
dimer,13247
dimes,13248
dimetrodon,13249
diminish,13250
diminished,13251
diminishes,13252
diminishing,13253
diminutive,13254
dimly,13255
dimmer,13256
dimmest,13257
dimness,13258
dimple,13259
dimples,13260
dimwit,13261
din,13262
dinar,13263
dinars,13264
dine,13265
dined,13266
diner,13267
dinero,13268
diners,13269
dines,13270
dinette,13271
ding-dong,13272
ding-dongs,13273
dingbat,13274
dinghy,13275
dinginess,13276
dingle,13277
dingo,13278
dingoes,13279
dingos,13280
dingy,13281
dining,13282
dining_area,13283
dining_room,13284
dining_rooms,13285
dinkier,13286
dinky,13287
dinner,13288
dinner_parties,13289
dinner_party,13290
dinner_service,13291
dinner_set,13292
dinner_sets,13293
dinner_table,13294
dinosaur,13295
dinosaurs,13296
dint,13297
diocesan,13298
diocese,13299
diocletian,13300
diode,13301
diogenes,13302
dionysian,13303
dionysus,13304
dior,13305
diorama,13306
dioxide,13307
dip,13308
dip_into,13309
dip_switch,13310
diphthong,13311
diplodocus,13312
diploma,13313
diplomacy,13314
diplomat,13315
diplomatic,13316
diplomatic_corps,13317
diplomatic_service,13318
diplomats,13319
dipnoi,13320
dipole,13321
dipped,13322
dipper,13323
dips,13324
dipsomania,13325
dipsomaniac,13326
dipstick,13327
dipsticks,13328
diptera,13329
dipteran,13330
diptych,13331
diptychs,13332
dirac,13333
dire,13334
direct,13335
direct_action,13336
directed,13337
direction,13338
directionless,13339
directions,13340
directive,13341
directives,13342
directly,13343
director,13344
directorate,13345
directories,13346
directors,13347
directory,13348
directs,13349
direful,13350
direst,13351
dirge,13352
dirges,13353
dirham,13354
dirigible,13355
dirk,13356
dirndl,13357
dirndls,13358
dirt,13359
dirt_bike,13360
dirt_cheap,13361
dirtied,13362
dirtier,13363
dirtiest,13364
dirtily,13365
dirtiness,13366
dirty,13367
dirty_money,13368
dirty_old_man,13369
dirty_pool,13370
dirty_trick,13371
dirty_tricks,13372
dis,13373
disa,13374
disabilities,13375
disability,13376
disable,13377
disabled,13378
disables,13379
disabling,13380
disabused,13381
disadvantage,13382
disadvantaged,13383
disadvantageous,13384
disadvantages,13385
disaffect,13386
disaffected,13387
disaffection,13388
disagree,13389
disagree_with,13390
disagreeable,13391
disagreed,13392
disagreeing,13393
disagreement,13394
disagreements,13395
disagrees,13396
disallow,13397
disallowed,13398
disappear,13399
disappearance,13400
disappeared,13401
disappearing,13402
disappears,13403
disappoint,13404
disappointed,13405
disappointing,13406
disappointment,13407
disappointments,13408
disappoints,13409
disapprobation,13410
disapproval,13411
disapprove,13412
disapproving,13413
disarm,13414
disarmed,13415
disarming,13416
disarrange,13417
disarray,13418
disassemble,13419
disassembly,13420
disassociate,13421
disaster,13422
disasters,13423
disastrous,13424
disavow,13425
disavowal,13426
disavowals,13427
disavowed,13428
disavows,13429
disband,13430
disbanded,13431
disbarment,13432
disbelief,13433
disbelieve,13434
disbeliever,13435
disbelievers,13436
disburden,13437
disburdened,13438
disburdens,13439
disbursal,13440
disburse,13441
disc,13442
disc_jockey,13443
discard,13444
discarded,13445
discards,13446
discern,13447
discerned,13448
discernible,13449
discerning,13450
discernment,13451
discerns,13452
discharge,13453
discharged,13454
discharges,13455
discharging,13456
disciple,13457
disciples,13458
disciplinarian,13459
disciplinary,13460
discipline,13461
disciplined,13462
disciplines,13463
disclaim,13464
disclaimer,13465
disclaimers,13466
disclose,13467
disclosed,13468
discloses,13469
disclosure,13470
disclosures,13471
disco,13472
discoed,13473
discoing,13474
discolour,13475
discolouration,13476
discoloured,13477
discombobulate,13478
discombobulated,13479
discombobulates,13480
discomfit,13481
discomfiture,13482
discomfort,13483
discommode,13484
discompose,13485
discomposure,13486
disconcert,13487
disconcerted,13488
disconcerting,13489
disconnect,13490
disconnected,13491
disconsolate,13492
discontent,13493
discontented,13494
discontentment,13495
discontinuance,13496
discontinue,13497
discontinued,13498
discontinues,13499
discord,13500
discordance,13501
discordant,13502
discorporate,13503
discos,13504
discount,13505
discount_store,13506
discounted,13507
discountenance,13508
discounts,13509
discourage,13510
discouraged,13511
discouragement,13512
discourages,13513
discouraging,13514
discourse,13515
discourteous,13516
discourtesy,13517
discover,13518
discovered,13519
discovering,13520
discovers,13521
discovery,13522
discredit,13523
discredited,13524
discreet,13525
discreetly,13526
discrete,13527
discretion,13528
discretional,13529
discretionary,13530
discriminate,13531
discriminates,13532
discriminating,13533
discrimination,13534
discriminative,13535
discriminatory,13536
discs,13537
discus,13538
discuses,13539
discuss,13540
discussed,13541
discussion,13542
discussions,13543
disdain,13544
disdained,13545
disdainful,13546
disdaining,13547
disease,13548
diseased,13549
diseases,13550
disembark,13551
disembarkment,13552
disembarks,13553
disembowel,13554
disembowelled,13555
disenchant,13556
disenchanted,13557
disengage,13558
disengaged,13559
disengagement,13560
disentangle,13561
disentangled,13562
disentangles,13563
disestablish,13564
disesteem,13565
disfavour,13566
disfigure,13567
disfigured,13568
disfigurement,13569
disfigures,13570
disgorge,13571
disgrace,13572
disgraced,13573
disgraceful,13574
disgracefully,13575
disgruntle,13576
disgruntled,13577
disguise,13578
disguised,13579
disguises,13580
disguising,13581
disgust,13582
disgusted,13583
disgusting,13584
disgustingly,13585
dish,13586
dish_out,13587
dish_the_dirt,13588
dish_up,13589
disharmony,13590
dishcloth,13591
dishearten,13592
disheartened,13593
disheartening,13594
dishes,13595
dishevel,13596
disheveled,13597
dishevelled,13598
dishonest,13599
dishonesties,13600
dishonestly,13601
dishonesty,13602
dishonour,13603
dishonourable,13604
dishonoured,13605
dishpan,13606
dishrag,13607
dishrags,13608
dishwasher,13609
dishwashers,13610
dishy,13611
disillusioned,13612
disillusionment,13613
disincentive,13614
disinclination,13615
disinclined,13616
disinfect,13617
disinfectant,13618
disinfected,13619
disinfects,13620
disinformation,13621
disinherit,13622
disintegrate,13623
disintegrates,13624
disintegration,13625
disinter,13626
disinterest,13627
disinterested,13628
disinvest,13629
disjoin,13630
disjoint,13631
disjointed,13632
disked,13633
dislike,13634
disliked,13635
dislikes,13636
dislocate,13637
dislocated,13638
dislodge,13639
dislodged,13640
dislodgement,13641
dislodges,13642
disloyal,13643
disloyalty,13644
dismal,13645
dismalest,13646
dismally,13647
dismantle,13648
dismantled,13649
dismay,13650
dismayed,13651
dismays,13652
dismember,13653
dismiss,13654
dismissal,13655
dismissals,13656
dismissed,13657
dismisses,13658
dismissive,13659
dismount,13660
disneyland,13661
disobedience,13662
disobedient,13663
disobey,13664
disobeying,13665
disoblige,13666
disorder,13667
disordered,13668
disorderly,13669
disorders,13670
disorganisation,13671
disorganised,13672
disorient,13673
disorientated,13674
disown,13675
disowned,13676
disowning,13677
disownment,13678
disowns,13679
disparage,13680
disparaged,13681
disparagement,13682
disparager,13683
disparages,13684
disparaging,13685
disparagingly,13686
disparate,13687
disparity,13688
dispassion,13689
dispassionate,13690
dispatch,13691
dispatched,13692
dispatcher,13693
dispatches,13694
dispel,13695
dispensable,13696
dispensary,13697
dispensation,13698
dispense,13699
dispense_with,13700
dispensed,13701
dispenser,13702
dispensers,13703
dispensing,13704
dispersal,13705
disperse,13706
dispersed,13707
dispersion,13708
dispirit,13709
dispirited,13710
displace,13711
displaced,13712
displaced_person,13713
displacement,13714
displacing,13715
display,13716
display_case,13717
displayed,13718
displaying,13719
displays,13720
displease,13721
displeased,13722
displeases,13723
displeasing,13724
displeasure,13725
disposable,13726
disposal,13727
dispose,13728
dispose_of,13729
disposed,13730
disposes,13731
disposing,13732
disposition,13733
dispossess,13734
dispossessed,13735
disproof,13736
disproportion,13737
disprove,13738
disproves,13739
disputable,13740
disputations,13741
disputatious,13742
dispute,13743
disputed,13744
disputes,13745
disputing,13746
disqualified,13747
disqualify,13748
disquiet,13749
disquietude,13750
disraeli,13751
disregard,13752
disregarded,13753
disregarding,13754
disregards,13755
disrepair,13756
disreputable,13757
disreputable_person,13758
disrepute,13759
disrespect,13760
disrespectful,13761
disrobe,13762
disrobed,13763
disrupt,13764
disruption,13765
disruptive,13766
dissatisfaction,13767
dissatisfied,13768
dissatisfy,13769
dissect,13770
dissected,13771
dissection,13772
dissemble,13773
dissembling,13774
disseminate,13775
disseminated,13776
dissemination,13777
dissension,13778
dissent,13779
dissenter,13780
dissenters,13781
dissenting,13782
dissertation,13783
dissertations,13784
disservice,13785
dissever,13786
dissident,13787
dissidents,13788
dissimilar,13789
dissimilitude,13790
dissimulation,13791
dissipate,13792
dissipated,13793
dissipation,13794
dissolute,13795
dissolution,13796
dissolve,13797
dissolved,13798
dissolves,13799
dissonant,13800
dissuade,13801
distaff,13802
distance,13803
distanced,13804
distances,13805
distant,13806
distaste,13807
distasteful,13808
distemper,13809
distend,13810
distended,13811
distending,13812
distends,13813
distension,13814
distich,13815
distil,13816
distill,13817
distillate,13818
distillation,13819
distilled,13820
distillery,13821
distinct,13822
distinction,13823
distinctive,13824
distinctive_feature,13825
distinctive_features,13826
distinctively,13827
distinctly,13828
distinguish,13829
distinguished,13830
distinguishing,13831
distinguishing_characteristic,13832
distort,13833
distorted,13834
distortion,13835
distract,13836
distracted,13837
distracting,13838
distraction,13839
distractions,13840
distrain,13841
distraint,13842
distrait,13843
distraught,13844
distress,13845
distress_signal,13846
distressed,13847
distresses,13848
distressing,13849
distribute,13850
distributed,13851
distributes,13852
distributing,13853
distribution,13854
distributor,13855
district,13856
districts,13857
distrust,13858
distrustful,13859
disturb,13860
disturbance,13861
disturbance_of_the_peace,13862
disturbances,13863
disturbed,13864
disturbing,13865
disturbs,13866
disunite,13867
disunited,13868
disunity,13869
disuse,13870
disused,13871
ditch,13872
ditched,13873
ditches,13874
ditching,13875
dither,13876
dithered,13877
dithering,13878
dithers,13879
dithyramb,13880
ditties,13881
ditto,13882
ditty,13883
diuretic,13884
diurnal,13885
diva,13886
divan,13887
divans,13888
dive,13889
dive-bomb,13890
diver,13891
diverge,13892
diverged,13893
divergence,13894
divergent,13895
diverges,13896
diverging,13897
divers,13898
diverse,13899
diversify,13900
diversion,13901
diversionary,13902
diversions,13903
diversity,13904
divert,13905
diverted,13906
divertimento,13907
divertimentos,13908
diverts,13909
dives,13910
divest,13911
divide,13912
divided,13913
divided_up,13914
dividend,13915
divider,13916
dividers,13917
divides,13918
dividing,13919
dividing_line,13920
divination,13921
divine,13922
divine_messenger,13923
divine_messengers,13924
diviner,13925
divines,13926
diving,13927
diving_duck,13928
diving_ducks,13929
divining_rod,13930
divining_rods,13931
divinity,13932
division,13933
divisions,13934
divisive,13935
divorce,13936
divorced,13937
divot,13938
divulge,13939
divulgement,13940
divvies,13941
divvy,13942
dixie,13943
dizziness,13944
dizzy,13945
dizzy_gillespie,13946
dj,13947
djibouti,13948
djiboutian,13949
djing,13950
djinn,13951
djinni,13952
dnieper,13953
do,13954
do-gooder,13955
do-gooders,13956
do-or-die,13957
do_away_with,13958
do_drugs,13959
do_in,13960
do_it,13961
do_up,13962
do_well,13963
doable,13964
dobbin,13965
doberman,13966
doberman_pinscher,13967
doc,13968
docile,13969
dock,13970
dock_worker,13971
dock_workers,13972
dockage,13973
docked,13974
docker,13975
dockers,13976
docket,13977
dockets,13978
docking,13979
docks,13980
dockworker,13981
doctor,13982
doctorate,13983
doctorates,13984
doctored,13985
doctorow,13986
doctors,13987
doctrinaire,13988
doctrine,13989
doctrines,13990
docudrama,13991
docudramas,13992
document,13993
documentaries,13994
documentary,13995
documentation,13996
documents,13997
dodder,13998
doddering,13999
doddery,14000
doddle,14001
dodecagon,14002
dodecagons,14003
dodge,14004
dodged,14005
dodgem,14006
dodger,14007
dodgers,14008
dodges,14009
dodging,14010
dodgson,14011
dodgy,14012
dodo,14013
doe,14014
doer,14015
does,14016
doeskin,14017
doeskins,14018
doff,14019
doffing,14020
dog,14021
dog's_dinner,14022
dog-eared,14023
dog-tired,14024
dog_biscuit,14025
dog_collar,14026
dog_food,14027
dog_in_the_manger,14028
dog_paddle,14029
dog_rose,14030
dog_sled,14031
dog_star,14032
dog_tag,14033
dog_violet,14034
dogbane,14035
dogcart,14036
doge,14037
dogfight,14038
dogfish,14039
dogged,14040
doggedness,14041
doggerel,14042
doggo,14043
doggy,14044
doghouse,14045
dogleg,14046
dogma,14047
dogmas,14048
dogmatic,14049
dogmatism,14050
dogmatist,14051
dogs,14052
dogsbodies,14053
dogsbody,14054
dogtooth,14055
dogtrot,14056
dogwood,14057
doh,14058
doha,14059
dohs,14060
doily,14061
doing,14062
doings,14063
dolce,14064
doldrums,14065
dole,14066
dole_out,14067
doled_out,14068
doleful,14069
doles,14070
doll,14071
dollar,14072
dollars,14073
dollies,14074
dollop,14075
dolls,14076
dolly,14077
dolmen,14078
dolmens,14079
dolomite,14080
dolomites,14081
dolour,14082
dolphin,14083
dolphins,14084
dolt,14085
dolts,14086
domain,14087
domains,14088
dome,14089
domed,14090
domestic,14091
domestic_animals,14092
domestic_fowl,14093
domestic_help,14094
domesticate,14095
domesticated,14096
domesticated_animal,14097
domicile,14098
dominance,14099
dominant,14100
dominate,14101
dominated,14102
dominates,14103
dominating,14104
domination,14105
domineer,14106
domineering,14107
domingo,14108
dominica,14109
dominican,14110
dominican_republic,14111
dominicans,14112
dominie,14113
dominion,14114
dominions,14115
domino,14116
domino_effect,14117
dominoes,14118
don,14119
don_juan,14120
don_juans,14121
donald_duck,14122
donate,14123
donated,14124
donatello,14125
donates,14126
donation,14127
donations,14128
done,14129
done_for,14130
done_with,14131
doner,14132
dongles,14133
donizetti,14134
donjon,14135
donkey,14136
donkey_jacket,14137
donkeys,14138
donkeywork,14139
donna,14140
donne,14141
donned,14142
donning,14143
donor,14144
donors,14145
dons,14146
donut,14147
doodad,14148
doodads,14149
doodle,14150
doodlebug,14151
doodled,14152
doodles,14153
doofus,14154
doohickey,14155
doom,14156
doomed,14157
doomsday,14158
door,14159
doorbell,14160
doorbells,14161
doorjamb,14162
doorkeeper,14163
doorkeepers,14164
doorknob,14165
doorman,14166
doormat,14167
doormats,14168
doormen,14169
doorpost,14170
doors,14171
doorstep,14172
doorsteps,14173
doorstop,14174
doorway,14175
doorways,14176
dopamine,14177
dope,14178
doped,14179
dopes,14180
dopey,14181
doppelganger,14182
dopy,14183
dorado,14184
doric,14185
doris,14186
doris_lessing,14187
dork,14188
dorm,14189
dormant,14190
dormer,14191
dormers,14192
dormice,14193
dormitories,14194
dormitory,14195
dormouse,14196
dorothy_parker,14197
dorsa,14198
dorsal,14199
dortmund,14200
dory,14201
dosage,14202
dose,14203
dosed,14204
doses,14205
dosimeter,14206
dosing,14207
doss,14208
dossed,14209
dosser,14210
dossier,14211
dossiers,14212
dostoevsky,14213
dot,14214
dotage,14215
dotard,14216
dotards,14217
dote,14218
doting,14219
dots,14220
dotted_line,14221
dotterel,14222
dottier,14223
dotty,14224
double,14225
double-breasted_jackets,14226
double-check,14227
double-crosser,14228
double-crossing,14229
double-dealer,14230
double-dealing,14231
double-edged,14232
double-faced,14233
double-u,14234
double_bass,14235
double_bind,14236
double_chin,14237
double_cream,14238
double_dutch,14239
double_flat,14240
double_standard,14241
double_standards,14242
double_take,14243
double_up,14244
doubled,14245
doubles,14246
doublet,14247
doubleton,14248
doubling,14249
doubloon,14250
doubloons,14251
doubt,14252
doubter,14253
doubtful,14254
doubtfulness,14255
doubting,14256
doubting_thomas,14257
doubtless,14258
doubts,14259
douche,14260
dough,14261
doughnut,14262
doughnut-shaped,14263
doughnuts,14264
doughy,14265
douglas,14266
douglas_fir,14267
dour,14268
douse,14269
doused,14270
dove,14271
dover,14272
doves,14273
dovetail,14274
dovetailing,14275
dovetails,14276
dow_jones,14277
dowager,14278
dowdy,14279
dowel,14280
down,14281
down-and-out,14282
down-to-earth,14283
down_in_the_mouth,14284
down_payment,14285
downbeat,14286
downcast,14287
downdraft,14288
downed,14289
downer,14290
downfall,14291
downgrade,14292
downgrading,14293
downhearted,14294
downhill,14295
downing,14296
downing_street,14297
download,14298
downmarket,14299
downplay,14300
downplayed,14301
downpour,14302
downright,14303
downs,14304
downside,14305
downsides,14306
downsizing,14307
downstairs,14308
downstroke,14309
downswing,14310
downswings,14311
downtime,14312
downtown,14313
downtrodden,14314
downturn,14315
downturns,14316
downward,14317
downwards,14318
downwind,14319
downy,14320
doyen,14321
doyenne,14322
doyennes,14323
doyens,14324
doze,14325
doze_off,14326
dozen,14327
dozens,14328
dozing,14329
dozy,14330
dphil,14331
drab,14332
drabber,14333
drachma,14334
draco,14335
draconian,14336
dracula,14337
draft,14338
draft_horse,14339
drafted,14340
draftee,14341
draftees,14342
drafter,14343
drafting,14344
drafts,14345
draftsman,14346
drag,14347
drag_in,14348
drag_out,14349
drag_through_the_mud,14350
dragee,14351
dragged,14352
dragging,14353
dragnet,14354
dragoman,14355
dragomans,14356
dragon,14357
dragonet,14358
dragonfly,14359
dragoon,14360
dragooned,14361
dragoons,14362
drags,14363
drain,14364
drainage,14365
drainage_area,14366
drainage_basin,14367
drained,14368
draining,14369
drainpipe,14370
drainpipes,14371
drains,14372
drake,14373
dram,14374
drama,14375
dramas,14376
dramatic,14377
dramatic_event,14378
dramatic_performance,14379
dramatic_work,14380
dramatic_works,14381
dramatics,14382
dramatise,14383
dramatised,14384
dramatist,14385
dramatists,14386
drambuie,14387
drams,14388
drank,14389
drape,14390
draperies,14391
drapers,14392
drapery,14393
drapes,14394
draping,14395
drastic,14396
draught,14397
draughts,14398
draughtsman,14399
draughtsmen,14400
draughty,14401
draw,14402
draw_a_blank,14403
draw_a_line,14404
draw_away,14405
draw_back,14406
draw_in,14407
draw_near,14408
draw_off,14409
draw_out,14410
draw_together,14411
draw_up,14412
drawback,14413
drawbacks,14414
drawbar,14415
drawbridge,14416
drawer,14417
drawers,14418
drawing,14419
drawing_board,14420
drawing_lots,14421
drawing_pin,14422
drawing_power,14423
drawing_room,14424
drawings,14425
drawl,14426
drawler,14427
drawling,14428
drawn,14429
drawn-out,14430
draws,14431
drawstring,14432
dray,14433
dread,14434
dreaded,14435
dreadful,14436
dreading,14437
dreadlocks,14438
dreadnought,14439
dreads,14440
dream,14441
dream_up,14442
dreamed,14443
dreamer,14444
dreamers,14445
dreaming,14446
dreamland,14447
dreamlike,14448
dreams,14449
dreamt,14450
dreamy,14451
drear,14452
drearier,14453
drearily,14454
dreariness,14455
dreary,14456
dreck,14457
dredge,14458
dredged,14459
dredger,14460
dredging,14461
dreg,14462
dregs,14463
drench,14464
drenched,14465
dresden,14466
dress,14467
dress_code,14468
dress_down,14469
dress_rehearsal,14470
dress_up,14471
dressage,14472
dressed,14473
dressed_to_kill,14474
dresser,14475
dresses,14476
dressier,14477
dressing,14478
dressing_down,14479
dressing_gown,14480
dressing_room,14481
dressings,14482
dressmaker,14483
dressmakers,14484
dressy,14485
drew,14486
drib,14487
dribble,14488
dribbled,14489
dribbling,14490
driblet,14491
driblets,14492
dribs,14493
dried,14494
dried_fruit,14495
drier,14496
driers,14497
drift,14498
drifter,14499
drifters,14500
drifting,14501
drifts,14502
drill,14503
drill_bit,14504
drilled,14505
drilling_pipe,14506
drilling_platform,14507
drills,14508
drink,14509
drink_in,14510
drink_up,14511
drinker,14512
drinkers,14513
drinking,14514
drinking_bout,14515
drinking_glass,14516
drinking_glasses,14517
drinking_vessel,14518
drinks,14519
drip,14520
dripping,14521
drippy,14522
drips,14523
dripstone,14524
drive,14525
drive_away,14526
drive_back,14527
drive_home,14528
drive_off,14529
drive_out,14530
drivel,14531
drivelling,14532
driven,14533
driver,14534
drivers,14535
drives,14536
driveway,14537
driving,14538
driving_force,14539
driving_range,14540
drizzle,14541
drizzled,14542
drogheda,14543
drogue,14544
drogues,14545
droll,14546
drolleries,14547
drollery,14548
drollest,14549
dromedaries,14550
dromedary,14551
drone,14552
drones,14553
drool,14554
drooled,14555
drooling,14556
drools,14557
droop,14558
drooped,14559
drooping,14560
droops,14561
droopy,14562
drop,14563
drop_anchor,14564
drop_by,14565
drop_dead,14566
drop_down,14567
drop_hammer,14568
drop_in,14569
drop_off,14570
drop_out,14571
drop_scone,14572
drop_scones,14573
drop_shot,14574
drop_the_ball,14575
drop_zone,14576
droplet,14577
dropout,14578
dropouts,14579
dropped,14580
dropper,14581
dropping,14582
droppings,14583
drops,14584
dropsical,14585
dropsy,14586
drosera,14587
drosophila,14588
dross,14589
drought,14590
drove,14591
drover,14592
drovers,14593
droves,14594
drown,14595
drowned,14596
drowning,14597
drowns,14598
drowse,14599
drowsiest,14600
drowsiness,14601
drowsy,14602
drub,14603
drubbings,14604
drudge,14605
drudgery,14606
drudges,14607
drug,14608
drug_addict,14609
drug_addicts,14610
drug_baron,14611
drug_dealer,14612
drug_dealers,14613
drug_peddler,14614
drug_user,14615
drug_users,14616
drugged,14617
drugget,14618
druggists,14619
drugs,14620
drugstore,14621
druid,14622
drum,14623
drum_out,14624
drum_roll,14625
drum_up,14626
drumbeat,14627
drumfire,14628
drumlin,14629
drummer,14630
drummers,14631
drumming,14632
drums,14633
drumstick,14634
drumsticks,14635
drunk,14636
drunkard,14637
drunkards,14638
drunken,14639
drunken_reveller,14640
drunken_revelries,14641
drunkenness,14642
drunker,14643
drupe,14644
drupes,14645
dry,14646
dry-eyed,14647
dry_cell,14648
dry_fly,14649
dry_ice,14650
dry_land,14651
dry_out,14652
dry_rot,14653
dry_run,14654
dry_up,14655
dryad,14656
dryads,14657
dryden,14658
dryer,14659
dryers,14660
drying_agent,14661
drying_up,14662
dryness,14663
ds,14664
dual,14665
dual_carriageway,14666
dualism,14667
dub,14668
dubai,14669
dubbin,14670
dubieties,14671
dubious,14672
dubiously,14673
dublin,14674
dubliner,14675
ducal,14676
ducat,14677
ducats,14678
duchamp,14679
duchess,14680
duchesses,14681
duchy,14682
duck,14683
duck-billed_platypus,14684
duck_down,14685
duck_soup,14686
duckbill,14687
ducked,14688
ducking,14689
duckling,14690
ducks,14691
ducks_and_drakes,14692
duckweed,14693
duckweeds,14694
duct,14695
duct_tape,14696
ductile,14697
dud,14698
dude,14699
dudeen,14700
dudes,14701
dudgeon,14702
duds,14703
due,14704
due_date,14705
duel,14706
duelist,14707
duelled,14708
duellist,14709
duellists,14710
duels,14711
duenna,14712
duennas,14713
dues,14714
duet,14715
duets,14716
duff,14717
duffel,14718
duffel_coat,14719
duffel_coats,14720
duffer,14721
dug,14722
dugong,14723
dugout,14724
dugouts,14725
duke,14726
duke_ellington,14727
duke_of_edinburgh,14728
dukedom,14729
dulcet,14730
dulcimer,14731
dull,14732
dullard,14733
duller,14734
dullest,14735
dullness,14736
dulse,14737
duly,14738
dumb,14739
dumbbell,14740
dumbbells,14741
dumbfound,14742
dumbfounded,14743
dumbstruck,14744
dumbwaiter,14745
dumdum,14746
dummies,14747
dummy,14748
dump,14749
dumped,14750
dumpier,14751
dumping,14752
dumpling,14753
dumplings,14754
dumps,14755
dumpy,14756
dun,14757
dunce,14758
dunces,14759
dunderhead,14760
dune_buggy,14761
dunes,14762
dung,14763
dungaree,14764
dungarees,14765
dungeon,14766
dungeons,14767
dunk,14768
dunking,14769
dunkirk,14770
dunlin,14771
duo,14772
duologue,14773
duomo,14774
duos,14775
dupe,14776
duped,14777
dupes,14778
duple,14779
duplex,14780
duplicate,14781
duplicated,14782
duplicates,14783
duplicitous,14784
duplicity,14785
dura_mater,14786
durable,14787
duration,14788
durations,14789
durer,14790
duress,14791
duresses,14792
durham,14793
durian,14794
durra,14795
durrell,14796
durum,14797
dushanbe,14798
dusk,14799
dust,14800
dust_jackets,14801
dust_sheet,14802
dust_sheets,14803
dustbin,14804
dusted,14805
duster,14806
dusters,14807
dustin_hoffman,14808
dusting,14809
dustman,14810
dustpan,14811
dusts,14812
dustup,14813
dusty,14814
dusty_miller,14815
dutch,14816
dutch_auction,14817
dutch_courage,14818
dutch_elm_disease,14819
dutchman,14820
duteous,14821
duties,14822
dutiful,14823
dutifully,14824
dutifulness,14825
duty,14826
duvet,14827
duvets,14828
dvd,14829
dvorak,14830
dwarf,14831
dwarf_chestnut,14832
dwarfed,14833
dwarfism,14834
dweeb,14835
dweebs,14836
dwell,14837
dwell_on,14838
dweller,14839
dwellers,14840
dwelling,14841
dwellings,14842
dwells,14843
dwelt,14844
dwindle,14845
dyad,14846
dyads,14847
dye,14848
dyed,14849
dyeing,14850
dyes,14851
dyestuff,14852
dyestuffs,14853
dying,14854
dyke,14855
dykes,14856
dylan,14857
dylan_thomas,14858
dynamic,14859
dynamism,14860
dynamite,14861
dynamo,14862
dynamos,14863
dynast,14864
dynastic,14865
dynasties,14866
dynasty,14867
dysentery,14868
dyslexia,14869
dyspepsia,14870
dysphoria,14871
dystopia,14872
dystrophy,14873
e,14874
e-mail,14875
e-mailed,14876
e-mails,14877
each,14878
each_year,14879
eager,14880
eager_beaver,14881
eagerly,14882
eagerness,14883
eagle,14884
eagle-eyed,14885
eagles,14886
eaglet,14887
eagre,14888
ear,14889
ear_trumpet,14890
earache,14891
earaches,14892
eardrop,14893
eardrops,14894
eardrum,14895
eardrums,14896
eared,14897
earful,14898
earhart,14899
earl,14900
earlap,14901
earldom,14902
earldoms,14903
earlier,14904
earliest,14905
earliness,14906
earlobe,14907
earls,14908
early,14909
early_bird,14910
early_birds,14911
early_childhood,14912
early_days,14913
early_on,14914
earmark,14915
earmarked,14916
earmarks,14917
earmuff,14918
earn,14919
earned,14920
earner,14921
earners,14922
earnest,14923
earnestly,14924
earnestness,14925
earning,14926
earnings,14927
earns,14928
earphone,14929
earplug,14930
earplugs,14931
earring,14932
earrings,14933
ears,14934
earth,14935
earth_goddess,14936
earthborn,14937
earthbound,14938
earthed,14939
earthen,14940
earthenware,14941
earthling,14942
earthly,14943
earthquake,14944
earths,14945
earthstar,14946
earthwork,14947
earthworm,14948
earthy,14949
earwig,14950
earwigs,14951
ease,14952
ease_off,14953
ease_up,14954
eased,14955
easel,14956
easels,14957
easement,14958
eases,14959
easier,14960
easiest,14961
easily,14962
easiness,14963
easing,14964
east,14965
east_african,14966
east_anglia,14967
east_coast,14968
east_germany,14969
east_sussex,14970
east_timor,14971
easter,14972
easter_day,14973
easter_egg,14974
easter_lily,14975
easterlies,14976
easterly,14977
eastern,14978
eastern_hemisphere,14979
easterner,14980
easters,14981
eastertide,14982
easts,14983
eastward,14984
eastwards,14985
easy,14986
easy_chair,14987
easy_chairs,14988
easy_going,14989
easy_money,14990
easy_street,14991
easygoing,14992
eat,14993
eat_away,14994
eat_into,14995
eat_out,14996
eat_up,14997
eatable,14998
eatables,14999
eaten,15000
eater,15001
eateries,15002
eaters,15003
eatery,15004
eating,15005
eating_apple,15006
eating_apples,15007
eating_away,15008
eating_place,15009
eats,15010
eau_de_cologne,15011
eau_de_toilette,15012
eau_de_vie,15013
eaves,15014
eavesdrop,15015
eavesdropped,15016
eavesdropper,15017
eavesdroppers,15018
eavesdrops,15019
ebb,15020
ebbed,15021
ebbing,15022
ebbs,15023
eblis,15024
ebola,15025
ebon,15026
ebonies,15027
ebonising,15028
ebonite,15029
ebony,15030
ebro,15031
ebullience,15032
ebullient,15033
ebullition,15034
ecarte,15035
ecce_homo,15036
eccentric,15037
eccentric_person,15038
eccentricities,15039
eccentricity,15040
eccentrics,15041
eccles,15042
ecclesiastes,15043
ecclesiastic,15044
ecclesiastical,15045
ecclesiastical_law,15046
ecdysiast,15047
echelon,15048
echelons,15049
echidna,15050
echidnas,15051
echinoidea,15052
echium,15053
echo,15054
echo_chamber,15055
echo_sounder,15056
echoed,15057
echoes,15058
echogram,15059
echoic,15060
echoing,15061
echt,15062
eclair,15063
eclairs,15064
eclampsia,15065
eclat,15066
eclectic,15067
eclipse,15068
eclipsed,15069
eclipses,15070
eclipsing,15071
eclogue,15072
ecological,15073
ecologist,15074
economic,15075
economic_policy,15076
economic_system,15077
economic_theory,15078
economical,15079
economically,15080
economics,15081
economies,15082
economise,15083
economised,15084
economiser,15085
economising,15086
economist,15087
economists,15088
economize,15089
economy,15090
ecosystem,15091
ecru,15092
ecstasies,15093
ecstasy,15094
ecstatic,15095
ectomorph,15096
ectopic,15097
ecuador,15098
ecumenical,15099
eczema,15100
edacious,15101
edam,15102
edams,15103
edda,15104
eddied,15105
eddies,15106
eddington,15107
eddo,15108
eddoes,15109
eddy,15110
eddying,15111
edelweiss,15112
edema,15113
eden,15114
edental,15115
edentate,15116
edentates,15117
edgar,15118
edgar_allan_poe,15119
edgar_degas,15120
edgar_lee_masters,15121
edgar_wallace,15122
edge,15123
edge_tool,15124
edged,15125
edges,15126
edgeways,15127
edgewise,15128
edginess,15129
edging,15130
edgings,15131
edgy,15132
edible,15133
edible_seed,15134
edible_snail,15135
edibles,15136
edict,15137
edicts,15138
edification,15139
edifice,15140
edifices,15141
edified,15142
edifies,15143
edify,15144
edifying,15145
edinburgh,15146
edison,15147
edit,15148
edit_out,15149
edited,15150
edith_piaf,15151
editing,15152
edition,15153
editions,15154
editor,15155
editorial,15156
editorials,15157
editors,15158
edits,15159
edmond_rostand,15160
edmonton,15161
edmund_hillary,15162
edmund_spenser,15163
educate,15164
educated,15165
educates,15166
educating,15167
education,15168
educational,15169
educational_activity,15170
educational_institution,15171
educationalist,15172
educator,15173
educators,15174
educe,15175
educed,15176
educes,15177
edutainment,15178
edward,15179
edward_gibbon,15180
edward_iv,15181
edward_lear,15182
edwardian,15183
edwards,15184
edwin,15185
eec,15186
eel,15187
eelgrass,15188
eelpouts,15189
eels,15190
eelworms,15191
eerie,15192
eeriest,15193
eerily,15194
eeriness,15195
eery,15196
efface,15197
effaced,15198
effect,15199
effective,15200
effectively,15201
effectiveness,15202
effects,15203
effectualness,15204
effed,15205
effeminate,15206
effendi,15207
effervescence,15208
effervescent,15209
effete,15210
efficacious,15211
efficiency,15212
efficient,15213
efficiently,15214
effigies,15215
effigy,15216
effloresce,15217
efflorescent,15218
effluence,15219
effluent,15220
effluents,15221
effluvium,15222
efflux,15223
effort,15224
effortful,15225
effortless,15226
effortlessness,15227
efforts,15228
effrontery,15229
effs,15230
effulgent,15231
effuse,15232
effused,15233
effuses,15234
effusing,15235
effusion,15236
effusions,15237
effusive,15238
effusiveness,15239
eft,15240
efts,15241
egalitarian,15242
egest,15243
egested,15244
egests,15245
egg,15246
egg-laying_mammal,15247
egg-shaped,15248
egg_cell,15249
egg_cells,15250
egg_cup,15251
egg_on,15252
egg_timer,15253
egg_timers,15254
egg_yolks,15255
eggar,15256
eggbeater,15257
eggbeaters,15258
eggcup,15259
egged,15260
egghead,15261
eggheads,15262
egging,15263
eggnog,15264
eggnogs,15265
eggplant,15266
eggs,15267
eggs_benedict,15268
eggshell,15269
eggshells,15270
egis,15271
eglantine,15272
eglantines,15273
ego,15274
ego_trip,15275
ego_trips,15276
egocentric,15277
egoism,15278
egoist,15279
egoistic,15280
egoistical,15281
egomania,15282
egomaniac,15283
egomaniacs,15284
egos,15285
egotism,15286
egotist,15287
egotistic,15288
egotists,15289
egregious,15290
egress,15291
egresses,15292
egression,15293
egret,15294
egrets,15295
egypt,15296
egyptian,15297
egyptian_deity,15298
egyptians,15299
egyptology,15300
eider,15301
eiderdown,15302
eiders,15303
eiffel,15304
eight,15305
eighteen,15306
eighth,15307
eighths,15308
eighties,15309
eightieth,15310
eights,15311
eightsome,15312
eighty,15313
eighty-six,15314
einstein,15315
einsteinium,15316
eire,15317
eisenhower,15318
eisenstein,15319
either,15320
eject,15321
ejected,15322
ejecting,15323
ejection,15324
ejector,15325
ejects,15326
eke_out,15327
el_alamein,15328
el_cid,15329
el_dorado,15330
el_greco,15331
el_nino,15332
el_salvador,15333
elaborate,15334
elaboration,15335
elaeagnus,15336
elaeis,15337
elan,15338
eland,15339
elands,15340
elapid,15341
elapse,15342
elapsed,15343
elapses,15344
elapsing,15345
elastase,15346
elastic,15347
elastic_bands,15348
elasticity,15349
elastin,15350
elastomer,15351
elastoplast,15352
elate,15353
elated,15354
elater,15355
elates,15356
elating,15357
elation,15358
elbe,15359
elbow,15360
elbow_room,15361
elbowed,15362
elbowing,15363
elbows,15364
elder,15365
elder_statesman,15366
elderberry,15367
elderly,15368
elders,15369
eldest,15370
eldorado,15371
eldritch,15372
elect,15373
elected,15374
electing,15375
election,15376
electioneer,15377
electioneering,15378
elections,15379
elective,15380
elector,15381
electoral,15382
electorate,15383
electors,15384
electra,15385
electric,15386
electric_blanket,15387
electric_car,15388
electric_current,15389
electric_eye,15390
electric_eyes,15391
electric_guitar,15392
electric_heater,15393
electric_light,15394
electric_organ,15395
electric_ray,15396
electric_storm,15397
electrical,15398
electrical_device,15399
electrical_devices,15400
electrical_discharge,15401
electrical_engineer,15402
electrical_phenomenon,15403
electrical_work,15404
electrician,15405
electricity,15406
electrics,15407
electrify,15408
electrifying,15409
electrocute,15410
electrocuting,15411
electrocution,15412
electrode,15413
electrodes,15414
electromagnet,15415
electromagnetic,15416
electron,15417
electronic,15418
electronic_device,15419
electronic_devices,15420
electronic_image,15421
electronic_images,15422
electronic_instrument,15423
electronic_mail,15424
electrons,15425
electrum,15426
elects,15427
elegance,15428
elegant,15429
elegantly,15430
elegiac,15431
elegies,15432
elegist,15433
elegists,15434
elegy,15435
element,15436
elemental,15437
elementary,15438
elementary_particle,15439
elements,15440
elemi,15441
elephant,15442
elephantine,15443
elephants,15444
elevate,15445
elevated,15446
elevated_railway,15447
elevates,15448
elevating,15449
elevation,15450
elevator,15451
elevators,15452
eleven,15453
eleven-plus,15454
elevens,15455
eleventh,15456
eleventh_hour,15457
elevenths,15458
elf,15459
elfin,15460
elfish,15461
elgar,15462
elgin_marbles,15463
elia,15464
elias,15465
elias_howe,15466
elicit,15467
elicited,15468
eliciting,15469
elicits,15470
elide,15471
elided,15472
eligibility,15473
eligible,15474
elijah,15475
eliminate,15476
eliminated,15477
eliminates,15478
eliminating,15479
elimination,15480
eliminator,15481
eliot,15482
elite,15483
elite_group,15484
elitist,15485
elixir,15486
elixirs,15487
elizabeth,15488
elizabeth_i,15489
elizabeth_ii,15490
elizabeth_taylor,15491
elk,15492
elkhound,15493
elkhounds,15494
elks,15495
ell,15496
ellington,15497
ellipse,15498
ellipses,15499
ellipsis,15500
ellipsoids,15501
elliptic,15502
elliptical,15503
ellis,15504
ells,15505
elm,15506
elm_tree,15507
elms,15508
elmwood,15509
elocution,15510
elongate,15511
elongated,15512
elongates,15513
elongation,15514
elope,15515
elopement,15516
eloping,15517
elops,15518
eloquence,15519
eloquent,15520
elsewhere,15521
elucidate,15522
elucidated,15523
elucidates,15524
elude,15525
eluded,15526
eluding,15527
elul,15528
elusion,15529
elusive,15530
elute,15531
elver,15532
elves,15533
elvis,15534
elvis_presley,15535
elysian,15536
elysium,15537
elytra,15538
elytron,15539
emaciate,15540
emaciated,15541
emaciates,15542
emaciation,15543
email,15544
emailed,15545
emailing,15546
emails,15547
emanate,15548
emanated,15549
emanates,15550
emanating,15551
emanation,15552
emancipate,15553
emancipated,15554
emancipates,15555
emancipation,15556
emancipator,15557
emasculate,15558
emasculated,15559
embalm,15560
embalmed,15561
embalms,15562
embankment,15563
embankments,15564
embargo,15565
embargoed,15566
embargoes,15567
embark,15568
embark_on,15569
embarked,15570
embarkment,15571
embarks,15572
embarrass,15573
embarrassed,15574
embarrasses,15575
embarrassing,15576
embarrassment,15577
embassy,15578
embattle,15579
embattled,15580
embed,15581
embedded,15582
embellish,15583
embellished,15584
embellishment,15585
embellishments,15586
ember,15587
ember_day,15588
embers,15589
embezzle,15590
embezzlement,15591
embezzler,15592
embitter,15593
embittered,15594
embitterment,15595
emblazon,15596
emblazoned,15597
emblem,15598
emblematic,15599
emblems,15600
embodied,15601
embodiment,15602
embody,15603
embolden,15604
emboli,15605
embolus,15606
embonpoint,15607
emboss,15608
embossed,15609
embossing,15610
embouchure,15611
embrace,15612
embraced,15613
embraces,15614
embracing,15615
embrasure,15616
embrocation,15617
embroider,15618
embroiders,15619
embroidery,15620
embroidery_stitch,15621
embroil,15622
embroiled,15623
embroils,15624
embryo,15625
embryonic,15626
emcee,15627
emceed,15628
emeer,15629
emeers,15630
emend,15631
emended,15632
emending,15633
emends,15634
emerald,15635
emerald_isle,15636
emeralds,15637
emerge,15638
emerged,15639
emergence,15640
emergencies,15641
emergency,15642
emergency_exit,15643
emergency_landing,15644
emergency_procedure,15645
emergent,15646
emerges,15647
emerging,15648
emeritus,15649
emersion,15650
emersions,15651
emerson,15652
emery,15653
emery_paper,15654
emesis,15655
emetic,15656
emigrant,15657
emigrants,15658
emigrate,15659
emigrated,15660
emigrates,15661
emigration,15662
emigre,15663
emigres,15664
emile,15665
emile_zola,15666
emilia-romagna,15667
emily_dickinson,15668
eminence,15669
eminent,15670
eminently,15671
emir,15672
emirate,15673
emirates,15674
emissaries,15675
emissary,15676
emission,15677
emissions,15678
emit,15679
emits,15680
emitter,15681
emmental,15682
emmentaler,15683
emmenthal,15684
emmer,15685
emmet,15686
emmies,15687
emmy,15688
emmys,15689
emollient,15690
emolument,15691
emoluments,15692
emote,15693
emoted,15694
emoticon,15695
emotion,15696
emotional,15697
emotional_disorder,15698
emotional_state,15699
emotionalism,15700
emotionless,15701
emotions,15702
emotive,15703
empale,15704
empaling,15705
empathetic,15706
empathic,15707
empathise,15708
empathised,15709
empathy,15710
emperor,15711
emperor_moth,15712
emperor_penguin,15713
emperors,15714
emphases,15715
emphasis,15716
emphasise,15717
emphasised,15718
emphasises,15719
emphasising,15720
emphasize,15721
emphasizes,15722
emphatic,15723
emphatically,15724
emphysema,15725
empire,15726
empires,15727
empiric,15728
empirical,15729
empiricist,15730
emplane,15731
employ,15732
employed,15733
employee,15734
employees,15735
employer,15736
employers,15737
employing,15738
employment,15739
employs,15740
emporia,15741
emporium,15742
empower,15743
empowered,15744
empowerment,15745
empowers,15746
empress,15747
empresses,15748
emptied,15749
empties,15750
emptiness,15751
emptor,15752
empty,15753
empty-headed,15754
empty_talk,15755
empty_talks,15756
empty_tomb,15757
empty_words,15758
emptying,15759
empurpled,15760
empyrean,15761
ems,15762
emu,15763
emulate,15764
emulated,15765
emulates,15766
emulating,15767
emulation,15768
emulator,15769
emulsifier,15770
emulsion,15771
emus,15772
en_bloc,15773
en_famille,15774
en_garde,15775
en_masse,15776
en_passant,15777
en_route,15778
enable,15779
enabled,15780
enables,15781
enabling,15782
enact,15783
enacted,15784
enacting,15785
enactment,15786
enacts,15787
enamel,15788
enamelled,15789
enamels,15790
enamelware,15791
enamour,15792
enamoured,15793
enamours,15794
encamp,15795
encamps,15796
encapsulate,15797
encase,15798
encased,15799
encases,15800
enceinte,15801
encephalitis,15802
encephalon,15803
enchain,15804
enchant,15805
enchanted,15806
enchanter,15807
enchanting,15808
enchantment,15809
enchantress,15810
enchants,15811
enchilada,15812
encipher,15813
encircle,15814
encirclement,15815
enclave,15816
enclose,15817
enclosed,15818
enclosed_spaces,15819
encloses,15820
enclosing,15821
enclosure,15822
encode,15823
encoded,15824
encoding,15825
encomia,15826
encomium,15827
encomiums,15828
encompass,15829
encompassed,15830
encore,15831
encores,15832
encounter,15833
encountered,15834
encounters,15835
encourage,15836
encouraged,15837
encouragement,15838
encourages,15839
encouraging,15840
encroach,15841
encroach_upon,15842
encroached,15843
encroaching,15844
encroachment,15845
encrust,15846
encrustation,15847
encrusted,15848
encrypt,15849
encrypts,15850
encumber,15851
encumbered,15852
encumbers,15853
encumbrance,15854
encyclopaedia,15855
encyclopedia,15856
end,15857
end-to-end,15858
end_matter,15859
end_of_the_world,15860
end_point,15861
end_points,15862
end_up,15863
end_user,15864
end_users,15865
endanger,15866
endangered,15867
endangered_species,15868
endangerment,15869
endangers,15870
endear,15871
endeared,15872
endearing,15873
endearingly,15874
endearment,15875
endears,15876
endeavour,15877
endeavoured,15878
endeavours,15879
ended,15880
endemic,15881
endemics,15882
endgame,15883
endgames,15884
ending,15885
endings,15886
endive,15887
endives,15888
endless,15889
endlessly,15890
endocrine,15891
endogen,15892
endomorph,15893
endorphin,15894
endorphins,15895
endorse,15896
endorsed,15897
endorsement,15898
endorsements,15899
endorser,15900
endorsers,15901
endorses,15902
endorsing,15903
endoscope,15904
endow,15905
endowed,15906
endowing,15907
endowment,15908
endowments,15909
endows,15910
endpoint,15911
ends,15912
endue,15913
endued,15914
endurance,15915
endure,15916
endured,15917
endures,15918
enduring,15919
endways,15920
endwise,15921
enema,15922
enemas,15923
enemies,15924
enemy,15925
energetic,15926
energetically,15927
energies,15928
energise,15929
energised,15930
energising,15931
energy,15932
energy_unit,15933
enervate,15934
enervated,15935
enfant_terrible,15936
enfeeble,15937
enfeebled,15938
enfiladed,15939
enfold,15940
enfolds,15941
enforce,15942
enforced,15943
enforcement,15944
enforcer,15945
enforces,15946
engage,15947
engaged,15948
engagement,15949
engagement_ring,15950
engagement_rings,15951
engagements,15952
engages,15953
engaging,15954
engels,15955
engender,15956
engendered,15957
engendering,15958
engenders,15959
engine,15960
engine_driver,15961
engine_drivers,15962
engineer,15963
engineering,15964
engineers,15965
engines,15966
england,15967
english,15968
english_channel,15969
english_foxhound,15970
english_person,15971
english_setter,15972
english_setters,15973
englishman,15974
englishwoman,15975
englut,15976
engorge,15977
engorged,15978
engorges,15979
engorging,15980
engraft,15981
engrafts,15982
engrave,15983
engraved,15984
engraver,15985
engravers,15986
engraving,15987
engross,15988
engrossed,15989
engrossing,15990
engrossment,15991
engulf,15992
engulfed,15993
engulfs,15994
enhance,15995
enhanced,15996
enhancement,15997
enhancements,15998
enhancer,15999
enhancing,16000
enid,16001
enigma,16002
enigmas,16003
enigmatic,16004
enigmatical,16005
enjoin,16006
enjoined,16007
enjoy,16008
enjoyable,16009
enjoyed,16010
enjoyment,16011
enjoys,16012
enkindled,16013
enlarge,16014
enlarged,16015
enlargement,16016
enlighten,16017
enlightened,16018
enlightening,16019
enlightenment,16020
enlightens,16021
enlist,16022
enlisted,16023
enlisted_man,16024
enlistee,16025
enlistees,16026
enlisting,16027
enlists,16028
enliven,16029
enlivened,16030
enlivens,16031
enmesh,16032
enmeshed,16033
enmeshes,16034
enmeshing,16035
enmity,16036
ennead,16037
ennoble,16038
ennobled,16039
ennobling,16040
ennui,16041
ennuis,16042
enormities,16043
enormity,16044
enormous,16045
enormously,16046
enosis,16047
enough,16048
enounce,16049
enounced,16050
enquire,16051
enquired,16052
enquirer,16053
enquiry,16054
enrage,16055
enraged,16056
enrages,16057
enraging,16058
enrapture,16059
enrich,16060
enriched,16061
enriches,16062
enrichment,16063
enrobe,16064
enrobed,16065
enrobes,16066
enrobing,16067
enrol,16068
enrolled,16069
enrolling,16070
enrolment,16071
enrols,16072
ensconce,16073
ensconced,16074
ensemble,16075
ensembles,16076
enshrine,16077
enshrined,16078
enshrines,16079
enshrining,16080
enshroud,16081
enshrouds,16082
ensign,16083
ensigns,16084
enslave,16085
enslaved,16086
enslavement,16087
ensnare,16088
ensnared,16089
ensnares,16090
ensnarl,16091
ensnarled,16092
ensue,16093
ensued,16094
ensues,16095
ensuing,16096
ensure,16097
ensured,16098
ensures,16099
entail,16100
entailed,16101
entails,16102
entangle,16103
entangled,16104
entanglement,16105
entanglements,16106
entangling,16107
entellus,16108
entente,16109
entente_cordiale,16110
ententes,16111
enter,16112
entera,16113
entered,16114
enteric,16115
entering,16116
enterings,16117
enteritis,16118
enterolith,16119
enterprise,16120
enterprises,16121
enterprising,16122
enterprisingly,16123
enters,16124
entertain,16125
entertained,16126
entertainer,16127
entertainers,16128
entertaining,16129
entertainment,16130
entertainment_industry,16131
entertainments,16132
entertains,16133
enthalpy,16134
enthral,16135
enthrall,16136
enthralled,16137
enthralling,16138
enthrone,16139
enthronement,16140
enthuse,16141
enthused,16142
enthuses,16143
enthusiasm,16144
enthusiast,16145
enthusiastic,16146
enthusiastically,16147
enthusiasts,16148
enthusing,16149
entice,16150
enticed,16151
enticement,16152
entices,16153
enticing,16154
entire,16155
entirely,16156
entirety,16157
entities,16158
entitle,16159
entitled,16160
entitlement,16161
entitlements,16162
entitles,16163
entitling,16164
entity,16165
entomb,16166
entombed,16167
entombment,16168
entombs,16169
entourage,16170
entourages,16171
entrails,16172
entrain,16173
entrance,16174
entrance_exam,16175
entrance_fee,16176
entrance_hall,16177
entranced,16178
entrances,16179
entrancing,16180
entrant,16181
entrants,16182
entrap,16183
entrapment,16184
entrapped,16185
entraps,16186
entreat,16187
entreated,16188
entreaties,16189
entreating,16190
entreats,16191
entreaty,16192
entrecote,16193
entree,16194
entrees,16195
entremets,16196
entrench,16197
entrenched,16198
entrenchment,16199
entrepot,16200
entrepots,16201
entrepreneur,16202
entresol,16203
entresols,16204
entries,16205
entropy,16206
entrust,16207
entrusted,16208
entrusts,16209
entry,16210
entwine,16211
entwines,16212
entwining,16213
enumerate,16214
enumerates,16215
enumeration,16216
enumerations,16217
enunciate,16218
enunciated,16219
enunciating,16220
enunciation,16221
enured,16222
envelop,16223
envelope,16224
enveloped,16225
envelopes,16226
enveloping,16227
envelops,16228
envenom,16229
enviable,16230
envied,16231
envies,16232
envious,16233
enviousness,16234
environ,16235
environment,16236
environmental,16237
environmentalist,16238
environmentalists,16239
environs,16240
envisage,16241
envisaged,16242
envisages,16243
envision,16244
envisions,16245
envoi,16246
envoy,16247
envoys,16248
envy,16249
envying,16250
enwrap,16251
enwrapped,16252
enzyme,16253
eocene,16254
eolith,16255
eolithic,16256
eon,16257
eons,16258
eosin,16259
eparchy,16260
epaulette,16261
epee,16262
epees,16263
ependyma,16264
epentheses,16265
epergne,16266
ephedra,16267
ephedrine,16268
ephemera,16269
ephemeral,16270
ephesians,16271
ephesus,16272
epic,16273
epic_poem,16274
epical,16275
epicene,16276
epicentre,16277
epicentres,16278
epics,16279
epictetus,16280
epicure,16281
epicurean,16282
epicureans,16283
epidemic,16284
epidemics,16285
epidemiology,16286
epidermis,16287
epidiascope,16288
epidural,16289
epidurals,16290
epiglottis,16291
epiglottises,16292
epigon,16293
epigone,16294
epigram,16295
epigrams,16296
epigraph,16297
epilate,16298
epilator,16299
epilepsy,16300
epilogue,16301
epilogues,16302
epiphany,16303
epipremnum,16304
episcopacy,16305
episcopal,16306
episcopalian,16307
episcopalianism,16308
episcopate,16309
episode,16310
episodes,16311
episodic,16312
epistle,16313
epistles,16314
epitaph,16315
epitaphs,16316
epithelium,16317
epithet,16318
epitome,16319
epitomes,16320
epitomise,16321
epizoa,16322
epoch,16323
epochal,16324
epochs,16325
eponym,16326
epos,16327
eposes,16328
epoxy,16329
epoxy_resin,16330
eprom,16331
epsilon,16332
epsom_salts,16333
epstein,16334
equable,16335
equably,16336
equal,16337
equalise,16338
equaliser,16339
equalises,16340
equality,16341
equally,16342
equals,16343
equanimity,16344
equanimous,16345
equate,16346
equated,16347
equates,16348
equating,16349
equation,16350
equations,16351
equator,16352
equerries,16353
equerry,16354
equestrian,16355
equids,16356
equilibria,16357
equilibrium,16358
equine,16359
equines,16360
equinox,16361
equip,16362
equipage,16363
equipment,16364
equipoise,16365
equipped,16366
equips,16367
equitable,16368
equitably,16369
equitation,16370
equities,16371
equity,16372
equivalent,16373
equivocal,16374
equivocate,16375
equivocation,16376
equus,16377
er,16378
era,16379
eradicable,16380
eradicate,16381
eradicated,16382
eradication,16383
eras,16384
erasable,16385
erase,16386
erased,16387
eraser,16388
erases,16389
erasing,16390
erasmus,16391
erasure,16392
erasures,16393
erato,16394
erbium,16395
erebus,16396
erect,16397
erected,16398
erection,16399
erects,16400
eremite,16401
eremites,16402
erewhon,16403
erg,16404
ergo,16405
ergonomic,16406
ergot,16407
eric_blair,16408
erica,16409
ericas,16410
erie,16411
erik_satie,16412
erin,16413
eristic,16414
eritrea,16415
eritrean,16416
ermine,16417
ermines,16418
erne,16419
ernes,16420
ernest_hemingway,16421
ernst,16422
erode,16423
eroded,16424
eroding,16425
erodium,16426
erogenous,16427
eros,16428
erosion,16429
erosive,16430
erotic,16431
erotica,16432
erotism,16433
err,16434
errand,16435
errand_boy,16436
errands,16437
errant,16438
errata,16439
erratic,16440
erratum,16441
erred,16442
erring,16443
erroneous,16444
erroneousness,16445
error,16446
errorless,16447
errors,16448
errs,16449
ersatz,16450
erse,16451
erses,16452
erst,16453
erstwhile,16454
eruca,16455
eruct,16456
erudite,16457
eruditeness,16458
erudition,16459
erupt,16460
eruption,16461
eruptions,16462
erupts,16463
erwin_rommel,16464
eryngo,16465
erysipelas,16466
esau,16467
escadrille,16468
escalate,16469
escalates,16470
escalating,16471
escalation,16472
escalations,16473
escalator,16474
escalators,16475
escallop,16476
escapade,16477
escapades,16478
escape,16479
escape_from,16480
escape_mechanism,16481
escaped,16482
escapee,16483
escapees,16484
escapes,16485
escaping,16486
escapism,16487
escapist,16488
escapologist,16489
escargot,16490
escarole,16491
escarp,16492
escarpment,16493
eschar,16494
escheat,16495
escherichia,16496
eschew,16497
eschewed,16498
eschewing,16499
eschews,16500
escolar,16501
escort,16502
escorted,16503
escorting,16504
escorts,16505
escritoire,16506
escrow,16507
escudo,16508
escutcheon,16509
esker,16510
eskimo,16511
eskimos,16512
esoteric,16513
esoterica,16514
esotropia,16515
esp,16516
espadrille,16517
espadrilles,16518
espalier,16519
especial,16520
especially,16521
esperanto,16522
espial,16523
espied,16524
espies,16525
espionage,16526
esplanade,16527
esplanades,16528
espousal,16529
espousals,16530
espouse,16531
espoused,16532
espouses,16533
espresso,16534
espressos,16535
esprit,16536
esprit_de_corps,16537
espy,16538
espying,16539
esquire,16540
esquires,16541
ess,16542
essay,16543
essayed,16544
essayer,16545
essaying,16546
essayist,16547
essayists,16548
essays,16549
essen,16550
essence,16551
essences,16552
essene,16553
essential,16554
essential_condition,16555
essential_oil,16556
essentially,16557
essentials,16558
essex,16559
establish,16560
established,16561
establishes,16562
establishing,16563
establishment,16564
estaminet,16565
estate,16566
estate_agent,16567
estate_car,16568
estate_cars,16569
estates,16570
esteem,16571
esteemed,16572
esteeming,16573
esteems,16574
ester,16575
esters,16576
esther,16577
estimable,16578
estimate,16579
estimated,16580
estimates,16581
estimation,16582
estonia,16583
estonian,16584
estonians,16585
estoppel,16586
estrange,16587
estranged,16588
estrangement,16589
estranges,16590
estrogen,16591
estuary,16592
esurience,16593
esurient,16594
et_al,16595
eta,16596
etagere,16597
etas,16598
etcetera,16599
etch,16600
etched,16601
etcher,16602
etchers,16603
etches,16604
etching,16605
etchings,16606
eternal,16607
eternal_sleep,16608
eternally,16609
eternities,16610
eternity,16611
ethane,16612
ethanol,16613
ethelbert,16614
ethelred,16615
ethene,16616
ether,16617
ethereal,16618
etherise,16619
etherised,16620
ethernet,16621
ethers,16622
ethic,16623
ethical,16624
ethically,16625
ethics,16626
ethiopia,16627
ethiopian,16628
ethnic,16629
ethnic_cleansing,16630
ethnic_group,16631
ethnic_groups,16632
ethnicity,16633
ethnics,16634
ethos,16635
ethyl,16636
ethylene,16637
ethyls,16638
ethyne,16639
etiquette,16640
etna,16641
eton_college,16642
etonian,16643
etruria,16644
etruscan,16645
etude,16646
etudes,16647
etui,16648
etuis,16649
etyma,16650
etymology,16651
etymon,16652
eucalypti,16653
eucalyptus,16654
eucalyptus_tree,16655
eucharist,16656
euchre,16657
euchres,16658
euclid,16659
euclidean,16660
eugene,16661
euler,16662
eulogise,16663
eulogised,16664
eulogises,16665
eulogising,16666
eulogistic,16667
eulogy,16668
eumenides,16669
eunuch,16670
euphemism,16671
euphemisms,16672
euphonium,16673
euphorbia,16674
euphoria,16675
euphoric,16676
euphrates,16677
eurasia,16678
eurasian,16679
eureka,16680
euripides,16681
euro,16682
europa,16683
europan,16684
europe,16685
european,16686
european_countries,16687
european_country,16688
european_nation,16689
european_union,16690
europeans,16691
europium,16692
euros,16693
eurythmics,16694
euterpe,16695
euthanasia,16696
eutrophication,16697
evacuate,16698
evacuated,16699
evacuates,16700
evacuation,16701
evade,16702
evaded,16703
evades,16704
evading,16705
evaluate,16706
evaluated,16707
evaluates,16708
evaluating,16709
evaluation,16710
evaluations,16711
evaluator,16712
evanesce,16713
evanesced,16714
evanescence,16715
evanescent,16716
evangel,16717
evangelical,16718
evangelise,16719
evangelist,16720
evangelistic,16721
evans,16722
evaporate,16723
evaporated_milk,16724
evaporating,16725
evasion,16726
evasions,16727
evasive,16728
evasive_action,16729
eve,16730
even,16731
even-tempered,16732
even_chance,16733
even_off,16734
even_out,16735
even_so,16736
even_up,16737
evened,16738
evener,16739
evenfall,16740
evening,16741
evening_dresses,16742
evening_prayer,16743
evening_primrose,16744
evening_star,16745
evenly,16746
evenness,16747
evens,16748
evensong,16749
evensongs,16750
event,16751
eventful,16752
eventides,16753
events,16754
eventual,16755
eventually,16756
eventuate,16757
ever,16758
ever_so,16759
everest,16760
evergreen,16761
evergreen_state,16762
evergreens,16763
everlasting,16764
evermore,16765
evert,16766
everted,16767
every,16768
every_inch,16769
every_now_and_then,16770
every_so_often,16771
every_year,16772
everyday,16773
everyman,16774
everywhere,16775
evict,16776
evicted,16777
evicting,16778
eviction,16779
evictions,16780
evidence,16781
evidences,16782
evident,16783
evidently,16784
evil,16785
evil-minded,16786
evil_eye,16787
evil_spirit,16788
evildoer,16789
evildoers,16790
evilly,16791
evils,16792
evince,16793
evinced,16794
evinces,16795
eviscerate,16796
evocation,16797
evocative,16798
evoke,16799
evoked,16800
evoking,16801
evolution,16802
evolutionary,16803
evolve,16804
evolved,16805
evolves,16806
evolving,16807
ewe,16808
ewer,16809
ewers,16810
ewes,16811
ex,16812
ex-president,16813
ex_gratia,16814
exacerbate,16815
exact,16816
exacted,16817
exacting,16818
exaction,16819
exactitude,16820
exactly,16821
exactness,16822
exacts,16823
exaggerate,16824
exaggerated,16825
exaggerates,16826
exaggerating,16827
exaggeration,16828
exalt,16829
exaltation,16830
exalted,16831
exalts,16832
exam,16833
exam_paper,16834
examination,16835
examinations,16836
examine,16837
examined,16838
examinee,16839
examinees,16840
examiner,16841
examiners,16842
examines,16843
examining,16844
example,16845
examples,16846
exams,16847
exanimate,16848
exanthema,16849
exarch,16850
exasperate,16851
exasperated,16852
exasperating,16853
exasperation,16854
excalibur,16855
excavate,16856
excavated,16857
excavation,16858
excavations,16859
excavator,16860
exceed,16861
exceedingly,16862
exceeds,16863
excel,16864
excelled,16865
excellence,16866
excellent,16867
excellently,16868
excelling,16869
excels,16870
excelsior,16871
except,16872
excepted,16873
exception,16874
exceptionable,16875
exceptional,16876
exceptionally,16877
exceptions,16878
excepts,16879
excerpt,16880
excess,16881
excesses,16882
excessive,16883
excessively,16884
exchange,16885
exchanged,16886
exchanges,16887
exchequer,16888
excise,16889
excised,16890
exciseman,16891
excises,16892
excising,16893
excision,16894
excitable,16895
excitation,16896
excite,16897
excited,16898
excitedly,16899
excitement,16900
excites,16901
exciting,16902
exclaim,16903
exclaimed,16904
exclaims,16905
exclamation,16906
exclamatory,16907
exclude,16908
excluded,16909
excludes,16910
excluding,16911
exclusion,16912
exclusive,16913
exclusively,16914
exclusives,16915
excommunicating,16916
excommunication,16917
excoriate,16918
excrement,16919
excrescent,16920
excreta,16921
excrete,16922
excreted,16923
excretion,16924
exculpate,16925
exculpated,16926
excursion,16927
excursionist,16928
excursions,16929
excursus,16930
excuse,16931
excused,16932
excuses,16933
excusing,16934
exec,16935
execrable,16936
execrate,16937
execrated,16938
execrates,16939
execrating,16940
execration,16941
execrations,16942
execs,16943
executant,16944
execute,16945
executed,16946
executes,16947
executing,16948
execution,16949
executioner,16950
executive,16951
executives,16952
executor,16953
exegesis,16954
exegete,16955
exemplar,16956
exemplary,16957
exemplified,16958
exemplify,16959
exempt,16960
exempted,16961
exemption,16962
exempts,16963
exenterate,16964
exercise,16965
exercised,16966
exerciser,16967
exercises,16968
exercising,16969
exert,16970
exerted,16971
exerting,16972
exertions,16973
exerts,16974
exes,16975
exfoliate,16976
exhalation,16977
exhale,16978
exhales,16979
exhaust,16980
exhaust_fan,16981
exhausted,16982
exhausting,16983
exhaustion,16984
exhaustive,16985
exhausts,16986
exhibit,16987
exhibiting,16988
exhibition,16989
exhibitionist,16990
exhibitions,16991
exhibitor,16992
exhibitors,16993
exhibits,16994
exhilarate,16995
exhilarated,16996
exhilarating,16997
exhilaration,16998
exhort,16999
exhorted,17000
exhorting,17001
exhorts,17002
exhume,17003
exhuming,17004
exigency,17005
exigent,17006
exiguity,17007
exile,17008
exiled,17009
exiles,17010
exist,17011
existed,17012
existence,17013
existent,17014
existentialism,17015
existentialist,17016
existing,17017
exists,17018
exit,17019
exit_poll,17020
exited,17021
exiting,17022
exits,17023
exocet,17024
exocets,17025
exode,17026
exodus,17027
exonerate,17028
exonerated,17029
exonerating,17030
exoneration,17031
exorbitance,17032
exorbitant,17033
exorcise,17034
exorcised,17035
exorcising,17036
exordia,17037
exoskeleton,17038
exoteric,17039
exotic,17040
exotic_dancer,17041
expand,17042
expanded,17043
expanding,17044
expands,17045
expanse,17046
expansion,17047
expansionism,17048
expansive,17049
expat,17050
expatiate,17051
expatriate,17052
expatriates,17053
expatriation,17054
expats,17055
expect,17056
expectancy,17057
expectant,17058
expectation,17059
expectations,17060
expected,17061
expecting,17062
expectorant,17063
expectorate,17064
expectoration,17065
expects,17066
expedient,17067
expedite,17068
expedites,17069
expedition,17070
expeditions,17071
expeditious,17072
expel,17073
expelled,17074
expelling,17075
expels,17076
expend,17077
expendable,17078
expended,17079
expenditure,17080
expense,17081
expenses,17082
expensive,17083
experience,17084
experienced,17085
experiences,17086
experiencing,17087
experiment,17088
experimental,17089
experimentation,17090
experimenter,17091
expert,17092
expertise,17093
expertly,17094
expertness,17095
experts,17096
expiate,17097
expiation,17098
expiatory,17099
expiration,17100
expire,17101
expired,17102
expires,17103
expiring,17104
explain,17105
explained,17106
explaining,17107
explains,17108
explanation,17109
explanations,17110
explanatory,17111
expletive,17112
expletives,17113
explicit,17114
explicitly,17115
explode,17116
exploded,17117
exploding,17118
exploit,17119
exploitation,17120
exploitative,17121
exploited,17122
exploiting,17123
exploits,17124
exploration,17125
explore,17126
explored,17127
explorer,17128
explorers,17129
explores,17130
exploring,17131
explosion,17132
explosions,17133
explosive,17134
explosive_charge,17135
explosive_device,17136
explosive_devices,17137
explosives,17138
expo,17139
exponent,17140
exponents,17141
export,17142
exporter,17143
exports,17144
expos,17145
expose,17146
exposed,17147
exposes,17148
exposing,17149
exposit,17150
exposition,17151
expositor,17152
expository,17153
expostulate,17154
exposure,17155
exposures,17156
expound,17157
expounded,17158
expounder,17159
expounds,17160
express,17161
express_emotion,17162
express_feelings,17163
expressed,17164
expresses,17165
expressing,17166
expression,17167
expressionism,17168
expressionist,17169
expressionless,17170
expressions,17171
expressive,17172
expressly,17173
expressway,17174
expropriation,17175
expropriations,17176
expulsion,17177
expunction,17178
expunge,17179
expurgate,17180
exquisite,17181
exquisiteness,17182
exsert,17183
extant,17184
extempore,17185
extemporise,17186
extend,17187
extended,17188
extended_family,17189
extends,17190
extension,17191
extensions,17192
extensive,17193
extensively,17194
extensiveness,17195
extensor,17196
extent,17197
extents,17198
extenuate,17199
exterior,17200
exterminate,17201
exterminator,17202
external,17203
extinct,17204
extinction,17205
extinguish,17206
extinguished,17207
extirpate,17208
extirpated,17209
extol,17210
extolled,17211
extolling,17212
extols,17213
extort,17214
extortion,17215
extortionate,17216
extortionist,17217
extortionists,17218
extorts,17219
extra,17220
extra_dividend,17221
extra_time,17222
extract,17223
extracted,17224
extracting,17225
extraction,17226
extractor,17227
extractors,17228
extracts,17229
extradite,17230
extramarital,17231
extraneous,17232
extraordinaire,17233
extraordinarily,17234
extraordinary,17235
extrapolate,17236
extras,17237
extraterrestrial,17238
extraterrestrial_beings,17239
extraterrestrial_object,17240
extravagance,17241
extravagances,17242
extravagant,17243
extravagantly,17244
extravert,17245
extrema,17246
extreme,17247
extreme_unction,17248
extremely,17249
extremes,17250
extremism,17251
extremist,17252
extremists,17253
extremities,17254
extremity,17255
extricate,17256
extricated,17257
extricates,17258
extrinsic,17259
extrovert,17260
extroverted,17261
extrude,17262
exuberance,17263
exuberant,17264
exuberantly,17265
exudation,17266
exude,17267
exuded,17268
exult,17269
exultant,17270
exultation,17271
exulted,17272
exults,17273
eyas,17274
eye,17275
eye-catcher,17276
eye-catching,17277
eye-drop,17278
eye_candy,17279
eye_chart,17280
eye_condition,17281
eye_doctor,17282
eye_infection,17283
eye_movements,17284
eye_socket,17285
eye_tooth,17286
eyeball,17287
eyeballed,17288
eyeballs,17289
eyebrow,17290
eyed,17291
eyedrops,17292
eyeful,17293
eyefuls,17294
eyeglass,17295
eyeglasses,17296
eyehole,17297
eyeing,17298
eyelash,17299
eyeless,17300
eyelet,17301
eyelets,17302
eyelid,17303
eyelids,17304
eyeliner,17305
eyeliners,17306
eyepiece,17307
eyes,17308
eyeshade,17309
eyeshadow,17310
eyeshot,17311
eyesight,17312
eyesore,17313
eyesores,17314
eyespot,17315
eyestrain,17316
eyeteeth,17317
eyetooth,17318
eyewash,17319
eyewitness,17320
eying,17321
eyra,17322
eyrie,17323
ezekiel,17324
ezra,17325
ezra_pound,17326
fab,17327
fabian,17328
fabians,17329
fable,17330
fabled,17331
fables,17332
fabric,17333
fabricate,17334
fabricated,17335
fabrication,17336
fabrics,17337
fabulist,17338
fabulous,17339
facade,17340
facades,17341
face,17342
face-off,17343
face_cream,17344
face_masks,17345
face_pack,17346
face_powder,17347
face_to_face,17348
face_veil,17349
faced,17350
faceless,17351
facelift,17352
facers,17353
faces,17354
facet,17355
facetious,17356
facets,17357
facia,17358
facial,17359
facial_expression,17360
facial_gesture,17361
facial_hair,17362
facials,17363
facile,17364
facilitate,17365
facilitated,17366
facilitates,17367
facilities,17368
facility,17369
facing,17370
facing_pages,17371
facsimile,17372
fact,17373
fact-finding,17374
faction,17375
factions,17376
factious,17377
factor,17378
factorial,17379
factories,17380
factors,17381
factory,17382
factory-made,17383
factory_worker,17384
factory_workers,17385
factotum,17386
facts,17387
factual,17388
faculty,17389
faculty_member,17390
fad,17391
fad_diet,17392
faddish,17393
fade,17394
fade_away,17395
fade_out,17396
faded,17397
fading,17398
fading_away,17399
fads,17400
faeroese,17401
fag,17402
fag_end,17403
fag_out,17404
faggot,17405
faggots,17406
fagin,17407
fahrenheit,17408
faience,17409
fail,17410
failed,17411
failing,17412
failings,17413
fails,17414
failure,17415
failures,17416
fain,17417
faint,17418
faint-hearted,17419
fainted,17420
faintest,17421
fainthearted,17422
faintly,17423
faints,17424
fair,17425
fair-haired,17426
fair-minded,17427
fair_chance,17428
fair_game,17429
fair_sex,17430
fair_to_middling,17431
fair_trade,17432
fairer,17433
fairground,17434
fairies,17435
fairish,17436
fairly,17437
fairness,17438
fairs,17439
fairy,17440
fairy_godmother,17441
fairy_light,17442
fairy_stories,17443
fairy_story,17444
fairy_tale,17445
fairy_tales,17446
fairyland,17447
fairytale,17448
faisal,17449
fait_accompli,17450
faith,17451
faithful,17452
faithfulness,17453
faithless,17454
faithlessness,17455
fake,17456
faked,17457
fakeer,17458
faker,17459
fakery,17460
fakes,17461
faking,17462
fakir,17463
falafel,17464
falchion,17465
falcon,17466
falconer,17467
falconry,17468
falkland_islands,17469
fall,17470
fall_apart,17471
fall_asleep,17472
fall_away,17473
fall_back,17474
fall_behind,17475
fall_down,17476
fall_flat,17477
fall_for,17478
fall_from_grace,17479
fall_guy,17480
fall_guys,17481
fall_in,17482
fall_in_line,17483
fall_off,17484
fall_out,17485
fall_over,17486
fall_through,17487
fall_upon,17488
falla,17489
fallacious,17490
fallacy,17491
fallen,17492
faller,17493
fallible,17494
falling,17495
falling_out,17496
fallopian_tube,17497
fallow,17498
fallow_deer,17499
falls,17500
false,17501
false_belief,17502
false_beliefs,17503
false_name,17504
false_names,17505
false_pretences,17506
false_witness,17507
falsehood,17508
falsely,17509
falsetto,17510
falsies,17511
falsification,17512
falsify,17513
falsity,17514
falstaff,17515
falter,17516
faltered,17517
faltering,17518
falters,17519
falun_gong,17520
fame,17521
famed,17522
familiar,17523
familiarise,17524
familiarity,17525
familiars,17526
families,17527
family,17528
family_history,17529
family_man,17530
family_name,17531
family_tree,17532
family_trees,17533
famine,17534
famish,17535
famished,17536
famous,17537
famous_person,17538
fan,17539
fan_letters,17540
fanatic,17541
fanatical,17542
fanaticism,17543
fanatics,17544
fancied,17545
fancier,17546
fancies,17547
fanciful,17548
fancy,17549
fancy-free,17550
fancy_dress,17551
fancy_man,17552
fancy_woman,17553
fandango,17554
fandangos,17555
fandom,17556
fanfare,17557
fang,17558
fangs,17559
fanlight,17560
fanny,17561
fanny_adams,17562
fans,17563
fantail,17564
fantasia,17565
fantasies,17566
fantasise,17567
fantasised,17568
fantasist,17569
fantasize,17570
fantastic,17571
fantastically,17572
fantasy,17573
fantasy_world,17574
far,17575
far-flung,17576
far-off,17577
far-out,17578
far_and_away,17579
far_and_wide,17580
far_cry,17581
far_east,17582
faraday,17583
farads,17584
farandole,17585
faraway,17586
farce,17587
farcical,17588
fare,17589
farewell,17590
farewells,17591
farfalle,17592
fargo,17593
farina,17594
farm,17595
farm_animal,17596
farm_animals,17597
farm_building,17598
farm_buildings,17599
farm_girl,17600
farm_machine,17601
farm_machines,17602
farm_out,17603
farm_worker,17604
farm_workers,17605
farmed,17606
farmer,17607
farmers,17608
farmhand,17609
farmhouse,17610
farmhouses,17611
farming,17612
farmland,17613
farms,17614
farmstead,17615
faro,17616
faroes,17617
faroese,17618
farrago,17619
farrier,17620
farrow,17621
farsi,17622
fart,17623
fas,17624
fascia,17625
fascinate,17626
fascinated,17627
fascinating,17628
fascination,17629
fascinations,17630
fascist,17631
fashion,17632
fashion_business,17633
fashion_designer,17634
fashion_industry,17635
fashion_plate,17636
fashionable,17637
fashionably,17638
fashioned,17639
fashions,17640
fast,17641
fast_buck,17642
fast_food,17643
fast_one,17644
fast_ones,17645
fast_track,17646
fasted,17647
fasten,17648
fastened,17649
fastener,17650
fasteners,17651
fastening,17652
fastenings,17653
fastens,17654
faster,17655
fastest,17656
fastidious,17657
fastidiously,17658
fastidiousness,17659
fasting,17660
fastness,17661
fat,17662
fat-free,17663
fat_cat,17664
fat_cats,17665
fat_chance,17666
fat_person,17667
fata_morgana,17668
fatal,17669
fatal_accident,17670
fatalism,17671
fatalistic,17672
fatality,17673
fatally,17674
fate,17675
fated,17676
fateful,17677
fates,17678
fathead,17679
fatheads,17680
father,17681
father-figure,17682
father_figure,17683
fathered,17684
fatherly,17685
fathers,17686
fathom,17687
fathomable,17688
fathomed,17689
fathometer,17690
fathoming,17691
fatigue,17692
fatigued,17693
fatigues,17694
fatiguing,17695
fatness,17696
fats,17697
fats_domino,17698
fatten,17699
fattening,17700
fatter,17701
fatty,17702
fatty_tissue,17703
fatuous,17704
fatwa,17705
fatwas,17706
faucet,17707
fault,17708
faultfinders,17709
faultless,17710
faults,17711
faulty,17712
fauna,17713
faust,17714
faustian,17715
fauve,17716
fauvist,17717
faux,17718
faux_pas,17719
fava_bean,17720
favour,17721
favourable,17722
favoured,17723
favouring,17724
favourite,17725
favourites,17726
favouritism,17727
favours,17728
fawn,17729
fawning,17730
fax,17731
faze,17732
fazed,17733
fbi_agent,17734
fe,17735
fealties,17736
fealty,17737
fear,17738
feared,17739
fearful,17740
fearing,17741
fearless,17742
fearlessly,17743
fears,17744
fearsome,17745
fearsomely,17746
feasible,17747
feast,17748
feast_day,17749
feasted,17750
feasts,17751
feat,17752
feather,17753
feather_boa,17754
featherbed,17755
featherbedding,17756
feathered,17757
feathers,17758
featherweight,17759
feathery,17760
feats,17761
feature,17762
feature_film,17763
feature_films,17764
featured,17765
featureless,17766
features,17767
febrile,17768
february,17769
feckless,17770
fecklessness,17771
fecund,17772
fed,17773
fed_up,17774
fedayeen,17775
federal,17776
federalist,17777
federate,17778
federation,17779
federation_of_tribes,17780
fedora,17781
fedoras,17782
fee,17783
fee_simple,17784
feeble,17785
feebler,17786
feebly,17787
feed,17788
feedback,17789
feeder,17790
feeders,17791
feeding,17792
feeds,17793
feel,17794
feel_for,17795
feel_like,17796
feeler,17797
feelers,17798
feeling,17799
feelings,17800
feels,17801
fees,17802
feet,17803
feign,17804
feigned,17805
feigns,17806
feijoa,17807
feint,17808
feints,17809
feisty,17810
feldspar,17811
feldspars,17812
felicia,17813
felicitate,17814
felicity,17815
feline,17816
felines,17817
fell,17818
fella,17819
fellah,17820
fellaheen,17821
fellas,17822
feller,17823
fellers,17824
fellini,17825
felloe,17826
fellow,17827
fellow_feeling,17828
fellow_member,17829
fellow_traveller,17830
fellow_worker,17831
fellows,17832
fellowship,17833
felly,17834
felon,17835
felonies,17836
felonious,17837
felons,17838
felony,17839
felspar,17840
felt,17841
felt-tip_pen,17842
felt-tipped_pen,17843
felt_hat,17844
felt_tip,17845
female,17846
females,17847
feminine,17848
feminist,17849
feminists,17850
femme_fatale,17851
femora,17852
femur,17853
fen,17854
fence,17855
fenced,17856
fencer,17857
fences,17858
fencing,17859
fencing_material,17860
fencing_stick,17861
fend,17862
fend_off,17863
fended,17864
fender,17865
fends,17866
fenestra,17867
fenland,17868
fennel,17869
fens,17870
fenugreek,17871
feral,17872
ferine,17873
fermat,17874
ferment,17875
fermented,17876
fermi,17877
fern,17878
ferocious,17879
ferociously,17880
ferocity,17881
ferret,17882
ferret_out,17883
ferreted,17884
ferrets,17885
ferris_wheels,17886
ferrous,17887
ferry,17888
ferryman,17889
fertile,17890
fertilise,17891
fertilised,17892
fertiliser,17893
fertilises,17894
fertilizer,17895
ferule,17896
fervent,17897
fervently,17898
fervid,17899
fervour,17900
fescue,17901
fess,17902
fess_up,17903
fesse,17904
festal,17905
fester,17906
festering,17907
festers,17908
festival,17909
festivals,17910
festive,17911
festivities,17912
festivity,17913
festoon,17914
festooning,17915
festoons,17916
fetch,17917
fetches,17918
fetching,17919
fete,17920
feted,17921
fetes,17922
fetid,17923
fetidness,17924
fetish,17925
fetishes,17926
fetishist,17927
fetlock,17928
fetor,17929
fetter,17930
fetters,17931
fettle,17932
feud,17933
feudal,17934
feudal_lord,17935
feudalism,17936
feuds,17937
fever,17938
fever_pitch,17939
fevered,17940
feverfew,17941
feverish,17942
fevers,17943
few,17944
fewest,17945
fez,17946
fiance,17947
fiancee,17948
fiasco,17949
fiat,17950
fiats,17951
fib,17952
fibber,17953
fibre,17954
fibreboard,17955
fibres,17956
fibrillate,17957
fibroids,17958
fibrous_tissue,17959
fibs,17960
fibulae,17961
fichu,17962
fichus,17963
fickle,17964
fiction,17965
fictional,17966
fictional_character,17967
fictions,17968
fictitious,17969
fictitious_name,17970
fictitious_place,17971
fictive,17972
fiddle,17973
fiddle-faddle,17974
fiddler,17975
fiddles,17976
fiddlesticks,17977
fiddling,17978
fidel_castro,17979
fidelity,17980
fidget,17981
fidgeting,17982
fidgety,17983
fiducial,17984
field,17985
field_day,17986
field_event,17987
field_game,17988
field_glasses,17989
field_goal,17990
field_hand,17991
field_marshal,17992
field_mouse,17993
field_of_operations,17994
field_of_study,17995
field_trip,17996
fielder,17997
fielders,17998
fieldfare,17999
fielding,18000
fields,18001
fieldsmen,18002
fieldwork,18003
fiend,18004
fiendish,18005
fiendishly,18006
fiends,18007
fierce,18008
fiercely,18009
fierceness,18010
fiercest,18011
fiery,18012
fiesta,18013
fiestas,18014
fife,18015
fifes,18016
fifteen,18017
fifth,18018
fifth_columnist,18019
fifth_columnists,18020
fifty,18021
fifty-fifty,18022
fig,18023
fig_leaf,18024
fig_tree,18025
fig_trees,18026
fight,18027
fight_back,18028
fight_off,18029
fighter,18030
fighters,18031
fighting,18032
fights,18033
figment,18034
figs,18035
figurative,18036
figuratively,18037
figure,18038
figure_of_speech,18039
figure_out,18040
figure_skating,18041
figured,18042
figurehead,18043
figures,18044
figurine,18045
figurines,18046
figworts,18047
fiji,18048
filament,18049
filaria,18050
filbert,18051
filch,18052
filches,18053
file,18054
file_away,18055
filed,18056
files,18057
filet,18058
filet_mignon,18059
filets,18060
filial,18061
filibuster,18062
filibustered,18063
filigree,18064
filing,18065
filing_cabinet,18066
filipino,18067
filippino_lippi,18068
fill,18069
fill-in,18070
fill_in,18071
fill_out,18072
fill_the_bill,18073
fill_up,18074
fille,18075
filled,18076
filled_up,18077
filler,18078
fillers,18079
fillet,18080
filleting,18081
fillets,18082
filling,18083
fillip,18084
fills,18085
filly,18086
film,18087
film-making,18088
film_company,18089
film_director,18090
film_maker,18091
film_noir,18092
film_producer,18093
film_star,18094
filmed,18095
filming,18096
filmmaker,18097
films,18098
filmy,18099
filter,18100
filtered,18101
filters,18102
filth,18103
filthiness,18104
filthy,18105
filtrate,18106
filtration,18107
fin,18108
finagle,18109
finagler,18110
final,18111
final_period,18112
final_result,18113
final_stage,18114
final_stages,18115
finale,18116
finales,18117
finalise,18118
finalised,18119
finalist,18120
finalists,18121
finally,18122
finals,18123
finance,18124
finance_minister,18125
financed,18126
finances,18127
financial,18128
financial_backing,18129
financial_gains,18130
financial_institution,18131
financial_institutions,18132
financial_officer,18133
financial_officers,18134
financial_statement,18135
financial_support,18136
financier,18137
financiers,18138
financing,18139
finbacks,18140
finch,18141
finches,18142
find,18143
find_fault,18144
find_oneself,18145
find_out,18146
finding,18147
finds,18148
fine,18149
fine-looking,18150
fine-tune,18151
fine-tuned,18152
fine-tuning,18153
fine_arts,18154
fine_print,18155
fined,18156
finer,18157
finery,18158
fines,18159
fines_herbes,18160
finesse,18161
finest,18162
finger,18163
fingered,18164
fingering,18165
fingerpost,18166
fingerprint,18167
fingerprints,18168
fingers,18169
fingertip,18170
finial,18171
finicky,18172
finis,18173
finish,18174
finish_off,18175
finished,18176
finisher,18177
finishes,18178
finishing,18179
finishing_touch,18180
finite,18181
finn,18182
finnan,18183
finnan_haddock,18184
finnish,18185
finns,18186
fiord,18187
fir,18188
fire,18189
fire-eaters,18190
fire-raising,18191
fire_alarm,18192
fire_alarms,18193
fire_ant,18194
fire_door,18195
fire_drill,18196
fire_escape,18197
fire_extinguisher,18198
fire_iron,18199
fire_opal,18200
fire_up,18201
firearm,18202
firearms,18203
fireball,18204
firebird,18205
firebrand,18206
firebrands,18207
firebug,18208
firecracker,18209
firecrackers,18210
fired,18211
firedamp,18212
firedog,18213
firefighter,18214
fireflies,18215
firefly,18216
firelight,18217
firelighter,18218
firelighters,18219
fireman,18220
fireplace,18221
fireplug,18222
firepower,18223
fireproof,18224
fires,18225
fireside,18226
firewall,18227
firewater,18228
firewood,18229
firework,18230
fireworks,18231
firing,18232
firing_squad,18233
firkin,18234
firm,18235
firm_up,18236
firmament,18237
firmer,18238
firmly,18239
firmness,18240
firmness_of_purpose,18241
firs,18242
first,18243
first-class,18244
first-rate,18245
first_aid,18246
first_and_last,18247
first_appearance,18248
first_class,18249
first_cousin,18250
first_degree,18251
first_gear,18252
first_lady,18253
first_lieutenant,18254
first_light,18255
first_mate,18256
first_name,18257
first_of_all,18258
first_person,18259
first_principle,18260
first_principles,18261
first_step,18262
firstborn,18263
firsthand,18264
firstly,18265
firth,18266
firth_of_forth,18267
fisc,18268
fiscal,18269
fischer,18270
fish,18271
fish_cake,18272
fish_finger,18273
fish_stew,18274
fish_tanks,18275
fished,18276
fisher,18277
fisherman,18278
fishermen,18279
fishes,18280
fisheye,18281
fishing,18282
fishing_boat,18283
fishing_boats,18284
fishing_gear,18285
fishing_net,18286
fishing_vessel,18287
fishing_vessels,18288
fishnet,18289
fishnets,18290
fishwife,18291
fishy,18292
fission,18293
fissure,18294
fissures,18295
fist,18296
fistfight,18297
fistful,18298
fisticuffs,18299
fistulae,18300
fit,18301
fit_in,18302
fit_the_bill,18303
fitch,18304
fitful,18305
fitfully,18306
fitment,18307
fitness,18308
fits,18309
fitted,18310
fitted_out,18311
fitter,18312
fitting,18313
fittingly,18314
fittings,18315
fitzgerald,18316
five,18317
five_hundred,18318
fivepences,18319
fiver,18320
fives,18321
fix,18322
fix_up,18323
fixate,18324
fixated,18325
fixation,18326
fixed,18327
fixed_oil,18328
fixer,18329
fixers,18330
fixes,18331
fixing,18332
fixity,18333
fixture,18334
fixtures,18335
fizgig,18336
fizz,18337
fizzle,18338
fizzy,18339
fjord,18340
flab,18341
flabbergast,18342
flabbergasted,18343
flabbergasts,18344
flabbiness,18345
flabby,18346
flaccid,18347
flag,18348
flag-waver,18349
flag-waving,18350
flag_down,18351
flag_waving,18352
flagellate,18353
flagellates,18354
flagellation,18355
flagellum,18356
flageolet,18357
flagged,18358
flagging,18359
flagon,18360
flagons,18361
flagpole,18362
flagrant,18363
flagrantly,18364
flags,18365
flagship,18366
flagstaff,18367
flagstaffs,18368
flagstone,18369
flail,18370
flailed,18371
flailing,18372
flair,18373
flak,18374
flake,18375
flakes,18376
flaky,18377
flambe,18378
flambeau,18379
flambeed,18380
flamboyance,18381
flamboyant,18382
flame,18383
flamenco,18384
flames,18385
flamethrower,18386
flamethrowers,18387
flaming,18388
flamingo,18389
flamingos,18390
flan,18391
flanders,18392
flange,18393
flanking,18394
flannel,18395
flannelette,18396
flap,18397
flapjack,18398
flapper,18399
flapping,18400
flaps,18401
flare,18402
flare-up,18403
flare-ups,18404
flare_up,18405
flares,18406
flash,18407
flash_cards,18408
flashback,18409
flasher,18410
flashes,18411
flashiness,18412
flashing,18413
flashlight,18414
flashpoint,18415
flashy,18416
flask,18417
flasks,18418
flat,18419
flat-footed,18420
flat-top,18421
flat_bone,18422
flat_cap,18423
flat_out,18424
flatbed,18425
flatbread,18426
flatfish,18427
flathead,18428
flatiron,18429
flatlets,18430
flatly,18431
flatness,18432
flats,18433
flatten,18434
flatten_out,18435
flattened,18436
flatter,18437
flattered,18438
flatterer,18439
flatterers,18440
flattering,18441
flatters,18442
flattery,18443
flatulent,18444
flatus,18445
flaunt,18446
flaunty,18447
flautist,18448
flavour,18449
flavouring,18450
flavourless,18451
flaw,18452
flawed,18453
flawless,18454
flawlessly,18455
flaws,18456
flax,18457
flaxen,18458
flay,18459
flayed,18460
flea,18461
flea-bitten,18462
flea_market,18463
fleapit,18464
fleapits,18465
fleas,18466
fleawort,18467
flecks,18468
fled,18469
fledge,18470
fledgeling,18471
fledgling,18472
flee,18473
fleece,18474
fleeced,18475
fleeces,18476
fleeing,18477
fleer,18478
flees,18479
fleet,18480
fleet_street,18481
fleetest,18482
fleeting,18483
fleetness,18484
fleets,18485
flemish,18486
flense,18487
flesh,18488
flesh_out,18489
fleshy,18490
fletcher,18491
fleur-de-lis,18492
fleur-de-lys,18493
flew,18494
flex,18495
flexed,18496
flexes,18497
flexibility,18498
flexible,18499
flexibly,18500
flexing,18501
flexor,18502
flibbertigibbet,18503
flick,18504
flick-knife,18505
flick_knife,18506
flicker,18507
flickering,18508
flicks,18509
flier,18510
fliers,18511
flies,18512
flight,18513
flight_attendant,18514
flight_deck,18515
flight_engineer,18516
flight_engineers,18517
flight_path,18518
flightless_bird,18519
flightless_birds,18520
flights,18521
flighty,18522
flimflam,18523
flimsiness,18524
flimsy,18525
flinch,18526
flinches,18527
flinching,18528
fling,18529
flings,18530
flint,18531
flintlock,18532
flintlocks,18533
flip,18534
flip-flop,18535
flip-flopping,18536
flip_out,18537
flip_over,18538
flippant,18539
flipped,18540
flipping,18541
flirt,18542
flirt_with,18543
flirtation,18544
flirting,18545
flirts,18546
flit,18547
flitter,18548
float,18549
floater,18550
floating,18551
floating_voter,18552
floats,18553
floaty,18554
flock,18555
flocking,18556
flocks,18557
floe,18558
flog,18559
flogged,18560
flogger,18561
flogging,18562
flogs,18563
flood,18564
flood_plain,18565
flooded,18566
floodgate,18567
flooding,18568
floods,18569
floor,18570
floor_covering,18571
floor_plan,18572
floor_show,18573
floorboard,18574
floorboards,18575
floored,18576
flooring,18577
floors,18578
floorshow,18579
floozies,18580
flop,18581
floppy,18582
flops,18583
flora,18584
floral,18585
floral_arrangement,18586
florence,18587
florence_nightingale,18588
florentine,18589
florescence,18590
florid,18591
florida,18592
floridian,18593
florin,18594
florins,18595
florist,18596
florists,18597
floss,18598
flossy,18599
flotation_device,18600
flotilla,18601
flotsam,18602
flounce,18603
flounder,18604
floundered,18605
floundering,18606
flour,18607
flour_mill,18608
flourish,18609
flourished,18610
flourishes,18611
flourishing,18612
flout,18613
flouted,18614
flouting,18615
flow,18616
flow_out,18617
flowed,18618
flower,18619
flower_arrangement,18620
flower_arrangements,18621
flower_bed,18622
flower_cluster,18623
flower_girl,18624
flower_head,18625
flower_people,18626
flowered,18627
flowering,18628
flowering_maple,18629
flowering_plant,18630
flowering_plants,18631
flowering_shrub,18632
flowering_shrubs,18633
flowering_tree,18634
flowerpot,18635
flowers,18636
flowery,18637
flowing,18638
flown,18639
flows,18640
flu,18641
flub,18642
fluctuate,18643
flue,18644
fluency,18645
fluent,18646
fluff,18647
fluff_up,18648
fluffy,18649
flugelhorn,18650
fluid,18651
fluke,18652
flukey,18653
fluky,18654
flummery,18655
flummox,18656
flummoxed,18657
flung,18658
flunk,18659
flunkey,18660
flunky,18661
fluoresce,18662
fluorescent,18663
fluoride,18664
fluorine,18665
flurry,18666
flush,18667
flushed,18668
flushing,18669
fluster,18670
flustered,18671
flute,18672
fluted,18673
flutes,18674
flutter,18675
fluttering,18676
flutters,18677
fly,18678
fly-by-night,18679
fly-fish,18680
fly_agaric,18681
fly_ash,18682
fly_high,18683
fly_in_the_face_of,18684
fly_off_the_handle,18685
fly_orchid,18686
flycatcher,18687
flycatchers,18688
flyer,18689
flyers,18690
flying,18691
flying_colours,18692
flying_fox,18693
flying_lemur,18694
flying_saucer,18695
flying_squad,18696
flying_start,18697
flyover,18698
flypaper,18699
flyweight,18700
flywheel,18701
foal,18702
foam,18703
foam_at_the_mouth,18704
foamed,18705
foams,18706
focal,18707
focal_point,18708
focal_points,18709
foci,18710
focus,18711
focus_on,18712
focused,18713
focuses,18714
focussed,18715
fodder,18716
foe,18717
foehn,18718
foes,18719
foetid,18720
foetus,18721
fog,18722
fogey,18723
foggiest,18724
foggy,18725
foggy_bottom,18726
foghorn,18727
foghorns,18728
fogy,18729
fohn,18730
foible,18731
foibles,18732
foie_gras,18733
foil,18734
foiled,18735
foils,18736
foist,18737
foisted,18738
fold,18739
fold_up,18740
folded,18741
folder,18742
folderol,18743
folding,18744
folding_money,18745
folds,18746
foliage,18747
folio,18748
folios,18749
folk,18750
folk_dance,18751
folk_music,18752
folk_singer,18753
folk_song,18754
folk_tale,18755
folklore,18756
folks,18757
folksong,18758
folksy,18759
follies,18760
follow,18761
follow-up,18762
follow-ups,18763
follow_suit,18764
followed,18765
follower,18766
followers,18767
following,18768
follows,18769
folly,18770
foment,18771
fomenting,18772
foments,18773
fond,18774
fondant,18775
fondled,18776
fondles,18777
fondly,18778
fondness,18779
fondue,18780
font,18781
food,18782
food_additive,18783
food_additives,18784
food_chain,18785
food_colouring,18786
food_fish,18787
food_manufacturer,18788
food_processor,18789
food_processors,18790
food_product,18791
food_shop,18792
food_shops,18793
foodie,18794
foodies,18795
foodless,18796
foods,18797
foodstuff,18798
fool,18799
fool_around,18800
fooled,18801
foolhardiness,18802
foolhardy,18803
foolish,18804
foolishness,18805
foolproof,18806
fools,18807
foolscap,18808
foot,18809
foot_lever,18810
foot_pedal,18811
foot_rule,18812
foot_soldier,18813
footage,18814
football,18815
football_game,18816
football_play,18817
football_player,18818
football_players,18819
football_score,18820
football_team,18821
footballer,18822
footballers,18823
footbridge,18824
footfalls,18825
foothold,18826
footing,18827
footling,18828
footloose,18829
footman,18830
footmen,18831
footpad,18832
footpads,18833
footpath,18834
footprint,18835
footrace,18836
footrest,18837
footslog,18838
footsloggers,18839
footsore,18840
footstep,18841
footsteps,18842
footstool,18843
footstools,18844
footwear,18845
footwork,18846
fop,18847
foppish,18848
for_24_hours,18849
for_a_song,18850
for_certain,18851
for_each_person,18852
for_example,18853
for_free,18854
for_good,18855
for_good_measure,18856
for_instance,18857
for_keeps,18858
for_love_or_money,18859
for_one,18860
for_short,18861
for_sure,18862
for_that_matter,18863
for_the_moment,18864
for_the_most_part,18865
for_the_time_being,18866
fora,18867
forage,18868
forager,18869
forages,18870
foraging,18871
foray,18872
forayed,18873
forays,18874
forbad,18875
forbade,18876
forbear,18877
forbearance,18878
forbearing,18879
forbears,18880
forbid,18881
forbiddance,18882
forbidden,18883
forbidden_city,18884
forbidden_fruit,18885
forbidding,18886
forbids,18887
force,18888
force-fed,18889
force-feeding,18890
force_out,18891
forced,18892
forceful,18893
forcefully,18894
forcefulness,18895
forceless,18896
forceps,18897
forces,18898
forcible,18899
forcing,18900
forcing_out,18901
ford,18902
ford_madox_ford,18903
fordable,18904
fore,18905
forearm,18906
forearms,18907
forebear,18908
forebears,18909
foreboding,18910
forebodings,18911
forecast,18912
forecaster,18913
forecasting,18914
forecastle,18915
forecasts,18916
forefather,18917
forefathers,18918
forefinger,18919
forefront,18920
foregather,18921
forego,18922
foregoing,18923
foregone,18924
foregone_conclusion,18925
foreground,18926
forehand,18927
forehead,18928
foreign,18929
foreign_agent,18930
foreign_country,18931
foreign_legion,18932
foreign_minister,18933
foreign_office,18934
foreigner,18935
foreigners,18936
foreknowledge,18937
foreland,18938
foreleg,18939
forelegs,18940
forelimb,18941
forelimbs,18942
forelock,18943
foreman,18944
foremost,18945
foremothers,18946
forename,18947
forenoon,18948
forensic,18949
foreordain,18950
forepart,18951
forerunner,18952
foresaw,18953
foresee,18954
foreseen,18955
foreshadow,18956
foreshadowing,18957
foreshore,18958
foresight,18959
forest,18960
forestall,18961
forestalls,18962
forester,18963
forests,18964
foretaste,18965
foretell,18966
foretells,18967
foretold,18968
foretops,18969
forever,18970
forewarn,18971
foreword,18972
forfeit,18973
forgather,18974
forgave,18975
forge,18976
forged,18977
forger,18978
forgeries,18979
forgers,18980
forgery,18981
forges,18982
forget,18983
forget-me-not,18984
forget-me-nots,18985
forgetful,18986
forgetfulness,18987
forgets,18988
forgetting,18989
forgive,18990
forgiven,18991
forgiveness,18992
forgives,18993
forgiving,18994
forgo,18995
forgoes,18996
forgone,18997
forgot,18998
forgotten,18999
forint,19000
fork,19001
fork_out,19002
forked,19003
forked_lightning,19004
forking,19005
forks,19006
forlorn,19007
form,19008
form_of_address,19009
form_of_government,19010
formal,19011
formal_garden,19012
formalin,19013
formalisation,19014
formalise,19015
formalities,19016
formality,19017
formally,19018
format,19019
formation,19020
formats,19021
formed,19022
former,19023
formerly,19024
formic_acid,19025
formica,19026
formidable,19027
forming,19028
formless,19029
formosa,19030
forms,19031
formula,19032
formulae,19033
formulaic,19034
formulas,19035
formulate,19036
fornicate,19037
forsake,19038
forsaken,19039
forsakes,19040
forsaking,19041
forsooth,19042
forswear,19043
forsythia,19044
fort,19045
forte,19046
fortes,19047
forth,19048
forthcoming,19049
forthright,19050
forthwith,19051
forties,19052
fortieth,19053
fortification,19054
fortifications,19055
fortified,19056
fortified_wine,19057
fortified_wines,19058
fortifies,19059
fortify,19060
fortitude,19061
fortnight,19062
fortran,19063
fortress,19064
fortresses,19065
fortuitous,19066
fortunate,19067
fortunately,19068
fortune,19069
fortune_cookie,19070
fortune_hunter,19071
fortune_teller,19072
fortune_tellers,19073
fortunetellers,19074
forty-five,19075
forty-two,19076
forty_winks,19077
forum,19078
forums,19079
forward,19080
forward-looking,19081
forward_motion,19082
forwarding,19083
forwards,19084
fosbury_flop,19085
fossa,19086
fossae,19087
fosse,19088
fossil,19089
fossil_fuel,19090
foster,19091
foster_child,19092
fosterage,19093
fostered,19094
fostering,19095
fought,19096
foul,19097
foul-mouthed,19098
foul-smelling,19099
foul-up,19100
foul_play,19101
foulard,19102
fouler,19103
foully,19104
found,19105
foundation,19106
foundation_garments,19107
foundations,19108
founded,19109
founder,19110
founders,19111
founding_father,19112
founding_fathers,19113
foundry,19114
fount,19115
fountain,19116
fountain_pen,19117
fountain_pens,19118
fountainhead,19119
four,19120
four-in-hand,19121
four-letter_word,19122
four-poster,19123
four_times,19124
fourier,19125
foursome,19126
fourteen,19127
fourth,19128
fourth_dimension,19129
fourth_estate,19130
fovea,19131
fowl,19132
fowlers,19133
fowling_piece,19134
fowls,19135
fox,19136
fox_terrier,19137
foxed,19138
foxes,19139
foxglove,19140
foxholes,19141
foxhound,19142
foxhounds,19143
foxtail,19144
foxtrot,19145
foxtrots,19146
foxtrotted,19147
foxy,19148
foyer,19149
fracas,19150
fractal,19151
fraction,19152
fractional,19153
fractionate,19154
fractions,19155
fractious,19156
fracture,19157
fractured,19158
fractures,19159
fragile,19160
fragility,19161
fragment,19162
fragmentary,19163
fragmentation,19164
fragmentation_bomb,19165
fragmented,19166
fragments,19167
fragrance,19168
fragrances,19169
fragrant,19170
frail,19171
frailer,19172
frailty,19173
fraise,19174
fraises,19175
frame,19176
frame_of_mind,19177
framed,19178
frames,19179
framework,19180
frameworks,19181
franc,19182
france,19183
frances,19184
franchise,19185
francis_bacon,19186
franciscan,19187
francisco_goya,19188
franck,19189
franco,19190
frangible,19191
frangipane,19192
frangipani,19193
frank,19194
frank_sinatra,19195
frankenstein,19196
frankfort,19197
frankincense,19198
franklin,19199
franklin_delano_roosevelt,19200
frankly,19201
frankness,19202
franks,19203
frantic,19204
frantically,19205
franz_liszt,19206
frappe,19207
fraternal,19208
fraternal_twin,19209
fraternise,19210
fraternities,19211
fraternity,19212
fratricide,19213
frau,19214
fraud,19215
frauds,19216
fraudulence,19217
fraudulent,19218
fraudulent_scheme,19219
fraught,19220
fraulein,19221
fray,19222
frayed,19223
frays,19224
frazzled,19225
freak,19226
freak_out,19227
freakish,19228
freaky,19229
freckle,19230
freckled,19231
freckles,19232
free,19233
free-for-all,19234
free-liver,19235
free-living,19236
free_agent,19237
free_enterprise,19238
free_fall,19239
free_hand,19240
free_love,19241
free_lunch,19242
free_of_charge,19243
free_rein,19244
free_spirit,19245
free_state,19246
free_time,19247
free_will,19248
freebie,19249
freebooter,19250
freebooters,19251
freed,19252
freedom,19253
freedom_fighter,19254
freedom_fighters,19255
freedom_of_speech,19256
freedoms,19257
freehand,19258
freehold,19259
freeholder,19260
freeholders,19261
freeing,19262
freelance,19263
freeload,19264
freeloader,19265
freeloading,19266
freeloads,19267
freely,19268
freeman,19269
freemason,19270
freemasonry,19271
freer,19272
frees,19273
freesia,19274
freestanding,19275
freestyle,19276
freetown,19277
freeway,19278
freewheel,19279
freewheeler,19280
freewheeling,19281
freewheels,19282
freewill,19283
freeze,19284
freeze-dry,19285
freezer,19286
freezes,19287
freezing,19288
freezing_mixture,19289
freight,19290
freight_train,19291
freighter,19292
freighters,19293
french,19294
french_bean,19295
french_bread,19296
french_chalk,19297
french_dressing,19298
french_leave,19299
french_loaf,19300
french_pancake,19301
french_people,19302
french_person,19303
french_polish,19304
french_region,19305
french_toast,19306
frenchman,19307
frenchwoman,19308
frenetic,19309
frenzied,19310
frenziedly,19311
frenzy,19312
freon,19313
frequency,19314
frequent,19315
frequently,19316
fresco,19317
fresh,19318
fresh_food,19319
fresh_start,19320
fresh_starts,19321
freshen,19322
freshened,19323
freshener,19324
fresher,19325
freshers,19326
freshest,19327
freshets,19328
freshness,19329
freshwater_fish,19330
fret,19331
fretful,19332
frets,19333
fretsaw,19334
fretsaws,19335
fretting,19336
freud,19337
freudian,19338
freudian_slip,19339
freya,19340
friar,19341
friars,19342
friary,19343
fricassee,19344
friction,19345
friction_match,19346
frictions,19347
friday,19348
fridge,19349
fried,19350
friedan,19351
friedman,19352
friedrich_engels,19353
friend,19354
friendless,19355
friendliness,19356
friendly,19357
friendly_islands,19358
friendly_relationship,19359
friends,19360
friendship,19361
friesian,19362
frieze,19363
frigate,19364
frigate_bird,19365
frigates,19366
fright,19367
frighten,19368
frighten_off,19369
frightened,19370
frightening,19371
frighteningly,19372
frightens,19373
frightful,19374
frightfully,19375
frigid,19376
frigidity,19377
frijole,19378
frill,19379
frills,19380
frilly,19381
fringe,19382
fringe_benefit,19383
fringe_benefits,19384
fringes,19385
fripperies,19386
frippery,19387
frisian,19388
frisk,19389
friskier,19390
friskiness,19391
frisking,19392
frisky,19393
frisson,19394
fritillary,19395
fritter,19396
fritter_away,19397
frittered,19398
fritters,19399
fritz_kreisler,19400
frivolous,19401
frivolously,19402
frock,19403
frocks,19404
froebel,19405
frog,19406
frogman,19407
frogs,19408
frolic,19409
frolicked,19410
frolicking,19411
frolics,19412
frolicsome,19413
from_pillar_to_post,19414
from_start_to_finish,19415
from_the_heart,19416
from_time_to_time,19417
frond,19418
fronds,19419
front,19420
front-runner,19421
front_crawl,19422
front_door,19423
front_line,19424
front_man,19425
front_room,19426
frontage,19427
frontal,19428
frontier,19429
frontiers,19430
frontiersman,19431
frontispiece,19432
fronts,19433
frost,19434
frostiness,19435
frosts,19436
frosty,19437
froth,19438
frothing,19439
frothy,19440
frown,19441
frown_on,19442
frowning,19443
frowns,19444
frowsty,19445
frowzy,19446
froze,19447
frozen,19448
frozen_dessert,19449
fructose,19450
frugal,19451
frugality,19452
fruit,19453
fruit_cocktail,19454
fruit_drink,19455
fruit_drinks,19456
fruit_juice,19457
fruit_punch,19458
fruit_salad,19459
fruit_sugar,19460
fruit_tree,19461
fruit_trees,19462
fruitcake,19463
fruitcakes,19464
fruited,19465
fruitful,19466
fruition,19467
fruitless,19468
fruitlessly,19469
fruits,19470
fruity,19471
frumpish,19472
frumpy,19473
frustrate,19474
frustrated,19475
frustrates,19476
frustrating,19477
frustration,19478
fry,19479
frying_pan,19480
fuchsia,19481
fuddy-duddies,19482
fuddy-duddy,19483
fudge,19484
fuel,19485
fugitive,19486
fugitives,19487
fugu,19488
fugue,19489
fuji,19490
fulcra,19491
fulfil,19492
fulfilled,19493
fulfilment,19494
full,19495
full-length,19496
full-time,19497
full_complement,19498
full_house,19499
full_of_life,19500
full_stop,19501
full_treatment,19502
fullness,19503
fully,19504
fully_grown,19505
fulmar,19506
fulminate,19507
fulmination,19508
fulsome,19509
fumble,19510
fumbles,19511
fumbling,19512
fume,19513
fumed,19514
fumes,19515
fuming,19516
fun,19517
fun_run,19518
fun_runs,19519
function,19520
functional,19521
functionaries,19522
functionary,19523
functioned,19524
functions,19525
fund,19526
fundament,19527
fundamental,19528
fundamental_law,19529
fundamental_principle,19530
fundamental_principles,19531
fundamentalism,19532
fundamentalist,19533
fundamentalists,19534
fundamentally,19535
fundamentals,19536
funded,19537
funding,19538
fundraiser,19539
funds,19540
fundus,19541
funeral,19542
funeral_homes,19543
funereal,19544
funfair,19545
fungal,19546
fungal_infection,19547
fungi,19548
fungus,19549
funicular,19550
funk,19551
funking,19552
funky,19553
funnel,19554
funniest,19555
funnily,19556
funny,19557
funny_remark,19558
funny_stories,19559
funny_story,19560
fur,19561
fur_coat,19562
furbelow,19563
furbelows,19564
furbish,19565
furbished,19566
furculae,19567
furious,19568
furiously,19569
furl,19570
furlong,19571
furlough,19572
furnace,19573
furnaces,19574
furnish,19575
furnished,19576
furnishes,19577
furnishing,19578
furnishings,19579
furniture,19580
furniture_maker,19581
furore,19582
furrow,19583
furrowed,19584
furrowing,19585
furrows,19586
furry,19587
furs,19588
further,19589
furtherance,19590
furthermore,19591
furthers,19592
furthest,19593
furtive,19594
furtiveness,19595
furuncle,19596
fury,19597
furze,19598
fuse,19599
fused,19600
fusee,19601
fuselage,19602
fuses,19603
fusillade,19604
fusils,19605
fusion,19606
fuss,19607
fusses,19608
fussing,19609
fusspot,19610
fusspots,19611
fussy,19612
fustian,19613
fusty,19614
futile,19615
futility,19616
futon,19617
futons,19618
future,19619
future_perfect,19620
futurist,19621
futuristic,19622
fuzz,19623
fuzziness,19624
fuzzy,19625
g,19626
g-force,19627
g-man,19628
g-men,19629
g-string,19630
g-strings,19631
gab,19632
gabardine,19633
gabble,19634
gabbling,19635
gabbro,19636
gabbros,19637
gabby,19638
gaberdine,19639
gaberdines,19640
gable,19641
gabon,19642
gabonese,19643
gabor,19644
gabriel,19645
gad,19646
gadabout,19647
gadfly,19648
gadget,19649
gadgetry,19650
gadgets,19651
gadolinite,19652
gaea,19653
gael,19654
gaelic,19655
gaff,19656
gaffe,19657
gaffer,19658
gaffers,19659
gaffes,19660
gag,19661
gaga,19662
gagarin,19663
gage,19664
gagged,19665
gagging,19666
gaggle,19667
gags,19668
gagster,19669
gagsters,19670
gaia,19671
gaiety,19672
gaily,19673
gain,19674
gain_ground,19675
gained,19676
gainer,19677
gainful,19678
gaining,19679
gains,19680
gainsaid,19681
gainsay,19682
gainsaying,19683
gainsays,19684
gainsborough,19685
gait,19686
gaiter,19687
gaiters,19688
gal,19689
gala,19690
galactic,19691
galago,19692
galahad,19693
galas,19694
galatea,19695
galatians,19696
galaxies,19697
galaxy,19698
gale,19699
galen,19700
gales,19701
galilean_satellite,19702
galileo,19703
gall,19704
gall_wasp,19705
gallant,19706
gallantry,19707
gallants,19708
galleon,19709
galleons,19710
galleries,19711
gallery,19712
galley,19713
galleys,19714
galliano,19715
gallic,19716
gallimaufry,19717
galling,19718
gallinule,19719
gallium,19720
gallivant,19721
gallon,19722
gallons,19723
gallop,19724
galloped,19725
galloping,19726
galloway,19727
gallows,19728
gallows_tree,19729
gallstone,19730
gallup,19731
galore,19732
galosh,19733
galoshes,19734
gals,19735
galsworthy,19736
galumph,19737
galumphed,19738
galumphing,19739
galvanic,19740
galvanise,19741
galway,19742
galway_bay,19743
gamba,19744
gambas,19745
gambia,19746
gambian,19747
gambit,19748
gambits,19749
gamble,19750
gambled,19751
gambler,19752
gambles,19753
gambling,19754
gambling_den,19755
gambling_game,19756
gambling_house,19757
gamboge,19758
gambol,19759
gambolled,19760
gambrel,19761
game,19762
game_bird,19763
game_birds,19764
game_of_chance,19765
game_plan,19766
game_show,19767
gamekeeper,19768
gamelan,19769
gamer,19770
games,19771
gamete,19772
gametes,19773
gamin,19774
gamma,19775
gammas,19776
gammon,19777
gamp,19778
gamut,19779
gamy,19780
gander,19781
gandhi,19782
ganesa,19783
ganesh,19784
ganesha,19785
gang,19786
ganges,19787
gangland,19788
gangling,19789
ganglion,19790
gangly,19791
gangrene,19792
gangs,19793
gangsta,19794
gangster,19795
gangsters,19796
gangway,19797
gangways,19798
ganja,19799
gannet,19800
gannets,19801
gantries,19802
gantry,19803
ganymede,19804
gaol,19805
gaoler,19806
gap,19807
gape,19808
gaped,19809
gaping,19810
gaps,19811
gar,19812
garage,19813
garaged,19814
garages,19815
garb,19816
garbage,19817
garbage_collector,19818
garbage_collectors,19819
garbage_dump,19820
garbanzo,19821
garbed,19822
garble,19823
garbled,19824
garbo,19825
garboil,19826
garbos,19827
garden,19828
garden_of_eden,19829
garden_party,19830
garden_peas,19831
garden_plant,19832
garden_plants,19833
garden_state,19834
garden_tool,19835
garden_tools,19836
gardener,19837
gardeners,19838
gardenia,19839
gardenias,19840
gardening,19841
gardens,19842
garfield,19843
gargantua,19844
gargantuan,19845
gargle,19846
gargoyle,19847
gargoyles,19848
garibaldi,19849
garish,19850
garland,19851
garlanded,19852
garlands,19853
garlic,19854
garlic_sauce,19855
garlicky,19856
garment,19857
garments,19858
garner,19859
garnered,19860
garners,19861
garnet,19862
garnets,19863
garnish,19864
garnished,19865
garnishes,19866
garnishment,19867
garonne,19868
garotte,19869
garotted,19870
garret,19871
garrison,19872
garrisoned,19873
garrotte,19874
garrotted,19875
garrotter,19876
garrottes,19877
garrulous,19878
garter,19879
gary,19880
gas,19881
gas_fitter,19882
gas_heater,19883
gas_lamp,19884
gas_meter,19885
gas_oil,19886
gas_plant,19887
gas_stove,19888
gas_turbine,19889
gas_up,19890
gas_well,19891
gasbag,19892
gasbags,19893
gases,19894
gash,19895
gashed,19896
gashes,19897
gashing,19898
gaskell,19899
gasket,19900
gaslight,19901
gasohol,19902
gasoline,19903
gasometer,19904
gasp,19905
gasped,19906
gasping,19907
gasps,19908
gassed,19909
gassy,19910
gastric,19911
gastritis,19912
gastronome,19913
gastronomic,19914
gastropod,19915
gastropods,19916
gasworks,19917
gat,19918
gate,19919
gateau,19920
gateaux,19921
gatecrasher,19922
gatecrashers,19923
gatehouse,19924
gatekeeper,19925
gates,19926
gateway,19927
gather,19928
gather_in,19929
gathered,19930
gatherer,19931
gathering,19932
gatherings,19933
gathers,19934
gating,19935
gator,19936
gauche,19937
gaucherie,19938
gaucho,19939
gauchos,19940
gaud,19941
gaudi,19942
gaudiness,19943
gaudy,19944
gauge,19945
gauges,19946
gauguin,19947
gaunt,19948
gauntlet,19949
gauze,19950
gavage,19951
gave,19952
gavel,19953
gavial,19954
gavotte,19955
gawain,19956
gawk,19957
gawkiness,19958
gawks,19959
gawky,19960
gawp,19961
gawping,19962
gawps,19963
gay,19964
gayal,19965
gaze,19966
gazebo,19967
gazed,19968
gazelle,19969
gazelles,19970
gazette,19971
gazetteer,19972
gazettes,19973
gazillion,19974
gazpacho,19975
gazump,19976
gb,19977
gdansk,19978
gear,19979
geared,19980
gears,19981
gecko,19982
geckoes,19983
gee,19984
geek,19985
geese,19986
geezer,19987
geezers,19988
gehenna,19989
geiger_counter,19990
geisha,19991
gel,19992
gelatin,19993
gelatine,19994
gelding,19995
gelid,19996
gelignite,19997
gelled,19998
gels,19999
gem,20000
geminate,20001
gemination,20002
gemini,20003
gemma,20004
gems,20005
gemsbok,20006
gemstone,20007
gemstones,20008
gen,20009
gendarme,20010
gendarmerie,20011
gendarmes,20012
gender,20013
gene,20014
genealogist,20015
genealogy,20016
genera,20017
general,20018
general_election,20019
general_knowledge,20020
general_manager,20021
general_staff,20022
general_store,20023
generalised,20024
generalissimo,20025
generalist,20026
generally,20027
generals,20028
generate,20029
generated,20030
generates,20031
generating,20032
generation,20033
generator,20034
generators,20035
generic,20036
generosity,20037
generous,20038
genesis,20039
genet,20040
genetic,20041
genetic_abnormality,20042
geneticist,20043
genetics,20044
geneva,20045
genghis_khan,20046
genial,20047
geniality,20048
genie,20049
genii,20050
genista,20051
genitalia,20052
genitive,20053
genius,20054
genius_loci,20055
geniuses,20056
genoa,20057
genocide,20058
genoese,20059
genome,20060
genotypes,20061
genovese,20062
genre,20063
gent,20064
genteel,20065
gentian,20066
gentians,20067
gentile,20068
gentility,20069
gentle,20070
gentleman,20071
gentleman_jim,20072
gentlemen,20073
gentleness,20074
gently,20075
gentry,20076
gents,20077
genuflect,20078
genuflects,20079
genuine,20080
genuinely,20081
genuineness,20082
genus,20083
geodes,20084
geoffrey_chaucer,20085
geographer,20086
geographical_area,20087
geography,20088
geological_formation,20089
geological_periods,20090
geologist,20091
geometer,20092
geometric,20093
geometric_mean,20094
geometridae,20095
geometry,20096
geordie,20097
george,20098
george_bernard_shaw,20099
george_eliot,20100
george_gershwin,20101
george_harrison,20102
george_i,20103
george_orwell,20104
georgette,20105
georgia,20106
georgian,20107
gerald_ford,20108
geranium,20109
gerbera,20110
gerbil,20111
gerbils,20112
geriatric,20113
geriatricians,20114
germ,20115
germ_cells,20116
german,20117
german_capital,20118
german_mark,20119
german_measles,20120
german_shepherd,20121
germander,20122
germane,20123
germanium,20124
germany,20125
germinal,20126
germinate,20127
germination,20128
germs,20129
geronimo,20130
gerrymander,20131
gerrymandering,20132
gershwin,20133
gertrude_stein,20134
gerund,20135
gestapo,20136
gestate,20137
gestated,20138
gestates,20139
gestating,20140
gestation,20141
gesticulate,20142
gesture,20143
gestures,20144
get,20145
get-go,20146
get-up-and-go,20147
get_across,20148
get_ahead,20149
get_along,20150
get_around,20151
get_at,20152
get_away,20153
get_back,20154
get_behind,20155
get_by,20156
get_cracking,20157
get_down,20158
get_even,20159
get_going,20160
get_hold_of,20161
get_in,20162
get_in_touch,20163
get_into,20164
get_it,20165
get_it_on,20166
get_off,20167
get_off_the_ground,20168
get_on,20169
get_onto,20170
get_out,20171
get_over,20172
get_rid_of,20173
get_stuck,20174
get_the_better_of,20175
get_the_picture,20176
get_through,20177
get_to,20178
get_together,20179
get_togethers,20180
get_up,20181
get_well,20182
get_worse,20183
getaway,20184
gets,20185
gets_started,20186
gettable,20187
getting,20188
getting_even,20189
getup,20190
geums,20191
gewgaw,20192
geyser,20193
ghana,20194
ghanaian,20195
ghastly,20196
ghat,20197
ghee,20198
ghent,20199
gherkin,20200
gherkins,20201
ghetto,20202
ghettoes,20203
ghillie,20204
ghost,20205
ghosted,20206
ghostlike,20207
ghostly,20208
ghosts,20209
ghostwriter,20210
ghoul,20211
ghoulish,20212
giacometti,20213
giant,20214
giant_panda,20215
giantess,20216
giantism,20217
giants,20218
gib,20219
gibbering,20220
gibberish,20221
gibbet,20222
gibbon,20223
gibbons,20224
gibbs,20225
gibe,20226
gibes,20227
gibraltar,20228
giddy,20229
gide,20230
gielgud,20231
gift,20232
gifted,20233
gifts,20234
gig,20235
gigantic,20236
giggle,20237
giggles,20238
giggling,20239
gigolo,20240
gigolos,20241
gigot,20242
gigs,20243
gigue,20244
gigues,20245
gila_monster,20246
gilbert,20247
gild,20248
gilder,20249
gill,20250
gillespie,20251
gillies,20252
gilt,20253
gilts,20254
gimcrack,20255
gimcrackery,20256
gimlet,20257
gimmick,20258
gimmicks,20259
gimpy,20260
gin,20261
gin_and_it,20262
gin_and_tonic,20263
gin_rummy,20264
gin_sling,20265
ginger,20266
ginger_ale,20267
ginger_beer,20268
ginger_nut,20269
ginger_nuts,20270
ginger_pop,20271
ginger_snap,20272
gingerly,20273
gingersnap,20274
gingersnaps,20275
gingery,20276
gingham,20277
gingko,20278
ginkgo,20279
ginmill,20280
gins,20281
ginsberg,20282
ginseng,20283
giotto,20284
gipsy,20285
giraffe,20286
girandole,20287
girasol,20288
gird,20289
girder,20290
girders,20291
girdle,20292
girds,20293
girl,20294
girlfriend,20295
girls,20296
gironde,20297
girth,20298
gis,20299
gismo,20300
gismos,20301
gist,20302
git,20303
gita,20304
gitano,20305
gittern,20306
give,20307
give-up_the_ghost,20308
give_a_damn,20309
give_a_hoot,20310
give_away,20311
give_back,20312
give_birth,20313
give_in,20314
give_it_a_whirl,20315
give_notice,20316
give_off,20317
give_or_take,20318
give_out,20319
give_up,20320
give_voice,20321
give_way,20322
giveaway,20323
given,20324
given_name,20325
giver,20326
gives,20327
giving,20328
giving_birth,20329
giving_up,20330
gizmo,20331
gizmos,20332
glace,20333
glacial_period,20334
glaciate,20335
glacier,20336
glad,20337
gladden,20338
gladdened,20339
gladder,20340
gladdon,20341
glade,20342
gladiator,20343
gladiolas,20344
gladioli,20345
gladiolus,20346
gladly,20347
gladness,20348
glads,20349
gladsome,20350
gladstone,20351
gladstone_bag,20352
glamorise,20353
glamorous,20354
glamour,20355
glance,20356
glanced,20357
glances,20358
glancing,20359
gland,20360
glanders,20361
glands,20362
glandular,20363
glans,20364
glare,20365
glared,20366
glares,20367
glaring,20368
glasgow,20369
glasnost,20370
glass,20371
glass_eye,20372
glasses,20373
glasshouse,20374
glassware,20375
glasswort,20376
glassy,20377
glaswegian,20378
glaucoma,20379
glaze,20380
glazier,20381
glazing,20382
gleam,20383
gleaming,20384
gleams,20385
glean,20386
gleaned,20387
gleaning,20388
gleans,20389
gleba,20390
glee,20391
glee_club,20392
gleeful,20393
gleefully,20394
glen,20395
glengarry,20396
glenn,20397
glenn_miller,20398
glens,20399
glib,20400
glibness,20401
glide,20402
glider,20403
gliders,20404
glides,20405
glimmer,20406
glimmered,20407
glimmering,20408
glimpse,20409
glimpsed,20410
glimpses,20411
glimpsing,20412
glint,20413
glints,20414
glioma,20415
glissade,20416
glissandi,20417
glissando,20418
glisten,20419
glistened,20420
glistening,20421
glistens,20422
glister,20423
glitch,20424
glitches,20425
glitter,20426
glittered,20427
glittering,20428
glittery,20429
glitz,20430
gloaming,20431
gloat,20432
gloated,20433
gloating,20434
gloats,20435
global,20436
global_warming,20437
globally,20438
globe,20439
globe-trot,20440
globe_artichoke,20441
globe_artichokes,20442
globefish,20443
globes,20444
globetrotter,20445
globigerina,20446
globule,20447
globules,20448
globulin,20449
glockenspiel,20450
glomeruli,20451
gloom,20452
gloomiest,20453
gloominess,20454
gloomy,20455
glories,20456
glorification,20457
glorified,20458
glorify,20459
gloriole,20460
gloriosa,20461
glorious,20462
glory,20463
gloss,20464
gloss_over,20465
glossa,20466
glossary,20467
glosses,20468
glossy,20469
gloucester,20470
gloucestershire,20471
glove,20472
glow,20473
glower,20474
glowering,20475
glowing,20476
glowworm,20477
gluck,20478
glucose,20479
glue,20480
glues,20481
glug,20482
glum,20483
gluon,20484
glut,20485
glutamate,20486
glutamates,20487
glutamine,20488
glute,20489
glutei,20490
gluten,20491
glutinous,20492
glutton,20493
gluttonous,20494
gluttons,20495
gluttony,20496
glycerin,20497
glycerine,20498
glycerol,20499
glyceryl,20500
glycol,20501
gnarl,20502
gnarled,20503
gnash,20504
gnashed,20505
gnashes,20506
gnat,20507
gnaw,20508
gnawer,20509
gnawing,20510
gnawing_mammal,20511
gneiss,20512
gnocchi,20513
gnome,20514
gnomes,20515
gnomic,20516
gnostic,20517
gnu,20518
gnus,20519
go,20520
go-ahead,20521
go-between,20522
go-betweens,20523
go-getter,20524
go-getters,20525
go-kart,20526
go-slow,20527
go_about,20528
go_across,20529
go_after,20530
go_against,20531
go_ahead,20532
go_all_out,20533
go_along,20534
go_around,20535
go_away,20536
go_back,20537
go_back_on,20538
go_bad,20539
go_ballistic,20540
go_by,20541
go_down,20542
go_dutch,20543
go_far,20544
go_for,20545
go_forth,20546
go_forward,20547
go_in,20548
go_into,20549
go_off,20550
go_on,20551
go_out,20552
go_over,20553
go_past,20554
go_steady,20555
go_through,20556
go_to,20557
go_to_bed,20558
go_to_pieces,20559
go_to_pot,20560
go_to_sleep,20561
go_under,20562
go_up,20563
go_with,20564
go_wrong,20565
goa,20566
goad,20567
goaded,20568
goal,20569
goal_line,20570
goalie,20571
goalies,20572
goalkeeper,20573
goalless,20574
goalpost,20575
goalposts,20576
goals,20577
goat,20578
goatee,20579
goateed,20580
goats,20581
goatskin,20582
gob,20583
gobbets,20584
gobble,20585
gobble_up,20586
gobbled,20587
gobbledygook,20588
gobbler,20589
gobblers,20590
gobbling,20591
gobi,20592
goblet,20593
goblin,20594
gobs,20595
gobsmacked,20596
goby,20597
god,20598
god_of_war,20599
goddam,20600
goddard,20601
goddess,20602
goddesses,20603
godfather,20604
godforsaken,20605
godhead,20606
godless,20607
godlike,20608
godliness,20609
godly,20610
godmother,20611
godown,20612
godparent,20613
gods,20614
godsend,20615
godwit,20616
godwits,20617
goes,20618
goethe,20619
gofer,20620
goggle,20621
goggle-eyed,20622
goggles,20623
gogol,20624
going,20625
going-over,20626
going_away,20627
going_under,20628
goitre,20629
goitres,20630
gold,20631
gold-coloured,20632
gold-plated,20633
gold_digger,20634
gold_dust,20635
gold_leaf,20636
gold_medals,20637
gold_mine,20638
gold_plate,20639
gold_rush,20640
gold_standard,20641
goldcrest,20642
golden,20643
golden_age,20644
golden_delicious,20645
golden_eagle,20646
golden_handshake,20647
golden_mean,20648
golden_oldie,20649
golden_plover,20650
golden_retriever,20651
golden_rule,20652
golden_state,20653
golden_syrup,20654
golden_years,20655
goldeneye,20656
goldenrod,20657
goldfinch,20658
goldfinches,20659
goldfish,20660
goldilocks,20661
golding,20662
goldmine,20663
goldsmith,20664
goldsmiths,20665
golem,20666
golf,20667
golf_cart,20668
golf_club,20669
golf_clubs,20670
golf_course,20671
golf_links,20672
golf_shot,20673
golfer,20674
goliath,20675
gondola,20676
gondolier,20677
gondoliers,20678
gone,20679
goner,20680
gong,20681
gonococci,20682
gonzo,20683
goo,20684
good,20685
good-for-nothing,20686
good-for-nothings,20687
good-humoured,20688
good-looking,20689
good-natured,20690
good-naturedly,20691
good_afternoon,20692
good_book,20693
good_day,20694
good_deal,20695
good_egg,20696
good_enough,20697
good_example,20698
good_examples,20699
good_for_you,20700
good_form,20701
good_fortune,20702
good_friday,20703
good_health,20704
good_humour,20705
good_looks,20706
good_luck,20707
good_luck_charm,20708
good_manners,20709
good_nature,20710
good_night,20711
good_person,20712
good_samaritan,20713
good_sense,20714
good_spirits,20715
good_story,20716
good_time,20717
good_times,20718
good_turn,20719
good_will,20720
goodbye,20721
goodbyes,20722
goodies,20723
goodish,20724
goodly,20725
goodness,20726
goods,20727
goodwill,20728
goody,20729
goody-goody,20730
goodyears,20731
goof,20732
goofs,20733
goofy,20734
google,20735
googlies,20736
googly,20737
googol,20738
goon,20739
gooney,20740
goop,20741
goosander,20742
goose,20743
goose_egg,20744
goose_step,20745
gooseberries,20746
gooseberry,20747
gopher,20748
gophers,20749
gordian,20750
gordon_setter,20751
gore,20752
gore_vidal,20753
gored,20754
gores,20755
gorge,20756
gorged,20757
gorgeous,20758
gorger,20759
gorges,20760
gorgon,20761
gorgons,20762
gorgonzola,20763
gorilla,20764
gorillas,20765
goring,20766
gorki,20767
gorky,20768
gormandise,20769
gormless,20770
gorse,20771
gory,20772
goshawk,20773
goshawks,20774
gosling,20775
goslings,20776
gospel,20777
gospeller,20778
gospels,20779
gossamer,20780
gossip,20781
gossip_columnist,20782
gossiped,20783
gossiper,20784
gossiping,20785
gossips,20786
gossipy,20787
got,20788
goth,20789
gothenburg,20790
gothic,20791
gouache,20792
gouda,20793
gouging,20794
goulash,20795
gourd,20796
gourds,20797
gourmand,20798
gourmands,20799
gourmet,20800
gourmets,20801
gout,20802
govern,20803
governable,20804
governance,20805
governed,20806
governess,20807
governing,20808
governing_body,20809
government,20810
government_building,20811
government_department,20812
government_departments,20813
government_minister,20814
government_ministers,20815
government_office,20816
government_securities,20817
government_security,20818
governmental,20819
governments,20820
governor,20821
governors,20822
governs,20823
gown,20824
gowns,20825
goya,20826
goyim,20827
gp,20828
gps,20829
grab,20830
grabbed,20831
grabbing,20832
grabs,20833
grace,20834
graceful,20835
graceless,20836
graces,20837
gracile,20838
gracious,20839
graciously,20840
gradate,20841
gradation,20842
gradations,20843
grade,20844
graded,20845
grader,20846
grades,20847
gradient,20848
gradients,20849
grading,20850
gradual,20851
gradually,20852
graduate,20853
graduate_student,20854
graduated,20855
graduates,20856
graduation,20857
graf,20858
graffiti,20859
graffito,20860
graft,20861
grafts,20862
graham,20863
graham_greene,20864
grail,20865
grails,20866
grain,20867
grainiest,20868
grains,20869
grainy,20870
gram,20871
grama,20872
gramma,20873
grammar,20874
grammarian,20875
grammatical_construction,20876
gramme,20877
grammes,20878
gramophone,20879
gramps,20880
grampus,20881
grampuses,20882
gran,20883
granada,20884
granadilla,20885
granary,20886
grand,20887
grand_canyon,20888
grand_duke,20889
grand_inquisitor,20890
grand_marnier,20891
grand_national,20892
grand_opera,20893
grand_piano,20894
grand_prix,20895
grand_slam,20896
grandad,20897
grandads,20898
grandaunt,20899
granddads,20900
grandee,20901
grandeur,20902
grandiloquent,20903
grandiose,20904
grandly,20905
grandma,20906
grandmother,20907
grandpa,20908
grandson,20909
grandstand,20910
granduncle,20911
grange,20912
granger,20913
granges,20914
granite,20915
granitic,20916
grannie,20917
grannies,20918
granny,20919
granny_smith,20920
granola,20921
grant,20922
granted,20923
grantee,20924
granting,20925
grants,20926
granular,20927
granulate,20928
granule,20929
granules,20930
grape,20931
grapefruit,20932
grapes,20933
grapeshot,20934
grapevine,20935
graph,20936
graphic,20937
graphic_artists,20938
graphic_design,20939
graphic_symbol,20940
graphical_record,20941
graphically,20942
graphics,20943
graphite,20944
graphs,20945
grapnel,20946
grappa,20947
grappelli,20948
grapple,20949
grapples,20950
grappling,20951
grappling_iron,20952
grasp,20953
grasped,20954
grasping,20955
grasps,20956
grass,20957
grass_roots,20958
grassed,20959
grasses,20960
grasshopper,20961
grasshoppers,20962
grassland,20963
grasslands,20964
grassy,20965
grate,20966
grated,20967
grateful,20968
grater,20969
grates,20970
gratification,20971
gratified,20972
gratifies,20973
gratify,20974
gratifying,20975
grating,20976
gratis,20977
gratitude,20978
gratuities,20979
gratuitous,20980
gratuity,20981
grave,20982
gravedigger,20983
gravel,20984
gravelly,20985
gravely,20986
graven_image,20987
graves,20988
gravestone,20989
gravestones,20990
graveyard,20991
gravid,20992
gravitas,20993
gravitate,20994
gravitational_force,20995
gravity,20996
gravure,20997
gravy,20998
gray,20999
graze,21000
grazed,21001
grazes,21002
grazing_land,21003
grease,21004
grease_monkey,21005
grease_monkeys,21006
greased,21007
greasepaint,21008
greaser,21009
greases,21010
greasy,21011
greasy_spoon,21012
great,21013
great-aunt,21014
great-aunts,21015
great-nephew,21016
great-niece,21017
great_ape,21018
great_auk,21019
great_bear,21020
great_britain,21021
great_circle,21022
great_dane,21023
great_danes,21024
great_deal,21025
great_depression,21026
great_horned_owl,21027
great_power,21028
great_skua,21029
great_white_heron,21030
greatcoat,21031
greatcoats,21032
greater,21033
greater_london,21034
greatest,21035
greatly,21036
greatness,21037
greats,21038
greave,21039
grebe,21040
grecian,21041
grecians,21042
greece,21043
greed,21044
greediness,21045
greedy,21046
greek,21047
greek_choruses,21048
greek_deity,21049
greeks,21050
green,21051
green-eyed,21052
green_bean,21053
green_beret,21054
green_card,21055
green_cards,21056
green_frog,21057
green_light,21058
green_lights,21059
green_mountain_state,21060
green_party,21061
green_tea,21062
greenbottle,21063
greene,21064
greener,21065
greenery,21066
greenflies,21067
greenfly,21068
greengage,21069
greengages,21070
greengrocer,21071
greenhorn,21072
greenhouse,21073
greenhouse_gas,21074
greenish-brown,21075
greenland,21076
greenness,21077
greenpeace,21078
greens,21079
greenshank,21080
greensward,21081
greenwood,21082
greet,21083
greeted,21084
greeting,21085
greetings,21086
greets,21087
greg_norman,21088
gregarious,21089
gregorian,21090
gregorian_chant,21091
gregory,21092
gremlin,21093
gremlins,21094
grenada,21095
grenade,21096
grenades,21097
grenadian,21098
grenadier,21099
grenadiers,21100
grenadine,21101
grenoble,21102
greta_garbo,21103
grew,21104
grey,21105
grey-brown,21106
grey-green,21107
grey_area,21108
grey_matter,21109
grey_mullet,21110
grey_substance,21111
greybeard,21112
greybeards,21113
greyest,21114
greyhen,21115
greyhound,21116
greyhounds,21117
greying,21118
greyish,21119
greyish-brown,21120
greyish-white,21121
greys,21122
grid,21123
griddle,21124
griddles,21125
gridiron,21126
gridlock,21127
grids,21128
grief,21129
grief-stricken,21130
griefs,21131
grievance,21132
grievances,21133
grieve,21134
grieved,21135
grieves,21136
grieving,21137
grievous,21138
griffin,21139
griffon,21140
grifter,21141
grigri,21142
grill,21143
grille,21144
grilled,21145
grilling,21146
grillroom,21147
grills,21148
grim,21149
grim_reaper,21150
grimace,21151
grimaced,21152
grimaces,21153
grime,21154
grimed,21155
grimm,21156
grimms,21157
grimy,21158
grin,21159
grind,21160
grind_to_a_halt,21161
grinder,21162
grinders,21163
grinding,21164
grinds,21165
grinned,21166
grins,21167
griot,21168
grip,21169
gripe,21170
griped,21171
gripes,21172
grippe,21173
gripped,21174
gripping,21175
grips,21176
grisaille,21177
grisly,21178
grison,21179
gristly,21180
grit,21181
gritted,21182
gritty,21183
grizzly,21184
groan,21185
groaned,21186
groaning,21187
grocer,21188
groceries,21189
grocers,21190
grog,21191
groggy,21192
grogram,21193
groins,21194
grok,21195
grommet,21196
grommets,21197
groom,21198
groomed,21199
grooming,21200
grooms,21201
groove,21202
grooved,21203
groover,21204
grooves,21205
grooving,21206
groovy,21207
grope,21208
grope_for,21209
groped,21210
gropes,21211
groping,21212
grosgrain,21213
gross,21214
gross_ton,21215
grosser,21216
grossness,21217
grot,21218
grotesque,21219
grotesqueries,21220
grotto,21221
grottoes,21222
grottos,21223
grotty,21224
grouch,21225
grouches,21226
groucho,21227
grouchy,21228
ground,21229
ground_control,21230
ground_cover,21231
ground_covers,21232
ground_fir,21233
ground_level,21234
ground_rent,21235
ground_rule,21236
ground_rules,21237
ground_squirrel,21238
groundbreaker,21239
groundbreaking,21240
grounded,21241
groundhog,21242
groundhog_day,21243
grounding,21244
groundnut,21245
grounds,21246
groundsel,21247
groundsheet,21248
groundwork,21249
group,21250
group_action,21251
group_meeting,21252
group_practice,21253
grouper,21254
groupers,21255
groupie,21256
groupies,21257
groupings,21258
groups,21259
grouse,21260
groused,21261
grout,21262
grove,21263
grovel,21264
grovelling,21265
grovels,21266
groves,21267
grow,21268
grow_up,21269
grower,21270
growing,21271
growl,21272
growled,21273
growler,21274
grown,21275
grownup,21276
grownups,21277
grows,21278
growth,21279
growth_factor,21280
growths,21281
groyne,21282
grub,21283
grub_out,21284
grub_up,21285
grubbiest,21286
grubby,21287
grudge,21288
grudges,21289
gruel,21290
gruelling,21291
gruesome,21292
gruff,21293
grumble,21294
grumbled,21295
grumbler,21296
grumbles,21297
grumbling,21298
grump,21299
grumpily,21300
grumpiness,21301
grumpy,21302
grunge,21303
grunt,21304
gruntled,21305
grunts,21306
gruyere,21307
gryphon,21308
guacamole,21309
guam,21310
guanaco,21311
guano,21312
guantanamo,21313
guarantee,21314
guaranteed,21315
guarantees,21316
guarantor,21317
guard,21318
guard_dog,21319
guard_dogs,21320
guarded,21321
guardian,21322
guardian_spirit,21323
guardians,21324
guarding,21325
guardroom,21326
guardrooms,21327
guards,21328
guardsman,21329
guardsmen,21330
guatemala,21331
guatemalan,21332
guava,21333
gubbins,21334
gudgeon,21335
guenon,21336
guerdon,21337
guereza,21338
guerilla,21339
guernsey,21340
guerrilla,21341
guess,21342
guessed,21343
guesses,21344
guessing,21345
guessing_game,21346
guesstimate,21347
guesswork,21348
guest,21349
guestimate,21350
guests,21351
guevara,21352
guff,21353
guffaw,21354
guffawed,21355
guffawing,21356
guffaws,21357
guidance,21358
guide,21359
guidebook,21360
guided,21361
guided_missile,21362
guideline,21363
guidelines,21364
guides,21365
guiding_light,21366
guiding_lights,21367
guild,21368
guilder,21369
guilders,21370
guile,21371
guileful,21372
guileless,21373
guiles,21374
guillemot,21375
guillotine,21376
guillotined,21377
guilt,21378
guiltiness,21379
guiltless,21380
guilty,21381
guinea,21382
guinea_fowl,21383
guinea_pig,21384
guinean,21385
guinevere,21386
guinness,21387
guise,21388
guitar,21389
guitarist,21390
guitarists,21391
guitars,21392
gujarati,21393
gulag,21394
gulch,21395
gulf,21396
gulf_stream,21397
gull,21398
gullet,21399
gullets,21400
gullible,21401
gulliver,21402
gulls,21403
gully,21404
gulp,21405
gulped,21406
gum,21407
gum_arabic,21408
gum_boot,21409
gum_resins,21410
gum_tree,21411
gum_trees,21412
gumbo,21413
gumdrop,21414
gummed,21415
gummy,21416
gumption,21417
gums,21418
gumshoe,21419
gumweed,21420
gun,21421
gun_emplacement,21422
gun_enclosure,21423
gunboat,21424
guncotton,21425
gunfight,21426
gunfire,21427
gung_ho,21428
gunite,21429
gunk,21430
gunman,21431
gunmetal,21432
gunner,21433
gunners,21434
gunpoint,21435
gunpowder,21436
gunrunner,21437
guns,21438
gunshot,21439
gunslinger,21440
gunstock,21441
guppy,21442
gurgle,21443
gurgles,21444
gurnard,21445
guru,21446
gush,21447
gushed,21448
gusher,21449
gushes,21450
gushing,21451
gusset,21452
gust,21453
gustave_flaubert,21454
gustier,21455
gustiest,21456
gusto,21457
gusts,21458
gusty,21459
gut,21460
gutless,21461
guts,21462
gutsiness,21463
gutsy,21464
gutter,21465
gutters,21466
guttersnipe,21467
guttersnipes,21468
guttural,21469
guvnor,21470
guy,21471
guy_de_maupassant,21472
guy_fawkes,21473
guyana,21474
guyanese,21475
guyed,21476
guys,21477
guzzle,21478
gym,21479
gymkhana,21480
gymnasia,21481
gymnasium,21482
gymnast,21483
gymnastic,21484
gymnastic_apparatus,21485
gymnastics,21486
gymnasts,21487
gymnosperm,21488
gymslip,21489
gymslips,21490
gynaecologist,21491
gyp,21492
gyps,21493
gypsies,21494
gypsum,21495
gypsy,21496
gyrate,21497
gyrated,21498
gyrates,21499
gyrating,21500
gyration,21501
gyrations,21502
gyre,21503
h,21504
h-bomb,21505
ha-ha,21506
habakkuk,21507
habanera,21508
haberdasher,21509
haberdashers,21510
haberdashery,21511
habit,21512
habit-forming,21513
habitat,21514
habits,21515
habitual,21516
habitual_criminal,21517
habitual_criminals,21518
habituate,21519
habitude,21520
habitue,21521
hacek,21522
hacienda,21523
haciendas,21524
hack,21525
hackamore,21526
hacked,21527
hacker,21528
hackle,21529
hackling,21530
hackmatack,21531
hackney,21532
hackney_carriage,21533
hackneyed,21534
hackneys,21535
hacks,21536
hacksaw,21537
had,21538
haddock,21539
haddocks,21540
hades,21541
hadj,21542
hadji,21543
hadrian,21544
hadron,21545
haem,21546
haematite,21547
haemorrhages,21548
haemorrhoid,21549
hafnium,21550
haft,21551
hagberry,21552
haggadah,21553
haggard,21554
haggis,21555
haggle,21556
haggled,21557
haggler,21558
hagiologist,21559
haifa,21560
haiku,21561
hail,21562
hail_mary,21563
haile_selassie,21564
hailed,21565
hailing,21566
hails,21567
hair,21568
hair-raiser,21569
hair_care,21570
hair_dye,21571
hair_gel,21572
hair_oil,21573
hair_slide,21574
hair_spray,21575
haircut,21576
haircuts,21577
hairdo,21578
hairdos,21579
hairdresser,21580
hairdressers,21581
hairdressing,21582
hairgrips,21583
hairless,21584
hairline,21585
hairpiece,21586
hairpieces,21587
hairpin,21588
hairs,21589
hairstreak,21590
hairstyle,21591
hairtail,21592
hairy,21593
haiti,21594
haitian,21595
hajis,21596
hajj,21597
hake,21598
hakeem,21599
hakim,21600
halberd,21601
halcyon,21602
hale,21603
hales,21604
half,21605
half-baked,21606
half-dozen,21607
half-hearted,21608
half-length,21609
half-seas-over,21610
half-sister,21611
half-term,21612
half-time,21613
half-track,21614
half-witted,21615
half_a_dozen,21616
half_nelson,21617
halfback,21618
halfpenny,21619
halfway,21620
halibut,21621
halide,21622
halides,21623
halifax,21624
halite,21625
halitus,21626
hall,21627
hall_of_residence,21628
hall_porters,21629
halle,21630
hallmark,21631
hallowed,21632
halloween,21633
halls,21634
hallstand,21635
hallucinate,21636
hallucination,21637
hallucinations,21638
hallucinogen,21639
hallway,21640
halm,21641
halma,21642
halo,21643
haloes,21644
halogen,21645
halogens,21646
halons,21647
hals,21648
halt,21649
halted,21650
halter,21651
halting,21652
halts,21653
halve,21654
halves,21655
halyard,21656
ham,21657
ham-fisted,21658
ham_and_eggs,21659
ham_it_up,21660
hamadryad,21661
hamas,21662
hamburger,21663
hamilton,21664
hamlet,21665
hammer,21666
hammer_and_sickle,21667
hammer_out,21668
hammer_throw,21669
hammered,21670
hammerhead,21671
hammering,21672
hammers,21673
hammerstein,21674
hammertoe,21675
hammock,21676
hammond_organ,21677
hammy,21678
hamper,21679
hampered,21680
hampers,21681
hams,21682
hamster,21683
hamsters,21684
hamstring,21685
hamstrings,21686
hamstrung,21687
han,21688
hancock,21689
hand,21690
hand-held,21691
hand-me-down,21692
hand_cream,21693
hand_down,21694
hand_drill,21695
hand_grenade,21696
hand_in_glove,21697
hand_in_hand,21698
hand_luggage,21699
hand_out,21700
hand_over,21701
hand_over_fist,21702
hand_tool,21703
handbag,21704
handbags,21705
handball,21706
handbarrow,21707
handbasin,21708
handbell,21709
handbill,21710
handbook,21711
handcart,21712
handcraft,21713
handcuff,21714
handcuffed,21715
handcuffing,21716
handcuffs,21717
handel,21718
handful,21719
handgun,21720
handicap,21721
handicapped,21722
handicaps,21723
handicraft,21724
handing_over,21725
handiwork,21726
handkerchief,21727
handle,21728
handled,21729
handler,21730
handles,21731
handling,21732
handmaid,21733
handmaiden,21734
handmaids,21735
handout,21736
handover,21737
handrail,21738
hands,21739
hands_down,21740
handsaw,21741
handsaws,21742
handset,21743
handshake,21744
handsome,21745
handsomely,21746
handsomeness,21747
handspike,21748
handspring,21749
handwriting,21750
handwritten,21751
handy,21752
handyman,21753
handymen,21754
hang,21755
hang-up,21756
hang_around,21757
hang_back,21758
hang_gliding,21759
hang_in,21760
hang_on,21761
hang_out,21762
hang_together,21763
hang_up,21764
hangdog,21765
hanger,21766
hanger-on,21767
hangers-on,21768
hanging,21769
hangings,21770
hangman,21771
hangman's_halter,21772
hangman's_rope,21773
hangout,21774
hangouts,21775
hangover,21776
hangs,21777
hank,21778
hanker,21779
hankered,21780
hankerings,21781
hankers,21782
hanks,21783
hanky,21784
hannibal,21785
hanoi,21786
hanover,21787
hansard,21788
hansom,21789
hansom_cab,21790
hanukkah,21791
hanuman,21792
haoma,21793
haphazard,21794
haphazardly,21795
hapless,21796
haply,21797
happen,21798
happen_upon,21799
happened,21800
happening,21801
happens,21802
happenstance,21803
happier,21804
happily,21805
happiness,21806
happy,21807
happy-go-lucky,21808
hara-kiri,21809
harangue,21810
harangued,21811
harangues,21812
harare,21813
harass,21814
harassed,21815
harasser,21816
harassment,21817
harbinger,21818
harbor,21819
harbour,21820
harboured,21821
harbours,21822
hard,21823
hard-and-fast,21824
hard-bitten,21825
hard-boiled,21826
hard-core,21827
hard-hitting,21828
hard-nosed,21829
hard-pressed,21830
hard_cash,21831
hard_cheese,21832
hard_copies,21833
hard_copy,21834
hard_currency,21835
hard_drink,21836
hard_drinks,21837
hard_drive,21838
hard_lines,21839
hard_liquor,21840
hard_rubber,21841
hard_sell,21842
hard_surface,21843
hard_time,21844
hard_times,21845
hard_to_please,21846
hard_up,21847
hard_worker,21848
hard_workers,21849
hardback,21850
hardbacks,21851
hardcore,21852
harden,21853
hardened,21854
hardening,21855
hardest,21856
hardier,21857
hardiest,21858
hardihood,21859
hardiness,21860
hardline,21861
hardliner,21862
hardliners,21863
hardly,21864
hardness,21865
hardship,21866
hardtop,21867
hardware,21868
hardware_store,21869
hardworking,21870
hardy,21871
hare,21872
hare_krishna,21873
harebell,21874
harebrained,21875
hared,21876
harem,21877
hares,21878
haricot,21879
hark,21880
harken,21881
harlequin,21882
harlequinade,21883
harlequins,21884
harlot,21885
harlow,21886
harm,21887
harmed,21888
harmful,21889
harmless,21890
harmonic,21891
harmonica,21892
harmonicas,21893
harmonics,21894
harmonies,21895
harmonious,21896
harmonise,21897
harmonised,21898
harmonising,21899
harmonium,21900
harmonize,21901
harmony,21902
harms,21903
harness,21904
harness_racing,21905
harnessed,21906
harold_i,21907
harp,21908
harper,21909
harpist,21910
harpists,21911
harpo,21912
harpoon,21913
harps,21914
harpsichord,21915
harpsichordist,21916
harpsichords,21917
harridan,21918
harried,21919
harrier,21920
harris,21921
harris_tweed,21922
harrison,21923
harrow,21924
harrowed,21925
harrowing,21926
harrows,21927
harry,21928
harrying,21929
harsh,21930
harshly,21931
harshness,21932
hart,21933
hartebeest,21934
harum-scarum,21935
harvard,21936
harvest,21937
harvest_mites,21938
harvest_mouse,21939
harvested,21940
harvester,21941
harvesting,21942
harvestman,21943
harvests,21944
harvey,21945
has,21946
has-been,21947
hash,21948
hash_out,21949
hasheesh,21950
hashish,21951
hasidim,21952
haslet,21953
hasp,21954
hassle,21955
hassled,21956
hassles,21957
hassling,21958
hassock,21959
haste,21960
hasten,21961
hastened,21962
hastening,21963
hastens,21964
hastily,21965
hastiness,21966
hastings,21967
hasty,21968
hat,21969
hatbox,21970
hatch,21971
hatchback,21972
hatchbacks,21973
hatched,21974
hatches,21975
hatchet,21976
hatchet_job,21977
hatching,21978
hate,21979
hated,21980
hateful,21981
hates,21982
hating,21983
hatrack,21984
hatred,21985
hats,21986
hatter,21987
hauberk,21988
haughtiness,21989
haughty,21990
haul,21991
haul_up,21992
haulage,21993
haulers,21994
haulier,21995
hauling,21996
haulm,21997
haunch,21998
haunches,21999
haunt,22000
haunted,22001
haunting,22002
haunts,22003
hausa,22004
hautbois,22005
hauteur,22006
havana,22007
have,22008
have-not,22009
have-nots,22010
have_a_bun_in_the_oven,22011
have_a_fit,22012
have_a_go,22013
have_a_good_time,22014
have_a_look,22015
have_in_mind,22016
have_it_off,22017
have_kittens,22018
have_on,22019
have_words,22020
haven,22021
havens,22022
haversack,22023
haversacks,22024
having,22025
havoc,22026
haw,22027
hawaii,22028
hawfinch,22029
hawk,22030
hawk-eyed,22031
hawk_moth,22032
hawkbit,22033
hawker,22034
hawking,22035
hawkins,22036
hawkish,22037
hawks,22038
hawkweed,22039
haws,22040
hawser,22041
hawthorn,22042
hay,22043
hay_fever,22044
haydn,22045
hayfields,22046
haymaker,22047
haymakers,22048
hayseed,22049
haystack,22050
haywire,22051
hazan,22052
hazard,22053
hazarded,22054
hazardous,22055
hazards,22056
haze,22057
hazel,22058
hazelnut,22059
hazels,22060
hazing,22061
hazlitt,22062
hazy,22063
hdtv,22064
he,22065
he-man,22066
head,22067
head-on,22068
head-to-head,22069
head_cold,22070
head_count,22071
head_covering,22072
head_for_the_hills,22073
head_home,22074
head_honcho,22075
head_louse,22076
head_of_state,22077
head_off,22078
head_over_heels,22079
head_restraint,22080
head_start,22081
head_teacher,22082
headache,22083
headaches,22084
headband,22085
headbutt,22086
headcount,22087
headdress,22088
headed,22089
header,22090
headfirst,22091
headgear,22092
headgears,22093
heading,22094
headings,22095
headlamp,22096
headlamps,22097
headland,22098
headlight,22099
headlights,22100
headline,22101
headlines,22102
headlock,22103
headlocks,22104
headlong,22105
headman,22106
headmaster,22107
headmistress,22108
headphones,22109
headpiece,22110
headquarters,22111
headrace,22112
headrest,22113
headroom,22114
heads,22115
headset,22116
headshot,22117
headsman,22118
headstalls,22119
headstone,22120
headstrong,22121
headway,22122
headwinds,22123
heady,22124
heal,22125
healed,22126
healer,22127
healing,22128
health,22129
health_care,22130
health_check,22131
health_clubs,22132
health_facility,22133
health_food,22134
health_hazard,22135
health_insurance,22136
health_problem,22137
health_problems,22138
health_professional,22139
health_professionals,22140
health_spa,22141
healthier,22142
healthily,22143
healthy,22144
heap,22145
heap_up,22146
heaped,22147
heaps,22148
hear,22149
heard,22150
hearer,22151
hearing,22152
hearing_aid,22153
hears,22154
hearsay,22155
hearse,22156
heart,22157
heart_and_soul,22158
heart_disease,22159
heart_rate,22160
heartache,22161
heartaches,22162
heartbeat,22163
heartbreak,22164
heartbreaker,22165
heartbreaking,22166
heartbroken,22167
heartburn,22168
hearten,22169
heartened,22170
heartfelt,22171
hearth,22172
hearthrug,22173
heartier,22174
heartiness,22175
heartless,22176
heartlessness,22177
heartrending,22178
hearts,22179
heartsease,22180
heartsick,22181
heartstrings,22182
heartthrob,22183
hearty,22184
heat,22185
heat_content,22186
heat_engine,22187
heat_pump,22188
heat_rash,22189
heat_unit,22190
heat_up,22191
heat_wave,22192
heated,22193
heated_up,22194
heater,22195
heaters,22196
heath,22197
heathen,22198
heathenish,22199
heathens,22200
heather,22201
heaths,22202
heating,22203
heats,22204
heatstroke,22205
heaume,22206
heave,22207
heaved,22208
heaven,22209
heaven-sent,22210
heavenly,22211
heavenly_bodies,22212
heavenly_body,22213
heavens,22214
heaves,22215
heavies,22216
heaviest,22217
heavily,22218
heaviness,22219
heaving,22220
heavy,22221
heavy-handed,22222
heavy_hitters,22223
heavy_metal,22224
heavyset,22225
heavyweight,22226
heavyweights,22227
hebdomadal,22228
hebe,22229
hebraic,22230
hebrew,22231
hebrew_alphabet,22232
hebrew_calendar,22233
hebrews,22234
hebridean,22235
hebrides,22236
hecate,22237
hecatomb,22238
heckle,22239
heckled,22240
heckles,22241
hectare,22242
hectares,22243
hectic,22244
hector,22245
hectored,22246
hectoring,22247
hedera,22248
hedge,22249
hedge_funds,22250
hedge_sparrow,22251
hedgehog,22252
hedgerow,22253
hedges,22254
hedging,22255
hedonism,22256
hedonist,22257
hedonistic,22258
heed,22259
heeded,22260
heedful,22261
heedless,22262
heeds,22263
heel,22264
heeled,22265
heels,22266
heft,22267
hefted,22268
heftier,22269
heftiness,22270
hefts,22271
hefty,22272
hegel,22273
hegemony,22274
heidegger,22275
heifer,22276
height,22277
heighten,22278
heightened,22279
heightens,22280
heights,22281
heinous,22282
heinously,22283
heir,22284
heir_apparent,22285
heiress,22286
heirloom,22287
heirlooms,22288
heirs,22289
heist,22290
heists,22291
held,22292
helen,22293
helena,22294
helenium,22295
helices,22296
helicon,22297
helicopter,22298
helios,22299
heliotrope,22300
heliport,22301
helium,22302
helix,22303
hell,22304
hell-bent,22305
hellcat,22306
hellebore,22307
hellene,22308
hellenic,22309
heller,22310
hellfire,22311
hellish,22312
hello,22313
helm,22314
helmed,22315
helmet,22316
helmets,22317
helmsman,22318
helot,22319
help,22320
help_desk,22321
help_out,22322
helped,22323
helper,22324
helpers,22325
helpful,22326
helping,22327
helping_hand,22328
helpless,22329
helpmate,22330
helpmeet,22331
helps,22332
helsinki,22333
helter-skelter,22334
helvetica,22335
hem,22336
hem_in,22337
hemingway,22338
hemisphere,22339
hemlock,22340
hemp,22341
hemp_nettle,22342
hemstitch,22343
hen,22344
hen-pecks,22345
henbane,22346
hence,22347
henchman,22348
henchmen,22349
hencoop,22350
hendrix,22351
henhouse,22352
henna,22353
hennas,22354
henpecked,22355
henry,22356
henry_cavendish,22357
henry_james,22358
henry_moore,22359
henry_tudor,22360
henry_v,22361
hens,22362
hepatic,22363
hepatica,22364
hepatitis,22365
hepburn,22366
heptad,22367
heptagon,22368
heptane,22369
hepworth,22370
hera,22371
heracles,22372
herald,22373
heralded,22374
heraldic,22375
heralding,22376
heraldry,22377
herb,22378
herb_garden,22379
herb_tea,22380
herbaceous_plant,22381
herbage,22382
herbal,22383
herbal_tea,22384
herbal_teas,22385
herbalist,22386
herbals,22387
herbert,22388
herbicide,22389
herbicides,22390
herbivore,22391
herbs,22392
herculean,22393
hercules,22394
herd,22395
herded,22396
herder,22397
herdsman,22398
here,22399
here_and_now,22400
here_and_there,22401
hereabout,22402
hereditary,22403
hereford,22404
herefords,22405
herein,22406
herero,22407
heresy,22408
heretic,22409
heretical,22410
heretics,22411
hereunder,22412
heritage,22413
herm,22414
herman,22415
hermann_goering,22416
hermaphrodite,22417
hermes,22418
hermetic,22419
hermit,22420
hermit_crab,22421
hermitage,22422
hermits,22423
hernia,22424
hero,22425
hero-worship,22426
hero_worship,22427
hero_worshipper,22428
herod,22429
herodotus,22430
heroes,22431
heroic,22432
heroic_poem,22433
heroic_tale,22434
heroic_verse,22435
heroical,22436
heroically,22437
heroin,22438
heroine,22439
heroines,22440
heroism,22441
heron,22442
herons,22443
herpes,22444
herpes_zoster,22445
herring,22446
herring_gull,22447
herrings,22448
herschel,22449
hertfordshire,22450
hes,22451
hesitance,22452
hesitancy,22453
hesitant,22454
hesitantly,22455
hesitate,22456
hesitated,22457
hesitates,22458
hesitation,22459
hesitators,22460
hesperian,22461
hesperus,22462
hess,22463
hesse,22464
hessian,22465
hestia,22466
het_up,22467
heterodox,22468
heterodoxy,22469
heterogeneous,22470
heterologous,22471
heuchera,22472
hevesy,22473
hew,22474
hewed,22475
hewer,22476
hewing,22477
hewn,22478
hews,22479
hex,22480
hexagon,22481
hexagrams,22482
hexameter,22483
hexane,22484
hexed,22485
hexing,22486
heyday,22487
hi-fi,22488
hi-tech,22489
hiatus,22490
hiatuses,22491
hibachi,22492
hibernate,22493
hibernating,22494
hibernia,22495
hibiscus,22496
hiccup,22497
hick,22498
hickory,22499
hid,22500
hidden,22501
hide,22502
hideaway,22503
hideaways,22504
hidebound,22505
hideous,22506
hideously,22507
hideout,22508
hideouts,22509
hides,22510
hiding,22511
hiding_place,22512
hiding_places,22513
hidings,22514
hidrosis,22515
hie,22516
hied,22517
hiemal,22518
hierarch,22519
hierarchal,22520
hierarchical,22521
hierarchy,22522
hieratic,22523
hieroglyph,22524
hies,22525
hifalutin,22526
higgle,22527
high,22528
high-class,22529
high-five,22530
high-fives,22531
high-flown,22532
high-handed,22533
high-level,22534
high-level_language,22535
high-minded,22536
high-mindedness,22537
high-pitched,22538
high-powered,22539
high-ranking,22540
high-rise,22541
high-risk,22542
high-spirited,22543
high-up,22544
high-voltage,22545
high_and_low,22546
high_command,22547
high_commission,22548
high_court,22549
high_dudgeon,22550
high_explosive,22551
high_gear,22552
high_ground,22553
high_hat,22554
high_jinks,22555
high_jump,22556
high_jumps,22557
high_life,22558
high_mass,22559
high_masses,22560
high_noon,22561
high_pitch,22562
high_point,22563
high_points,22564
high_priest,22565
high_quality,22566
high_roller,22567
high_sea,22568
high_seas,22569
high_society,22570
high_spirits,22571
high_spot,22572
high_street,22573
high_style,22574
high_table,22575
high_tea,22576
high_tech,22577
high_temperature,22578
high_tide,22579
high_time,22580
high_treason,22581
high_water,22582
high_wind,22583
high_winds,22584
high_wire,22585
highball,22586
highbrow,22587
highbrowed,22588
higher,22589
higher_education,22590
highest,22591
highfalutin,22592
highfaluting,22593
highflyer,22594
highjack,22595
highland,22596
highland_fling,22597
highlander,22598
highlanders,22599
highlands,22600
highlight,22601
highlighted,22602
highlighter,22603
highlights,22604
highly,22605
highly-developed,22606
highly_strung,22607
highness,22608
highs,22609
hightail,22610
highway,22611
highwayman,22612
highwaymen,22613
highways,22614
hijab,22615
hijack,22616
hijacked,22617
hijacker,22618
hijackings,22619
hijacks,22620
hijinks,22621
hike,22622
hike_up,22623
hiked,22624
hiker,22625
hikers,22626
hikes,22627
hiking,22628
hilarious,22629
hilarity,22630
hildebrand,22631
hill,22632
hillbilly,22633
hillock,22634
hills,22635
hillside,22636
hillsides,22637
hilltop,22638
hilt,22639
himalaya,22640
himalayan,22641
himalayas,22642
hind,22643
hinder,22644
hindered,22645
hinders,22646
hindi,22647
hindquarters,22648
hindrance,22649
hindsight,22650
hindu,22651
hindu_deity,22652
hindustani,22653
hinge,22654
hinged,22655
hinges,22656
hinny,22657
hint,22658
hinted,22659
hinting,22660
hints,22661
hip,22662
hip-hop,22663
hip_joint,22664
hipbone,22665
hippeastrum,22666
hippie,22667
hippies,22668
hippo,22669
hippocrates,22670
hippodrome,22671
hippopotamus,22672
hippopotamuses,22673
hippos,22674
hips,22675
hipster,22676
hipsters,22677
hire,22678
hire_car,22679
hired,22680
hired_gun,22681
hired_hand,22682
hireling,22683
hires,22684
hiring,22685
hirohito,22686
hiroshima,22687
hirsute,22688
hispanic,22689
hispanics,22690
hispaniola,22691
hispid,22692
hiss,22693
hissing,22694
histamine,22695
histogram,22696
histograms,22697
historian,22698
historic,22699
historic_period,22700
historical,22701
historical_record,22702
historical_records,22703
histories,22704
historiographer,22705
history,22706
histrionic,22707
histrionics,22708
hit,22709
hit-and-run,22710
hit-or-miss,22711
hit_home,22712
hit_man,22713
hit_men,22714
hit_parade,22715
hit_squad,22716
hit_the_deck,22717
hit_the_hay,22718
hit_the_jackpot,22719
hit_the_roof,22720
hit_the_sack,22721
hitch,22722
hitchcock,22723
hitched,22724
hitches,22725
hither,22726
hither_and_thither,22727
hitherto,22728
hitler,22729
hitman,22730
hitmen,22731
hits,22732
hitting,22733
hive,22734
hive_off,22735
hives,22736
ho-hum,22737
hoar,22738
hoard,22739
hoarder,22740
hoarding,22741
hoards,22742
hoariness,22743
hoarse,22744
hoarser,22745
hoary,22746
hoax,22747
hoaxed,22748
hoaxer,22749
hoaxers,22750
hoaxes,22751
hoaxing,22752
hob,22753
hobart,22754
hobbes,22755
hobbies,22756
hobbit,22757
hobble,22758
hobbled,22759
hobbledehoys,22760
hobbling,22761
hobby,22762
hobbyhorse,22763
hobbyist,22764
hobgoblin,22765
hobgoblins,22766
hobnob,22767
hobnobbed,22768
hobnobs,22769
hobo,22770
hoboes,22771
hobos,22772
hobs,22773
hock,22774
hockey,22775
hockey_team,22776
hocking,22777
hocks,22778
hod,22779
hodgepodge,22780
hoe,22781
hoes,22782
hog,22783
hogarth,22784
hogback,22785
hogged,22786
hoggs,22787
hogmanay,22788
hogs,22789
hogshead,22790
hogwash,22791
hogweed,22792
hoi_polloi,22793
hoist,22794
hoisted,22795
hoists,22796
hoity-toity,22797
hokum,22798
holbein,22799
hold,22800
hold_back,22801
hold_dear,22802
hold_fast,22803
hold_firm,22804
hold_forth,22805
hold_off,22806
hold_on,22807
hold_out,22808
hold_over,22809
hold_sway,22810
hold_tight,22811
hold_up,22812
hold_water,22813
holdall,22814
holder,22815
holders,22816
holding,22817
holding_company,22818
holds,22819
hole,22820
hole-and-corner,22821
holes,22822
holiday,22823
holiday_resort,22824
holiday_season,22825
holidaymaker,22826
holidaymakers,22827
holidays,22828
holier-than-thou,22829
holiness,22830
holistic,22831
holland,22832
hollander,22833
hollanders,22834
hollands,22835
hollering,22836
hollerith,22837
hollow,22838
hollows,22839
holly,22840
hollyhock,22841
holmes,22842
holocaust,22843
hologram,22844
holstein,22845
holster,22846
holy,22847
holy_city,22848
holy_communion,22849
holy_day,22850
holy_father,22851
holy_grail,22852
holy_land,22853
holy_man,22854
holy_men,22855
holy_oil,22856
holy_orders,22857
holy_place,22858
holy_roller,22859
holy_sacrament,22860
holy_see,22861
holy_spirit,22862
holy_terror,22863
holy_water,22864
holy_writ,22865
homage,22866
hombre,22867
hombres,22868
homburg,22869
home,22870
home_appliances,22871
home_ground,22872
home_guard,22873
home_help,22874
home_helps,22875
home_in,22876
home_page,22877
home_rule,22878
home_run,22879
home_secretaries,22880
home_secretary,22881
home_territory,22882
home_truth,22883
homegrown,22884
homeland,22885
homeless,22886
homeless_person,22887
homelessness,22888
homely,22889
homemaker,22890
homeopath,22891
homeopathy,22892
homer,22893
homeric,22894
homes,22895
homesick,22896
homesickness,22897
homespun,22898
homestead,22899
homework,22900
homicidal,22901
homicide,22902
homily,22903
homing_pigeon,22904
hominid,22905
hominoid,22906
homo_sapiens,22907
homogeneity,22908
homonym,22909
homoptera,22910
homosexual,22911
homunculi,22912
honcho,22913
honduran,22914
honduras,22915
hone,22916
honed,22917
hones,22918
honest,22919
honestly,22920
honesty,22921
honey,22922
honey_badger,22923
honey_badgers,22924
honey_bear,22925
honey_bun,22926
honey_fungus,22927
honeybee,22928
honeycomb,22929
honeydew_melon,22930
honeyed,22931
honeymoon,22932
honeymooner,22933
honeypot,22934
honeysuckle,22935
honeysuckles,22936
hong_kong,22937
honing,22938
honking,22939
honolulu,22940
honorarium,22941
honorary,22942
honorific,22943
honour,22944
honourable,22945
honourably,22946
honoured,22947
honouring,22948
honours,22949
honshu,22950
hoo-ha,22951
hoo-hah,22952
hoo-hahs,22953
hoo-has,22954
hooch,22955
hood,22956
hooded_cloak,22957
hooded_coat,22958
hoodlum,22959
hoodlums,22960
hoodoo,22961
hoods,22962
hoodwink,22963
hoodwinked,22964
hoodwinking,22965
hoodwinks,22966
hooey,22967
hoof_it,22968
hoofed_mammal,22969
hoofer,22970
hook,22971
hook_and_eye,22972
hook_of_holland,22973
hook_up,22974
hookah,22975
hookahs,22976
hooked,22977
hooker,22978
hooks,22979
hookworm,22980
hooligan,22981
hooliganism,22982
hooligans,22983
hoop,22984
hoopla,22985
hoopoe,22986
hoops,22987
hooray,22988
hoorays,22989
hoosier,22990
hoot,22991
hoot_owl,22992
hootch,22993
hooter,22994
hooters,22995
hooting,22996
hoots,22997
hoover,22998
hoover_dam,22999
hoovered,23000
hoovering,23001
hoovers,23002
hooves,23003
hop,23004
hop_up,23005
hope,23006
hope_chest,23007
hoped,23008
hopeful,23009
hopefully,23010
hopeless,23011
hopelessness,23012
hopers,23013
hopes,23014
hopi,23015
hoping,23016
hopped,23017
hopper,23018
hoppers,23019
hopple,23020
hops,23021
hopscotch,23022
horace,23023
horatio_nelson,23024
horde,23025
hordes,23026
horizon,23027
horizons,23028
horizontal,23029
horizontal_bars,23030
horizontal_surface,23031
hormone,23032
horn,23033
horn_of_africa,23034
horn_of_plenty,23035
hornbeam,23036
hornbeams,23037
hornblende,23038
hornet,23039
hornets,23040
hornpipe,23041
horns,23042
hornswoggle,23043
horologist,23044
horoscope,23045
horrendous,23046
horrible,23047
horribly,23048
horrid,23049
horrific,23050
horrified,23051
horrify,23052
horrifying,23053
horror,23054
horror-stricken,23055
horror-struck,23056
horrors,23057
hors_d'oeuvre,23058
horse,23059
horse-drawn_vehicle,23060
horse-racing,23061
horse_cart,23062
horse_chestnut,23063
horse_chestnuts,23064
horse_mackerel,23065
horse_opera,23066
horse_race,23067
horse_sense,23068
horse_trading,23069
horsebox,23070
horsefly,23071
horsehair,23072
horsehide,23073
horseman,23074
horsemen,23075
horseplay,23076
horsepower,23077
horseradish,23078
horseradishes,23079
horses,23080
horseshit,23081
horseshoe,23082
horseshoe_crab,23083
horsetail,23084
horsewhip,23085
horsewoman,23086
horta,23087
hortensia,23088
horticulturist,23089
horus,23090
hosanna,23091
hose,23092
hose_down,23093
hosea,23094
hosed,23095
hoses,23096
hosier,23097
hosiers,23098
hosiery,23099
hospice,23100
hospitable,23101
hospital,23102
hospital_attendants,23103
hospital_room,23104
hospitalise,23105
hospitality,23106
hospitals,23107
host,23108
hosta,23109
hostage,23110
hostages,23111
hosted,23112
hostel,23113
hosteller,23114
hostelries,23115
hostelry,23116
hostess,23117
hostile,23118
hostile_takeover,23119
hostile_takeovers,23120
hostilities,23121
hostility,23122
hosting,23123
hosts,23124
hot,23125
hot-air_balloons,23126
hot-blooded,23127
hot-tempered,23128
hot-water_bottle,23129
hot_air,23130
hot_and_bothered,23131
hot_chocolate,23132
hot_dog,23133
hot_dogs,23134
hot_pants,23135
hot_pepper,23136
hot_peppers,23137
hot_pot,23138
hot_potato,23139
hot_rod,23140
hot_rods,23141
hot_sauce,23142
hot_spell,23143
hot_spot,23144
hot_spots,23145
hot_spring,23146
hot_stuff,23147
hot_tub,23148
hot_under_the_collar,23149
hot_up,23150
hot_water,23151
hotbed,23152
hotcake,23153
hotchpotch,23154
hotel,23155
hotelier,23156
hoteliers,23157
hotels,23158
hotfoot,23159
hotfooted,23160
hothead,23161
hotheaded,23162
hotheads,23163
hothouse,23164
hothouses,23165
hotly,23166
hotplates,23167
hotpot,23168
hotshot,23169
hotshots,23170
hotspot,23171
hotspur,23172
hotter,23173
hottest,23174
houdini,23175
hound,23176
hound_dog,23177
hounded,23178
hounding,23179
hounds,23180
hour,23181
hourglass,23182
houri,23183
houris,23184
hourly,23185
hours,23186
house,23187
house_guest,23188
house_of_commons,23189
house_of_god,23190
house_of_ill_repute,23191
house_of_lords,23192
house_of_prayer,23193
house_of_windsor,23194
house_of_worship,23195
house_party,23196
house_physician,23197
house_sitters,23198
house_sparrow,23199
house_wren,23200
houseboat,23201
housebreaking,23202
housed,23203
housefly,23204
household,23205
household_appliances,23206
householder,23207
households,23208
housekeeper,23209
housekeeping,23210
housemaid,23211
housemate,23212
houseplant,23213
houses,23214
housetop,23215
housewife,23216
housewives,23217
housework,23218
housing,23219
housing_development,23220
housing_estate,23221
housing_estates,23222
housing_projects,23223
housman,23224
houston,23225
houyhnhnm,23226
hove,23227
hovel,23228
hovels,23229
hover,23230
hovercraft,23231
howard,23232
howdy,23233
however,23234
howitzer,23235
howitzers,23236
howl,23237
howled,23238
howler,23239
howlers,23240
howls,23241
hoy,23242
hoyden,23243
hoyle,23244
hp,23245
hq,23246
hr,23247
html,23248
huarache,23249
hub,23250
hubble-bubble,23251
hubbub,23252
hubby,23253
hubcap,23254
hubris,23255
huck,23256
huckster,23257
huddle,23258
hudson,23259
hue,23260
hue_and_cry,23261
hued,23262
hueless,23263
hues,23264
huff,23265
huffed,23266
huffs,23267
hug,23268
huge,23269
hugged,23270
hugger-mugger,23271
hugo,23272
hugs,23273
huguenot,23274
hula,23275
hulk,23276
hull,23277
hullabaloo,23278
hulled,23279
hulls,23280
hum,23281
human,23282
human_being,23283
human_beings,23284
human_body,23285
human_nature,23286
human_right,23287
humane,23288
humanise,23289
humanism,23290
humanist,23291
humanitarian,23292
humanitarians,23293
humanity,23294
humanlike,23295
humans,23296
humber,23297
humber_bridge,23298
humble,23299
humblebee,23300
humbled,23301
humbles,23302
humbling,23303
humboldt,23304
humbug,23305
humbugs,23306
humdinger,23307
humdrum,23308
humeri,23309
humerus,23310
humid,23311
humidity,23312
humiliate,23313
humiliated,23314
humiliates,23315
humiliating,23316
humiliation,23317
humility,23318
hummed,23319
hummer,23320
humming,23321
hummingbird,23322
hummus,23323
humongous,23324
humorist,23325
humorists,23326
humorous,23327
humorously,23328
humour,23329
humourless,23330
humours,23331
hump,23332
humpback,23333
humpback_whale,23334
humphrey_bogart,23335
humping,23336
hums,23337
humus,23338
hunch,23339
hunched,23340
hundred,23341
hundred_and_one,23342
hundreds,23343
hundredth,23344
hung,23345
hungarian,23346
hungarian_capital,23347
hungary,23348
hunger,23349
hunger_march,23350
hunger_strike,23351
hungered,23352
hungry,23353
hunk,23354
hunker,23355
hunker_down,23356
hunkers,23357
hunks,23358
hunky-dory,23359
hunt,23360
hunt_down,23361
hunted,23362
hunter,23363
hunters,23364
hunting,23365
hunting_dog,23366
hunting_expedition,23367
hunting_guides,23368
hunting_licence,23369
huntress,23370
hunts,23371
huntsman,23372
hurdle,23373
hurdles,23374
hurdling,23375
hurl,23376
hurled,23377
hurling,23378
huron,23379
hurrah,23380
hurricane,23381
hurricanes,23382
hurried,23383
hurriedly,23384
hurries,23385
hurry,23386
hurrying,23387
hurt,23388
hurtful,23389
hurting,23390
hurtle,23391
hurtled,23392
hurtling,23393
hurts,23394
husband,23395
husbandman,23396
husbandry,23397
husbands,23398
hush,23399
hush-hush,23400
hush_money,23401
hush_up,23402
hushed,23403
husks,23404
husky,23405
hussar,23406
hustings,23407
hustle,23408
hustler,23409
hustles,23410
hut,23411
hutment,23412
huts,23413
hutu,23414
hyacinth,23415
hyacinths,23416
hyades,23417
hyaena,23418
hybrid,23419
hybrids,23420
hyderabad,23421
hydra,23422
hydrangea,23423
hydrangeas,23424
hydrant,23425
hydrate,23426
hydrated,23427
hydrocarbon,23428
hydrofoil,23429
hydrogen,23430
hydrogen_bomb,23431
hydrogenated,23432
hydroid,23433
hydrologist,23434
hydrophobia,23435
hydrophobic,23436
hydroxide,23437
hydrozoan,23438
hyena,23439
hyenas,23440
hygiene,23441
hygienic,23442
hyla,23443
hymen,23444
hymenoptera,23445
hymn,23446
hymnal,23447
hymns,23448
hyoid,23449
hype,23450
hype_up,23451
hyperactive,23452
hyperbola,23453
hyperbole,23454
hypercritical,23455
hypericum,23456
hyperion,23457
hyperlink,23458
hypersensitive,23459
hypersensitivity,23460
hypes,23461
hyphen,23462
hypnos,23463
hypnotic,23464
hypnotise,23465
hypnotised,23466
hypnotises,23467
hypnotist,23468
hypo,23469
hypochondriac,23470
hypocrisy,23471
hypocrite,23472
hypocrites,23473
hypocritical,23474
hypodermic,23475
hypotenuse,23476
hypothesis,23477
hypothetically,23478
hyson,23479
hyssop,23480
hysteria,23481
hysterical,23482
hysterics,23483
i,23484
i-beam,23485
i.e.,23486
iago,23487
iamb,23488
iambi,23489
iambic,23490
iambs,23491
iambus,23492
ian_fleming,23493
iberia,23494
iberian,23495
iberians,23496
iberis,23497
ibert,23498
ibex,23499
ibexes,23500
ibidem,23501
ibis,23502
ibises,23503
ibo,23504
ibsen,23505
ibuprofen,23506
ibuprofens,23507
icarus,23508
icbm,23509
ice,23510
ice-cold,23511
ice-cream_soda,23512
ice_age,23513
ice_axe,23514
ice_bag,23515
ice_cap,23516
ice_cream,23517
ice_creams,23518
ice_cube,23519
ice_cubes,23520
ice_field,23521
ice_hockey,23522
ice_lollies,23523
ice_rink,23524
ice_show,23525
ice_skate,23526
ice_skating,23527
ice_storm,23528
ice_tea,23529
ice_up,23530
ice_yachts,23531
iceberg,23532
iceberg_lettuce,23533
icebergs,23534
iceboat,23535
icebox,23536
icebreaker,23537
icecap,23538
icecaps,23539
icecream,23540
iced,23541
iced_tea,23542
icefall,23543
icehouse,23544
iceland,23545
iceland_poppy,23546
icelander,23547
icelandic,23548
iceman,23549
icemen,23550
ices,23551
icicles,23552
icier,23553
iciness,23554
icing,23555
icing_sugar,23556
icky,23557
icon,23558
iconic,23559
iconoclast,23560
icons,23561
icterus,23562
ictus,23563
icy,23564
id,23565
id_est,23566
ida,23567
idaho,23568
idahoan,23569
idea,23570
ideal,23571
idealise,23572
idealised,23573
idealism,23574
idealist,23575
idealistic,23576
idealists,23577
ideally,23578
idealogue,23579
ideals,23580
ideas,23581
ideate,23582
ideated,23583
ideates,23584
ideation,23585
identical,23586
identical_twin,23587
identifiable,23588
identification,23589
identifications,23590
identified,23591
identifiers,23592
identifies,23593
identify,23594
identifying,23595
identikit,23596
identities,23597
identity,23598
identity_card,23599
identity_cards,23600
ideogram,23601
ideologies,23602
ideologist,23603
ideologue,23604
ideologues,23605
ideology,23606
ides,23607
idiocies,23608
idiocy,23609
idiom,23610
idiomatic,23611
idioms,23612
idiosyncrasy,23613
idiosyncratic,23614
idiot,23615
idiot_box,23616
idiot_boxes,23617
idiotic,23618
idiots,23619
idle,23620
idle_talk,23621
idled,23622
idleness,23623
idler,23624
idlers,23625
idles,23626
idly,23627
ido,23628
idol,23629
idolater,23630
idolaters,23631
idolatress,23632
idolatrous,23633
idolatry,23634
idolise,23635
idolised,23636
idolisers,23637
idolises,23638
idolising,23639
idolize,23640
idols,23641
ids,23642
idyll,23643
idyllic,23644
idylls,23645
if_not,23646
iffy,23647
igbo,23648
igloo,23649
ignatius,23650
igneous,23651
igneous_rock,23652
ignite,23653
ignited,23654
igniter,23655
ignites,23656
igniting,23657
ignition,23658
ignoble,23659
ignominies,23660
ignominy,23661
ignoramus,23662
ignoramuses,23663
ignorance,23664
ignorant,23665
ignore,23666
ignored,23667
ignores,23668
ignoring,23669
iguana,23670
iguanas,23671
iguanodon,23672
ikon,23673
il_duce,23674
ilama,23675
ileostomy,23676
ileum,23677
ileus,23678
ilex,23679
ilia,23680
iliac,23681
iliad,23682
ilium,23683
ilk,23684
ill,23685
ill-advised,23686
ill-bred,23687
ill-considered,23688
ill-defined,23689
ill-dressed,23690
ill-equipped,23691
ill-famed,23692
ill-fated,23693
ill-gotten,23694
ill-humoured,23695
ill-judged,23696
ill-mannered,23697
ill-natured,23698
ill-omened,23699
ill-starred,23700
ill-tempered,23701
ill-timed,23702
ill-treat,23703
ill-treated,23704
ill-treatment,23705
ill-use,23706
ill_at_ease,23707
ill_fame,23708
ill_health,23709
ill_humour,23710
ill_nature,23711
ill_temper,23712
ill_will,23713
illegal,23714
illegible,23715
illegitimate,23716
iller,23717
illiberal,23718
illicit,23719
illinois,23720
illiteracy,23721
illiterate,23722
illiterates,23723
illness,23724
illnesses,23725
illogic,23726
illogical,23727
illogicalness,23728
ills,23729
illuminate,23730
illuminated,23731
illuminates,23732
illumination,23733
illumine,23734
illusion,23735
illusionist,23736
illusionists,23737
illusions,23738
illusive,23739
illusory,23740
illustrate,23741
illustrated,23742
illustrates,23743
illustrating,23744
illustration,23745
illustrations,23746
illustrative,23747
illustrator,23748
illustrious,23749
image,23750
imaged,23751
imageries,23752
imagery,23753
images,23754
imaginary,23755
imaginary_creature,23756
imaginary_place,23757
imagination,23758
imaginative,23759
imagine,23760
imagined,23761
imagines,23762
imagining,23763
imago,23764
imagoes,23765
imam,23766
imams,23767
imbalance,23768
imbecile,23769
imbeciles,23770
imbecilic,23771
imbed,23772
imbedded,23773
imbeds,23774
imbibe,23775
imbibed,23776
imbiber,23777
imbibers,23778
imbibing,23779
imbricate,23780
imbroglio,23781
imbue,23782
imbued,23783
imbuing,23784
imide,23785
imitate,23786
imitated,23787
imitates,23788
imitating,23789
imitation,23790
imitations,23791
imitative,23792
imitator,23793
imitators,23794
immaculate,23795
immanence,23796
immanent,23797
immaterial,23798
immature,23799
immaturity,23800
immediate,23801
immediately,23802
immense,23803
immensity,23804
immerse,23805
immersed,23806
immersing,23807
immersion,23808
immersion_heater,23809
immigrant,23810
immigrants,23811
immigrate,23812
imminence,23813
imminent,23814
immingled,23815
immobile,23816
immobilise,23817
immobility,23818
immobilize,23819
immoderate,23820
immodest,23821
immodestly,23822
immodesty,23823
immolate,23824
immoral,23825
immorality,23826
immorally,23827
immortal,23828
immortality,23829
immovable,23830
immoveable,23831
immune,23832
immunised,23833
immunity,23834
immunized,23835
immunologist,23836
immure,23837
immures,23838
immutable,23839
imp,23840
impact,23841
impacted,23842
impaction,23843
impacts,23844
impair,23845
impaired,23846
impairment,23847
impairments,23848
impala,23849
impalas,23850
impale,23851
impaled,23852
impalement,23853
impales,23854
impart,23855
imparted,23856
impartial,23857
impartiality,23858
imparting,23859
imparts,23860
impassable,23861
impasse,23862
impasses,23863
impassioned,23864
impassive,23865
impassively,23866
impasto,23867
impatience,23868
impatient,23869
impeach,23870
impeached,23871
impeaches,23872
impeaching,23873
impeachment,23874
impeccable,23875
impecuniousness,23876
impedance,23877
impede,23878
impedes,23879
impediment,23880
impedimenta,23881
impediments,23882
impeding,23883
impel,23884
impels,23885
impend,23886
impended,23887
impending,23888
impends,23889
impenetrable,23890
imperative,23891
imperatives,23892
imperfect,23893
imperfection,23894
imperia,23895
imperial,23896
imperial_gallon,23897
imperialist,23898
imperil,23899
imperils,23900
imperious,23901
imperishable,23902
imperium,23903
impermanence,23904
impersonal,23905
impersonate,23906
impersonated,23907
impersonates,23908
impersonating,23909
impersonator,23910
impertinence,23911
impertinent,23912
imperturbable,23913
impervious,23914
impetigo,23915
impetuosity,23916
impetuous,23917
impetuously,23918
impetus,23919
impiety,23920
impinge,23921
impinged,23922
impious,23923
impish,23924
impishly,23925
implacable,23926
implant,23927
implanted,23928
implants,23929
implausible,23930
implement,23931
implementation,23932
implementing,23933
implements,23934
implicate,23935
implicated,23936
implication,23937
implications,23938
implicit,23939
implied,23940
implies,23941
implode,23942
implodes,23943
implore,23944
implored,23945
implores,23946
implosion,23947
imply,23948
implying,23949
impolite,23950
impolitic,23951
imponderable,23952
import,23953
importance,23954
important,23955
important_person,23956
importantly,23957
imported,23958
importer,23959
imports,23960
importunate,23961
importune,23962
importunes,23963
importuning,23964
impose,23965
imposed,23966
imposes,23967
imposing,23968
imposition,23969
impositions,23970
impossible,23971
impost,23972
imposter,23973
imposters,23974
impostor,23975
impostors,23976
imposts,23977
imposture,23978
impostures,23979
impotence,23980
impotent,23981
impound,23982
impounded,23983
impounds,23984
impoverish,23985
impoverished,23986
impoverishment,23987
impracticable,23988
impractical,23989
impracticality,23990
imprecate,23991
imprecated,23992
imprecation,23993
imprecise,23994
impregnable,23995
impregnate,23996
impresario,23997
impresarios,23998
impress,23999
impressed,24000
impresses,24001
impressing,24002
impression,24003
impressionable,24004
impressionism,24005
impressionist,24006
impressionists,24007
impressions,24008
impressive,24009
impressively,24010
impressiveness,24011
imprimatur,24012
imprint,24013
imprinted,24014
imprison,24015
imprisoned,24016
imprisonment,24017
imprisons,24018
improbable,24019
impromptu,24020
improper,24021
improperly,24022
impropriety,24023
improve,24024
improved,24025
improvement,24026
improvements,24027
improves,24028
improvident,24029
improving,24030
improvise,24031
improvised,24032
improvises,24033
improvising,24034
imprudence,24035
imprudent,24036
imprudently,24037
imps,24038
impudence,24039
impudent,24040
impudently,24041
impugn,24042
impugned,24043
impulse,24044
impulses,24045
impulsion,24046
impulsive,24047
impulsively,24048
impunity,24049
impure,24050
impurity,24051
impute,24052
imputed,24053
imputes,24054
in,24055
in-between,24056
in-law,24057
in-laws,24058
in-trays,24059
in-your-face,24060
in_a_bad_way,24061
in_a_flash,24062
in_a_nutshell,24063
in_a_way,24064
in_advance,24065
in_agreement,24066
in_all,24067
in_all_likelihood,24068
in_and_of_itself,24069
in_any_case,24070
in_any_event,24071
in_arrears,24072
in_brief,24073
in_camera,24074
in_case,24075
in_chorus,24076
in_common,24077
in_concert,24078
in_conclusion,24079
in_darkness,24080
in_demand,24081
in_detail,24082
in_due_course,24083
in_earnest,24084
in_effect,24085
in_essence,24086
in_evidence,24087
in_fact,24088
in_flight,24089
in_force,24090
in_front,24091
in_full,24092
in_gear,24093
in_general,24094
in_good_order,24095
in_good_spirits,24096
in_good_time,24097
in_hand,24098
in_haste,24099
in_hiding,24100
in_high_spirits,24101
in_large_quantities,24102
in_league,24103
in_line,24104
in_love,24105
in_low_spirits,24106
in_name_only,24107
in_no_time,24108
in_operation,24109
in_order,24110
in_other_words,24111
in_particular,24112
in_passing,24113
in_perpetuity,24114
in_person,24115
in_place,24116
in_play,24117
in_principle,24118
in_private,24119
in_public,24120
in_question,24121
in_reality,24122
in_secret,24123
in_series,24124
in_short,24125
in_sight,24126
in_situ,24127
in_spades,24128
in_store,24129
in_style,24130
in_tandem,24131
in_that,24132
in_the_air,24133
in_the_altogether,24134
in_the_beginning,24135
in_the_buff,24136
in_the_end,24137
in_the_first_place,24138
in_the_flesh,24139
in_the_lead,24140
in_the_long_run,24141
in_the_main,24142
in_the_meantime,24143
in_the_raw,24144
in_the_same_breath,24145
in_theory,24146
in_this,24147
in_time,24148
in_toto,24149
in_truth,24150
in_turn,24151
in_unison,24152
in_use,24153
in_utero,24154
in_vain,24155
in_vogue,24156
in_writing,24157
inaccuracies,24158
inaccuracy,24159
inaccurate,24160
inaccurately,24161
inaction,24162
inactive,24163
inactivity,24164
inadequacies,24165
inadequacy,24166
inadequate,24167
inadequately,24168
inadvertent,24169
inadvertently,24170
inamorata,24171
inamoratas,24172
inamorato,24173
inamoratos,24174
inane,24175
inanely,24176
inaner,24177
inanimate,24178
inanition,24179
inanity,24180
inappropriate,24181
inapt,24182
inaptitude,24183
inarticulate,24184
inattention,24185
inattentive,24186
inaudible,24187
inaugural,24188
inaugurals,24189
inaugurate,24190
inauguration,24191
inauspicious,24192
inauthentic,24193
inborn,24194
inbred,24195
inbuilt,24196
inca,24197
incan,24198
incandesce,24199
incandescent,24200
incantation,24201
incapable,24202
incapacitate,24203
incapacitated,24204
incapacity,24205
incarcerate,24206
incarcerated,24207
incarnate,24208
incarnation,24209
incas,24210
incase,24211
incased,24212
incautious,24213
incendiaries,24214
incendiarism,24215
incendiary,24216
incense,24217
incensed,24218
incentive,24219
incentives,24220
inception,24221
incessant,24222
incest,24223
inch,24224
inches,24225
inchoate,24226
inchworm,24227
incidence,24228
incident,24229
incidental,24230
incidental_music,24231
incidentally,24232
incidents,24233
incinerate,24234
incinerator,24235
incipience,24236
incipient,24237
incise,24238
incised,24239
incision,24240
incisive,24241
incisiveness,24242
incisor,24243
incitation,24244
incite,24245
incited,24246
incitement,24247
inciter,24248
incites,24249
inciting,24250
incivility,24251
inclement,24252
inclination,24253
inclinations,24254
incline,24255
inclined,24256
inclining,24257
inclosed,24258
include,24259
included,24260
includes,24261
including,24262
inclusive,24263
incognito,24264
incoherent,24265
income,24266
income_tax,24267
incomes,24268
incommode,24269
incomparable,24270
incompatible,24271
incompetence,24272
incompetent,24273
incompetent_person,24274
incomplete,24275
incomprehensibility,24276
incomprehensible,24277
inconceivable,24278
inconclusive,24279
incongruous,24280
incongruousness,24281
inconsequent,24282
inconsequential,24283
inconsiderable,24284
inconsiderate,24285
inconsideration,24286
inconsistencies,24287
inconsistency,24288
inconsistent,24289
inconsolable,24290
inconspicuous,24291
inconstancy,24292
inconstant,24293
incontestable,24294
incontrovertible,24295
inconvenience,24296
inconvenienced,24297
inconveniences,24298
inconvenient,24299
incorporate,24300
incorporated,24301
incorporating,24302
incorporation,24303
incorrect,24304
incorrigible,24305
incorrupt,24306
incorruptible,24307
increase,24308
increased,24309
increases,24310
increasing,24311
increasingly,24312
incredible,24313
incredibly,24314
incredulity,24315
increment,24316
incriminate,24317
incubate,24318
incubated,24319
incubates,24320
incubation,24321
incubator,24322
incubators,24323
incubi,24324
incubus,24325
inculcate,24326
incumbent,24327
incur,24328
incurable,24329
incurious,24330
incurred,24331
incurs,24332
incursion,24333
incursive,24334
incus,24335
indaba,24336
indebted,24337
indecency,24338
indecent,24339
indecently,24340
indecision,24341
indecisive,24342
indecorous,24343
indecorum,24344
indeed,24345
indefatigability,24346
indefatigable,24347
indefensible,24348
indefinite,24349
indefinite_article,24350
indefinitely,24351
indelible,24352
indelicacy,24353
indelicate,24354
indemnified,24355
indemnify,24356
indemnity,24357
indent,24358
indentation,24359
indented,24360
indents,24361
indenture,24362
independence,24363
independent,24364
independently,24365
indescribable,24366
indestructible,24367
indeterminate,24368
index,24369
index_finger,24370
index_fingers,24371
indexes,24372
india,24373
indiaman,24374
indiamen,24375
indian,24376
indian_capital,24377
indian_chiefs,24378
indian_corn,24379
indian_hemp,24380
indian_meals,24381
indiana,24382
indianan,24383
indianapolis,24384
indians,24385
indicate,24386
indicated,24387
indicates,24388
indicating,24389
indication,24390
indications,24391
indicative,24392
indicator,24393
indicators,24394
indices,24395
indict,24396
indicted,24397
indicting,24398
indictment,24399
indicts,24400
indie,24401
indies,24402
indifference,24403
indifferent,24404
indifferently,24405
indigence,24406
indigene,24407
indigenous,24408
indigenous_language,24409
indigent,24410
indigestible,24411
indigestion,24412
indignant,24413
indignation,24414
indignity,24415
indigo,24416
indigoes,24417
indirect,24418
indirectly,24419
indiscernible,24420
indiscreet,24421
indiscretion,24422
indiscriminate,24423
indiscriminately,24424
indispensable,24425
indisposed,24426
indisposition,24427
indistinct,24428
indistinctness,24429
indistinguishable,24430
indite,24431
indites,24432
indium,24433
individual,24434
individualist,24435
individually,24436
individuals,24437
indocile,24438
indoctrinate,24439
indoctrination,24440
indolence,24441
indolent,24442
indonesia,24443
indonesian,24444
indoor,24445
indoors,24446
indorse,24447
indra,24448
indrawn,24449
indri,24450
indris,24451
indubitable,24452
induce,24453
induced,24454
inducement,24455
inducements,24456
induces,24457
induct,24458
induction,24459
inducts,24460
indue,24461
indulge,24462
indulged,24463
indulgence,24464
indulgent,24465
indulges,24466
indulging,24467
indus,24468
industrial,24469
industrial_plant,24470
industrialist,24471
industries,24472
industrious,24473
industriousness,24474
industry,24475
indwell,24476
indweller,24477
inebriant,24478
inebriate,24479
inebriated,24480
inebriates,24481
inebriation,24482
inedible,24483
ineffable,24484
ineffective,24485
ineffectiveness,24486
ineffectual,24487
inefficiency,24488
inefficient,24489
inelastic,24490
inelegance,24491
inelegant,24492
ineligible,24493
ineluctable,24494
inept,24495
ineptitude,24496
ineptly,24497
ineptness,24498
inequality,24499
inequity,24500
inerrant,24501
inert,24502
inert_gas,24503
inertia,24504
inescapable,24505
inessential,24506
inestimable,24507
inevitable,24508
inevitably,24509
inexact,24510
inexactitudes,24511
inexcusable,24512
inexhaustible,24513
inexorable,24514
inexpedient,24515
inexpensive,24516
inexperience,24517
inexperienced,24518
inexperienced_person,24519
inexpert,24520
inexplicable,24521
inexpressible,24522
infallible,24523
infamous,24524
infamy,24525
infancy,24526
infant,24527
infant_school,24528
infantile,24529
infantries,24530
infantry,24531
infantryman,24532
infarction,24533
infatuate,24534
infatuated,24535
infatuation,24536
infect,24537
infected,24538
infecting,24539
infection,24540
infections,24541
infectious,24542
infectious_disease,24543
infer,24544
inference,24545
inferences,24546
inferior,24547
inferior_planet,24548
inferiors,24549
infernal,24550
infernally,24551
inferno,24552
infernos,24553
inferred,24554
infers,24555
infertile,24556
infest,24557
infestation,24558
infested,24559
infests,24560
infidel,24561
infidelities,24562
infidelity,24563
infidels,24564
infielder,24565
infiltrate,24566
infiltration,24567
infiltrations,24568
infiltrators,24569
infinite,24570
infinitesimal,24571
infinitive,24572
infinitude,24573
infinity,24574
infirm,24575
infirmaries,24576
infirmary,24577
infirmity,24578
inflame,24579
inflamed,24580
inflames,24581
inflammation,24582
inflammations,24583
inflammatory,24584
inflatable,24585
inflate,24586
inflated,24587
inflates,24588
inflation,24589
inflations,24590
inflator,24591
inflect,24592
inflected,24593
inflection,24594
inflexibility,24595
inflexible,24596
inflict,24597
inflicted,24598
infliction,24599
inflorescence,24600
inflow,24601
influence,24602
influence_peddlers,24603
influenced,24604
influences,24605
influent,24606
influential,24607
influential_person,24608
influenza,24609
influx,24610
info,24611
inform,24612
informal,24613
informally,24614
informant,24615
informants,24616
information,24617
informative,24618
informed,24619
informer,24620
informers,24621
informing,24622
informs,24623
infra,24624
infra_dig,24625
infract,24626
infracted,24627
infraction,24628
infrared,24629
infrasonic,24630
infrequent,24631
infringe,24632
infringement,24633
infringement_of_copyright,24634
infringements,24635
infringes,24636
infringing,24637
infuriate,24638
infuriated,24639
infuriates,24640
infuriating,24641
infuse,24642
infused,24643
infuses,24644
infusing,24645
infusion,24646
infusions,24647
ingenious,24648
ingenue,24649
ingenuity,24650
ingenuous,24651
ingest,24652
ingesta,24653
ingested,24654
ingesting,24655
ingestion,24656
ingests,24657
inglenook,24658
inglenooks,24659
ingmar_bergman,24660
ingot,24661
ingots,24662
ingrain,24663
ingrained,24664
ingrains,24665
ingratiate,24666
ingratiating,24667
ingredient,24668
ingredients,24669
ingres,24670
ingress,24671
ingroup,24672
ingrown,24673
inhabit,24674
inhabitant,24675
inhabitants,24676
inhabited,24677
inhabits,24678
inhalant,24679
inhalation,24680
inhale,24681
inhaled,24682
inhaler,24683
inharmonious,24684
inhere,24685
inherence,24686
inherent,24687
inherently,24688
inherit,24689
inheritance,24690
inherited,24691
inheritor,24692
inheritors,24693
inhibit,24694
inhibited,24695
inhibition,24696
inhospitable,24697
inhuman,24698
inhumane,24699
inhumanely,24700
inhumanity,24701
inigo_jones,24702
inimical,24703
inimitable,24704
iniquitous,24705
iniquity,24706
initial,24707
initially,24708
initials,24709
initiate,24710
initiated,24711
initiates,24712
initiation,24713
initiative,24714
initiator,24715
inject,24716
injected,24717
injection,24718
injector,24719
injects,24720
injunction,24721
injure,24722
injured,24723
injured_party,24724
injures,24725
injuries,24726
injuring,24727
injurious,24728
injury,24729
injustice,24730
inkblot,24731
inkblots,24732
inked,24733
inking,24734
inkle,24735
inkling,24736
inks,24737
inky,24738
inlaid,24739
inland,24740
inlay,24741
inlet,24742
inmate,24743
inmates,24744
inmost,24745
inn,24746
innards,24747
innate,24748
inner,24749
inner_circle,24750
inner_city,24751
inner_ear,24752
inner_tubes,24753
innermost,24754
innings,24755
innkeeper,24756
innkeepers,24757
innocence,24758
innocent,24759
innocently,24760
innocuous,24761
innovate,24762
innovation,24763
innovative,24764
innovator,24765
inns,24766
innsbruck,24767
innuendo,24768
innuendos,24769
innumerable,24770
inoculate,24771
inoculum,24772
inoffensive,24773
inoperable,24774
inoperative,24775
inopportune,24776
inordinate,24777
inordinately,24778
inorganic,24779
inorganic_compound,24780
inositol,24781
input,24782
input_device,24783
inputs,24784
inquest,24785
inquests,24786
inquired,24787
inquirer,24788
inquires,24789
inquiry,24790
inquisition,24791
inquisitive,24792
inquisitiveness,24793
inroad,24794
inroads,24795
inrush,24796
inrushes,24797
insalubrious,24798
insane,24799
insanely,24800
insanitary,24801
insanity,24802
insatiable,24803
inscribe,24804
inscribes,24805
inscribing,24806
inscription,24807
inscriptions,24808
inscrutable,24809
insect,24810
insecticide,24811
insectivore,24812
insects,24813
insecure,24814
insecurity,24815
inseminate,24816
insensate,24817
insensibility,24818
insensible,24819
insensitive,24820
insensitively,24821
insensitivity,24822
insentient,24823
inseparable,24824
insert,24825
inserted,24826
insertion,24827
insertions,24828
inserts,24829
inset,24830
insets,24831
inside,24832
inside_information,24833
inside_job,24834
inside_out,24835
insider,24836
insides,24837
insidious,24838
insight,24839
insightful,24840
insights,24841
insignia,24842
insignificance,24843
insignificant,24844
insincere,24845
insincerities,24846
insincerity,24847
insinuate,24848
insinuated,24849
insinuates,24850
insinuation,24851
insipid,24852
insist,24853
insisted,24854
insistence,24855
insistent,24856
insists,24857
insobriety,24858
insolation,24859
insole,24860
insolence,24861
insolent,24862
insoluble,24863
insolvency,24864
insolvent,24865
insomnia,24866
insomniac,24867
insouciance,24868
insouciant,24869
inspect,24870
inspected,24871
inspecting,24872
inspection,24873
inspections,24874
inspector,24875
inspectorate,24876
inspectors,24877
inspects,24878
inspiration,24879
inspirational,24880
inspire,24881
inspired,24882
inspires,24883
inspiring,24884
inspirit,24885
inspiriting,24886
inst,24887
instability,24888
instal,24889
install,24890
installation,24891
installed,24892
installs,24893
instalment,24894
instalments,24895
instals,24896
instance,24897
instances,24898
instant,24899
instant_coffee,24900
instantaneous,24901
instantaneously,24902
instanter,24903
instantiated,24904
instantly,24905
instants,24906
instead,24907
instep,24908
insteps,24909
instigate,24910
instigates,24911
instigator,24912
instil,24913
instill,24914
instilled,24915
instills,24916
instils,24917
instinct,24918
instinctive,24919
institute,24920
instituted,24921
institutes,24922
institution,24923
institutionalised,24924
instruct,24925
instructed,24926
instruction,24927
instructions,24928
instructive,24929
instructor,24930
instructors,24931
instrument,24932
instrument_of_punishment,24933
instrument_of_torture,24934
instrument_panel,24935
instrumental,24936
instrumentalist,24937
instrumentalists,24938
instrumentality,24939
instrumentation,24940
instruments,24941
insubordinate,24942
insubordination,24943
insubstantial,24944
insubstantiality,24945
insufferable,24946
insufficient,24947
insular,24948
insularity,24949
insulate,24950
insulated,24951
insulates,24952
insulating,24953
insulating_material,24954
insulation,24955
insulator,24956
insulin,24957
insult,24958
insulted,24959
insulting,24960
insults,24961
insurance,24962
insure,24963
insured,24964
insurer,24965
insures,24966
insurgence,24967
insurgency,24968
insurgent,24969
insurmountable,24970
insurrection,24971
insurrectionist,24972
intact,24973
intaglio,24974
intake,24975
intakes,24976
intangible,24977
intangible_asset,24978
integer,24979
integers,24980
integral,24981
integrally,24982
integrate,24983
integrated,24984
integrity,24985
integument,24986
intellect,24987
intellectual,24988
intellectual_property,24989
intellectuals,24990
intelligence,24991
intelligent,24992
intelligentsia,24993
intelligible,24994
intemperance,24995
intemperate,24996
intend,24997
intended,24998
intending,24999
intends,25000
intense,25001
intensely,25002
intensified,25003
intensify,25004
intensity,25005
intensive,25006
intent,25007
intention,25008
intentional,25009
intentionally,25010
intentions,25011
intently,25012
intents,25013
inter,25014
interact,25015
interactions,25016
interacts,25017
interbreeding,25018
intercede,25019
intercedes,25020
intercept,25021
intercepted,25022
interceptor,25023
intercepts,25024
intercession,25025
intercessor,25026
interchange,25027
interchangeable,25028
interchanged,25029
interchanges,25030
intercom,25031
intercommunicate,25032
intercourse,25033
interdependent,25034
interdict,25035
interdiction,25036
interdicts,25037
interest,25038
interested,25039
interestedness,25040
interesting,25041
interests,25042
interface,25043
interfere,25044
interfered,25045
interference,25046
interfering,25047
interferometer,25048
interferometers,25049
interferon,25050
interim,25051
interior,25052
interior_decoration,25053
interior_design,25054
interior_designer,25055
interior_designers,25056
interlace,25057
interlink,25058
interlinks,25059
interlock,25060
interlope,25061
interloper,25062
interloping,25063
interlude,25064
interludes,25065
intermediaries,25066
intermediary,25067
intermediate,25068
intermediator,25069
interment,25070
interminable,25071
intermingle,25072
intermission,25073
intermit,25074
intermits,25075
intermittent,25076
intermittently,25077
intermix,25078
intern,25079
internal,25080
internal_organs,25081
international,25082
international_organisation,25083
international_organization,25084
interne,25085
internecine,25086
interned,25087
internee,25088
internees,25089
internet,25090
internet_site,25091
internment,25092
interns,25093
internship,25094
interplays,25095
interpol,25096
interpolate,25097
interpose,25098
interposed,25099
interpret,25100
interpretation,25101
interpretations,25102
interpretative,25103
interpreted,25104
interpreter,25105
interpreting,25106
interprets,25107
interred,25108
interrelation,25109
interrogate,25110
interrogated,25111
interrogates,25112
interrogation,25113
interrogative,25114
interrogator,25115
interrogators,25116
interrogatory,25117
interrupt,25118
interrupted,25119
interrupting,25120
interruption,25121
intersect,25122
intersection,25123
intersperse,25124
interspersion,25125
interstate,25126
intertrigo,25127
intertwine,25128
intertwined,25129
interval,25130
intervals,25131
intervene,25132
intervening,25133
intervention,25134
interview,25135
interviewers,25136
interweave,25137
interwoven,25138
intestate,25139
intestinal_obstruction,25140
intestine,25141
intestines,25142
intifada,25143
intimacy,25144
intimate,25145
intimated,25146
intimately,25147
intimates,25148
intimation,25149
intimations,25150
intimidate,25151
intimidated,25152
intimidates,25153
intimidating,25154
intimidation,25155
into_the_bargain,25156
intolerable,25157
intolerance,25158
intolerant,25159
intonate,25160
intonation,25161
intone,25162
intoned,25163
intones,25164
intoning,25165
intoxicant,25166
intoxicated,25167
intoxicating,25168
intoxication,25169
intractable,25170
intranet,25171
intransigence,25172
intransigent,25173
intravenous_drip,25174
intrepid,25175
intricacy,25176
intricate,25177
intrigue,25178
intriguer,25179
intriguing,25180
intrinsic,25181
intro,25182
introduce,25183
introduced,25184
introduces,25185
introducing,25186
introduction,25187
introductions,25188
introit,25189
introits,25190
intromit,25191
intros,25192
introspecting,25193
introspection,25194
introspective,25195
introversion,25196
introvert,25197
introverted,25198
intrude,25199
intruder,25200
intruders,25201
intruding,25202
intrusion,25203
intrusions,25204
intrusive,25205
intuit,25206
intuition,25207
intuitive,25208
intuitive_feeling,25209
intuits,25210
intumesce,25211
inuit,25212
inuits,25213
inula,25214
inundate,25215
inundated,25216
inundates,25217
inundating,25218
inundation,25219
inure,25220
inured,25221
inutile,25222
inutility,25223
invade,25224
invaded,25225
invader,25226
invaders,25227
invalid,25228
invalidate,25229
invalidates,25230
invaluable,25231
invariable,25232
invariably,25233
invasion,25234
invasive,25235
invective,25236
inveighing,25237
inveighs,25238
inveigle,25239
inveigles,25240
inveigling,25241
invent,25242
invented,25243
invention,25244
inventive,25245
inventor,25246
inventories,25247
inventors,25248
inventory,25249
inverse,25250
invert,25251
invertebrate,25252
inverted,25253
inverted_comma,25254
inverted_commas,25255
inverter,25256
invest,25257
invested,25258
investigate,25259
investigated,25260
investigates,25261
investigating,25262
investigation,25263
investigations,25264
investigator,25265
investigators,25266
investiture,25267
investment,25268
investments,25269
investor,25270
investors,25271
invests,25272
inveterate,25273
invidious,25274
invigilate,25275
invigilator,25276
invigorate,25277
invigorated,25278
invigorating,25279
invincible,25280
inviolable,25281
inviolate,25282
invisible,25283
invitation,25284
invite,25285
invited,25286
invitee,25287
invitees,25288
invites,25289
inviting,25290
invocation,25291
invoice,25292
invoicing,25293
invoke,25294
invokes,25295
involuntary,25296
involve,25297
involved,25298
involvement,25299
involves,25300
invulnerability,25301
invulnerable,25302
inward,25303
inwardly,25304
inwards,25305
iodide,25306
iodides,25307
iodine,25308
ion,25309
ionesco,25310
ionian,25311
ionic,25312
ionise,25313
ionises,25314
ionising,25315
ions,25316
iota,25317
iotas,25318
ious,25319
iowa,25320
iowan,25321
ipecac,25322
ipomoea,25323
ipso_facto,25324
ira,25325
iran,25326
iranian,25327
iraq,25328
iraqi,25329
iraqis,25330
irascibility,25331
irascible,25332
irate,25333
irately,25334
ire,25335
ireful,25336
ireland,25337
irelanders,25338
irena,25339
iridescent,25340
iridium,25341
iridiums,25342
iris,25343
iris_murdoch,25344
irises,25345
irish,25346
irish_sea,25347
irish_setter,25348
irish_setters,25349
irish_stew,25350
irish_terrier,25351
irish_wolfhound,25352
irishman,25353
irk,25354
irked,25355
irking,25356
irksome,25357
iron,25358
iron-grey,25359
iron_age,25360
iron_duke,25361
iron_horse,25362
iron_horses,25363
iron_lady,25364
iron_lung,25365
iron_maiden,25366
iron_man,25367
iron_ore,25368
iron_out,25369
ironclad,25370
ironed,25371
ironic,25372
ironical,25373
ironically,25374
ironies,25375
ironing,25376
ironman,25377
ironmonger,25378
ironmongery,25379
irons,25380
ironside,25381
ironsides,25382
ironweed,25383
ironwork,25384
ironworks,25385
irony,25386
iroquois,25387
irradiate,25388
irrational,25389
irrationality,25390
irrefutable,25391
irregular,25392
irregularity,25393
irregularly,25394
irrelevancies,25395
irrelevant,25396
irreligious,25397
irreplaceable,25398
irrepressible,25399
irresistible,25400
irresistible_impulses,25401
irresolute,25402
irresolution,25403
irresponsible,25404
irreverence,25405
irreverent,25406
irreverently,25407
irrigate,25408
irrigation,25409
irritability,25410
irritable,25411
irritably,25412
irritant,25413
irritants,25414
irritate,25415
irritated,25416
irritates,25417
irritating,25418
irritation,25419
irrupt,25420
irrupted,25421
irruption,25422
irs,25423
irula,25424
irving,25425
irving_berlin,25426
is,25427
isaac,25428
isaac_newton,25429
isabella,25430
isaiah,25431
isatis,25432
ischaemia,25433
ischia,25434
isere,25435
iseult,25436
isfahan,25437
isherwood,25438
ishmael,25439
ishtar,25440
isinglass,25441
isis,25442
islam,25443
islamabad,25444
islamic,25445
island,25446
islander,25447
islanders,25448
islands,25449
islay,25450
isle,25451
isle_of_man,25452
isles,25453
isles_of_scilly,25454
islet,25455
islets,25456
ism,25457
ismaili,25458
isms,25459
isobar,25460
isogon,25461
isolate,25462
isolated,25463
isolates,25464
isolating,25465
isolation,25466
isolde,25467
isomer,25468
isomers,25469
isometric,25470
isometry,25471
isopod,25472
isopoda,25473
isosceles,25474
isotherm,25475
isotonic_solution,25476
isotope,25477
israel,25478
israeli,25479
israelis,25480
israelite,25481
issuance,25482
issue,25483
issued,25484
issuer,25485
issues,25486
istanbul,25487
isthmi,25488
isthmus,25489
it,25490
italia,25491
italian,25492
italian_peninsula,25493
italian_region,25494
italian_vermouth,25495
italians,25496
italic,25497
italicise,25498
italicised,25499
italics,25500
italy,25501
itch,25502
itched,25503
itches,25504
itchiness,25505
itching,25506
itchy,25507
itchy_feet,25508
item,25509
itemise,25510
itemised,25511
itemises,25512
itemising,25513
itemized,25514
itemizes,25515
items,25516
iterate,25517
iterated,25518
iterates,25519
iterating,25520
iteration,25521
iterations,25522
iterative,25523
ithaca,25524
itinerant,25525
itinerants,25526
itinerary,25527
its,25528
itsy-bitsy,25529
ivan_lendl,25530
ivan_the_terrible,25531
ives,25532
ivied,25533
ivies,25534
ivories,25535
ivory,25536
ivory_coast,25537
ivory_tower,25538
ivy,25539
iwo_jima,25540
izmir,25541
jab,25542
jabbed,25543
jabber,25544
jabbering,25545
jabbing,25546
jabs,25547
jacaranda,25548
jacarandas,25549
jack,25550
jack_frost,25551
jack_of_all_trades,25552
jack_up,25553
jackal,25554
jackals,25555
jackass,25556
jackdaw,25557
jacket,25558
jacket_potato,25559
jacketed,25560
jackets,25561
jackknife,25562
jackpot,25563
jacks,25564
jackson,25565
jackson_pollock,25566
jackstraws,25567
jacob,25568
jacob_epstein,25569
jacobi,25570
jacobin,25571
jacquard,25572
jacques_cartier,25573
jade,25574
jaded,25575
jades,25576
jaeger,25577
jaffas,25578
jag,25579
jagged,25580
jagger,25581
jaggery,25582
jaguar,25583
jaguarondi,25584
jaguars,25585
jail,25586
jailbird,25587
jailed,25588
jailer,25589
jailhouse,25590
jailor,25591
jain,25592
jakarta,25593
jakes,25594
jalapeno,25595
jalapenos,25596
jalopies,25597
jalopy,25598
jam,25599
jam-packed,25600
jamaica,25601
jamaican,25602
jamaicans,25603
jamb,25604
jambeau,25605
jamboree,25606
jamborees,25607
james,25608
james_bond,25609
james_i,25610
jamjar,25611
jammed,25612
jamming,25613
jampan,25614
jampot,25615
jams,25616
jane_austen,25617
jangle,25618
jangling,25619
jangly,25620
janis_joplin,25621
janissaries,25622
janitor,25623
january,25624
janus,25625
japan,25626
japanese,25627
japanese_cedar,25628
japans,25629
jape,25630
japes,25631
japonica,25632
jar,25633
jargon,25634
jarring,25635
jars,25636
jasmine,25637
jason,25638
jasper,25639
jaundice,25640
jaundiced,25641
jaunt,25642
jaunts,25643
jaunty,25644
java,25645
javelin,25646
jaw,25647
jawaharlal_nehru,25648
jawbone,25649
jawbones,25650
jawed,25651
jawing,25652
jawless_fish,25653
jaws,25654
jays,25655
jazz,25656
jazz_band,25657
jazz_musician,25658
jazz_up,25659
jazzman,25660
jazzmen,25661
jazzy,25662
jealous,25663
jealousy,25664
jean,25665
jean-paul_sartre,25666
jean_harlow,25667
jeans,25668
jeep,25669
jeer,25670
jeered,25671
jeers,25672
jefferson,25673
jehovah,25674
jejune,25675
jejunity,25676
jell,25677
jelly,25678
jelly_bean,25679
jelly_beans,25680
jellyfish,25681
jemmy,25682
jenny,25683
jeopardise,25684
jeopardised,25685
jeopardises,25686
jeopardy,25687
jerboa,25688
jeremiad,25689
jericho,25690
jerk,25691
jerkin,25692
jerking,25693
jerks,25694
jerky,25695
jeroboam,25696
jerome,25697
jerry,25698
jerry-built,25699
jersey,25700
jerseys,25701
jerusalem,25702
jest,25703
jester,25704
jesters,25705
jesting,25706
jests,25707
jesuit,25708
jesuits,25709
jesus,25710
jet,25711
jet_engine,25712
jet_plane,25713
jet_propulsion,25714
jet_set,25715
jet_stream,25716
jetliner,25717
jets,25718
jetsam,25719
jetted,25720
jettison,25721
jettisoned,25722
jettisons,25723
jetty,25724
jewel,25725
jewelled,25726
jewelled_headdress,25727
jeweller,25728
jewellery,25729
jewelry,25730
jewels,25731
jewish,25732
jezebel,25733
jibe,25734
jibed,25735
jibes,25736
jiffy,25737
jiggery-pokery,25738
jiggle,25739
jigs,25740
jigsaw,25741
jigsaws,25742
jilt,25743
jimmy,25744
jingle,25745
jingles,25746
jingoism,25747
jinnee,25748
jinx,25749
jinxed,25750
jird,25751
jitterbug,25752
jitterbugged,25753
jitterbugs,25754
jittery,25755
jiujitsu,25756
jive,25757
jiving,25758
joan_of_arc,25759
job,25760
job_description,25761
job_lot,25762
jobbers,25763
jobless,25764
jobs,25765
jocasta,25766
jock,25767
jockey,25768
jockstrap,25769
jocose,25770
jocosity,25771
jocular,25772
jocularity,25773
jocund,25774
jodhpurs,25775
joe_louis,25776
joel,25777
jog,25778
jogger,25779
joggers,25780
jogging,25781
joggle,25782
jogs,25783
johann_strauss,25784
johannes_brahms,25785
johannesburg,25786
john,25787
john_barleycorn,25788
john_bull,25789
john_cabot,25790
john_constable,25791
john_dory,25792
john_dryden,25793
john_galsworthy,25794
john_milton,25795
john_osborne,25796
john_stuart_mill,25797
john_the_baptist,25798
johnnies,25799
johnny,25800
johns,25801
johnson,25802
join,25803
join_forces,25804
joined,25805
joined_forces,25806
joiner,25807
joining,25808
joining_forces,25809
joins,25810
joins_forces,25811
joint,25812
jointed,25813
jointers,25814
jointly,25815
joints,25816
jointure,25817
joist,25818
joke,25819
joker,25820
jokers,25821
jokes,25822
jokester,25823
jokesters,25824
joking,25825
jollier,25826
jollies,25827
jolly,25828
jolly_roger,25829
jolt,25830
jolting,25831
jolts,25832
jonah,25833
jonathan,25834
jones,25835
jonquil,25836
jonson,25837
joplin,25838
jordan,25839
jordanian,25840
joseph,25841
josh,25842
joshed,25843
joshua,25844
joshua_tree,25845
jostle,25846
jostled,25847
jostling,25848
jot,25849
jot_down,25850
jots,25851
jotted,25852
jotter,25853
jotunn,25854
joule,25855
joules,25856
jounce,25857
journal,25858
journalist,25859
journalists,25860
journals,25861
journey,25862
journeyman,25863
journeys,25864
joust,25865
jove,25866
jovial,25867
jowl,25868
joy,25869
joyce,25870
joyful,25871
joyous,25872
joyously,25873
joyride,25874
joys,25875
joystick,25876
jubilant,25877
jubilating,25878
jubilation,25879
jubilee,25880
judaism,25881
judas,25882
judder,25883
judge,25884
judged,25885
judgement,25886
judges,25887
judging,25888
judgment,25889
judgmental,25890
judicial,25891
judicial_decision,25892
judicial_writ,25893
judicious,25894
judith,25895
judo,25896
judy_garland,25897
jug,25898
juggle,25899
jugs,25900
juice,25901
juicer,25902
juices,25903
juicy,25904
jujitsu,25905
juju,25906
jujube,25907
jukebox,25908
jukeboxes,25909
julep,25910
juleps,25911
jules_verne,25912
julienne,25913
july,25914
jumble,25915
jumbo,25916
jumbo_jet,25917
jump,25918
jump-start,25919
jump_suit,25920
jumped,25921
jumper,25922
jumpers,25923
jumping,25924
jumps,25925
jumpsuit,25926
jumpy,25927
junco,25928
junction,25929
juncture,25930
june,25931
jung,25932
jungian,25933
jungle,25934
jungle_fowl,25935
junior,25936
juniper,25937
junipers,25938
junk,25939
junk_e-mail,25940
junk_e-mails,25941
junk_food,25942
junk_mail,25943
junket,25944
junkets,25945
junkie,25946
junkies,25947
juno,25948
junta,25949
jupiter,25950
jurisdiction,25951
jurist,25952
juror,25953
jury,25954
just,25955
just_about,25956
just_as,25957
just_in_case,25958
just_now,25959
just_right,25960
just_so,25961
just_the_ticket,25962
justice,25963
justifiable,25964
justification,25965
justifications,25966
justified,25967
justifies,25968
justify,25969
justifying,25970
justinian,25971
justly,25972
jut,25973
jute,25974
jutland,25975
juts,25976
juvenal,25977
juvenile,25978
juvenility,25979
juxtapose,25980
juxtaposition,25981
k,25982
kabul,25983
kachina,25984
kafka,25985
kafkaesque,25986
kaftan,25987
kaftans,25988
kahikateas,25989
kaiser,25990
kale,25991
kaleidoscope,25992
kaleidoscopic,25993
kalian,25994
kalimantan,25995
kalmia,25996
kami,25997
kamikaze,25998
kampala,25999
kampuchea,26000
kandinsky,26001
kangaroo,26002
kangaroo_paw,26003
kangaroos,26004
kansan,26005
kansas,26006
kansas_city,26007
kant,26008
kaolin,26009
kapok,26010
kappa,26011
kaput,26012
karachi,26013
karaoke,26014
karate,26015
karen,26016
karl_marx,26017
karma,26018
karnataka,26019
karpov,26020
kasbah,26021
kasha,26022
kashmir,26023
kashmiri,26024
kathmandu,26025
katowice,26026
katydid,26027
kayak,26028
kayaking,26029
kayo,26030
kayos,26031
kazoo,26032
kea,26033
keaton,26034
keats,26035
kebab,26036
kebabs,26037
kedgeree,26038
keel,26039
keel_over,26040
keelboat,26041
keels,26042
keen,26043
keen-eyed,26044
keened,26045
keener,26046
keenly,26047
keenness,26048
keens,26049
keep,26050
keep_an_eye_on,26051
keep_away,26052
keep_back,26053
keep_down,26054
keep_going,26055
keep_in,26056
keep_mum,26057
keep_off,26058
keep_on,26059
keep_out,26060
keep_quiet,26061
keep_tabs_on,26062
keep_track,26063
keep_up,26064
keeper,26065
keepers,26066
keeping,26067
keeps,26068
keepsake,26069
keepsakes,26070
keg,26071
kellogg,26072
kelp,26073
kelvin,26074
kempt,26075
ken,26076
kennedy,26077
kennel,26078
kennels,26079
keno,26080
kentucky,26081
kentucky_derby,26082
kenya,26083
kenyan,26084
kenyans,26085
kepi,26086
kepler,26087
kept,26088
kept_up,26089
kept_woman,26090
kerb,26091
kerchief,26092
kerfuffle,26093
kerfuffles,26094
kern,26095
kernel,26096
kernels,26097
kerosene,26098
kerouac,26099
kestrel,26100
kestrels,26101
ketch,26102
ketchup,26103
ketchups,26104
kettering,26105
kettle,26106
kettle_of_fish,26107
kettledrum,26108
kettledrums,26109
key,26110
key_signature,26111
keyboard,26112
keyboard_instrument,26113
keyed,26114
keyhole,26115
keyhole_saw,26116
keynes,26117
keynesian,26118
keynote,26119
keynotes,26120
keys,26121
keystone,26122
khaki,26123
khalsa,26124
khan,26125
khartoum,26126
khedive,26127
khmer_rouge,26128
khrushchev,26129
kiang,26130
kibble,26131
kibitz,26132
kibitzer,26133
kibosh,26134
kick,26135
kick-start,26136
kick_back,26137
kick_in,26138
kick_off,26139
kick_out,26140
kick_the_bucket,26141
kickback,26142
kicked,26143
kicking,26144
kickoff,26145
kicks,26146
kid,26147
kidd,26148
kidding,26149
kidnap,26150
kidnapped,26151
kidnapper,26152
kidnappers,26153
kidnapping,26154
kidnaps,26155
kidney,26156
kidney_bean,26157
kidney_disease,26158
kidney_stone,26159
kidney_stones,26160
kidneys,26161
kids,26162
kidskin,26163
kierkegaard,26164
kieselguhr,26165
kiev,26166
kilimanjaro,26167
kill,26168
killdeer,26169
killed,26170
killer,26171
killer_bee,26172
killer_whale,26173
killers,26174
killifish,26175
killing,26176
killjoy,26177
kills,26178
kiln,26179
kilns,26180
kilo,26181
kilogram,26182
kilograms,26183
kilolitre,26184
kilometre,26185
kilometres,26186
kilowatt,26187
kilowatt_hour,26188
kilt,26189
kilter,26190
kimono,26191
kin,26192
kinase,26193
kind,26194
kind-hearted,26195
kind-heartedness,26196
kind_of,26197
kinda,26198
kinder,26199
kindergarten,26200
kindle,26201
kindles,26202
kindliness,26203
kindling,26204
kindly,26205
kindness,26206
kindred,26207
kinescope,26208
kinesis,26209
kinetic,26210
king,26211
king-size,26212
king_arthur,26213
king_crab,26214
king_lear,26215
king_of_beasts,26216
king_of_england,26217
king_salmon,26218
kingcup,26219
kingdom,26220
kingdoms,26221
kingfisher,26222
kinglike,26223
kingly,26224
kingpin,26225
kings,26226
kingston,26227
kink,26228
kinks,26229
kinky,26230
kinshasa,26231
kinship,26232
kinsman,26233
kinsmen,26234
kinswoman,26235
kiosk,26236
kip,26237
kipling,26238
kipper,26239
kippers,26240
kirk,26241
kirks,26242
kirsch,26243
kislev,26244
kismet,26245
kiss,26246
kiss_of_life,26247
kissed,26248
kisser,26249
kisses,26250
kissing,26251
kit,26252
kit_bag,26253
kit_out,26254
kitbag,26255
kitchen,26256
kitchen_appliance,26257
kitchen_appliances,26258
kitchen_garden,26259
kitchen_help,26260
kitchen_stove,26261
kitchen_utensil,26262
kitchener,26263
kitchenware,26264
kite,26265
kited,26266
kites,26267
kith,26268
kitsch,26269
kitschy,26270
kitten,26271
kittenish,26272
kittens,26273
kitties,26274
kittiwake,26275
kittiwakes,26276
kittul,26277
kitty,26278
kiwi,26279
klaxon,26280
klaxons,26281
klee,26282
kleenex,26283
klein,26284
klimt,26285
klondike,26286
knack,26287
knackered,26288
knackwurst,26289
knap,26290
knapsack,26291
knapweed,26292
knave,26293
knaveries,26294
knavery,26295
knaves,26296
knavish,26297
knead,26298
kneading,26299
kneads,26300
knee,26301
knee-deep,26302
knee-hi,26303
knee_joint,26304
kneecap,26305
kneecaps,26306
kneel,26307
kneels,26308
knees,26309
knell,26310
knesset,26311
knew,26312
knickerbockers,26313
knickers,26314
knife,26315
knife-edge,26316
knife_edge,26317
knife_fight,26318
knifed,26319
knifes,26320
knifing,26321
knight,26322
knight_bachelor,26323
knighted,26324
knighthood,26325
knighting,26326
knightly,26327
knights,26328
knish,26329
knit,26330
knits,26331
knitting,26332
knitwear,26333
knives,26334
knob,26335
knobbly,26336
knobs,26337
knock,26338
knock-down,26339
knock-on_effects,26340
knock_about,26341
knock_back,26342
knock_down,26343
knock_off,26344
knock_out,26345
knock_over,26346
knock_up,26347
knockabout,26348
knockdown,26349
knocked_out,26350
knocker,26351
knockers,26352
knocking,26353
knockout,26354
knockouts,26355
knocks,26356
knoll,26357
knolls,26358
knot,26359
knotgrass,26360
knothole,26361
knots,26362
knotted,26363
knotty,26364
knout,26365
knouts,26366
know,26367
know-all,26368
know-alls,26369
know-how,26370
know-it-all,26371
know_the_score,26372
knowing,26373
knowingly,26374
knowledge,26375
knowledgeable,26376
known,26377
knows,26378
knuckle,26379
knuckled,26380
knucklehead,26381
koala,26382
koala_bear,26383
koalas,26384
kobe,26385
kodiak,26386
kohl,26387
kohlrabi,26388
kook,26389
kookaburra,26390
koran,26391
kore,26392
korea,26393
korean,26394
koruna,26395
kos,26396
kosher,26397
kosovo,26398
kotow,26399
kowtow,26400
kowtowed,26401
kraal,26402
kraft,26403
krait,26404
krakow,26405
kremlin,26406
krill,26407
kris,26408
krishna,26409
krona,26410
krone,26411
kroner,26412
kruger,26413
krypton,26414
kudos,26415
kudu,26416
kumquat,26417
kung_fu,26418
kurdish,26419
kurta,26420
kuru,26421
kuwait,26422
kuwaiti,26423
kvetch,26424
kvetches,26425
kylie,26426
kyoto,26427
l,26428
la,26429
la-di-da,26430
la_paz,26431
laager,26432
lab,26433
label,26434
labelled,26435
labelling,26436
labels,26437
labile,26438
laboratory,26439
laborious,26440
labour,26441
labour_camp,26442
laboured,26443
labourer,26444
labours,26445
labrador,26446
laburnum,26447
labyrinth,26448
labyrinthine,26449
labyrinths,26450
lac,26451
lace,26452
laced,26453
lacerate,26454
lacerated,26455
lacerates,26456
lacerating,26457
laceration,26458
lacerations,26459
lacertilia,26460
laces,26461
lacewings,26462
lacework,26463
lachesis,26464
lachrymose,26465
laciniate,26466
lack,26467
lackadaisical,26468
lackey,26469
lackeys,26470
lacking,26471
lacklustre,26472
lacks,26473
laconic,26474
lacquer,26475
lacrosse,26476
lactate,26477
lacteal,26478
lactose,26479
lacuna,26480
lad,26481
ladanum,26482
ladder,26483
laddered,26484
laddering,26485
ladders,26486
laddie,26487
laddies,26488
laden,26489
lades,26490
ladies,26491
ladies'_man,26492
ladies-in-waiting,26493
lading,26494
ladino,26495
ladle,26496
lads,26497
lady,26498
lady-in-waiting,26499
lady_friend,26500
lady_godiva,26501
lady_killer,26502
lady_of_the_house,26503
ladybird,26504
ladybirds,26505
ladybug,26506
ladylike,26507
ladylove,26508
ladyship,26509
laevulose,26510
lag,26511
lager,26512
lager_beer,26513
laggard,26514
laggards,26515
lagging,26516
lagniappe,26517
lagniappes,26518
lagomorph,26519
lagoon,26520
lagoons,26521
lagos,26522
lags,26523
lagune,26524
lah,26525
lahar,26526
lahore,26527
laic,26528
laid,26529
laid-back,26530
laid_low,26531
laid_up,26532
lain,26533
lair,26534
laird,26535
lairds,26536
lairs,26537
laity,26538
lake,26539
lake_malawi,26540
lallans,26541
lam,26542
lama,26543
lamarck,26544
lamb,26545
lamb_chop,26546
lambast,26547
lambaste,26548
lambasted,26549
lambasting,26550
lambasts,26551
lambda,26552
lambent,26553
lambert,26554
lambkin,26555
lambs,26556
lambskin,26557
lame,26558
lame_duck,26559
lameness,26560
lament,26561
lamentable,26562
lamentably,26563
lamentation,26564
lamentations,26565
lamented,26566
lamenting,26567
laments,26568
lamia,26569
lamias,26570
lamina,26571
laminae,26572
laminate,26573
laminates,26574
lammastide,26575
lammergeier,26576
lamming,26577
lamp,26578
lamp_oil,26579
lamp_shell,26580
lamplighter,26581
lamplit,26582
lampoon,26583
lampooned,26584
lampooner,26585
lampooners,26586
lampooning,26587
lampoons,26588
lamprey,26589
lamps,26590
lams,26591
lanai,26592
lanate,26593
lancashire,26594
lancaster,26595
lance,26596
lance_corporal,26597
lanced,26598
lancelets,26599
lancelot,26600
lancer,26601
lancers,26602
lances,26603
lancet,26604
lancinate,26605
lancing,26606
land,26607
land_agent,26608
land_area,26609
land_mass,26610
land_masses,26611
land_mine,26612
land_of_opportunity,26613
land_tenure,26614
landau,26615
landed,26616
landed_estate,26617
landfall,26618
landgrave,26619
landholder,26620
landholders,26621
landing,26622
landing_place,26623
landing_stage,26624
landing_strip,26625
landings,26626
landlady,26627
landlord,26628
landlords,26629
landmark,26630
landmarks,26631
landmass,26632
landowner,26633
landowners,26634
lands,26635
landscape,26636
landscape_painting,26637
landscapes,26638
landslide,26639
landslip,26640
lane,26641
lanes,26642
langouste,26643
langoustes,26644
langoustine,26645
langston_hughes,26646
language,26647
language_unit,26648
languages,26649
languid,26650
languish,26651
languor,26652
languorous,26653
langur,26654
laniard,26655
lank,26656
lankier,26657
lanky,26658
lanolin,26659
lantana,26660
lantern,26661
lantern_slide,26662
lanterns,26663
lanthanum,26664
lanyard,26665
laos,26666
laotian,26667
lap,26668
lap_up,26669
lapdog,26670
lapel,26671
lapidary,26672
lapidated,26673
lapidating,26674
lapis_lazuli,26675
laplace,26676
lapp,26677
lapped,26678
lapping,26679
laps,26680
lapse,26681
lapsed,26682
lapses,26683
lapsing,26684
laptop,26685
laptops,26686
lapwing,26687
lapwings,26688
laramie,26689
larboard,26690
larcener,26691
larcenist,26692
larcenists,26693
larcenous,26694
larceny,26695
larch,26696
larches,26697
lard,26698
larder,26699
larders,26700
large,26701
large-scale,26702
large_intestine,26703
large_number,26704
large_numbers,26705
largely,26706
largeness,26707
larger,26708
largess,26709
largesse,26710
largest,26711
larghissimo,26712
largo,26713
largos,26714
lariat,26715
lariats,26716
lark,26717
lark_about,26718
larking,26719
larks,26720
larkspur,26721
larkspurs,26722
larned,26723
larrup,26724
larrups,26725
larva,26726
laryngitis,26727
larynx,26728
larynxes,26729
las_vegas,26730
lasagna,26731
lasagne,26732
lascar,26733
lascars,26734
lascivious,26735
laser,26736
laser_beam,26737
lash,26738
lash_out,26739
lashed,26740
lashes,26741
lashing,26742
lashings,26743
lasik,26744
lass,26745
lasses,26746
lassie,26747
lassies,26748
lassitude,26749
lasso,26750
lassoed,26751
lassos,26752
last,26753
last-ditch,26754
last-minute,26755
last_days,26756
last_judgement,26757
last_minute,26758
last_out,26759
last_resort,26760
last_rites,26761
last_straw,26762
last_supper,26763
last_word,26764
last_words,26765
lasted,26766
lasting,26767
lastly,26768
lasts,26769
lat,26770
latakia,26771
latch,26772
latch_on,26773
latches,26774
latchkey,26775
latchkeys,26776
late,26777
late-flowering,26778
late_latin,26779
lateen,26780
lately,26781
latency,26782
lateness,26783
latent,26784
latent_hostility,26785
later,26786
later_on,26787
lateral,26788
lateral_thinking,26789
laterally,26790
lateran,26791
latest,26792
latex,26793
lath,26794
lathe,26795
lather,26796
lathered,26797
lathers,26798
lathi,26799
lathis,26800
latin,26801
latin_american,26802
latin_quarter,26803
latiner,26804
latinist,26805
latino,26806
latinos,26807
latitude,26808
latitudes,26809
latitudinarian,26810
latke,26811
latrine,26812
latrines,26813
latte,26814
latter,26815
latter-day,26816
lattice,26817
lattices,26818
latticework,26819
latvia,26820
latvian,26821
laud,26822
laudable,26823
laudanum,26824
laudatory,26825
lauded,26826
lauder,26827
lauds,26828
laugh,26829
laugh_at,26830
laugh_loudly,26831
laugh_off,26832
laughable,26833
laughed,26834
laughing,26835
laughing_gas,26836
laughs,26837
laughter,26838
launce,26839
launch,26840
launch_pad,26841
launched,26842
launcher,26843
launches,26844
launching,26845
launder,26846
laundered,26847
laundress,26848
laundries,26849
laundromat,26850
laundry,26851
laurel,26852
laurels,26853
laurence_sterne,26854
lausanne,26855
lava,26856
lavabo,26857
lavaliere,26858
lavas,26859
lavatories,26860
lavatory,26861
lavender,26862
lavish,26863
lavished,26864
lavishly,26865
lavishness,26866
law,26867
law-abiding,26868
law-breaking,26869
law_of_moses,26870
law_officer,26871
law_officers,26872
lawbreaker,26873
lawbreakers,26874
lawful,26875
lawfully,26876
lawgiver,26877
lawless,26878
lawlessness,26879
lawmaker,26880
lawman,26881
lawmen,26882
lawn,26883
lawn_mower,26884
lawn_tennis,26885
lawn_tool,26886
lawrence,26887
laws,26888
lawsuit,26889
lawsuits,26890
lawyer,26891
lawyers,26892
lax,26893
laxative,26894
laxity,26895
lay,26896
lay-by,26897
lay_aside,26898
lay_down,26899
lay_eyes_on,26900
lay_figures,26901
lay_hands_on,26902
lay_in,26903
lay_into,26904
lay_off,26905
lay_out,26906
lay_reader,26907
lay_to_rest,26908
lay_up,26909
lay_waste_to,26910
layabout,26911
layabouts,26912
laybys,26913
layer,26914
layered,26915
layers,26916
layman,26917
laymen,26918
layoff,26919
layout,26920
layperson,26921
lays,26922
lazaretto,26923
laze,26924
laziness,26925
lazy,26926
lazy_susan,26927
lazybones,26928
le_carre,26929
le_corbusier,26930
le_havre,26931
lea,26932
leach,26933
leaching,26934
lead,26935
lead-in,26936
lead-ins,26937
lead_astray,26938
lead_off,26939
lead_on,26940
lead_ore,26941
lead_pencil,26942
lead_poisoning,26943
lead_time,26944
leaden,26945
leader,26946
leaders,26947
leadership,26948
leading,26949
leading_ladies,26950
leading_lady,26951
leading_light,26952
leading_man,26953
leading_men,26954
leads,26955
leaf,26956
leafage,26957
leafier,26958
leaflet,26959
leaflets,26960
leafs,26961
leafy,26962
leafy_vegetable,26963
league,26964
league_of_nations,26965
leagues,26966
leak,26967
leakage,26968
leaking,26969
leaks,26970
leaky,26971
lean,26972
lean-to,26973
lean-tos,26974
lean_back,26975
lean_on,26976
leander,26977
leaned,26978
leaner,26979
leanest,26980
leaning,26981
leanness,26982
leant,26983
leap,26984
leaped,26985
leaper,26986
leapfrog,26987
leapfrogged,26988
leapfrogs,26989
leaping,26990
leaps,26991
leapt,26992
lear,26993
learn,26994
learned,26995
learned_person,26996
learner,26997
learners,26998
learning,26999
learning_disability,27000
learns,27001
learnt,27002
leas,27003
lease,27004
leased,27005
leasehold,27006
leaseholder,27007
leases,27008
leash,27009
leashed,27010
leashes,27011
leasing,27012
least,27013
leastways,27014
leastwise,27015
leather,27016
leather_strip,27017
leathered,27018
leathering,27019
leatherjacket,27020
leathers,27021
leathery,27022
leave,27023
leave-taking,27024
leave_behind,27025
leave_off,27026
leave_office,27027
leave_out,27028
leaven,27029
leaver,27030
leaves,27031
leaving,27032
leavings,27033
lebanese,27034
lebanon,27035
lech,27036
lecher,27037
lecherous,27038
lechery,27039
lectern,27040
lecterns,27041
lector,27042
lecture,27043
lecture_room,27044
lectured,27045
lecturer,27046
lecturers,27047
lectures,27048
led,27049
leda,27050
lederhosen,27051
ledge,27052
ledger,27053
ledgers,27054
ledum,27055
lee,27056
lee_tide,27057
lee_trevino,27058
leech,27059
leeched,27060
leechees,27061
leeches,27062
leeds,27063
leek,27064
leeks,27065
leer,27066
leered,27067
leering,27068
leers,27069
leery,27070
lees,27071
leeward,27072
leeway,27073
left,27074
left-hander,27075
left-wing,27076
left-winger,27077
left-wingers,27078
left_field,27079
left_over,27080
leftfield,27081
leftist,27082
leftists,27083
leftover,27084
leftovers,27085
lefty,27086
leg,27087
leg-pull,27088
leg_bone,27089
leg_it,27090
leg_of_lamb,27091
legacies,27092
legacy,27093
legal,27094
legal_action,27095
legal_code,27096
legal_document,27097
legal_documents,27098
legal_expert,27099
legal_fee,27100
legal_guardian,27101
legal_opinion,27102
legal_principle,27103
legal_proceedings,27104
legal_representative,27105
legal_right,27106
legal_system,27107
legal_tender,27108
legalese,27109
legalise,27110
legalises,27111
legalising,27112
legality,27113
legally,27114
legate,27115
legatee,27116
legates,27117
legation,27118
legato,27119
legend,27120
legendary,27121
legendary_creature,27122
legendary_creatures,27123
legends,27124
leger,27125
legerdemain,27126
legging,27127
leggings,27128
leggy,27129
leghorn,27130
legibility,27131
legible,27132
legibly,27133
legion,27134
legionary,27135
legionnaire,27136
legionnaires,27137
legislate,27138
legislation,27139
legislative_assemblies,27140
legislative_assembly,27141
legislative_body,27142
legislator,27143
legislators,27144
legislature,27145
legitimate,27146
legitimated,27147
legitimates,27148
legitimise,27149
legless,27150
lego,27151
legs,27152
legume,27153
legumes,27154
leguminous_plant,27155
lehar,27156
lei,27157
leicester,27158
leicestershire,27159
leiden,27160
leigh,27161
leipoa,27162
leipzig,27163
leis,27164
leisters,27165
leisure,27166
leisure_time,27167
leisured,27168
leisurely,27169
leitmotif,27170
leitmotiv,27171
lemma,27172
lemmata,27173
lemming,27174
lemon,27175
lemon_balm,27176
lemon_curd,27177
lemon_drop,27178
lemon_peel,27179
lemon_sole,27180
lemonade,27181
lemonades,27182
lemongrass,27183
lemons,27184
lemony,27185
lemur,27186
lemurs,27187
lend,27188
lender,27189
lenders,27190
lending,27191
lends,27192
length,27193
lengthen,27194
lengthened,27195
lengths,27196
lengthwise,27197
lengthy,27198
lenience,27199
leniency,27200
lenient,27201
lenin,27202
leningrad,27203
lenity,27204
lennon,27205
lens,27206
lens_cap,27207
lens_cover,27208
lenses,27209
lensman,27210
lensmen,27211
lent,27212
lenten,27213
lentigo,27214
lentil,27215
lentils,27216
lento,27217
leo,27218
leo_tolstoy,27219
leon_trotsky,27220
leonard,27221
leonardo,27222
leonardo_da_vinci,27223
leone,27224
leonine,27225
leopard,27226
leopardess,27227
leopards,27228
leotard,27229
leotards,27230
leper,27231
lepidoptera,27232
lepidopteran,27233
leprechaun,27234
leprosy,27235
lepton,27236
lesbian,27237
lesbians,27238
lesbos,27239
lesion,27240
lesotho,27241
less,27242
lessee,27243
lessees,27244
lessen,27245
lessened,27246
lessening,27247
lessens,27248
lesser,27249
lesser_antilles,27250
lessing,27251
lesson,27252
lessons,27253
lessor,27254
lest,27255
let,27256
let_alone,27257
let_down,27258
let_fly,27259
let_go,27260
let_go_of,27261
let_in,27262
let_it_go,27263
let_loose,27264
let_off,27265
let_on,27266
let_out,27267
let_up,27268
letdown,27269
lethal,27270
lethargic,27271
lethargically,27272
lethargy,27273
lethe,27274
lets,27275
letter,27276
letter-perfect,27277
letter_of_credit,27278
letter_opener,27279
lettered,27280
letterhead,27281
lettering,27282
letters,27283
letters_patent,27284
letting,27285
letting_down,27286
lettish,27287
lettuce,27288
lettuces,27289
leu,27290
leucaemia,27291
leucoma,27292
levant,27293
levanter,27294
levators,27295
levee,27296
levees,27297
level,27298
level-headed,27299
level_best,27300
level_off,27301
leveller,27302
levels,27303
lever,27304
leverage,27305
leveret,27306
levers,27307
levi,27308
leviathan,27309
levies,27310
levis,27311
levitate,27312
levitates,27313
levitation,27314
leviticus,27315
levity,27316
levy,27317
lewd,27318
lewdly,27319
lewdness,27320
lewis,27321
lewis_carroll,27322
lewisia,27323
lexeme,27324
lexicographer,27325
lexicographers,27326
lexicology,27327
lexicon,27328
lexicons,27329
ley,27330
lhasa,27331
lhasa_apso,27332
lhotse,27333
liabilities,27334
liability,27335
liable,27336
liaise,27337
liaised,27338
liaising,27339
liaison,27340
liaisons,27341
liana,27342
liar,27343
libation,27344
libations,27345
libber,27346
libbers,27347
libel,27348
libelled,27349
libellous,27350
liberal,27351
liberalise,27352
liberalised,27353
liberalising,27354
liberalism,27355
liberality,27356
liberally,27357
liberals,27358
liberate,27359
liberated,27360
liberates,27361
liberation,27362
liberator,27363
liberia,27364
liberian,27365
liberties,27366
libertine,27367
libertines,27368
liberty,27369
liberty_cap,27370
libidinous,27371
libido,27372
libra,27373
librarian,27374
libraries,27375
library,27376
librate,27377
libretti,27378
librettist,27379
libretto,27380
libya,27381
libyan,27382
lice,27383
licence,27384
licences,27385
license,27386
licensed,27387
licensee,27388
licensees,27389
licenses,27390
licentious,27391
lichee,27392
lichen,27393
lichens,27394
lichi,27395
licit,27396
licitly,27397
lick,27398
licked,27399
licking,27400
licks,27401
licorice,27402
lid,27403
lidless,27404
lido,27405
lidocaine,27406
lidos,27407
lids,27408
lie,27409
lie-abed,27410
lie-in,27411
lie_about,27412
lie_around,27413
lie_awake,27414
lie_down,27415
lie_in,27416
lie_in_wait,27417
lie_low,27418
liebfraumilch,27419
liechtenstein,27420
liechtensteiner,27421
lied,27422
lieder,27423
lief,27424
liege,27425
liegeman,27426
liegemen,27427
lieges,27428
lien,27429
liens,27430
lies,27431
lieu,27432
lieutenant,27433
lieutenants,27434
life,27435
life-and-death,27436
life_assurance,27437
life_belt,27438
life_expectancy,27439
life_form,27440
life_insurance,27441
life_jacket,27442
life_line,27443
life_peer,27444
life_preserver,27445
life_raft,27446
life_scientist,27447
life_sentence,27448
life_story,27449
life_support,27450
lifeless,27451
lifelike,27452
lifeline,27453
lifelines,27454
lifelong,27455
lifer,27456
lifesaver,27457
lifespan,27458
lifetime,27459
lift,27460
lifted,27461
lifting,27462
lifting_device,27463
lifts,27464
ligament,27465
ligate,27466
ligature,27467
ligatures,27468
light,27469
light-fingered,27470
light-headed,27471
light-hearted,27472
light-year,27473
light-years,27474
light_brown,27475
light_bulb,27476
light_opera,27477
light_show,27478
light_source,27479
light_touch,27480
light_unit,27481
light_up,27482
light_upon,27483
light_welterweight,27484
light_year,27485
lighted,27486
lighten,27487
lighten_up,27488
lightened,27489
lighter,27490
lighterage,27491
lighters,27492
lightest,27493
lightheaded,27494
lighthouse,27495
lighting,27496
lighting_fixture,27497
lightly,27498
lightning,27499
lights,27500
lightship,27501
lightweight,27502
lightweights,27503
ligneous,27504
lignite,27505
likable,27506
like,27507
like-minded,27508
like_a_shot,27509
like_clockwork,27510
like_crazy,27511
like_hell,27512
like_mad,27513
like_the_devil,27514
likeable,27515
liked,27516
likelihood,27517
likeliness,27518
likely,27519
liken,27520
likened,27521
likeness,27522
likening,27523
likes,27524
likewise,27525
liking,27526
likings,27527
lilac,27528
lilacs,27529
liliaceae,27530
lilies,27531
lille,27532
lilliputian,27533
lilt,27534
lilting,27535
lily,27536
lily-livered,27537
lily-white,27538
lily_pad,27539
lima,27540
lima_bean,27541
liman,27542
limb,27543
limber,27544
limber_up,27545
limbo,27546
limbs,27547
limburger,27548
lime,27549
limeade,27550
limekiln,27551
limelight,27552
limerick,27553
limericks,27554
limes,27555
limestone,27556
limey,27557
limeys,27558
limit,27559
limitation,27560
limitations,27561
limited,27562
limited_company,27563
limiting,27564
limitless,27565
limits,27566
limn,27567
limo,27568
limousin,27569
limousine,27570
limousines,27571
limp,27572
limpet,27573
limpets,27574
limpid,27575
limpidity,27576
limpidly,27577
limping,27578
limply,27579
limpopo,27580
limps,27581
linac,27582
linchpin,27583
lincoln,27584
lindane,27585
linden,27586
lindens,27587
lindy_hop,27588
line,27589
line_judge,27590
line_of_business,27591
line_of_descent,27592
line_of_fire,27593
line_of_latitude,27594
line_of_products,27595
line_of_verse,27596
line_up,27597
lineage,27598
lineal,27599
lineament,27600
lineaments,27601
linear,27602
linear_measure,27603
lined,27604
lineman,27605
linemen,27606
linen,27607
linens,27608
liner,27609
liners,27610
lines,27611
linesman,27612
linesmen,27613
ling,27614
linger,27615
lingered,27616
lingerers,27617
lingerie,27618
lingering,27619
lingers,27620
lingo,27621
lings,27622
lingua,27623
linguine,27624
linguini,27625
linguist,27626
linguistic_unit,27627
liniment,27628
lining,27629
link,27630
linkage,27631
linkages,27632
linked,27633
linking,27634
links,27635
linnaeus,27636
linnet,27637
linnets,27638
lino,27639
linocut,27640
linocuts,27641
linoleum,27642
linotype,27643
linseed_oil,27644
lint,27645
lintel,27646
linus_pauling,27647
lion,27648
lion_cub,27649
lioness,27650
lionesses,27651
lionhearted,27652
lionise,27653
lionised,27654
lionises,27655
lionising,27656
lionize,27657
lions,27658
lip,27659
lip-reads,27660
lip_balm,27661
lip_balms,27662
liparis,27663
lipchitz,27664
lipid,27665
lipids,27666
lipoma,27667
lippi,27668
lips,27669
lipstick,27670
lipsticks,27671
liquefied,27672
liqueur,27673
liqueurs,27674
liquid,27675
liquid_measure,27676
liquid_soap,27677
liquidate,27678
liquidator,27679
liquidise,27680
liquidised,27681
liquidity,27682
liquids,27683
liquor,27684
liquorice,27685
lira,27686
lisbon,27687
lisle,27688
lisp,27689
lissom,27690
lissome,27691
list,27692
listed,27693
listen,27694
listen_in,27695
listened,27696
listener,27697
listeners,27698
listens,27699
lister,27700
listeria,27701
listing,27702
listless,27703
listlessness,27704
liston,27705
lists,27706
liszt,27707
lit,27708
litany,27709
litchi,27710
literacy,27711
literal,27712
literally,27713
literals,27714
literary,27715
literary_compositions,27716
literary_work,27717
literate,27718
literati,27719
literatim,27720
literature,27721
lithe,27722
litheness,27723
lithesome,27724
lithium,27725
lithograph,27726
lithuania,27727
lithuanian,27728
litigant,27729
litigants,27730
litigate,27731
litigator,27732
litmus,27733
litmus_test,27734
litotes,27735
litre,27736
litres,27737
litter,27738
litterateur,27739
little,27740
little-known,27741
little_bear,27742
little_brother,27743
little_by_little,27744
little_dipper,27745
little_dog,27746
little_girl,27747
little_john,27748
little_owl,27749
little_owls,27750
little_potato,27751
little_rock,27752
little_terror,27753
littler,27754
littoral,27755
liturgies,27756
liturgy,27757
live,27758
live_it_up,27759
live_together,27760
live_up_to,27761
live_wire,27762
live_wires,27763
live_with,27764
lived,27765
livelier,27766
liveliest,27767
livelihood,27768
liveliness,27769
livelong,27770
lively,27771
livened,27772
liver,27773
liver_spot,27774
liveries,27775
liverish,27776
liverpool,27777
liverpudlian,27778
livers,27779
liverworts,27780
livery,27781
liveryman,27782
lives,27783
livestock,27784
livid,27785
living,27786
living_quarters,27787
living_room,27788
living_space,27789
living_thing,27790
living_wage,27791
livy,27792
lizard,27793
lizards,27794
ljubljana,27795
llama,27796
llamas,27797
llano,27798
llanos,27799
lloyd,27800
loach,27801
loaches,27802
load,27803
loaded,27804
loads,27805
loadstar,27806
loaf,27807
loaf_of_bread,27808
loafer,27809
loafers,27810
loafs,27811
loam,27812
loan,27813
loan_shark,27814
loans,27815
loath,27816
loathe,27817
loathed,27818
loathes,27819
loathing,27820
loathsome,27821
lob,27822
lobate,27823
lobbed,27824
lobbies,27825
lobby,27826
lobbying,27827
lobbyist,27828
lobbyists,27829
lobe,27830
lobed,27831
lobelia,27832
lobs,27833
lobscouse,27834
lobster,27835
lobsters,27836
lobular,27837
local,27838
local_anaesthetic,27839
local_authority,27840
local_government,27841
locale,27842
locales,27843
localise,27844
localised,27845
localises,27846
localities,27847
locality,27848
locally,27849
locals,27850
locate,27851
located,27852
locates,27853
locating,27854
location,27855
locations,27856
loch,27857
loch_ness,27858
loch_ness_monster,27859
loci,27860
lock,27861
lock_away,27862
lock_in,27863
lock_up,27864
lockdown,27865
locke,27866
locked,27867
locker,27868
locker-room,27869
lockers,27870
locket,27871
lockets,27872
locking,27873
lockjaw,27874
lockkeeper,27875
lockkeepers,27876
lockout,27877
locks,27878
locksmith,27879
lockup,27880
loco,27881
locomotes,27882
locomotion,27883
locomotive,27884
locomotor,27885
locum,27886
locum_tenens,27887
locums,27888
locus,27889
locust,27890
locust_trees,27891
locusta,27892
locusts,27893
locution,27894
lode,27895
lodestar,27896
lodestars,27897
lodestone,27898
lodge,27899
lodgement,27900
lodger,27901
lodges,27902
lodging,27903
lodging_house,27904
lodgings,27905
loess,27906
loft,27907
lofted,27908
loftiness,27909
lofty,27910
log,27911
log_cabin,27912
log_off,27913
log_out,27914
logan,27915
loganberry,27916
logarithm,27917
logbook,27918
loge,27919
logged,27920
logger,27921
loggerhead,27922
loggers,27923
loggia,27924
logging,27925
logic,27926
logical,27927
logical_system,27928
logician,27929
logicians,27930
logistic,27931
logistics,27932
logjam,27933
logjams,27934
logo,27935
logogram,27936
logos,27937
logs,27938
loin,27939
loincloth,27940
loincloths,27941
loins,27942
loir,27943
loire,27944
loiter,27945
loiterer,27946
loitering,27947
loiters,27948
loligo,27949
lolita,27950
loll,27951
lollies,27952
lollipop,27953
lollipop_lady,27954
lollipops,27955
lollop,27956
lollops,27957
lolly,27958
lombard,27959
lombardy,27960
london,27961
londoner,27962
londoners,27963
lone,27964
loneliness,27965
lonely,27966
loner,27967
lonesome,27968
long,27969
long-ago,27970
long-distance,27971
long-distance_call,27972
long-distance_runner,27973
long-lasting,27974
long-legged,27975
long-lived,27976
long-suffering,27977
long-term,27978
long-winded,27979
long-windedness,27980
long_ago,27981
long_distance,27982
long_division,27983
long_haul,27984
long_irons,27985
long_johns,27986
long_jump,27987
long_run,27988
long_shot,27989
long_shots,27990
long_suit,27991
long_time,27992
long_times,27993
long_ton,27994
longboat,27995
longbow,27996
longbows,27997
longed,27998
longer,27999
longest,28000
longevity,28001
longfellow,28002
longhand,28003
longhorn,28004
longhorns,28005
longing,28006
longitude,28007
longs,28008
longshoreman,28009
longways,28010
lonicera,28011
loo,28012
loofa,28013
loofah,28014
loofahs,28015
loofas,28016
look,28017
look-alike,28018
look_after,28019
look_around,28020
look_at,28021
look_back,28022
look_down_on,28023
look_for,28024
look_forward,28025
look_into,28026
look_like,28027
look_on,28028
look_out,28029
look_sharp,28030
look_to,28031
look_up,28032
look_up_to,28033
looked,28034
looker,28035
looker-on,28036
looking,28037
looking_at,28038
looking_for,28039
lookout,28040
lookouts,28041
looks,28042
loom,28043
loomed,28044
looming,28045
looms,28046
loon,28047
loonies,28048
loons,28049
loony,28050
loony_bin,28051
loop,28052
loop-line,28053
loopers,28054
loophole,28055
loopier,28056
loops,28057
loopy,28058
loos,28059
loose,28060
loose_end,28061
loose_ends,28062
loose_woman,28063
loose_women,28064
looseleaf,28065
loosely,28066
loosen,28067
loosen_up,28068
loosened,28069
looseness,28070
loosening,28071
loosens,28072
looser,28073
loosestrife,28074
loosing,28075
loot,28076
looted,28077
looter,28078
looters,28079
loots,28080
lop,28081
lop_off,28082
lope,28083
lope_de_vega,28084
lopes,28085
loping,28086
lopped,28087
lopsided,28088
loquacious,28089
loquat,28090
lorca,28091
lord,28092
lord_it_over,28093
lord_privy_seal,28094
lordliness,28095
lordly,28096
lordosis,28097
lords,28098
lords_spiritual,28099
lords_temporal,28100
lordship,28101
lore,28102
lorelei,28103
loren,28104
lorenz,28105
lorgnette,28106
lorgnettes,28107
lories,28108
lorikeet,28109
lorikeets,28110
lorraine,28111
lorries,28112
lorry,28113
lory,28114
los_angeles,28115
lose,28116
lose_it,28117
lose_weight,28118
loser,28119
losers,28120
losing,28121
loss,28122
loss_of_consciousness,28123
losses,28124
lost,28125
lost_cause,28126
lot,28127
loth,28128
lothario,28129
lotharios,28130
lotion,28131
lotions,28132
lots,28133
lotteries,28134
lottery,28135
lotto,28136
lotus,28137
lotuses,28138
louche,28139
loud,28140
loud-voiced,28141
louder,28142
loudly,28143
loudmouth,28144
loudspeaker,28145
loudspeakers,28146
lough,28147
louis,28148
louis_armstrong,28149
louis_xiv,28150
louisiana,28151
lounge,28152
lounge_around,28153
lounge_lizard,28154
lounged,28155
lounger,28156
lounges,28157
lour,28158
louring,28159
louse,28160
louse_up,28161
louses,28162
lousiest,28163
lousiness,28164
lousy,28165
lout,28166
loutish,28167
louts,28168
louvre,28169
louvres,28170
lovable,28171
lovage,28172
love,28173
love-in-a-mist,28174
love_affair,28175
love_apples,28176
love_child,28177
love_handles,28178
love_letter,28179
love_match,28180
love_seat,28181
love_song,28182
love_stories,28183
love_story,28184
loveable,28185
lovebird,28186
lovebirds,28187
loved,28188
loved_one,28189
loved_ones,28190
lovelace,28191
loveless,28192
lovely,28193
lovemaking,28194
lover,28195
lovers,28196
loves,28197
lovesome,28198
loving,28199
loving_cup,28200
lovingly,28201
low,28202
low-budget,28203
low-cut,28204
low-down,28205
low-grade,28206
low-key,28207
low-lying,28208
low-necked,28209
low-pitched,28210
low-rise,28211
low-spirited,28212
low-tech,28213
low_beam,28214
low_comedy,28215
low_countries,28216
low_frequency,28217
low_german,28218
low_spirits,28219
lowboy,28220
lowbrow,28221
lowell,28222
lower,28223
lower-class,28224
lower_class,28225
lower_oneself,28226
lower_status,28227
lowered,28228
lowering,28229
lowermost,28230
lowers,28231
lowest,28232
lowland,28233
lowlife,28234
lowly,28235
lowry,28236
loyal,28237
loyalist,28238
loyalists,28239
loyally,28240
loyalty,28241
lozenge,28242
lozenges,28243
lp,28244
lsd,28245
luau,28246
lube,28247
lubricant,28248
lubricants,28249
lubricate,28250
lubricated,28251
lubricates,28252
lubricating_oil,28253
lubricious,28254
lucent,28255
lucerne,28256
luciano_pavarotti,28257
lucid,28258
lucidity,28259
lucifer,28260
lucite,28261
luck,28262
luckily,28263
luckless,28264
lucky,28265
lucky_dip,28266
lucrative,28267
lucre,28268
lucubrate,28269
lucy,28270
lucy_in_the_sky_with_diamonds,28271
luddite,28272
ludicrous,28273
ludicrously,28274
ludo,28275
lug,28276
luge,28277
luger,28278
luggage,28279
luggage_carrier,28280
luggage_carriers,28281
luggage_van,28282
lugs,28283
lugubrious,28284
lugworm,28285
luigi_pirandello,28286
luke,28287
lukewarm,28288
lull,28289
lullaby,28290
lully,28291
lulu,28292
lumbago,28293
lumbar_puncture,28294
lumber,28295
lumber_room,28296
lumbered,28297
lumbering,28298
lumberjack,28299
lumberjacks,28300
luminance,28301
luminaries,28302
luminary,28303
luminosity,28304
lummox,28305
lump,28306
lumpen,28307
lumpers,28308
lumpish,28309
lumps,28310
lumpsucker,28311
lumpy,28312
luna_moth,28313
lunacy,28314
lunate,28315
lunatic,28316
lunch,28317
lunched,28318
luncheon,28319
luncheon_meat,28320
luncheons,28321
luncher,28322
lunches,28323
lunchtime,28324
lunette,28325
lung,28326
lunge,28327
lunged,28328
lunges,28329
lungi,28330
lungs,28331
lunkhead,28332
lupin,28333
lupine,28334
lupines,28335
lupus,28336
lurch,28337
lurched,28338
lurcher,28339
lurches,28340
lure,28341
lured,28342
lures,28343
lurid,28344
luridly,28345
luridness,28346
luring,28347
lurk,28348
lurking,28349
lusaka,28350
lush,28351
lushest,28352
lusitania,28353
lust,28354
lust_after,28355
lustful,28356
lustfulness,28357
lustier,28358
lustiness,28359
lustre,28360
lustreless,28361
lustrous,28362
lustrum,28363
lusts,28364
lusty,28365
lute,28366
lutenist,28367
lutes,28368
luther,28369
lutheran,28370
lutherans,28371
lutist,28372
lux,28373
luxate,28374
luxuriant,28375
luxuriate,28376
luxuriated,28377
luxurious,28378
luxury,28379
lycee,28380
lyceum,28381
lychee,28382
lychees,28383
lychgate,28384
lydia,28385
lye,28386
lying,28387
lying-in,28388
lying_in_wait,28389
lymph,28390
lynch_mob,28391
lynx,28392
lynxes,28393
lyon,28394
lyons,28395
lyra,28396
lyre,28397
lyrebirds,28398
lyres,28399
lyric,28400
lyric_poem,28401
lyric_poems,28402
lyrical,28403
lyricist,28404
lyrics,28405
lyrist,28406
lyrists,28407
lysenko,28408
lysin,28409
lysol,28410
lysols,28411
m,28412
mac,28413
macabre,28414
macadam,28415
macadamia,28416
macao,28417
macaque,28418
macaques,28419
macaroni,28420
macaronic,28421
macaroon,28422
macarthur,28423
macau,28424
macaw,28425
macaws,28426
macbeth,28427
mace,28428
macedonia,28429
macedonian,28430
macerate,28431
macerated,28432
mach_number,28433
machete,28434
machetes,28435
machiavellian,28436
machinate,28437
machinated,28438
machinates,28439
machinating,28440
machination,28441
machinator,28442
machine,28443
machined,28444
machinery,28445
machinist,28446
machismo,28447
macho,28448
macintosh,28449
mack,28450
mackenzie,28451
mackerel,28452
mackinaw,28453
mackintosh,28454
macon,28455
macrame,28456
macro,28457
macron,28458
macrozamia,28459
macs,28460
mad,28461
madagascan,28462
madagascar,28463
madam,28464
madame,28465
madcap,28466
madden,28467
maddened,28468
maddening,28469
maddens,28470
madder,28471
made,28472
made-up,28473
madeira,28474
madeira_cake,28475
mademoiselle,28476
madhouse,28477
madison,28478
madly,28479
madman,28480
madmen,28481
madness,28482
madonna,28483
madras,28484
madrasah,28485
madrepore,28486
madrid,28487
madrigal,28488
madrigalist,28489
madrilene,28490
mae_west,28491
maelstrom,28492
maelstroms,28493
maenad,28494
maestri,28495
maestro,28496
maestros,28497
mafia,28498
mafiosi,28499
mafioso,28500
magazine,28501
magazine_rack,28502
magazines,28503
magdalen,28504
magellan,28505
magenta,28506
maggot,28507
magi,28508
magic,28509
magic_bullet,28510
magic_marker,28511
magic_spell,28512
magical,28513
magical_ability,28514
magician,28515
magicians,28516
magics,28517
magisterial,28518
magistracy,28519
magistrate,28520
magistrates,28521
magma,28522
magnanimous,28523
magnanimously,28524
magnate,28525
magnates,28526
magnesia,28527
magnesium,28528
magnet,28529
magnetic,28530
magnetic_north,28531
magnetise,28532
magnetism,28533
magneto,28534
magnets,28535
magnificat,28536
magnificence,28537
magnificent,28538
magnifico,28539
magnified,28540
magnify,28541
magnifying,28542
magniloquence,28543
magniloquent,28544
magnitude,28545
magnolia,28546
magnolia_state,28547
magnolias,28548
magnum,28549
magnum_opus,28550
magpie,28551
magpies,28552
magritte,28553
magus,28554
magyar,28555
mah-jongg,28556
maharaja,28557
maharajah,28558
maharani,28559
mahatma,28560
mahayana,28561
mahimahi,28562
mahjong,28563
mahler,28564
mahoe,28565
mahoes,28566
mahogany,28567
mahonia,28568
mahout,28569
mahouts,28570
maid,28571
maiden,28572
maiden_aunt,28573
maiden_name,28574
maidenhair,28575
maidenhair_tree,28576
maidenhead,28577
maidenlike,28578
maidenly,28579
maidens,28580
maids,28581
maidservant,28582
mail,28583
mail_carrier,28584
mail_carriers,28585
mail_order,28586
mail_service,28587
mail_train,28588
mailed,28589
mailer,28590
maillot,28591
mails,28592
maim,28593
maimed,28594
maiming,28595
maims,28596
main,28597
main_course,28598
main_courses,28599
main_drag,28600
main_line,28601
main_road,28602
maine,28603
mainframe,28604
mainline,28605
mainly,28606
mainmast,28607
mainsail,28608
mainstay,28609
mainstays,28610
mainstream,28611
maintain,28612
maintained,28613
maintains,28614
maintenance,28615
maisonette,28616
maize,28617
majestic,28618
majestically,28619
majesty,28620
majolica,28621
major,28622
major-generals,28623
majorca,28624
majority,28625
make,28626
make-believe,28627
make-up,28628
make_a_clean_breast_of,28629
make_a_face,28630
make_a_point,28631
make_as_if,28632
make_do,28633
make_fun,28634
make_good,28635
make_headway,28636
make_it,28637
make_love,28638
make_merry,28639
make_noises,28640
make_out,28641
make_peace,28642
make_sense,28643
make_sure,28644
make_up,28645
make_way,28646
makeover,28647
makeovers,28648
maker,28649
makers,28650
makes,28651
makeshift,28652
makeup,28653
making,28654
making_water,28655
mako,28656
malacca,28657
malachi,28658
malachite,28659
maladies,28660
maladroit,28661
maladroitness,28662
malady,28663
malaga,28664
malaise,28665
malamud,28666
malamute,28667
malapropism,28668
malapropos,28669
malar,28670
malaria,28671
malarial,28672
malarkey,28673
malarky,28674
malawi,28675
malay,28676
malaya,28677
malayalam,28678
malayan,28679
malaysia,28680
malcontent,28681
maldives,28682
male,28683
male_chauvinists,28684
maledict,28685
malediction,28686
malefactor,28687
malefic,28688
maleficent,28689
malemute,28690
maleness,28691
males,28692
malevolence,28693
malevolent,28694
malfeasance,28695
malfeasant,28696
malfunction,28697
mali,28698
malian,28699
malice,28700
malicious,28701
malicious_gossip,28702
malign,28703
malignancy,28704
malignant,28705
malignantly,28706
maligned,28707
maligner,28708
maligns,28709
malinger,28710
malingerer,28711
mall,28712
mallard,28713
mallards,28714
malleable,28715
mallet,28716
malleus,28717
malls,28718
malmo,28719
malmsey,28720
malodorous,28721
malpractice,28722
malt,28723
malt_whisky,28724
malta,28725
maltese,28726
maltese_cross,28727
malthus,28728
maltose,28729
maltreat,28730
maltreated,28731
maltreatment,28732
maltster,28733
mama,28734
mamba,28735
mambo,28736
mamma,28737
mammae,28738
mammal,28739
mammalia,28740
mammals,28741
mammogram,28742
mammon,28743
mammoth,28744
man,28745
man-at-arms,28746
man-child,28747
man-eater,28748
man-eaters,28749
man-made,28750
man-of-war,28751
man-to-man,28752
man_friday,28753
man_of_letters,28754
man_of_the_cloth,28755
man_of_the_world,28756
manacle,28757
manacled,28758
manacling,28759
manage,28760
manageable,28761
managed,28762
management,28763
manager,28764
manageress,28765
managerial,28766
managers,28767
manages,28768
managing,28769
managing_director,28770
managua,28771
manakin,28772
manakins,28773
manama,28774
manana,28775
manatee,28776
manatees,28777
manchester,28778
manchu,28779
mancunian,28780
mandamus,28781
mandamuses,28782
mandarin,28783
mandarin_chinese,28784
mandarin_orange,28785
mandarin_oranges,28786
mandate,28787
mandated,28788
mandates,28789
mandating,28790
mandatory,28791
mande,28792
mandela,28793
mandelbrot,28794
mandible,28795
mandibles,28796
mandolin,28797
mandolins,28798
mandrake,28799
mandril,28800
mandrill,28801
mandrills,28802
mane,28803
manet,28804
manganese,28805
mange,28806
manger,28807
mangle,28808
mangled,28809
mango,28810
mangoes,28811
mangold,28812
mangrove,28813
manhandle,28814
manhattan,28815
manhood,28816
manhunt,28817
mania,28818
maniac,28819
maniacal,28820
manias,28821
manic,28822
manicure,28823
manicurist,28824
manifest,28825
manifest_destiny,28826
manifestation,28827
manifested,28828
manifestly,28829
manifesto,28830
manifold,28831
manila,28832
manilla,28833
manioc,28834
manipulate,28835
manipulated,28836
manipulates,28837
manipulating,28838
manipulation,28839
manipulator,28840
manipur,28841
manitoba,28842
mankind,28843
manky,28844
manliness,28845
manly,28846
mann,28847
mannequin,28848
manner,28849
manner_of_speaking,28850
mannered,28851
mannerism,28852
mannerly,28853
manners,28854
mannikin,28855
manoeuvre,28856
manoeuvres,28857
manometer,28858
manor,28859
manor_house,28860
manors,28861
manpower,28862
manque,28863
mans,28864
mansard,28865
manse,28866
manservant,28867
mansfield,28868
mansion,28869
mansions,28870
manslaughter,28871
manta,28872
manta_ray,28873
mantegna,28874
mantel,28875
mantelpiece,28876
mantilla,28877
mantis,28878
mantises,28879
mantle,28880
mantlepiece,28881
mantlet,28882
mantra,28883
mantrap,28884
mantraps,28885
manual,28886
manual_dexterity,28887
manually,28888
manufactory,28889
manufacture,28890
manufactured,28891
manufacturer,28892
manufacturers,28893
manufactures,28894
manufacturing,28895
manul,28896
manumit,28897
manure,28898
manured,28899
manures,28900
manuring,28901
manus,28902
manuscript,28903
manuscripts,28904
manx,28905
manx_cats,28906
manx_shearwaters,28907
many,28908
many_a,28909
mao,28910
maoism,28911
maoist,28912
maoists,28913
maori,28914
map,28915
map_out,28916
maple,28917
maple_syrup,28918
maples,28919
mapping,28920
maps,28921
maquis,28922
mar,28923
mara,28924
marabou,28925
marabous,28926
marabout,28927
maracas,28928
maraschino,28929
marathi,28930
marathon,28931
maraud,28932
marauder,28933
marauders,28934
marble,28935
marbled,28936
marbles,28937
marbling,28938
marc,28939
march,28940
marched,28941
marcher,28942
marchers,28943
marches,28944
marching,28945
marching_orders,28946
marchioness,28947
marciano,28948
marco_polo,28949
marconi,28950
mardi_gras,28951
mare,28952
marengo,28953
mares,28954
margarine,28955
margarita,28956
margate,28957
marge,28958
margin,28959
margin_of_safety,28960
marginal,28961
marginalia,28962
marginally,28963
margins,28964
margosa,28965
marguerite,28966
maria,28967
mariachi,28968
marie_antoinette,28969
marigold,28970
marigolds,28971
marihuana,28972
marijuana,28973
marilyn_monroe,28974
marimba,28975
marimbas,28976
marina,28977
marinade,28978
marinades,28979
marinate,28980
marinated,28981
marine,28982
marine_animal,28983
marine_creature,28984
marine_creatures,28985
marine_museum,28986
mariner,28987
mariners,28988
marines,28989
marionette,28990
marionettes,28991
mariposa,28992
marital,28993
maritime,28994
marjoram,28995
mark,28996
mark_antony,28997
mark_down,28998
mark_off,28999
mark_out,29000
mark_twain,29001
mark_up,29002
marked,29003
markedly,29004
marker,29005
market,29006
market_place,29007
market_town,29008
marketing,29009
marketplace,29010
marketplaces,29011
markets,29012
marking,29013
markings,29014
markova,29015
marks,29016
marksman,29017
marksmen,29018
marl,29019
marlene_dietrich,29020
marley,29021
marlin,29022
marline,29023
marlowe,29024
marmalade,29025
marmite,29026
marmoset,29027
marmosets,29028
marmot,29029
marmots,29030
marocain,29031
maroon,29032
marooned,29033
maroons,29034
marque,29035
marquee,29036
marquees,29037
marques,29038
marquess,29039
marquetry,29040
marquis,29041
marquise,29042
marrakech,29043
marred,29044
marriage,29045
marriage_ceremonies,29046
marriage_ceremony,29047
marriages,29048
married,29049
married_man,29050
married_woman,29051
marries,29052
marrow,29053
marrowfat_peas,29054
marry,29055
marrying,29056
mars,29057
marsala,29058
marseillaise,29059
marseille,29060
marseilles,29061
marsh,29062
marsh_mallow,29063
marsh_marigold,29064
marsh_plant,29065
marsh_plants,29066
marshal,29067
marshall,29068
marshals,29069
marshland,29070
marshlands,29071
marshmallow,29072
marshmallows,29073
marshy,29074
marsupia,29075
marsupial,29076
marsupials,29077
mart,29078
martello_tower,29079
marten,29080
martens,29081
martial,29082
martial_art,29083
martial_law,29084
martian,29085
martians,29086
martin,29087
martin_luther,29088
martin_scorsese,29089
martinet,29090
martinets,29091
martingale,29092
martini,29093
martinique,29094
martinis,29095
martinmas,29096
martins,29097
martyr,29098
martyrdom,29099
martyred,29100
marvel,29101
marvell,29102
marvelling,29103
marvellous,29104
marvels,29105
marx,29106
marxism,29107
marxist,29108
marxist-leninist,29109
mary,29110
mary_i,29111
mary_jane,29112
mary_stuart,29113
mary_tudor,29114
maryland,29115
marylander,29116
marzipan,29117
masai,29118
mascara,29119
mascarpone,29120
mascot,29121
mascots,29122
masculine,29123
masculinity,29124
masefield,29125
mash,29126
mashed,29127
mashed_potato,29128
masher,29129
mashes,29130
mashie,29131
masjid,29132
mask,29133
masked,29134
masked_ball,29135
masking,29136
masks,29137
mason,29138
mason-dixon_line,29139
masonic,29140
masonry,29141
masons,29142
masquerade,29143
masqueraded,29144
masquerades,29145
mass,29146
mass_media,29147
mass_meeting,29148
mass_murder,29149
mass_units,29150
massachusetts,29151
massacre,29152
massacred,29153
massacres,29154
massage,29155
massaged,29156
massager,29157
massages,29158
massaging,29159
masse,29160
massed,29161
massenet,29162
masses,29163
masseter,29164
masseur,29165
masseurs,29166
masseuse,29167
massif,29168
massif_central,29169
massing,29170
massive,29171
mast,29172
master,29173
master_key,29174
master_of_arts,29175
master_of_ceremonies,29176
master_of_science,29177
master_sergeant,29178
mastered,29179
masterful,29180
mastering,29181
masterly,29182
mastermind,29183
masterminding,29184
masterminds,29185
masterpiece,29186
masters,29187
masterstroke,29188
mastery,29189
masthead,29190
mastic,29191
masticate,29192
masticated,29193
mastiff,29194
mastiffs,29195
masts,29196
mat,29197
mata_hari,29198
matador,29199
matadors,29200
matai,29201
match,29202
matched,29203
matches,29204
matchless,29205
matchmaker,29206
matchstick,29207
matchwood,29208
mate,29209
mated,29210
matelote,29211
mater,29212
material,29213
materialise,29214
materialised,29215
materialistic,29216
materialize,29217
materially,29218
materials,29219
materiel,29220
maternal,29221
mates,29222
matey,29223
math,29224
mathematical,29225
mathematical_function,29226
mathematical_operation,29227
mathematical_process,29228
mathematical_statement,29229
mathematical_symbol,29230
mathematician,29231
maths,29232
matinee,29233
matinee_idol,29234
mating,29235
matins,29236
matisse,29237
matriarch,29238
matrices,29239
matricide,29240
matrimonial,29241
matrimony,29242
matrix,29243
matron,29244
matronly,29245
matt,29246
matte,29247
matter,29248
matter-of-fact,29249
matter_of_course,29250
matterhorn,29251
matters,29252
matthew,29253
matthew_arnold,29254
mattock,29255
mattress,29256
mattresses,29257
maturates,29258
mature,29259
matured,29260
maturer,29261
matures,29262
maturing,29263
maturity,29264
matzo,29265
maudlin,29266
maul,29267
mauled,29268
mauls,29269
mauna_loa,29270
maunder,29271
maunders,29272
mauritania,29273
mauser,29274
mausoleum,29275
mauve,29276
maven,29277
maverick,29278
mavin,29279
mavis,29280
mawkish,29281
mawkishly,29282
mawkishness,29283
max,29284
max_planck,29285
maxi,29286
maxilla,29287
maxillae,29288
maxim,29289
maxima,29290
maxims,29291
maximum,29292
maxwell,29293
may,29294
may_apple,29295
may_beetle,29296
may_bug,29297
may_queen,29298
maya,29299
mayan,29300
maybe,29301
mayday,29302
mayflies,29303
mayflower,29304
mayfly,29305
mayhem,29306
mayo,29307
mayonnaise,29308
mayor,29309
mayoralty,29310
mayoress,29311
mayors,29312
maypop,29313
maze,29314
mazurka,29315
mc,29316
mckinley,29317
md,29318
me,29319
mea_culpa,29320
mead,29321
meadow,29322
meadow_saffron,29323
meadowlark,29324
meadows,29325
meager,29326
meagre,29327
meagrer,29328
meal,29329
mealie,29330
meals,29331
mealy_bug,29332
mean,29333
meander,29334
meandered,29335
meandering,29336
meanders,29337
meaner,29338
meanie,29339
meaning,29340
meaningful,29341
meaningfully,29342
meaningless,29343
meaninglessness,29344
meanings,29345
meanly,29346
meanness,29347
means,29348
means_tests,29349
meant,29350
meantime,29351
meanwhile,29352
measles,29353
measly,29354
measure,29355
measure_up,29356
measured,29357
measurement,29358
measurements,29359
measurer,29360
measures,29361
measuring,29362
measuring_device,29363
measuring_devices,29364
measuring_instrument,29365
measuring_instruments,29366
measuring_rods,29367
meat,29368
meat_counter,29369
meat_loaf,29370
meat_pie,29371
meatball,29372
meatballs,29373
meatier,29374
meatless,29375
meatman,29376
meats,29377
meatus,29378
meaty,29379
mecca,29380
meccano,29381
mechanic,29382
mechanical,29383
mechanical_device,29384
mechanical_devices,29385
mechanical_man,29386
mechanics,29387
mechanism,29388
mechanisms,29389
med,29390
medal,29391
medalist,29392
medallion,29393
medallist,29394
medals,29395
meddle,29396
meddler,29397
meddles,29398
meddlesome,29399
meddling,29400
medea,29401
media,29402
mediaeval,29403
median,29404
mediant,29405
mediate,29406
mediated,29407
mediates,29408
mediation,29409
mediator,29410
mediators,29411
medic,29412
medical,29413
medical_care,29414
medical_examination,29415
medical_examiner,29416
medical_instrument,29417
medical_instruments,29418
medical_man,29419
medical_practitioner,29420
medical_procedure,29421
medical_record,29422
medical_scientist,29423
medical_specialist,29424
medical_specialists,29425
medicament,29426
medicate,29427
medicated,29428
medicates,29429
medication,29430
medicinal,29431
medicine,29432
medicine_ball,29433
medicine_man,29434
medicines,29435
medico,29436
medics,29437
medieval,29438
medina,29439
mediocre,29440
mediocrity,29441
meditate,29442
meditated,29443
meditates,29444
meditating,29445
meditation,29446
meditative,29447
mediterranean,29448
medium,29449
medlar,29450
medley,29451
medleys,29452
medoc,29453
medusa,29454
medusae,29455
medusas,29456
medusoid,29457
meek,29458
meekly,29459
meekness,29460
meerkat,29461
meerkats,29462
meerschaum,29463
meet,29464
meet_up_with,29465
meeting,29466
meeting_house,29467
meeting_place,29468
meeting_places,29469
meetings,29470
meets,29471
megabit,29472
megabucks,29473
megacycles,29474
megahit,29475
megalith,29476
megalopolis,29477
megawatt,29478
megrim,29479
meiosis,29480
mekong,29481
mel_gibson,29482
melancholia,29483
melancholy,29484
melange,29485
melanin,29486
melanocyte,29487
melatonin,29488
melba_toast,29489
melbourne,29490
meld,29491
melee,29492
melees,29493
melia,29494
meliorate,29495
meliorated,29496
melissa,29497
mellifluous,29498
mellow,29499
mellowed,29500
melodic,29501
melodic_phrase,29502
melodies,29503
melodious,29504
melodrama,29505
melodramatic,29506
melody,29507
melon,29508
melpomene,29509
melt,29510
meltdown,29511
melted,29512
melting,29513
melting_pot,29514
melts,29515
melville,29516
member,29517
member_of_parliament,29518
members,29519
membership,29520
membrane,29521
membranes,29522
memento,29523
mementoes,29524
mementos,29525
memo,29526
memoir,29527
memoirs,29528
memorabilia,29529
memorable,29530
memoranda,29531
memorandum,29532
memorial,29533
memories,29534
memorisation,29535
memorise,29536
memorised,29537
memorize,29538
memory,29539
memory_device,29540
memory_loss,29541
memos,29542
memphis,29543
memsahib,29544
men,29545
men-at-arms,29546
men_of_letters,29547
menace,29548
menaced,29549
menaces,29550
menacing,29551
menage,29552
menage_a_trois,29553
menagerie,29554
menageries,29555
menai_strait,29556
mend,29557
mendacious,29558
mendacity,29559
mended,29560
mendel,29561
mendeleev,29562
mendeleyev,29563
mendelssohn,29564
mendes,29565
mendicancy,29566
mendicant,29567
mending,29568
mends,29569
menhaden,29570
menhir,29571
menial,29572
menials,29573
meninx,29574
menisci,29575
menopause,29576
menopauses,29577
menorah,29578
mensa,29579
menses,29580
mental,29581
mental_attitude,29582
mental_condition,29583
mental_disorder,29584
mental_faculty,29585
mental_health,29586
mental_illness,29587
mental_image,29588
mental_imagery,29589
mental_picture,29590
mental_pictures,29591
mental_state,29592
mentality,29593
mentally,29594
mentally_ill,29595
menthol,29596
mention,29597
mentioned,29598
mentions,29599
mentor,29600
mentored,29601
mentoring,29602
mentors,29603
menu,29604
menuhin,29605
menus,29606
mephistophelean,29607
mephistopheles,29608
mercantile,29609
mercator,29610
mercenary,29611
mercer,29612
merchandise,29613
merchandiser,29614
merchant,29615
merchant_ship,29616
merchantman,29617
merchantmen,29618
merchants,29619
merciful,29620
merciless,29621
mercurial,29622
mercury,29623
mercy,29624
mercy_killing,29625
mere,29626
meredith,29627
merely,29628
meretricious,29629
merganser,29630
mergansers,29631
merge,29632
merged,29633
merger,29634
mergers,29635
merges,29636
merging,29637
meridian,29638
meringue,29639
merino,29640
merit,29641
merited,29642
meriting,29643
meritorious,29644
merits,29645
merl,29646
merlin,29647
merlot,29648
mermaid,29649
merriment,29650
merry,29651
merry-go-round,29652
merrymaking,29653
merton,29654
meryl_streep,29655
mesa,29656
mescaline,29657
mesh,29658
meshed,29659
meshes,29660
meshugga,29661
mesmeric,29662
mesmerise,29663
mesmerised,29664
mesmerising,29665
mesmerize,29666
mesmerized,29667
mesomorphic,29668
meson,29669
mesquites,29670
mess,29671
mess-up,29672
mess_about,29673
mess_around,29674
mess_up,29675
message,29676
messaged,29677
messages,29678
messenger,29679
messengers,29680
messes,29681
messiah,29682
messianic,29683
messiness,29684
messmate,29685
messuage,29686
messy,29687
met,29688
metabolism,29689
metacarpal,29690
metacarpi,29691
metacentre,29692
metadata,29693
metagenesis,29694
metal,29695
metal_bar,29696
metal_bars,29697
metallic,29698
metallic_element,29699
metalloid,29700
metals,29701
metalwork,29702
metalworker,29703
metamorphic_rock,29704
metamorphose,29705
metamorphosed,29706
metamorphoses,29707
metamorphosing,29708
metamorphosis,29709
metaphor,29710
metaphorical,29711
metaphysical,29712
metastasis,29713
metatarsal,29714
metatarsi,29715
metatarsus,29716
metathesis,29717
mete,29718
meteor,29719
meteoric,29720
meteorite,29721
meteorites,29722
meteoroid,29723
meteorological_observation_post,29724
meter,29725
meth,29726
methadone,29727
methamphetamine,29728
methane,29729
methanol,29730
method,29731
methodical,29732
methodically,29733
methodism,29734
methodist,29735
methodists,29736
methods,29737
methuselah,29738
meticulous,29739
meticulously,29740
meticulousness,29741
metier,29742
metonym,29743
metre,29744
metres,29745
metric,29746
metric_system,29747
metric_unit,29748
metrical,29749
metrical_foot,29750
metrical_unit,29751
metrical_units,29752
metro,29753
metronome,29754
metropolis,29755
metropolitan,29756
metros,29757
mettle,29758
mettlesome,29759
mew,29760
mewed,29761
mewing,29762
mewl,29763
mewls,29764
mews,29765
mexican,29766
mexican_hat,29767
mexican_standoff,29768
mexicans,29769
mexico,29770
mezzanine,29771
mezzanines,29772
mezzo,29773
miami,29774
miasm,29775
miasma,29776
miasmal,29777
miasmic,29778
mica,29779
micah,29780
micawber,29781
mice,29782
michael,29783
michael_faraday,29784
michael_ondaatje,29785
michaelmas_daisy,29786
michelangelo,29787
michigan,29788
mickey,29789
mickey_mouse,29790
micro-organism,29791
micro-organisms,29792
microbe,29793
microbes,29794
microbiologist,29795
microdot,29796
microfilm,29797
micrometer,29798
micronesia,29799
microorganisms,29800
microphone,29801
microprocessor,29802
microscope,29803
microscopic,29804
microsporophyll,29805
microwave,29806
microwave_oven,29807
microwaved,29808
microwaves,29809
mid-off,29810
mid-on,29811
midas,29812
midday,29813
midden,29814
middle,29815
middle-aged,29816
middle-class,29817
middle-of-the-road,29818
middle_age,29819
middle_c,29820
middle_class,29821
middle_ear,29822
middle_east,29823
middle_eastern,29824
middle_easterner,29825
middleman,29826
middlemen,29827
middleweight,29828
middleweights,29829
middling,29830
middy,29831
midge,29832
midget,29833
midi,29834
midiron,29835
midlander,29836
midnight,29837
midpoint,29838
midrash,29839
midriff,29840
midriffs,29841
midshipman,29842
midshipmen,29843
midst,29844
midsts,29845
midway,29846
midweek,29847
midwestern,29848
midwife,29849
mien,29850
miens,29851
miff,29852
miffed,29853
might,29854
mightier,29855
mightiest,29856
mightily,29857
mighty,29858
mignonette,29859
migraine,29860
migrant,29861
migrate,29862
migration,29863
migrations,29864
mihrab,29865
mikado,29866
mikados,29867
mike,29868
milady,29869
milan,29870
milanese,29871
mild,29872
mild-mannered,29873
mildew,29874
mildly,29875
mildness,29876
mile,29877
mileage,29878
miler,29879
miles,29880
milestone,29881
milfoil,29882
milia,29883
miliaria,29884
milieu,29885
militancy,29886
militant,29887
militants,29888
militaries,29889
militarist,29890
military,29891
military_action,29892
military_actions,29893
military_adviser,29894
military_advisers,29895
military_band,29896
military_force,29897
military_forces,29898
military_formation,29899
military_formations,29900
military_government,29901
military_governor,29902
military_governors,29903
military_group,29904
military_groups,29905
military_headquarters,29906
military_leader,29907
military_man,29908
military_music,29909
military_officer,29910
military_officers,29911
military_operation,29912
military_operations,29913
military_personnel,29914
military_plane,29915
military_police,29916
military_policeman,29917
military_position,29918
military_post,29919
military_quarters,29920
military_rank,29921
military_service,29922
military_unit,29923
military_units,29924
military_vehicle,29925
military_vehicles,29926
militate,29927
militia,29928
milk,29929
milk_chocolate,29930
milk_floats,29931
milk_shake,29932
milk_thistle,29933
milking,29934
milkmaid,29935
milks,29936
milkshake,29937
milksop,29938
milksops,29939
milkweed,29940
milky,29941
milky_way,29942
mill,29943
millais,29944
milldam,29945
millennia,29946
millennium,29947
miller,29948
millers,29949
millet,29950
milligrams,29951
millimetre,29952
milliner,29953
millinery,29954
milling,29955
million,29956
millionaire,29957
millionaires,29958
millionairess,29959
millions,29960
millionth,29961
millisecond,29962
millpond,29963
millrace,29964
millrun,29965
mills,29966
millstone,29967
milne,29968
milord,29969
milton,29970
mime,29971
mimer,29972
mimetic,29973
mimic,29974
mimicking,29975
mimicry,29976
mimics,29977
mimosa,29978
minaret,29979
minatory,29980
mince,29981
mince_pie,29982
mince_pies,29983
minced,29984
mincemeat,29985
mincer,29986
minces,29987
mind,29988
mind-bending,29989
mind-blowing,29990
mind-boggling,29991
mind_games,29992
mind_reader,29993
minded,29994
minder,29995
minders,29996
mindful,29997
mindless,29998
minds,29999
mindset,30000
mine,30001
mined,30002
minelayer,30003
miner,30004
mineral,30005
mineral_oil,30006
mineralogy,30007
minerals,30008
miners,30009
minerva,30010
mines,30011
minestrone,30012
minesweeper,30013
ming,30014
mingle,30015
mingled,30016
mingles,30017
mini,30018
miniature,30019
miniature_golf,30020
minibar,30021
minibars,30022
minibikes,30023
minibus,30024
minicab,30025
minicabs,30026
minim,30027
minimal,30028
minimise,30029
minimize,30030
minims,30031
minimum,30032
mining,30033
minion,30034
minions,30035
miniskirt,30036
minister,30037
minister_of_religion,30038
ministered,30039
ministerial,30040
ministers,30041
ministrant,30042
ministration,30043
ministrations,30044
ministries,30045
ministry,30046
minivan,30047
minivans,30048
mink,30049
minnesota,30050
minnesotan,30051
minnow,30052
minor,30053
minor_planet,30054
minor_role,30055
minority,30056
minors,30057
minotaur,30058
minsk,30059
minster,30060
minstrel,30061
mint,30062
mint_julep,30063
minted,30064
mints,30065
minty,30066
minuet,30067
minus,30068
minuscule,30069
minute,30070
minute_steak,30071
minuteman,30072
minutes,30073
minutiae,30074
minx,30075
miracle,30076
miracles,30077
miraculous,30078
mirage,30079
mirages,30080
mire,30081
mired,30082
miro,30083
mirror,30084
mirror_image,30085
mirror_images,30086
mirrored,30087
mirrors,30088
mirth,30089
mirthful,30090
misadventure,30091
misadventures,30092
misapplied,30093
misapprehension,30094
misappropriate,30095
misappropriated,30096
misbegot,30097
misbegotten,30098
misbehave,30099
misbehaviour,30100
misbeliever,30101
miscalculate,30102
miscalculation,30103
miscarrying,30104
miscegenation,30105
miscellanea,30106
miscellaneous,30107
miscellanies,30108
miscellany,30109
mischance,30110
mischief,30111
mischief-maker,30112
mischief-makers,30113
mischievous,30114
mischievously,30115
misconception,30116
misconduct,30117
misconstrue,30118
miscreant,30119
miscreants,30120
miscreation,30121
miscue,30122
misdeed,30123
misdeeds,30124
misdemeanour,30125
misdo,30126
miser,30127
miserable,30128
miseries,30129
miserly,30130
misers,30131
misery,30132
misfit,30133
misfits,30134
misfortune,30135
misfortunes,30136
misgiving,30137
misgivings,30138
misguided,30139
mishandle,30140
mishandled,30141
mishandling,30142
mishap,30143
mishaps,30144
mishmash,30145
misinform,30146
misinformation,30147
misinterpret,30148
mislay,30149
mislays,30150
mislead,30151
misleading,30152
misleads,30153
misled,30154
mismanagement,30155
mismatch,30156
mismatched,30157
miso,30158
misogynist,30159
mispickel,30160
misplace,30161
misplaced,30162
misprint,30163
misprints,30164
mispronunciation,30165
misquotes,30166
misrepresent,30167
misrepresented,30168
misrepresenting,30169
misrule,30170
miss,30171
missal,30172
missed,30173
misses,30174
misshapen,30175
missile,30176
missiles,30177
missing,30178
missing_link,30179
mission,30180
missionaries,30181
missionary,30182
missioner,30183
missions,30184
missis,30185
mississippi,30186
missive,30187
missives,30188
missouri,30189
misspeak,30190
misspends,30191
misspent,30192
misstate,30193
misstep,30194
missus,30195
mist,30196
mistake,30197
mistaken,30198
mistakenly,30199
mistakes,30200
mister,30201
misters,30202
mistimed,30203
mistletoe,30204
mistral,30205
mistreat,30206
mistreated,30207
mistreatment,30208
mistreats,30209
mistress,30210
mistresses,30211
mistrust,30212
mistrusted,30213
mistrusts,30214
mists,30215
misty,30216
misunderstand,30217
misunderstanding,30218
misunderstood,30219
misuse,30220
misuses,30221
misusing,30222
mite,30223
mites,30224
mithra,30225
mithraism,30226
mithras,30227
mitigate,30228
mitigated,30229
mitigates,30230
mitigation,30231
mitre,30232
mitt,30233
mitten,30234
mitzvah,30235
mix,30236
mix-up,30237
mix_up,30238
mixed,30239
mixed_bag,30240
mixed_drink,30241
mixed_drinks,30242
mixer,30243
mixing,30244
mixologist,30245
mixture,30246
mnemonic,30247
mo,30248
moa,30249
moan,30250
moaned,30251
moaner,30252
moans,30253
moas,30254
moat,30255
moats,30256
mob,30257
mobbed,30258
mobile,30259
mobile_home,30260
mobile_phone,30261
mobiles,30262
mobilise,30263
mobilises,30264
mobocracy,30265
mobster,30266
mobsters,30267
mocassin,30268
moccasin,30269
mocha,30270
mochas,30271
mock,30272
mock-up,30273
mock-ups,30274
mock_orange,30275
mock_turtle_soup,30276
mocked,30277
mockery,30278
mocking,30279
mockingly,30280
mocks,30281
mod,30282
modal,30283
mode,30284
model,30285
modelled,30286
modeller,30287
modelling,30288
models,30289
modem,30290
moderate,30291
moderated,30292
moderately,30293
moderateness,30294
moderates,30295
moderating,30296
moderation,30297
moderato,30298
moderator,30299
modern,30300
modern_era,30301
modern_times,30302
modernisation,30303
modernise,30304
modernised,30305
modernising,30306
modernistic,30307
modernize,30308
modes,30309
modest,30310
modesty,30311
modicum,30312
modifiable,30313
modification,30314
modified,30315
modifier,30316
modifies,30317
modify,30318
modigliani,30319
modish,30320
modishness,30321
modiste,30322
modulate,30323
modulated,30324
module,30325
modules,30326
modus_operandi,30327
mogadishu,30328
mogul,30329
mohair,30330
mohawk,30331
mohawks,30332
mohican,30333
mohicans,30334
moiety,30335
moire,30336
moist,30337
moisten,30338
moisteners,30339
moistens,30340
moistness,30341
moisture,30342
mojave,30343
mojo,30344
moke,30345
molar,30346
molars,30347
molasses,30348
moldova,30349
molds,30350
mole,30351
mole_rat,30352
moles,30353
moleskin,30354
molest,30355
molestation,30356
molested,30357
molesting,30358
molests,30359
moliere,30360
mollified,30361
mollify,30362
mollifying,30363
mollusc,30364
molluscs,30365
mollusk,30366
molly,30367
mollycoddle,30368
mollycoddled,30369
mollycoddles,30370
moloch,30371
molotov_cocktail,30372
molten,30373
molto,30374
molybdenum,30375
mombasa,30376
moment,30377
moment_of_truth,30378
momentary,30379
momentous,30380
moments,30381
moments_of_truth,30382
momentum,30383
mommsen,30384
mona,30385
monaco,30386
monad,30387
monarch,30388
monarchic,30389
monarchies,30390
monarchist,30391
monarchs,30392
monarchy,30393
monarda,30394
monas,30395
monasteries,30396
monastery,30397
monastic,30398
monastical,30399
monday,30400
monet,30401
monetarism,30402
monetarists,30403
monetary,30404
monetary_system,30405
monetary_unit,30406
monetises,30407
money,30408
money-spinner,30409
money_box,30410
money_handler,30411
money_laundering,30412
money_markets,30413
money_order,30414
money_supply,30415
moneybags,30416
moneyed,30417
moneylender,30418
moneylenders,30419
moneymaker,30420
moneymaking,30421
moneyman,30422
mongolia,30423
mongoose,30424
mongrel,30425
mongrels,30426
monied,30427
moniker,30428
monilia,30429
monitor,30430
monitor_lizard,30431
monitored,30432
monitoring,30433
monitors,30434
monitory,30435
monk,30436
monkey,30437
monkey-wrench,30438
monkey_business,30439
monkey_nut,30440
monkey_nuts,30441
monkey_wrench,30442
monkeyed,30443
monkeys,30444
monks,30445
monkshood,30446
mono,30447
monochrome,30448
monocle,30449
monocles,30450
monodies,30451
monody,30452
monogamous,30453
monograph,30454
monolith,30455
monolithic,30456
monoliths,30457
monologue,30458
monomania,30459
monoplane,30460
monopolise,30461
monopoly,30462
monorail,30463
monosyllabic,30464
monosyllable,30465
monotheist,30466
monotonous,30467
monotony,30468
monotreme,30469
monoxide,30470
monroe,30471
monrovia,30472
mons,30473
monsieur,30474
monsignor,30475
monsoon,30476
monster,30477
monstera,30478
monsters,30479
monstrance,30480
monstrosities,30481
monstrosity,30482
monstrous,30483
mont_blanc,30484
montage,30485
montana,30486
monte,30487
monte_carlo,30488
monterey,30489
montessori,30490
monteverdi,30491
montgolfier,30492
montgomery,30493
month,30494
month_of_sundays,30495
monthly,30496
months,30497
montpelier,30498
montrachet,30499
montreal,30500
montserrat,30501
monument,30502
monumental,30503
monuments,30504
moo,30505
mooch,30506
mooched,30507
moocher,30508
mood,30509
moodier,30510
moods,30511
moody,30512
mooed,30513
moolah,30514
moon,30515
moonbeam,30516
moonfish,30517
moonflowers,30518
moonie,30519
moonless,30520
moonlight,30521
moonlit,30522
moons,30523
moonshine,30524
moonstone,30525
moonstruck,30526
moonwalk,30527
moonwalks,30528
moony,30529
moor,30530
moorage,30531
moorcock,30532
moorcocks,30533
moore,30534
moored,30535
moorfowl,30536
moorhen,30537
mooring,30538
moorland,30539
moorlands,30540
moors,30541
moose,30542
moot,30543
mooted,30544
mop,30545
mop_up,30546
mope,30547
moped,30548
mopeds,30549
mopes,30550
mopped,30551
mopper,30552
moppet,30553
moppets,30554
mopping,30555
mops,30556
moraine,30557
moral,30558
moral_excellence,30559
moral_principle,30560
moral_principles,30561
morale,30562
morale_booster,30563
moralise,30564
moralised,30565
moralising,30566
moralist,30567
moralistic,30568
moralists,30569
morality,30570
morality_play,30571
morals,30572
morass,30573
morasses,30574
moratoria,30575
moratorium,30576
moravian,30577
moray,30578
moray_eel,30579
moray_eels,30580
morays,30581
morbid,30582
mordacious,30583
mordant,30584
mordecai_richler,30585
more,30586
more_and_more,30587
more_often_than_not,30588
more_or_less,30589
more_than,30590
moreen,30591
morel,30592
morello,30593
morellos,30594
moreover,30595
mores,30596
morgan,30597
moribund,30598
mormonism,30599
morn,30600
morning,30601
morning_sickness,30602
morning_star,30603
moroccan,30604
morocco,30605
moron,30606
moronic,30607
morose,30608
morph,30609
morpheus,30610
morphia,30611
morphine,30612
morphing,30613
morris,30614
morrison,30615
morse,30616
morse_code,30617
morsel,30618
morsels,30619
mortal,30620
mortal_sin,30621
mortality,30622
mortals,30623
mortar,30624
mortarboard,30625
mortared,30626
mortars,30627
mortgage,30628
mortgagees,30629
mortgages,30630
mortician,30631
mortification,30632
mortified,30633
mortify,30634
mortifying,30635
mortise,30636
mosaic,30637
moscow,30638
moselle,30639
moses,30640
moseys,30641
mosh,30642
moslem,30643
mosque,30644
mosquito,30645
mosquitoes,30646
mosquitos,30647
moss,30648
mossad,30649
most,30650
most_importantly,30651
mostly,30652
motel,30653
motet,30654
moth,30655
moth-eaten,30656
mothball,30657
mothballs,30658
mother,30659
mother-of-pearl,30660
mother_country,30661
mother_goose,30662
mother_superior,30663
mother_wit,30664
motherland,30665
motherly,30666
mothers,30667
mothers-in-law,30668
moths,30669
motif,30670
motifs,30671
motion,30672
motion_picture,30673
motion_sickness,30674
motioned,30675
motionless,30676
motions,30677
motivate,30678
motivated,30679
motivates,30680
motivation,30681
motivational,30682
motivators,30683
motive,30684
motives,30685
motley,30686
motor,30687
motor_home,30688
motor_vehicle,30689
motorbike,30690
motorbikes,30691
motorboat,30692
motorcade,30693
motorcar,30694
motorcycle,30695
motorcycles,30696
motorcyclist,30697
motored,30698
motorise,30699
motorist,30700
motorists,30701
motors,30702
motorway,30703
motown,30704
mottle,30705
mottled,30706
motto,30707
moue,30708
mould,30709
moulded,30710
moulder,30711
moulding,30712
mouldings,30713
moulds,30714
moulted,30715
mound,30716
mount,30717
mount_etna,30718
mount_up,30719
mountain,30720
mountain_ash,30721
mountain_chain,30722
mountain_climber,30723
mountain_goat,30724
mountain_lion,30725
mountain_man,30726
mountain_pass,30727
mountain_peak,30728
mountain_range,30729
mountaineer,30730
mountaineering,30731
mountaineers,30732
mountainous,30733
mountains,30734
mountebank,30735
mountebanks,30736
mounted,30737
mountie,30738
mounties,30739
mounting,30740
mounts,30741
mourn,30742
mourned,30743
mourner,30744
mournful,30745
mourning,30746
mouse,30747
mouser,30748
mousers,30749
mousetrap,30750
mousey,30751
mousing,30752
moussaka,30753
mousse,30754
moustache,30755
mousy,30756
mouth,30757
mouth-watering,30758
mouth_off,30759
mouth_organ,30760
mouthful,30761
mouthfuls,30762
mouthpiece,30763
mouthpieces,30764
mouths,30765
movable_barrier,30766
movable_feast,30767
move,30768
move_around,30769
move_back_and_forth,30770
move_out,30771
move_up,30772
moved,30773
movement,30774
movements,30775
mover,30776
moves,30777
movie,30778
movie_house,30779
movie_maker,30780
movie_star,30781
movies,30782
moving,30783
moving_staircase,30784
moving_staircases,30785
mowed,30786
mower,30787
mowing,30788
mown,30789
mows,30790
mozart,30791
mozzarella,30792
mozzarellas,30793
mp,30794
mps,30795
mr,30796
mrs,30797
ms,30798
msasa,30799
msasas,30800
mt_etna,30801
much,30802
muck,30803
muck_about,30804
muckiest,30805
mucky,30806
mucor,30807
mucorales,30808
mud,30809
muddier,30810
muddle,30811
muddled,30812
muddling,30813
muddy,30814
mudskipper,30815
mudslinger,30816
muenster,30817
muesli,30818
muff,30819
muffed,30820
muffin,30821
muffing,30822
muffins,30823
muffle,30824
muffled,30825
muffler,30826
mufflers,30827
muffles,30828
muffling,30829
muffs,30830
mufti,30831
mug,30832
mug_shot,30833
mug_up,30834
mugger,30835
muggers,30836
muggings,30837
muggins,30838
muggy,30839
mugs,30840
mugshot,30841
mulberry,30842
mulberry_fig,30843
mulch,30844
mulct,30845
mulcts,30846
mule,30847
mules,30848
muleteer,30849
mulish,30850
mull,30851
mull_over,30852
mullah,30853
mulled_wine,30854
mullein,30855
muller,30856
mullet,30857
mulligan,30858
mulligans,30859
mulligatawny,30860
multi-coloured,30861
multidimensional,30862
multifaceted,30863
multilingual,30864
multinational,30865
multiple,30866
multiples,30867
multiplex,30868
multiplicity,30869
multiplied,30870
multiply,30871
multitude,30872
multitudes,30873
mum,30874
mumbai,30875
mumble,30876
mumbled,30877
mumbling,30878
mumbo_jumbo,30879
mummers,30880
mummies,30881
mummified,30882
mummify,30883
mummy,30884
mumps,30885
munch,30886
mundane,30887
munich,30888
municipal,30889
munificent,30890
munition,30891
munitions,30892
munro,30893
muntjac,30894
mural,30895
muralist,30896
murals,30897
murder,30898
murder_mystery,30899
murdered,30900
murderer,30901
murderers,30902
murdering,30903
murderous,30904
murders,30905
murdoch,30906
murine,30907
murk,30908
murky,30909
murmansk,30910
murmur,30911
murmured,30912
murphy,30913
murrain,30914
muscadet,30915
muscat,30916
muscatel,30917
muscatels,30918
muscle,30919
muscle_builders,30920
muscle_contraction,30921
muscle_relaxant,30922
muscleman,30923
muscles,30924
muscovite,30925
muscular,30926
muscular_contraction,30927
muscularity,30928
muse,30929
mused,30930
muses,30931
musette,30932
museum,30933
mush,30934
mushroom,30935
mushroomed,30936
mushrooms,30937
mushy,30938
mushy_peas,30939
music,30940
music_critic,30941
music_director,30942
music_genre,30943
music_hall,30944
music_school,30945
musical,30946
musical_accompaniment,30947
musical_arrangement,30948
musical_chairs,30949
musical_comedy,30950
musical_composition,30951
musical_compositions,30952
musical_drama,30953
musical_dramas,30954
musical_genre,30955
musical_group,30956
musical_groups,30957
musical_instrument,30958
musical_instruments,30959
musical_interval,30960
musical_mode,30961
musical_note,30962
musical_notes,30963
musical_passage,30964
musical_passages,30965
musical_performance,30966
musical_performances,30967
musical_phrase,30968
musical_rhythm,30969
musical_style,30970
musical_theme,30971
musician,30972
musicians,30973
musicology,30974
musing,30975
musings,30976
musket,30977
musketeer,30978
musketeers,30979
musketry,30980
muskrat,30981
musky,30982
muslim,30983
muslims,30984
muslin,30985
musquash,30986
mussel,30987
mussels,30988
mussitations,30989
mussolini,30990
must,30991
mustang,30992
mustangs,30993
mustard,30994
mustard_gas,30995
mustelid,30996
mustelines,30997
muster,30998
mustered,30999
mustering,31000
musters,31001
musts,31002
mutable,31003
mutableness,31004
mutant,31005
mutate,31006
mutated,31007
mutation,31008
mutative,31009
mute,31010
mute_swan,31011
muted,31012
mutilate,31013
mutilated,31014
mutilates,31015
mutineer,31016
mutinies,31017
mutinous,31018
mutiny,31019
mutt,31020
mutter,31021
muttered,31022
muttering,31023
mutterings,31024
mutters,31025
mutton,31026
mutton_chop,31027
mutton_chops,31028
muttonhead,31029
mutual,31030
muzzle,31031
myalgia,31032
myanmar,31033
mycenaean,31034
myna,31035
mynah,31036
myoma,31037
myopia,31038
myopic,31039
myotonia,31040
myriad,31041
myriads,31042
myringa,31043
myrmidon,31044
myrobalan,31045
myrrh,31046
myrtle,31047
mysore,31048
mysteries,31049
mysterious,31050
mysteriously,31051
mystery,31052
mystery_novel,31053
mystic,31054
mystical,31055
mysticism,31056
mystics,31057
mystified,31058
mystify,31059
mystifying,31060
mystique,31061
myth,31062
mythical,31063
mythical_being,31064
mythical_creature,31065
mythical_creatures,31066
mythical_monster,31067
mythical_monsters,31068
mythical_place,31069
mythological,31070
myths,31071
naan,31072
naans,31073
nab,31074
nabbed,31075
nabbing,31076
nabob,31077
nabokov,31078
nabs,31079
nacelle,31080
nacho,31081
nachos,31082
nacre,31083
nacreous,31084
nacres,31085
nada,31086
nadir,31087
nadirs,31088
nag,31089
naga,31090
nagari,31091
nagas,31092
nagasaki,31093
nagged,31094
nagging,31095
nagoya,31096
nags,31097
nahuatl,31098
nahum,31099
naiad,31100
naiades,31101
naiads,31102
naias,31103
naif,31104
nail,31105
nail-biting,31106
nail_down,31107
nail_polish,31108
nail_varnish,31109
nailbrush,31110
nailed,31111
nailers,31112
nailhead,31113
nailing,31114
nails,31115
nainsook,31116
naira,31117
nairobi,31118
naive,31119
naively,31120
naiveness,31121
naivete,31122
naivety,31123
naked,31124
naked_eye,31125
naked_lady,31126
nakedly,31127
nakedness,31128
namby-pambies,31129
namby-pamby,31130
name,31131
name_tag,31132
name_tags,31133
named,31134
namedrop,31135
nameless,31136
namelessness,31137
namely,31138
nameplate,31139
nameplates,31140
names,31141
namesake,31142
namibia,31143
naming,31144
namtaru,31145
nan,31146
nancy,31147
nancy_mitford,31148
nanda_devi,31149
nankeen,31150
nanking,31151
nanna,31152
nannies,31153
nanny,31154
nanny-goat,31155
nanometre,31156
nanosecond,31157
nantes,31158
naomi,31159
nap,31160
napa,31161
napalm,31162
nape,31163
napery,31164
napes,31165
naphtha,31166
naphthas,31167
napkin,31168
napkin_rings,31169
napkins,31170
naples,31171
napoleon,31172
napoleons,31173
napping,31174
nappy,31175
naps,31176
narc,31177
narcissi,31178
narcissism,31179
narcissist,31180
narcissistic,31181
narcissists,31182
narcissus,31183
narcolepsy,31184
narcosis,31185
narcotic,31186
narcotics,31187
narcotise,31188
narcotized,31189
nard,31190
nares,31191
narghile,31192
nark,31193
narked,31194
narks,31195
narrate,31196
narrated,31197
narrates,31198
narrating,31199
narration,31200
narrations,31201
narrative,31202
narratives,31203
narrator,31204
narrators,31205
narrow,31206
narrow-minded,31207
narrow-mindedness,31208
narrow_boat,31209
narrow_escape,31210
narrow_escapes,31211
narrowboat,31212
narrowed,31213
narrowest,31214
narrowing,31215
narrowly,31216
narrows,31217
narwal,31218
narwhal,31219
narwhale,31220
nary,31221
nasa,31222
nasal,31223
nasal_cavities,31224
nasalis,31225
nascence,31226
nascent,31227
nasdaq,31228
naseby,31229
nash,31230
nashville,31231
nassau,31232
nastier,31233
nastily,31234
nastiness,31235
nasturtium,31236
nasturtiums,31237
nasty,31238
natal,31239
natation,31240
natatoria,31241
nates,31242
nation,31243
national,31244
national_anthem,31245
national_capital,31246
national_flag,31247
national_holiday,31248
national_leader,31249
national_park,31250
national_service,31251
national_trust,31252
nationalist,31253
nationality,31254
nationals,31255
nations,31256
nationwide,31257
native,31258
native_american,31259
native_americans,31260
native_australian,31261
native_language,31262
natives,31263
nativity,31264
nato,31265
natter,31266
nattered,31267
nattering,31268
natterjack,31269
natters,31270
nattier,31271
nattily,31272
nattiness,31273
natty,31274
natural,31275
natural_abilities,31276
natural_ability,31277
natural_elevation,31278
natural_fibre,31279
natural_fibres,31280
natural_gas,31281
natural_order,31282
natural_phenomenon,31283
natural_process,31284
natural_state,31285
naturalist,31286
naturalistic,31287
naturally,31288
nature,31289
nature_study,31290
natures,31291
naturist,31292
naturists,31293
naturopathy,31294
naught,31295
naughtier,31296
naughtily,31297
naughtiness,31298
naughty,31299
nauru,31300
nausea,31301
nauseate,31302
nauseated,31303
nauseating,31304
nauseous,31305
nautch,31306
nautical,31307
nautili,31308
nautilus,31309
navaho,31310
navajo,31311
navajos,31312
naval,31313
naval_battle,31314
naval_commander,31315
naval_officer,31316
naval_officers,31317
naval_unit,31318
nave,31319
navel,31320
navel-gazing,31321
navel_orange,31322
navels,31323
navigate,31324
navigated,31325
navigates,31326
navigating,31327
navigation,31328
navigator,31329
navy,31330
navy_blue,31331
nawab,31332
nawabs,31333
nay,31334
nays,31335
naysayer,31336
naysayers,31337
naze,31338
nazi,31339
nb,31340
ndebele,31341
ndjamena,31342
ne'er-do-well,31343
neandertal,31344
neanderthal,31345
neanderthal_man,31346
neap,31347
neapolitan,31348
near,31349
near_east,31350
near_miss,31351
near_misses,31352
near_thing,31353
nearby,31354
neared,31355
nearer,31356
nearest,31357
nearing,31358
nearly,31359
nears,31360
neat,31361
neaten,31362
neatened,31363
neatening,31364
neatens,31365
neater,31366
neatest,31367
neatly,31368
neatness,31369
neb,31370
nebraska,31371
nebraskan,31372
nebula,31373
nebulae,31374
nebular,31375
nebuliser,31376
nebulous,31377
necessarily,31378
necessary,31379
necessitate,31380
necessitated,31381
necessities,31382
necessity,31383
neck,31384
neck_and_neck,31385
neck_of_the_woods,31386
neckcloth,31387
necked,31388
necking,31389
necklace,31390
necklaces,31391
necklet,31392
necks,31393
necktie,31394
neckwear,31395
necromancer,31396
necromancy,31397
necropolis,31398
necrose,31399
necrosis,31400
nectar,31401
nectarine,31402
nectarines,31403
nederland,31404
nee,31405
need,31406
needed,31407
needful,31408
needfully,31409
neediest,31410
neediness,31411
needing,31412
needle,31413
needlecraft,31414
needled,31415
needlepoint,31416
needles,31417
needless,31418
needlessly,31419
needlewoman,31420
needlework,31421
needling,31422
needs,31423
needy,31424
neem,31425
nefarious,31426
nefariousness,31427
nefertiti,31428
negate,31429
negated,31430
negates,31431
negation,31432
negative,31433
negative_feedback,31434
negatives,31435
negativist,31436
negev,31437
neglect,31438
neglected,31439
neglectful,31440
neglects,31441
negligee,31442
negligence,31443
negligent,31444
negligently,31445
negliges,31446
negligible,31447
negotiable,31448
negotiate,31449
negotiated,31450
negotiating,31451
negotiation,31452
negotiations,31453
negotiator,31454
negotiators,31455
negro_spiritual,31456
negus,31457
nehemiah,31458
nehru,31459
neighbour,31460
neighbourhood,31461
neighbouring,31462
neighbourliness,31463
neighbourly,31464
neighbours,31465
neil_armstrong,31466
neil_simon,31467
neither,31468
nelson,31469
nelson_mandela,31470
nelsons,31471
nelumbo,31472
nematode,31473
nematodes,31474
nembutal,31475
nemeses,31476
nemesis,31477
neo,31478
neocon,31479
neocons,31480
neoliberal,31481
neolith,31482
neolithic,31483
neologism,31484
neon,31485
neon_lamp,31486
neonate,31487
neophyte,31488
neophytes,31489
neoplasm,31490
neoprene,31491
nepal,31492
nepalese,31493
nepali,31494
nephew,31495
nephews,31496
nephrite,31497
nephritis,31498
nephron,31499
nepotism,31500
neptune,31501
neptunium,31502
nerd,31503
nereid,31504
nereides,31505
nereids,31506
neritina,31507
nero,31508
neruda,31509
nerva,31510
nerve,31511
nerve-racking,31512
nerve-wracking,31513
nerve_cell,31514
nerve_centre,31515
nerve_ends,31516
nerve_gas,31517
nerveless,31518
nerves,31519
nervous,31520
nervous_disorder,31521
nervous_system,31522
nervously,31523
nervousness,31524
nervy,31525
nescience,31526
nescient,31527
ness,31528
nesses,31529
nessie,31530
nest,31531
nest_egg,31532
nest_eggs,31533
nested,31534
nesting,31535
nestle,31536
nestling,31537
nestlings,31538
nestor,31539
nestorius,31540
nests,31541
net,31542
net_income,31543
net_profit,31544
netball,31545
nether,31546
nether_regions,31547
netherlander,31548
netherlands,31549
nethermost,31550
netherworld,31551
nets,31552
nett,31553
netted,31554
netting,31555
nettle,31556
nettle_rash,31557
nettled,31558
nettles,31559
nettlesome,31560
nettling,31561
netts,31562
network,31563
networking,31564
networks,31565
neumann,31566
neural,31567
neural_net,31568
neural_networks,31569
neuralgia,31570
neuralgic,31571
neuroma,31572
neuron,31573
neuropsychology,31574
neurosis,31575
neurosurgeon,31576
neurotic,31577
neuter,31578
neutered,31579
neutral,31580
neutralise,31581
neutrality,31582
neutrino,31583
neutrinos,31584
neutron,31585
neutron_star,31586
nevada,31587
nevadan,31588
neve,31589
never,31590
never-ending,31591
never-never,31592
nevertheless,31593
nevil_shute,31594
new,31595
new_deal,31596
new_delhi,31597
new_edition,31598
new_editions,31599
new_forest,31600
new_guinea,31601
new_hampshire,31602
new_hampshirite,31603
new_haven,31604
new_jersey,31605
new_mexico,31606
new_moon,31607
new_orleans,31608
new_scotland_yard,31609
new_south_wales,31610
new_testament,31611
new_towns,31612
new_wave,31613
new_world,31614
new_year,31615
new_york,31616
new_york_city,31617
new_yorker,31618
new_zealand,31619
new_zealander,31620
new_zealanders,31621
newark,31622
newbie,31623
newbies,31624
newborn,31625
newcastle,31626
newcomer,31627
newcomers,31628
newel,31629
newel_post,31630
newer,31631
newest,31632
newfangled,31633
newfoundland,31634
newgate,31635
newly,31636
newlywed,31637
newman,31638
newmarket,31639
newness,31640
newport,31641
news,31642
news_agency,31643
news_bulletin,31644
news_item,31645
news_magazine,31646
news_reader,31647
news_report,31648
news_reports,31649
news_stories,31650
news_story,31651
newsagent,31652
newsagents,31653
newscast,31654
newscaster,31655
newscasters,31656
newsflash,31657
newsletter,31658
newsman,31659
newsmen,31660
newspaper,31661
newspaper_article,31662
newspaper_articles,31663
newspaper_clipping,31664
newspaper_column,31665
newspaper_columnist,31666
newspaperman,31667
newspapers,31668
newspeak,31669
newsprint,31670
newsreader,31671
newsreaders,31672
newsreel,31673
newsstand,31674
newswoman,31675
newsworthy,31676
newt,31677
newton,31678
newts,31679
next,31680
next_door,31681
nexus,31682
ngunis,31683
niacin,31684
niagara,31685
nib,31686
nibbed,31687
nibble,31688
nibbled,31689
nibbler,31690
nibbles,31691
nibbling,31692
niblick,31693
nibs,31694
nicad,31695
nicaragua,31696
nicaraguan,31697
nicaraguan_capital,31698
nice,31699
nicely,31700
nicene_creed,31701
niceness,31702
nicer,31703
nicest,31704
niceties,31705
nicety,31706
niche,31707
nicholas,31708
nichrome,31709
nick,31710
nicked,31711
nickel,31712
nickel-and-dime,31713
nickelodeon,31714
nickels,31715
nicker,31716
nicklaus,31717
nickname,31718
nicknames,31719
nicks,31720
nicosia,31721
nicotiana,31722
nicotine,31723
nictate,31724
nictating,31725
nictitation,31726
nidus,31727
niece,31728
nieces,31729
niels_bohr,31730
nielsen,31731
nietzsche,31732
niff,31733
niffs,31734
niffy,31735
niftier,31736
niftiest,31737
nifty,31738
nigella,31739
niger,31740
nigeria,31741
nigerian,31742
nigerian_capital,31743
nigerians,31744
niggard,31745
niggardly,31746
niggards,31747
niggle,31748
niggled,31749
niggles,31750
nigh,31751
night,31752
night_owl,31753
night_shift,31754
night_watch,31755
nightcap,31756
nightclothes,31757
nightclub,31758
nightdress,31759
nightfall,31760
nightgown,31761
nighthawk,31762
nightie,31763
nightingale,31764
nightjar,31765
nightjars,31766
nightlife,31767
nightly,31768
nightmare,31769
nightmares,31770
nightmarish,31771
nightshade,31772
nightshirt,31773
nightspot,31774
nightspots,31775
nightwear,31776
nihil,31777
nihilist,31778
nihilistic,31779
nijinsky,31780
nike,31781
nil,31782
nile,31783
nilgai,31784
nimbi,31785
nimble,31786
nimbleness,31787
nimbler,31788
nimbus,31789
nimitz,31790
nimrod,31791
nina,31792
nincompoop,31793
nincompoops,31794
nine,31795
ninefold,31796
ninepence,31797
ninepin,31798
ninepins,31799
nines,31800
nineteen,31801
nineteenth,31802
nineties,31803
ninety,31804
ninja,31805
ninjas,31806
ninjitsu,31807
ninny,31808
ninon,31809
ninth,31810
ninths,31811
niobium,31812
nip,31813
nip_and_tuck,31814
nipa,31815
nipped,31816
nipper,31817
nippers,31818
nipple,31819
nippon,31820
nipponese,31821
nippy,31822
nips,31823
niqab,31824
nirvana,31825
nisan,31826
nissan,31827
nissen_hut,31828
nit,31829
nitpick,31830
nitpicked,31831
nitpicker,31832
nitpickers,31833
nitpicking,31834
nitrate,31835
nitrates,31836
nitre,31837
nitride,31838
nitrile,31839
nitrite,31840
nitrites,31841
nitrogen,31842
nits,31843
nitty-gritty,31844
nitwit,31845
nitwits,31846
nix,31847
nixon,31848
no,31849
no-brainer,31850
no-frills,31851
no-good,31852
no-nonsense,31853
no-show,31854
no-trump,31855
no-trumps,31856
no-win_situation,31857
no-win_situations,31858
no_balls,31859
no_doubt,31860
no_end,31861
no_longer,31862
no_man's_land,31863
no_matter,31864
no_matter_what_happens,31865
no_more,31866
noah,31867
nob,31868
nobble,31869
nobbled,31870
nobbles,31871
nobbling,31872
nobel,31873
nobel_laureate,31874
nobel_prize,31875
nobelist,31876
nobelium,31877
nobility,31878
noble,31879
noble-minded,31880
noble_gas,31881
nobleman,31882
noblemen,31883
nobles,31884
noblesse,31885
noblesse_oblige,31886
noblewoman,31887
noblewomen,31888
nobly,31889
nobody,31890
nobs,31891
nocturnal,31892
nocturne,31893
nod,31894
nod_off,31895
nodding,31896
noddle,31897
noddles,31898
node,31899
nodes,31900
nods,31901
nodular,31902
nodulated,31903
nodule,31904
nodulose,31905
noel,31906
noel_coward,31907
noes,31908
nog,31909
noggin,31910
noggins,31911
noise,31912
noised,31913
noiseless,31914
noises,31915
noisier,31916
noisily,31917
noisiness,31918
noisome,31919
noisy,31920
nom_de_plume,31921
nomad,31922
nomadic,31923
nomads,31924
nombril,31925
nomenclature,31926
nomenclatures,31927
nominal,31928
nominally,31929
nominals,31930
nominate,31931
nominated,31932
nominates,31933
nominating,31934
nomination,31935
nominative,31936
nominee,31937
nominees,31938
non-flowering_plant,31939
non-negotiable,31940
non-u,31941
non_compos_mentis,31942
non_sequitur,31943
nonage,31944
nonaged,31945
nonagenarian,31946
nonagon,31947
nonbeliever,31948
nonce,31949
nonce_word,31950
nonchalance,31951
nonchalant,31952
nonchalantly,31953
noncommittal,31954
noncompliance,31955
nonconformist,31956
nonconformists,31957
noncrystalline,31958
nondescript,31959
none,31960
nonentities,31961
nonentity,31962
nonesuch,31963
nonetheless,31964
nonevent,31965
nonexistent,31966
nonlinear,31967
nonmetal,31968
nonpareil,31969
nonplus,31970
nonplused,31971
nonplussed,31972
nonpublic,31973
nonreaders,31974
nonresident,31975
nonsense,31976
nonsensical,31977
nonstop,31978
nontoxic,31979
nontraditional,31980
nonuple,31981
noodle,31982
noodles,31983
nook,31984
nookie,31985
nooks,31986
nooky,31987
noon,31988
noonday,31989
noontide,31990
noose,31991
noosed,31992
nooses,31993
noosing,31994
nootka,31995
nopal,31996
nordic,31997
norfolk,31998
norm,31999
norma,32000
normal,32001
normalised,32002
normality,32003
normally,32004
norman,32005
norman_mailer,32006
normandy,32007
normans,32008
norms,32009
norn,32010
norse,32011
norseman,32012
norsemen,32013
north,32014
north-east,32015
north-west,32016
north_african,32017
north_america,32018
north_american,32019
north_americans,32020
north_carolinian,32021
north_korea,32022
north_pole,32023
north_sea,32024
north_star,32025
northampton,32026
northeast,32027
northerly,32028
northern,32029
northern_hemisphere,32030
northern_ireland,32031
northerner,32032
northerners,32033
northers,32034
northumberland,32035
norway,32036
norway_lobster,32037
norway_lobsters,32038
norway_rat,32039
norway_spruce,32040
norwegian,32041
norwegian_lobster,32042
norwegians,32043
nos,32044
nose,32045
nose_candy,32046
nose_flute,32047
nose_job,32048
nose_jobs,32049
nose_out,32050
nose_ring,32051
nosebag,32052
nosebleed,32053
nosebleeds,32054
nosed,32055
nosedive,32056
nosegay,32057
nosegays,32058
nosepiece,32059
noses,32060
nosey,32061
nosh,32062
noshed,32063
nosher,32064
noshers,32065
noshes,32066
noshing,32067
nosiness,32068
nosing,32069
nostalgia,32070
nostalgic,32071
nostocs,32072
nostradamus,32073
nostril,32074
nostrils,32075
nostrum,32076
nostrums,32077
nosy,32078
not,32079
not_bad,32080
not_guilty,32081
not_to_mention,32082
nota_bene,32083
notability,32084
notable,32085
notables,32086
notably,32087
notaries,32088
notarise,32089
notary,32090
notary_public,32091
notate,32092
notated,32093
notation,32094
notations,32095
notch,32096
notched,32097
notches,32098
note,32099
notebook,32100
notebooks,32101
notecase,32102
noted,32103
notepad,32104
notepaper,32105
notes,32106
noteworthy,32107
nothing,32108
nothings,32109
notice,32110
noticeable,32111
noticeably,32112
noticed,32113
notices,32114
noticing,32115
notification,32116
notified,32117
notify,32118
notifying,32119
noting,32120
notion,32121
notional,32122
notions,32123
notoriety,32124
notorious,32125
notoriously,32126
notwithstanding,32127
nougat,32128
nought,32129
noughts,32130
noughts_and_crosses,32131
noun,32132
nouns,32133
nourish,32134
nourished,32135
nourishing,32136
nourishment,32137
nous,32138
nouvelle_cuisine,32139
nova,32140
nova_scotia,32141
novae,32142
novas,32143
novel,32144
novelette,32145
novelist,32146
novelists,32147
novella,32148
novellas,32149
novels,32150
novelties,32151
novelty,32152
november,32153
novena,32154
novenas,32155
novice,32156
novices,32157
novitiate,32158
now,32159
now_and_again,32160
now_and_then,32161
nowadays,32162
nowhere,32163
nowness,32164
noxious,32165
noyes,32166
nozzles,32167
nuance,32168
nuances,32169
nub,32170
nubile,32171
nucha,32172
nuclear,32173
nuclear_reactor,32174
nuclear_reactors,32175
nuclear_weapon,32176
nuclei,32177
nucleon,32178
nucleotide,32179
nucleus,32180
nude,32181
nudes,32182
nudge,32183
nudges,32184
nudibranch,32185
nudists,32186
nudity,32187
nudniks,32188
nugatory,32189
nugget,32190
nuggets,32191
nuisance,32192
nuisances,32193
nuke,32194
nuked,32195
nukes,32196
nuking,32197
null,32198
nullahs,32199
nullified,32200
nullifies,32201
nullify,32202
nullifying,32203
nulls,32204
numb,32205
numbat,32206
number,32207
number_1,32208
number_cruncher,32209
number_crunchers,32210
number_crunching,32211
number_one,32212
numbered,32213
numbering,32214
numberless,32215
numbers,32216
numbers_game,32217
numbing,32218
numbness,32219
numen,32220
numeral,32221
numerals,32222
numerator,32223
numerical,32224
numerous,32225
numismatist,32226
numskull,32227
numskulls,32228
nun,32229
nun's_habit,32230
nuncio,32231
nunneries,32232
nunnery,32233
nuns,32234
nuptial,32235
nuptials,32236
nuremberg,32237
nureyev,32238
nurse,32239
nurse_shark,32240
nursed,32241
nurseling,32242
nursemaid,32243
nursemaids,32244
nurseries,32245
nursery,32246
nursery_school,32247
nurseryman,32248
nurses,32249
nursing,32250
nursing_home,32251
nursling,32252
nurture,32253
nurtured,32254
nurtures,32255
nut,32256
nut_tree,32257
nutate,32258
nutation,32259
nutbrown,32260
nutcase,32261
nutcases,32262
nutcracker,32263
nuthatch,32264
nuthatches,32265
nutmeg,32266
nutmegs,32267
nutria,32268
nutrient,32269
nutrients,32270
nutriment,32271
nutriments,32272
nutrition,32273
nutritionist,32274
nutritious,32275
nutritive,32276
nuts,32277
nuts_and_bolts,32278
nutter,32279
nutters,32280
nuttier,32281
nutty,32282
nyala,32283
nyalas,32284
nylghau,32285
nylon,32286
nylons,32287
nymph,32288
nymphs,32289
nyssa,32290
nystagmus,32291
o,32292
oaf,32293
oafish,32294
oafs,32295
oahu,32296
oak,32297
oak_apple,32298
oak_trees,32299
oaken,32300
oakland,32301
oaks,32302
oar,32303
oarfish,32304
oars,32305
oarsman,32306
oarsmen,32307
oarswoman,32308
oases,32309
oasis,32310
oast,32311
oasts,32312
oat,32313
oatcake,32314
oatcakes,32315
oates,32316
oath,32317
oaths,32318
oatmeal,32319
oats,32320
obadiah,32321
obbligato,32322
obduracy,32323
obdurate,32324
obeah,32325
obeche,32326
obedience,32327
obedient,32328
obediently,32329
obeisance,32330
obeisances,32331
obelisk,32332
obelisks,32333
obese,32334
obesity,32335
obey,32336
obeyed,32337
obeying,32338
obeys,32339
obfuscate,32340
obi,32341
obit,32342
obiter_dictum,32343
obituary,32344
object,32345
object_lesson,32346
objected,32347
objectification,32348
objection,32349
objectionable,32350
objections,32351
objective,32352
objectives,32353
objector,32354
objects,32355
objurgate,32356
oblate,32357
oblation,32358
oblations,32359
obligate,32360
obligated,32361
obligation,32362
obligations,32363
obligatory,32364
oblige,32365
obliged,32366
obliges,32367
obliging,32368
oblique,32369
obliquely,32370
obliques,32371
obliterate,32372
obliterated,32373
obliteration,32374
oblivion,32375
oblivious,32376
oblong,32377
obloquies,32378
obloquy,32379
obnoxious,32380
oboe,32381
oboes,32382
oboist,32383
oboists,32384
obscene,32385
obscenest,32386
obscenities,32387
obscenity,32388
obscure,32389
obscured,32390
obscures,32391
obscuring,32392
obscurity,32393
obsequious,32394
observable,32395
observance,32396
observant,32397
observation,32398
observation_post,32399
observe,32400
observed,32401
observer,32402
observers,32403
observes,32404
observing,32405
obsess,32406
obsessed,32407
obsessing,32408
obsession,32409
obsessions,32410
obsessive,32411
obsidian,32412
obsolesce,32413
obsolescence,32414
obsolescent,32415
obsolete,32416
obstacle,32417
obstacle_race,32418
obstacles,32419
obstetric,32420
obstetrician,32421
obstinacy,32422
obstinate,32423
obstinately,32424
obstreperous,32425
obstruct,32426
obstructed,32427
obstructing,32428
obstruction,32429
obstructions,32430
obstructive,32431
obstructs,32432
obtain,32433
obtained,32434
obtaining,32435
obtains,32436
obtrude,32437
obtruding,32438
obtrusive,32439
obtuse,32440
obtuser,32441
obverse,32442
obviate,32443
obviated,32444
obviates,32445
obvious,32446
obviously,32447
ocarina,32448
ocarinas,32449
ocas,32450
occam,32451
occasion,32452
occasional,32453
occasionally,32454
occasioned,32455
occasions,32456
occident,32457
occidental,32458
occidentals,32459
occlude,32460
occluded,32461
occludes,32462
occluding,32463
occult,32464
occulted,32465
occultism,32466
occults,32467
occupant,32468
occupants,32469
occupation,32470
occupied,32471
occupier,32472
occupies,32473
occupy,32474
occupying,32475
occur,32476
occurrence,32477
occurrences,32478
occurring,32479
ocean,32480
ocean_floor,32481
ocean_liner,32482
oceania,32483
oceanic,32484
oceanic_bird,32485
oceanid,32486
oceanographer,32487
oceans,32488
ocellus,32489
ocelot,32490
ocelots,32491
ochre,32492
ochres,32493
ocotillos,32494
octad,32495
octagon,32496
octagons,32497
octahedra,32498
octahedron,32499
octahedrons,32500
octane,32501
octant,32502
octave,32503
octavo,32504
octet,32505
octette,32506
octettes,32507
octillion,32508
october,32509
octogenarian,32510
octopi,32511
octopod,32512
octopods,32513
octopus,32514
octopuses,32515
octroi,32516
ocular,32517
oculars,32518
oculi,32519
oculist,32520
oculus,32521
odalisque,32522
odd,32523
odd-job_man,32524
odd_fellow,32525
odd_fish,32526
odd_man_out,32527
oddball,32528
oddballs,32529
odder,32530
oddish,32531
oddities,32532
oddity,32533
oddly,32534
oddment,32535
oddments,32536
oddness,32537
odds,32538
odds-on,32539
odds_and_ends,32540
ode,32541
oder,32542
odes,32543
odessa,32544
odin,32545
odious,32546
odiously,32547
odist,32548
odium,32549
odometer,32550
odonates,32551
odoriferous,32552
odorous,32553
odour,32554
odours,32555
odysseus,32556
odyssey,32557
odysseys,32558
oedema,32559
oedipus,32560
oedipus_rex,32561
oenophile,32562
oenothera,32563
oersted,32564
oesophagi,32565
oesophagus,32566
oestrus,32567
oeuvre,32568
oeuvres,32569
of_age,32570
of_course,32571
of_late,32572
of_the_essence,32573
of_unsound_mind,32574
off,32575
off-colour,32576
off-hand,32577
off-limits,32578
off-putting,32579
off-the-cuff,32580
off-the-peg,32581
off-the-shoulder,32582
off-the-wall,32583
off-white,32584
off_and_on,32585
off_guard,32586
off_the_beaten_track,32587
off_the_cuff,32588
off_the_hook,32589
off_the_record,32590
offal,32591
offbeat,32592
offed,32593
offenbach,32594
offence,32595
offences,32596
offend,32597
offended,32598
offender,32599
offenders,32600
offending,32601
offends,32602
offensive,32603
offensively,32604
offer,32605
offer_up,32606
offered,32607
offering,32608
offerings,32609
offers,32610
offertory,32611
offhand,32612
offhanded,32613
office,32614
office_block,32615
office_blocks,32616
office_boys,32617
office_furniture,32618
office_staff,32619
officeholder,32620
officer,32621
officers,32622
offices,32623
official,32624
official_document,32625
officialdom,32626
officially,32627
officials,32628
officiate,32629
officious,32630
offish,32631
offload,32632
offloaded,32633
offloads,32634
offs,32635
offset,32636
offsets,32637
offshoot,32638
offshoots,32639
offshore,32640
offside,32641
offspring,32642
oft,32643
often,32644
oftenness,32645
oftentimes,32646
ogee,32647
ogive,32648
ogle,32649
ogled,32650
ogles,32651
ogling,32652
ogre,32653
ogres,32654
ogress,32655
ogresses,32656
ohio,32657
ohioan,32658
ohm,32659
ohmage,32660
ohms,32661
oil,32662
oil_burner,32663
oil_cake,32664
oil_colour,32665
oil_heater,32666
oil_lamp,32667
oil_paint,32668
oil_painting,32669
oil_paints,32670
oil_rig,32671
oil_rigs,32672
oil_slick,32673
oil_tanker,32674
oil_tankers,32675
oil_well,32676
oilcan,32677
oiled,32678
oiler,32679
oilers,32680
oilfield,32681
oiliness,32682
oilman,32683
oils,32684
oilseed,32685
oilskin,32686
oily,32687
oink,32688
oinked,32689
oinks,32690
ointment,32691
ointments,32692
ojibwa,32693
ok,32694
okapi,32695
okapis,32696
okay,32697
okayed,32698
okays,32699
okinawa,32700
oklahoma,32701
oklahoman,32702
okra,32703
okras,32704
oks,32705
old,32706
old-fashioned,32707
old-liner,32708
old-time,32709
old-timer,32710
old-timers,32711
old-womanish,32712
old_age,32713
old_bailey,32714
old_boy,32715
old_boy_network,32716
old_boys,32717
old_codgers,32718
old_country,32719
old_english,32720
old_faithful,32721
old_fashioned,32722
old_glory,32723
old_gold,32724
old_guard,32725
old_hand,32726
old_hands,32727
old_high_german,32728
old_ironsides,32729
old_italian,32730
old_lady,32731
old_maid,32732
old_maids,32733
old_man,32734
old_master,32735
old_masters,32736
old_men,32737
old_money,32738
old_nick,32739
old_norse,32740
old_person,32741
old_salt,32742
old_school,32743
old_schools,32744
old_stager,32745
old_style,32746
old_testament,32747
old_woman,32748
old_women,32749
olden,32750
older,32751
oldest,32752
oldie,32753
oldies,32754
oldster,32755
oldsters,32756
oleaginous,32757
oleander,32758
oleanders,32759
oleaster,32760
oleasters,32761
olefin,32762
olein,32763
oleins,32764
oleo,32765
olfaction,32766
olfactory,32767
oligarch,32768
oligarchs,32769
oligarchy,32770
oligocene,32771
oligoclase,32772
olive,32773
olive_branch,32774
olive_drab,32775
olive_green,32776
olive_oil,32777
olive_tree,32778
oliver,32779
oliver_cromwell,32780
olives,32781
olivier,32782
olivine,32783
olympia,32784
olympian,32785
olympians,32786
olympics,32787
olympus,32788
omaha,32789
oman,32790
omani,32791
omar_khayyam,32792
omasum,32793
ombudsman,32794
omega,32795
omegas,32796
omelet,32797
omelette,32798
omelettes,32799
omen,32800
omened,32801
omens,32802
omentum,32803
omicron,32804
ominous,32805
omission,32806
omissions,32807
omit,32808
omits,32809
omitted,32810
omitting,32811
omnibus,32812
omnipotent,32813
omnipresent,32814
omniscient,32815
omnivore,32816
omphalos,32817
omsk,32818
on,32819
on-going,32820
on-the-spot,32821
on_a_regular_basis,32822
on_air,32823
on_and_off,32824
on_average,32825
on_board,32826
on_earth,32827
on_fire,32828
on_guard,32829
on_hand,32830
on_occasion,32831
on_paper,32832
on_purpose,32833
on_tap,32834
on_the_button,32835
on_the_contrary,32836
on_the_dot,32837
on_the_face_of_it,32838
on_the_go,32839
on_the_job,32840
on_the_loose,32841
on_the_nose,32842
on_the_other_hand,32843
on_the_qt,32844
on_the_road,32845
on_the_side,32846
on_the_sly,32847
on_the_spot,32848
on_the_spur_of_the_moment,32849
on_the_table,32850
on_the_way,32851
on_the_whole,32852
on_the_wing,32853
on_time,32854
on_tour,32855
onager,32856
onagers,32857
once,32858
once-over,32859
once_again,32860
once_and_for_all,32861
once_in_a_while,32862
once_more,32863
oncoming,32864
ondatra,32865
one,32866
one-armed_bandit,32867
one-dimensional,32868
one-eighth,32869
one-horse,32870
one-liner,32871
one-night_stand,32872
one-off,32873
one-piece,32874
one-sided,32875
one-sidedly,32876
one-step,32877
one-time,32878
one-to-one,32879
one-way,32880
one_after_another,32881
one_and_only,32882
one_at_a_time,32883
one_by_one,32884
one_hundred,32885
one_shot,32886
one_time,32887
onega,32888
oneida,32889
oneness,32890
oner,32891
onerous,32892
ones,32893
onetime,32894
ongoing,32895
onion,32896
onions,32897
onionskin,32898
online,32899
onliner,32900
onlooker,32901
only,32902
only_too,32903
onrush,32904
onset,32905
onsets,32906
onside,32907
onslaught,32908
onslaughts,32909
onstage,32910
ontario,32911
onus,32912
onuses,32913
onward,32914
onwards,32915
onyx,32916
onyxes,32917
oodles,32918
oology,32919
oolong,32920
oomph,32921
oomphs,32922
oort,32923
ootid,32924
ooze,32925
oozed,32926
oozier,32927
oozing,32928
op_art,32929
opacity,32930
opah,32931
opal,32932
opalescent,32933
opalesces,32934
opaline,32935
opals,32936
opaque,32937
opec,32938
opel,32939
open,32940
open-air,32941
open-air_markets,32942
open-and-shut,32943
open-ended,32944
open-eyed,32945
open-minded,32946
open_air,32947
open_fire,32948
open_house,32949
open_orders,32950
open_sandwich,32951
open_sesame,32952
open_university,32953
open_up,32954
opened,32955
opener,32956
openers,32957
opening,32958
openings,32959
openly,32960
openness,32961
opens,32962
opepe,32963
opera,32964
opera_cloak,32965
opera_glasses,32966
opera_hat,32967
opera_hats,32968
opera_star,32969
opera_stars,32970
operant,32971
operas,32972
operate,32973
operated,32974
operates,32975
operatic,32976
operatic_star,32977
operating,32978
operating_system,32979
operation,32980
operational,32981
operations,32982
operative,32983
operatives,32984
operator,32985
operators,32986
operetta,32987
operettas,32988
ophidia,32989
ophidian,32990
ophthalmologist,32991
opiate,32992
opiates,32993
opine,32994
opined,32995
opining,32996
opinion,32997
opinion_polls,32998
opinionated,32999
opinions,33000
opium,33001
opopanax,33002
oporto,33003
opossum,33004
opossums,33005
opponent,33006
opponents,33007
opportune,33008
opportunism,33009
opportunist,33010
opportunistic,33011
opportunists,33012
opportunities,33013
opportunity,33014
oppose,33015
opposed,33016
opposes,33017
opposing,33018
opposite,33019
opposite_number,33020
opposite_numbers,33021
opposites,33022
opposition,33023
oppress,33024
oppressed,33025
oppressing,33026
oppression,33027
oppressive,33028
oppressiveness,33029
oppressor,33030
opprobrium,33031
oppugn,33032
ops,33033
opsin,33034
opt,33035
opt_out,33036
opted,33037
optic,33038
optical,33039
optical_device,33040
optical_illusion,33041
optical_instrument,33042
optical_instruments,33043
optically,33044
optics,33045
optima,33046
optimal,33047
optimally,33048
optimism,33049
optimist,33050
optimistic,33051
optimistically,33052
optimists,33053
optimum,33054
opting,33055
option,33056
optional,33057
optionally,33058
options,33059
opts,33060
opulence,33061
opulent,33062
opulently,33063
opuntia,33064
opus,33065
opuses,33066
or,33067
or_else,33068
or_so,33069
orach,33070
orache,33071
oracle,33072
oracles,33073
oracular,33074
oral,33075
oral_cavity,33076
oral_exam,33077
oral_examination,33078
orally,33079
orals,33080
oran,33081
orang,33082
orange,33083
orange_grove,33084
orange_juice,33085
orange_pekoe,33086
orange_tree,33087
orangeade,33088
orangeman,33089
orangery,33090
oranges,33091
orangutan,33092
orate,33093
orated,33094
orates,33095
oration,33096
orations,33097
orator,33098
oratories,33099
oratorio,33100
oratorios,33101
orators,33102
oratory,33103
orb,33104
orbison,33105
orbit,33106
orbital,33107
orbital_point,33108
orbiter,33109
orbiters,33110
orbiting,33111
orbits,33112
orbs,33113
orca,33114
orcas,33115
orchard,33116
orchards,33117
orchestra,33118
orchestral,33119
orchestras,33120
orchestrate,33121
orchestrated,33122
orchestrating,33123
orchestration,33124
orchestrator,33125
orchestrators,33126
orchid,33127
orchids,33128
ordain,33129
ordained,33130
ordains,33131
ordeal,33132
ordeals,33133
order,33134
order_form,33135
order_of_business,33136
ordered,33137
ordering,33138
orderlies,33139
orderly,33140
orders,33141
ordinal,33142
ordinance,33143
ordinances,33144
ordinarily,33145
ordinary,33146
ordinate,33147
ordinates,33148
ordination,33149
ordnance,33150
ordure,33151
ore,33152
oread,33153
oreads,33154
oregano,33155
oregon,33156
oregon_pine,33157
oregonian,33158
oreides,33159
oreo,33160
ores,33161
orff,33162
organ,33163
organ_stop,33164
organ_stops,33165
organdie,33166
organdy,33167
organelle,33168
organic,33169
organic_compound,33170
organic_compounds,33171
organic_process,33172
organisation,33173
organisational,33174
organisations,33175
organise,33176
organised,33177
organiser,33178
organisers,33179
organises,33180
organising,33181
organism,33182
organisms,33183
organist,33184
organists,33185
organization,33186
organizations,33187
organized,33188
organizing,33189
organon,33190
organs,33191
organza,33192
orgasm,33193
orgiastic,33194
orgy,33195
oriel,33196
orient,33197
oriental,33198
orientals,33199
orientate,33200
orientated,33201
orientation,33202
orifice,33203
oriflamme,33204
origami,33205
origanum,33206
origin,33207
original,33208
originality,33209
originally,33210
originals,33211
originate,33212
originated,33213
originates,33214
originator,33215
origins,33216
orinoco,33217
oriole,33218
orioles,33219
orion,33220
orison,33221
oriya,33222
orkney_islands,33223
orlando,33224
orleanist,33225
orleans,33226
orlon,33227
orlop,33228
orly,33229
ormer,33230
ormolu,33231
ornament,33232
ornamental,33233
ornamentation,33234
ornamentations,33235
ornaments,33236
ornate,33237
ornateness,33238
orneriness,33239
ornery,33240
orotund,33241
orphan,33242
orphanage,33243
orphans,33244
orphic,33245
orpin,33246
orpington,33247
orris,33248
orrises,33249
orson_welles,33250
ortega,33251
orthodox,33252
orthodoxy,33253
orthoepy,33254
ortolan,33255
orwell,33256
oryx,33257
orzo,33258
osage,33259
osaka,33260
osborne,33261
oscan,33262
oscar,33263
oscar_wilde,33264
oscars,33265
oscillate,33266
oscillates,33267
oscillation,33268
oscillations,33269
oscillator,33270
oscitant,33271
osculate,33272
osier,33273
osiers,33274
osiris,33275
oslo,33276
osmanli,33277
osmium,33278
osmosis,33279
osprey,33280
ospreys,33281
ossa,33282
ossicle,33283
ossify,33284
ossuary,33285
osteal,33286
ostensible,33287
ostensibly,33288
ostensive,33289
ostentate,33290
ostentation,33291
ostentatious,33292
ostentatiousness,33293
osteoarthritis,33294
osteopath,33295
osteopathy,33296
osteosclerosis,33297
ostinato,33298
ostler,33299
ostlers,33300
ostracise,33301
ostracised,33302
ostracises,33303
ostracising,33304
ostracism,33305
ostracod,33306
ostrea,33307
ostrich,33308
ostriches,33309
oswald,33310
otalgia,33311
othello,33312
other,33313
other_than,33314
otherness,33315
otherwise,33316
otherworld,33317
otho,33318
otic,33319
otiose,33320
otitis,33321
otologist,33322
otoscope,33323
ottar,33324
ottawa,33325
otter,33326
otters,33327
ottoman,33328
ottomans,33329
oubliette,33330
ouija,33331
ounce,33332
ounces,33333
ouse,33334
ousel,33335
ousels,33336
oust,33337
ousted,33338
ousters,33339
ousting,33340
ousts,33341
out,33342
out-and-out,33343
out-of-date,33344
out-of-doors,33345
out-of-the-way,33346
out_loud,33347
out_of_bounds,33348
out_of_doors,33349
out_of_gear,33350
out_of_hand,33351
out_of_place,33352
out_of_play,33353
out_of_practice,33354
out_of_sight,33355
out_of_the_blue,33356
out_of_the_question,33357
out_of_the_way,33358
out_of_true,33359
out_of_use,33360
out_of_view,33361
out_of_work,33362
outback,33363
outbid,33364
outboard,33365
outbound,33366
outbreak,33367
outbreaks,33368
outbuilding,33369
outbuildings,33370
outburst,33371
outbursts,33372
outcast,33373
outcasts,33374
outclass,33375
outcome,33376
outcries,33377
outcrop,33378
outcry,33379
outdated,33380
outdistance,33381
outdo,33382
outdoes,33383
outdone,33384
outdoor,33385
outdoors,33386
outed,33387
outer,33388
outer_ear,33389
outer_garment,33390
outer_garments,33391
outer_hebrides,33392
outermost,33393
outerwear,33394
outfield,33395
outfielder,33396
outfit,33397
outfits,33398
outfitter,33399
outfitters,33400
outflank,33401
outflow,33402
outfox,33403
outgeneral,33404
outgo,33405
outgoing,33406
outhouse,33407
outhouses,33408
outing,33409
outings,33410
outlander,33411
outlandish,33412
outlast,33413
outlasted,33414
outlasting,33415
outlaw,33416
outlawed,33417
outlawing,33418
outlaws,33419
outlay,33420
outlays,33421
outlet,33422
outlets,33423
outlier,33424
outliers,33425
outline,33426
outlined,33427
outlines,33428
outlining,33429
outlive,33430
outlook,33431
outlying,33432
outmanoeuvre,33433
outmanoeuvred,33434
outmatch,33435
outnumber,33436
outpatient,33437
outperform,33438
outplay,33439
outplayed,33440
outplays,33441
outpost,33442
outpouring,33443
outpourings,33444
output,33445
outputs,33446
outrage,33447
outraged,33448
outrageous,33449
outrageously,33450
outrageousness,33451
outrages,33452
outre,33453
outreach,33454
outrigger,33455
outright,33456
outrival,33457
outrun,33458
outscores,33459
outset,33460
outshine,33461
outshone,33462
outside,33463
outsider,33464
outsiders,33465
outsize,33466
outskirts,33467
outsmart,33468
outsmarts,33469
outsource,33470
outspoken,33471
outspread,33472
outstanding,33473
outstay,33474
outstretched,33475
outstrip,33476
outstripping,33477
outstrips,33478
outturn,33479
outvote,33480
outward,33481
outwardly,33482
outwear,33483
outwears,33484
outweigh,33485
outweighed,33486
outweighs,33487
outwit,33488
outwitted,33489
outworn,33490
ouzo,33491
ova,33492
oval,33493
ovals,33494
ovaries,33495
ovary,33496
ovate,33497
ovation,33498
oven,33499
ovens,33500
over,33501
over-embellished,33502
over-the-top,33503
over_and_over,33504
over_and_over_again,33505
overabundance,33506
overact,33507
overacting,33508
overacts,33509
overage,33510
overall,33511
overalls,33512
overarch,33513
overarching,33514
overarm,33515
overawe,33516
overawed,33517
overawing,33518
overbalance,33519
overbear,33520
overbearing,33521
overbears,33522
overblown,33523
overboard,33524
overbold,33525
overbore,33526
overborne,33527
overburdened,33528
overcame,33529
overcast,33530
overcasts,33531
overcharge,33532
overcharged,33533
overcoat,33534
overcome,33535
overcomes,33536
overcoming,33537
overconfidence,33538
overconfident,33539
overcook,33540
overcrossing,33541
overcrowd,33542
overcrowded,33543
overdid,33544
overdo,33545
overdoes,33546
overdone,33547
overdosing,33548
overdraft,33549
overdramatise,33550
overdramatised,33551
overdraw,33552
overdrawn,33553
overdress,33554
overdressed,33555
overdrive,33556
overdue,33557
overeat,33558
overenthusiastic,33559
overestimated,33560
overexert,33561
overexerts,33562
overfamiliar,33563
overfed,33564
overfeeds,33565
overflow,33566
overflowing,33567
overfond,33568
overfull,33569
overgrown,33570
overhang,33571
overhasty,33572
overhaul,33573
overhauled,33574
overhauls,33575
overhead,33576
overheads,33577
overhear,33578
overheard,33579
overheat,33580
overheated,33581
overindulge,33582
overindulgence,33583
overindulgent,33584
overindulging,33585
overjoy,33586
overjoyed,33587
overkill,33588
overladen,33589
overlaid,33590
overlap,33591
overlaps,33592
overlarge,33593
overlay,33594
overlays,33595
overleaped,33596
overlies,33597
overload,33598
overlook,33599
overlooked,33600
overlooking,33601
overlooks,33602
overlord,33603
overlords,33604
overly,33605
overlying,33606
overmuch,33607
overnight,33608
overnight_bag,33609
overnight_case,33610
overpass,33611
overplay,33612
overpower,33613
overpowered,33614
overpowering,33615
overpowers,33616
overpraise,33617
overpriced,33618
overprint,33619
overprotects,33620
overran,33621
overrates,33622
overreach,33623
overreactions,33624
overridden,33625
override,33626
overriding,33627
overrode,33628
overrule,33629
overruled,33630
overrules,33631
overrun,33632
overs,33633
oversaw,33634
oversea,33635
overseas,33636
oversee,33637
overseeing,33638
overseen,33639
overseer,33640
overseers,33641
oversees,33642
oversensitive,33643
oversexed,33644
overshadow,33645
overshadowed,33646
overshoe,33647
overshoes,33648
overshoot,33649
overshot,33650
oversight,33651
oversights,33652
oversize,33653
overskirt,33654
overspend,33655
overspending,33656
overspent,33657
overspread,33658
overstate,33659
overstatement,33660
overstep,33661
overstrains,33662
overstuff,33663
overt,33664
overtake,33665
overtaken,33666
overtakes,33667
overtaking,33668
overtaxing,33669
overthrow,33670
overthrown,33671
overthrows,33672
overtire,33673
overtired,33674
overtly,33675
overtone,33676
overtones,33677
overtop,33678
overtrump,33679
overture,33680
overturn,33681
overturned,33682
overturns,33683
overuse,33684
overused,33685
overview,33686
overviews,33687
overweening,33688
overweight,33689
overwhelm,33690
overwhelmed,33691
overwhelming,33692
overwhelms,33693
overwork,33694
overworked,33695
overwrought,33696
ovid,33697
oviduct,33698
oviform,33699
ovine,33700
ovoid,33701
ovoids,33702
ovolo,33703
ovular,33704
ovule,33705
ovum,33706
owe,33707
owed,33708
owen,33709
owens,33710
owing,33711
owl,33712
owlet,33713
owlets,33714
owlish,33715
owlishly,33716
owls,33717
own,33718
own_goal,33719
own_goals,33720
own_up,33721
owned,33722
owner,33723
ownerless,33724
ownership,33725
owning,33726
owns,33727
ox,33728
oxalate,33729
oxalis,33730
oxbow,33731
oxen,33732
oxeye,33733
oxeyes,33734
oxford,33735
oxford_english,33736
oxidant,33737
oxidation,33738
oxide,33739
oxidise,33740
oxidised,33741
oxidizing,33742
oxlip,33743
oxlips,33744
oxonian,33745
oxtail,33746
oxtail_soup,33747
oxygen,33748
oxygen_mask,33749
oxymoron,33750
oyster,33751
oystercatcher,33752
oysters,33753
ozone,33754
p,33755
pa,33756
pabulum,33757
pace,33758
paced,33759
pacemaker,33760
pacemakers,33761
pacer,33762
paces,33763
pacesetter,33764
pachyderm,33765
pacific,33766
pacification,33767
pacified,33768
pacifier,33769
pacifies,33770
pacifist,33771
pacify,33772
pack,33773
pack_animal,33774
pack_animals,33775
pack_of_cards,33776
pack_rat,33777
package,33778
packages,33779
packaging,33780
packed,33781
packers,33782
packet,33783
packets,33784
packhorse,33785
packing,33786
packing_case,33787
packs,33788
pact,33789
pacts,33790
pad,33791
padded,33792
padding,33793
paddle,33794
paddle_steamer,33795
paddled,33796
paddles,33797
paddling,33798
paddock,33799
paddocks,33800
paddy,33801
paddymelon,33802
paderewski,33803
padlock,33804
padlocks,33805
padre,33806
padres,33807
padrone,33808
pads,33809
padua,33810
paean,33811
paeans,33812
paediatrics,33813
paella,33814
pagan,33815
paganini,33816
pagans,33817
page,33818
pageant,33819
pageantry,33820
pageants,33821
pageboy,33822
paged,33823
pager,33824
pages,33825
pagoda,33826
pagodas,33827
pahlavi,33828
paid,33829
pail,33830
paillasse,33831
pails,33832
pain,33833
pain_in_the_neck,33834
paine,33835
pained,33836
painful,33837
painful_sensation,33838
painfully,33839
painkiller,33840
painkillers,33841
painless,33842
pains,33843
painstaking,33844
paint,33845
paint_a_picture,33846
paintball,33847
painted,33848
painted_desert,33849
painter,33850
painters,33851
painting,33852
paintings,33853
paints,33854
pair,33855
paired,33856
pairing,33857
pairings,33858
pairs,33859
paisa,33860
paisley,33861
pajama,33862
pajamas,33863
pak_choi,33864
pakistan,33865
pakistani,33866
pal,33867
palace,33868
palaces,33869
paladin,33870
paladins,33871
palanquin,33872
palatable,33873
palate,33874
palates,33875
palatial,33876
palatine,33877
palaver,33878
pale,33879
pale-faced,33880
pale_ale,33881
pale_blue,33882
pale_yellow,33883
paled,33884
palely,33885
paleness,33886
paler,33887
palermo,33888
palest,33889
palestine,33890
palestinian,33891
palestinian_arab,33892
palestrina,33893
palette,33894
palimpsest,33895
paling,33896
palisade,33897
palisaded,33898
palisades,33899
pall,33900
pall_mall,33901
palladium,33902
pallet,33903
palliasse,33904
palliasses,33905
palliate,33906
palliative,33907
pallid,33908
pallor,33909
pally,33910
palm,33911
palm_oil,33912
palm_tree,33913
palm_trees,33914
palmate,33915
palmer,33916
palmetto,33917
palmist,33918
palmistry,33919
palms,33920
palmyra,33921
palomino,33922
palpable,33923
palpably,33924
palpate,33925
palpebra,33926
palpitate,33927
palpitation,33928
pals,33929
palsgrave,33930
palter,33931
paltry,33932
pampas,33933
pamper,33934
pampered,33935
pamperers,33936
pampering,33937
pampers,33938
pamphlet,33939
pan,33940
pan_out,33941
panacea,33942
panache,33943
panama,33944
panama_canal,33945
panama_city,33946
panamas,33947
pancake,33948
pancake_day,33949
pancakes,33950
pancreas,33951
pancreases,33952
panda,33953
panda_car,33954
pandar,33955
pandas,33956
pandemic,33957
pandemonium,33958
panderer,33959
pandora,33960
pane,33961
pane_of_glass,33962
panegyric,33963
panel,33964
panelist,33965
panelling,33966
panellist,33967
panels,33968
pang,33969
pangloss,33970
pangolin,33971
pangolins,33972
pangs,33973
panhandle,33974
panic,33975
panic-stricken,33976
panicked,33977
panicking,33978
panicky,33979
panics,33980
panini,33981
panjabi,33982
panjandrum,33983
panned,33984
pannier,33985
pannikin,33986
panocha,33987
panoply,33988
panopticon,33989
panorama,33990
panoramic,33991
pans,33992
pansy,33993
pant,33994
pantaloons,33995
pantechnicon,33996
panted,33997
pantheon,33998
panther,33999
panties,34000
panting,34001
panto,34002
pantomime,34003
pantomimes,34004
pantos,34005
pantries,34006
pantry,34007
pants,34008
panty_girdle,34009
pantyhose,34010
pap,34011
papa,34012
papacy,34013
papal,34014
paparazzo,34015
papaw,34016
papaws,34017
papaya,34018
paper,34019
paper-pusher,34020
paper_chain,34021
paper_money,34022
paper_round,34023
paper_trail,34024
paperback,34025
paperboy,34026
papered,34027
paperhanger,34028
papers,34029
paperweight,34030
paperwork,34031
papilla,34032
papillon,34033
papist,34034
papoose,34035
pappi,34036
pappus,34037
paprika,34038
paps,34039
papua,34040
papua_new_guinea,34041
papyri,34042
papyrus,34043
par,34044
par_excellence,34045
para,34046
parable,34047
parabola,34048
parabolas,34049
parachute,34050
parachuted,34051
parachutes,34052
parachutist,34053
paraclete,34054
parade,34055
parade_ground,34056
paraded,34057
parader,34058
parades,34059
paradiddle,34060
paradigm,34061
paradigms,34062
paradisal,34063
paradise,34064
paradox,34065
paraffin,34066
paraffin_oil,34067
paragon,34068
paragraph,34069
paraguay,34070
parakeet,34071
parakeets,34072
parallel,34073
parallel_bars,34074
parallelogram,34075
parallels,34076
paralyse,34077
paralysis,34078
paralytic,34079
paramecia,34080
paramedic,34081
parameter,34082
parameters,34083
paramilitary,34084
paramount,34085
paramour,34086
parang,34087
paranoia,34088
paranoid,34089
paranormal,34090
parapet,34091
paraph,34092
paraphernalia,34093
paraphrase,34094
paraphrased,34095
parapraxis,34096
paraquat,34097
paras,34098
parasite,34099
parasites,34100
parasitic,34101
parasitic_plant,34102
parasol,34103
parasols,34104
paratroops,34105
parcel,34106
parcel_of_land,34107
parcel_out,34108
parcels,34109
parch,34110
parched,34111
parcheesi,34112
parchment,34113
pardon,34114
pardonable,34115
pardoned,34116
pardoning,34117
pardons,34118
pare,34119
pared,34120
parent,34121
parentage,34122
parental,34123
parenthesis,34124
parenthetic,34125
parents,34126
parer,34127
pares,34128
parfait,34129
pari_passu,34130
pariah,34131
paring,34132
paris,34133
paris_daisy,34134
paris_green,34135
parish,34136
parishioner,34137
parishioners,34138
parity,34139
park,34140
parka,34141
parker,34142
parking,34143
parking_area,34144
parking_meter,34145
parkinson,34146
parks,34147
parlance,34148
parlay,34149
parley,34150
parleyed,34151
parliament,34152
parliamentarian,34153
parliamentary_procedure,34154
parlour,34155
parlour_game,34156
parlours,34157
parlous,34158
parmesan,34159
parnassus,34160
parochial,34161
parodies,34162
parodists,34163
parody,34164
parole,34165
paroled,34166
parolee,34167
paroxysm,34168
paroxysms,34169
parquet,34170
parr,34171
parries,34172
parroquet,34173
parrot,34174
parrots,34175
parry,34176
parse,34177
parsec,34178
parsee,34179
parsi,34180
parsiism,34181
parsimonious,34182
parsimony,34183
parsley,34184
parsnip,34185
parsnips,34186
parson,34187
parsonages,34188
parsons,34189
part,34190
part-timer,34191
part_of_speech,34192
partake,34193
partaken,34194
parted,34195
parterre,34196
parthenogenesis,34197
parthenon,34198
parti_pris,34199
partial,34200
partial_eclipse,34201
partiality,34202
partially,34203
participant,34204
participants,34205
participate,34206
participating,34207
particle,34208
particle_detector,34209
particle_physics,34210
particles,34211
particular,34212
particularly,34213
particulars,34214
parties,34215
parting,34216
partisan,34217
partisans,34218
partisanship,34219
partita,34220
partition,34221
partitioned,34222
partly,34223
partner,34224
partner_in_crime,34225
partnered,34226
partnering,34227
partners,34228
partnership,34229
partnerships,34230
partook,34231
partridge,34232
partridges,34233
parts,34234
party,34235
party_game,34236
party_girl,34237
party_line,34238
party_pooper,34239
partygoer,34240
parvenu,34241
parvenus,34242
pas,34243
pas_de_deux,34244
pas_seul,34245
pasadena,34246
pascal,34247
pasha,34248
pashto,34249
paso_doble,34250
pasquinade,34251
pass,34252
pass_across,34253
pass_along,34254
pass_away,34255
pass_by,34256
pass_off,34257
pass_on,34258
pass_out,34259
pass_over,34260
pass_through,34261
pass_up,34262
passable,34263
passably,34264
passage,34265
passages,34266
passageway,34267
passe,34268
passe-partout,34269
passed,34270
passenger,34271
passenger_pigeon,34272
passenger_ship,34273
passenger_train,34274
passenger_vehicle,34275
passengers,34276
passer,34277
passer-by,34278
passerine,34279
passes,34280
passim,34281
passing,34282
passing_comment,34283
passing_comments,34284
passion,34285
passion_fruit,34286
passionate,34287
passionflower,34288
passions,34289
passive,34290
passivity,34291
passover,34292
passport,34293
passports,34294
password,34295
passwords,34296
past,34297
past_master,34298
past_masters,34299
past_perfect,34300
past_times,34301
pasta,34302
pasta_sauce,34303
paste,34304
paste-up,34305
pasteboard,34306
pasted,34307
pastel,34308
pastels,34309
pastes,34310
pasteur,34311
pastiche,34312
pastiches,34313
pastier,34314
pasties,34315
pastille,34316
pastilles,34317
pastime,34318
pastimes,34319
pastis,34320
pastor,34321
pastoral,34322
pastorale,34323
pastors,34324
pastrami,34325
pastries,34326
pastry,34327
pasture,34328
pastures,34329
pasty,34330
pat,34331
patagonia,34332
patch,34333
patch_up,34334
patched,34335
patches,34336
patching,34337
patchouli,34338
patchwork_quilt,34339
patchwork_quilts,34340
patchy,34341
pate,34342
patella,34343
patent,34344
patent_medicine,34345
patent_office,34346
patented,34347
patentee,34348
patentees,34349
patently,34350
patents,34351
pater,34352
paterfamilias,34353
paternal,34354
paternity_suit,34355
paternoster,34356
pates,34357
path,34358
pathan,34359
pathetic,34360
pathetically,34361
pathfinder,34362
pathogen,34363
pathos,34364
paths,34365
pathway,34366
pathways,34367
patience,34368
patient,34369
patiently,34370
patients,34371
patina,34372
patio,34373
patisserie,34374
patisseries,34375
patois,34376
patriarch,34377
patrician,34378
patricide,34379
patrick,34380
patrilineage,34381
patriot,34382
patriotic,34383
patrol,34384
patrol_car,34385
patrolled,34386
patroller,34387
patrols,34388
patron,34389
patron_saint,34390
patronage,34391
patroness,34392
patronise,34393
patronised,34394
patronises,34395
patronising,34396
patronizing,34397
patrons,34398
patronymic,34399
pats,34400
patsies,34401
patsy,34402
patten,34403
patter,34404
pattern,34405
patterned,34406
patterns,34407
patty,34408
paucity,34409
paul,34410
paul_klee,34411
paul_mccartney,34412
paul_newman,34413
paul_robeson,34414
pauli,34415
pauls,34416
paunch,34417
paunches,34418
paunchy,34419
pauper,34420
pause,34421
paused,34422
pauses,34423
pausing,34424
pavan,34425
pavane,34426
pavanes,34427
pavarotti,34428
pave,34429
paved,34430
pavement,34431
paves,34432
pavilion,34433
pavilions,34434
paving,34435
paving_material,34436
paving_materials,34437
paving_stone,34438
pavings,34439
pavlov,34440
pavlova,34441
paw,34442
pawed,34443
pawn,34444
pawnbroker,34445
pawnee,34446
pawning,34447
pawns,34448
pawnshop,34449
pawpaw,34450
pawpaws,34451
paws,34452
pay,34453
pay_back,34454
pay_dirt,34455
pay_for,34456
pay_heed,34457
pay_off,34458
pay_out,34459
pay_up,34460
payable,34461
payback,34462
paybacks,34463
payed,34464
payee,34465
payer,34466
paygrade,34467
paying,34468
paying_attention,34469
paying_back,34470
payload,34471
paymasters,34472
payment,34473
payments,34474
payoff,34475
payoffs,34476
payola,34477
payroll,34478
pays,34479
pc,34480
pda,34481
pea,34482
pea-green,34483
pea-souper,34484
pea_green,34485
pea_soup,34486
peace,34487
peace_of_mind,34488
peace_offering,34489
peace_pipe,34490
peaceable,34491
peaceful,34492
peacemaker,34493
peaceniks,34494
peach,34495
peach_melba,34496
peaches,34497
peachy,34498
peacock,34499
peacock_blue,34500
peacocks,34501
peafowl,34502
peafowls,34503
peahen,34504
peahens,34505
peak,34506
peaked_cap,34507
peaks,34508
peal,34509
pealed,34510
peals,34511
peanut,34512
peanut_butter,34513
peanuts,34514
pear,34515
pear_tree,34516
pear_trees,34517
pearl,34518
pearl_grey,34519
pearl_harbor,34520
pearlescent,34521
pearls,34522
pearly,34523
pearmain,34524
pears,34525
peas,34526
peasant,34527
peasants,34528
peat,34529
peat_moss,34530
pebble,34531
pebbles,34532
pecan,34533
pecans,34534
peccadillo,34535
peccaries,34536
peccary,34537
peck,34538
peck_at,34539
pecker,34540
pecking_order,34541
peckish,34542
pecks,34543
pecs,34544
pectin,34545
pectoral,34546
peculate,34547
peculated,34548
peculates,34549
peculation,34550
peculator,34551
peculiar,34552
peculiarities,34553
peculiarity,34554
peculiarly,34555
pecuniary,34556
pecuniary_resources,34557
pedagogic,34558
pedagogue,34559
pedagogues,34560
pedagogy,34561
pedal,34562
pedals,34563
pedant,34564
pedantic,34565
pedantry,34566
pedants,34567
peddle,34568
peddled,34569
peddles,34570
pedestal,34571
pedestals,34572
pedestrian,34573
pedestrian_crossing,34574
pediatrician,34575
pedicab,34576
pedicabs,34577
pedicle,34578
pedicure,34579
pedigree,34580
pedigreed,34581
pedigrees,34582
pedlar,34583
pedometer,34584
pedometers,34585
pee,34586
peek,34587
peekaboo,34588
peel,34589
peel_off,34590
peeled,34591
peeler,34592
peelers,34593
peeling,34594
peels,34595
peep,34596
peeper,34597
peeping_tom,34598
peeps,34599
peepshow,34600
peepuls,34601
peer,34602
peer_group,34603
peer_groups,34604
peer_of_the_realm,34605
peerage,34606
peeress,34607
peeresses,34608
peering,34609
peerless,34610
peers,34611
pees,34612
peeve,34613
peeved,34614
peevish,34615
peevishness,34616
peewee,34617
peewit,34618
peg,34619
peg_down,34620
pegasus,34621
pegs,34622
peignoir,34623
pejorative,34624
peke,34625
pekinese,34626
peking,34627
pekingese,34628
pekoe,34629
pekoes,34630
pelage,34631
pelagic,34632
pelargonium,34633
pelf,34634
pelham,34635
pelican,34636
pelican_crossing,34637
pelicans,34638
pelisse,34639
pell-mell,34640
pellagra,34641
pellet,34642
pellicle,34643
pellucid,34644
pelota,34645
pelt,34646
pelted,34647
pelter,34648
pelts,34649
pelvis,34650
pembroke,34651
pen,34652
pen_name,34653
pen_pal,34654
penal,34655
penal_code,34656
penal_colony,34657
penalise,34658
penalised,34659
penalize,34660
penalized,34661
penalties,34662
penalty,34663
penance,34664
pence,34665
penchant,34666
penchants,34667
pencil,34668
pendant,34669
pendants,34670
pending,34671
pendulous,34672
pendulum,34673
pendulums,34674
penelope,34675
penetrable,34676
penetrate,34677
penetrating,34678
penetration,34679
penguin,34680
penguins,34681
penicillin,34682
peninsula,34683
penis,34684
penitence,34685
penitent,34686
penitentiaries,34687
penitentiary,34688
penknife,34689
penlight,34690
penman,34691
penmanship,34692
penn,34693
pennant,34694
pennants,34695
penne,34696
penned,34697
pennies,34698
penniless,34699
pennines,34700
pennon,34701
pennsylvania,34702
pennsylvanian,34703
penny,34704
penny-pinch,34705
penny-pinching,34706
penny_ante,34707
penny_antes,34708
penny_dreadfuls,34709
pennyroyal,34710
penpusher,34711
pens,34712
pension,34713
pensioner,34714
pensioners,34715
pensive,34716
penstemon,34717
penstock,34718
pent,34719
pent-up,34720
pentacle,34721
pentad,34722
pentagon,34723
pentagram,34724
pentameter,34725
pentathlete,34726
pentathlon,34727
pentecost,34728
pentecostal,34729
pentecostalists,34730
penthouse,34731
pentose,34732
penumbra,34733
penurious,34734
penury,34735
peon,34736
peony,34737
people,34738
people_in_power,34739
peoples,34740
pep,34741
pep_talk,34742
pep_talks,34743
pepper,34744
pepper_mill,34745
pepper_pot,34746
pepper_sauce,34747
peppered,34748
peppermint,34749
pepperoni,34750
peppers,34751
peppery,34752
pepsi,34753
pepsi_cola,34754
pepsin,34755
peptic,34756
peptides,34757
pepys,34758
per_annum,34759
per_capita,34760
per_diem,34761
peradventure,34762
perambulation,34763
perambulations,34764
perceive,34765
perceived,34766
perceiving,34767
percent,34768
percentage,34769
perception,34770
perceptive,34771
perceptual,34772
perch,34773
perchance,34774
percheron,34775
perches,34776
perchlorate,34777
percidae,34778
percipient,34779
percolate,34780
percolates,34781
percolating,34782
percolator,34783
percuss,34784
percussion,34785
percussion_instrument,34786
percussion_instruments,34787
percussionist,34788
percussionists,34789
percy,34790
perdition,34791
peregrination,34792
peregrinations,34793
peregrine,34794
peregrine_falcon,34795
peremptory,34796
perennial,34797
perennials,34798
perestroika,34799
perfect,34800
perfected,34801
perfecting,34802
perfection,34803
perfectionist,34804
perfectionists,34805
perfectly,34806
perfidy,34807
perforate,34808
perforated,34809
perforates,34810
perforation,34811
perforce,34812
perform,34813
performance,34814
performances,34815
performed,34816
performer,34817
performers,34818
performing,34819
performs,34820
perfume,34821
perfumed,34822
perfumes,34823
perfunctory,34824
perfused,34825
pergola,34826
perhaps,34827
peri,34828
peridot,34829
peridotite,34830
perihelion,34831
peril,34832
perilous,34833
perils,34834
perimeter,34835
perimeters,34836
perinatal,34837
period,34838
period_of_play,34839
period_of_time,34840
period_piece,34841
period_pieces,34842
periodic,34843
periodical,34844
periodically,34845
periodicals,34846
periodontist,34847
periods,34848
peripatetic,34849
peripatetics,34850
peripheral,34851
peripheral_device,34852
peripherals,34853
periphery,34854
periscope,34855
perish,34856
perished,34857
perisher,34858
perishes,34859
perishing,34860
peristyle,34861
periwig,34862
periwigs,34863
periwinkle,34864
perjurer,34865
perk,34866
perk_up,34867
perked_up,34868
perkiness,34869
perks,34870
perky,34871
perm,34872
permanence,34873
permanent,34874
permanent_wave,34875
permanently,34876
permeate,34877
permeated,34878
permian,34879
permissible,34880
permission,34881
permissive,34882
permissiveness,34883
permit,34884
permits,34885
permitted,34886
permute,34887
pernicious,34888
pernickety,34889
pernod,34890
peron,34891
perorate,34892
peroxide,34893
peroxides,34894
perpendicular,34895
perpetrate,34896
perpetrator,34897
perpetual,34898
perpetually,34899
perpetuate,34900
perpetuity,34901
perplex,34902
perplexed,34903
perplexes,34904
perplexing,34905
perplexity,34906
perquisite,34907
perry,34908
perry_mason,34909
persecute,34910
persecuted,34911
persecuting,34912
persecution,34913
persecutor,34914
persephone,34915
perseus,34916
perseverance,34917
perseverate,34918
persevere,34919
persevering,34920
persia,34921
persian,34922
persian_cat,34923
persians,34924
persiflage,34925
persimmon,34926
persist,34927
persisted,34928
persistence,34929
persistency,34930
persistent,34931
persists,34932
person,34933
persona,34934
persona_non_grata,34935
personable,34936
personae,34937
personage,34938
personages,34939
personal,34940
personal_appeal,34941
personal_computers,34942
personal_effects,34943
personal_judgment,34944
personal_magnetism,34945
personal_manner,34946
personal_pronoun,34947
personal_property,34948
personalities,34949
personality,34950
personality_assessment,34951
personally,34952
personals,34953
personification,34954
personified,34955
personify,34956
personnel,34957
personnel_carrier,34958
persons,34959
perspective,34960
perspectives,34961
perspicacity,34962
perspiration,34963
perspire,34964
perspired,34965
perspiring,34966
persuade,34967
persuaded,34968
persuades,34969
persuading,34970
persuasion,34971
persuasions,34972
persuasive,34973
persuasively,34974
pert,34975
pertain,34976
pertaining,34977
perth,34978
pertinence,34979
pertinent,34980
pertly,34981
perturb,34982
perturbation,34983
perturbed,34984
perturbs,34985
peru,34986
peruke,34987
perukes,34988
perusal,34989
peruse,34990
perused,34991
perusing,34992
peruvian,34993
pervade,34994
pervasion,34995
pervasive,34996
perverse,34997
perversely,34998
perverseness,34999
perversion,35000
pervert,35001
perverted,35002
perverts,35003
pesach,35004
pesah,35005
peseta,35006
pesetas,35007
pesky,35008
peso,35009
pesos,35010
pessary,35011
pessimal,35012
pessimist,35013
pessimistic,35014
pessimum,35015
pest,35016
pester,35017
pestered,35018
pestering,35019
pesters,35020
pesticide,35021
pestilence,35022
pestilent,35023
pestilential,35024
pestle,35025
pestled,35026
pestles,35027
pesto,35028
pests,35029
pet,35030
pet_food,35031
pet_name,35032
petal,35033
petard,35034
petards,35035
peter,35036
peter_out,35037
peter_pan,35038
peter_paul_rubens,35039
peters,35040
petit_four,35041
petit_fours,35042
petit_jury,35043
petit_mal,35044
petite,35045
petition,35046
petitioner,35047
petitions,35048
petrel,35049
petrels,35050
petrified,35051
petrifying,35052
petrol,35053
petrol_bomb,35054
petrol_station,35055
petroleum,35056
pets,35057
petted,35058
petticoat,35059
petticoats,35060
pettifog,35061
pettifoggery,35062
pettiness,35063
pettish,35064
petty,35065
petty_cash,35066
petty_larceny,35067
petty_officer,35068
petulance,35069
petulant,35070
petunia,35071
petunias,35072
pew,35073
pewee,35074
pewit,35075
pewits,35076
pews,35077
pewter,35078
peyote,35079
pfennig,35080
phaeton,35081
phages,35082
phalanger,35083
phalanx,35084
phalarope,35085
phalli,35086
phallic,35087
phantasm,35088
phantom,35089
phantoms,35090
pharaoh,35091
pharaohs,35092
pharisaic,35093
pharisaical,35094
pharisee,35095
pharmaceuticals,35096
pharmacist,35097
pharmacists,35098
pharmacologist,35099
pharmacy,35100
pharos,35101
phase,35102
phase_out,35103
phases,35104
pheasant,35105
pheasants,35106
phenobarbitone,35107
phenol,35108
phenomena,35109
phenomenal,35110
phenomenally,35111
phenomenon,35112
phenotype,35113
pheromone,35114
phi,35115
phial,35116
philadelphia,35117
philander,35118
philanderer,35119
philandering,35120
philanthropist,35121
philanthropists,35122
philanthropy,35123
philatelist,35124
philately,35125
philharmonic,35126
philharmonics,35127
philip,35128
philip_marlowe,35129
philippic,35130
philippines,35131
philistine,35132
philologist,35133
philosopher,35134
philosophers,35135
philosophical,35136
philosophical_doctrine,35137
philosophical_system,35138
philosophical_theory,35139
philosophy,35140
phiz,35141
phlegm,35142
phlegmatic,35143
phloem,35144
phlox,35145
phnom_penh,35146
phobia,35147
phobias,35148
phobic,35149
phobos,35150
phocas,35151
phoebe,35152
phoebus,35153
phoenix,35154
pholas,35155
phonates,35156
phone,35157
phone-in,35158
phone_call,35159
phone_message,35160
phone_messages,35161
phone_system,35162
phoned,35163
phoneme,35164
phones,35165
phonetic,35166
phoney,35167
phonic,35168
phonies,35169
phonogram,35170
phony,35171
phosphate,35172
phosphates,35173
phosphorescence,35174
phosphorescent,35175
phosphorus,35176
phot,35177
photo,35178
photocopy,35179
photogenic,35180
photograph,35181
photograph_album,35182
photographer,35183
photographers,35184
photographic_equipment,35185
photographing,35186
photographs,35187
photos,35188
photostat,35189
photosynthesis,35190
phrase,35191
phrased,35192
phraseology,35193
phrases,35194
phrasing,35195
phrenetic,35196
phrygian,35197
phyllo,35198
physic,35199
physical,35200
physical_property,35201
physical_structure,35202
physician,35203
physicist,35204
physicists,35205
physics,35206
physiologically,35207
physiotherapy,35208
physique,35209
pia_mater,35210
piaf,35211
pianist,35212
pianists,35213
piano,35214
piano_accordion,35215
piano_maker,35216
piano_tuner,35217
pianoforte,35218
pianola,35219
pianos,35220
piastre,35221
piazza,35222
piazzas,35223
pic,35224
pica,35225
picador,35226
picadors,35227
picaresque,35228
picasso,35229
piccalilli,35230
piccolo,35231
pick,35232
pick-me-up,35233
pick_out,35234
pick_up,35235
pickaxes,35236
picked,35237
picker,35238
pickerel,35239
picket,35240
picket_line,35241
picketed,35242
picking,35243
pickings,35244
pickle,35245
pickled,35246
pickles,35247
pickling,35248
pickpocket,35249
pickpockets,35250
picks,35251
pickups,35252
picky,35253
picnic,35254
picot,35255
pics,35256
pictographs,35257
pictorial,35258
pictorial_representation,35259
picture,35260
picture_book,35261
picture_frame,35262
picture_palace,35263
pictured,35264
pictures,35265
picturesque,35266
piddle,35267
piddling,35268
pidgin,35269
pie,35270
pie-eyed,35271
pie_chart,35272
piebald,35273
piece,35274
piece_of_cake,35275
piece_of_cloth,35276
piece_of_furniture,35277
piece_of_land,35278
piece_of_music,35279
piece_of_paper,35280
piece_of_work,35281
piece_of_writing,35282
piecemeal,35283
pieces,35284
piecing,35285
pied,35286
pied_piper,35287
pieds-a-terre,35288
pier,35289
pierce,35290
pierced,35291
pierces,35292
piercing,35293
pierid,35294
pierrot,35295
piers,35296
pies,35297
piet_mondrian,35298
pieta,35299
pietism,35300
pietistic,35301
piety,35302
piffle,35303
piffling,35304
pig,35305
pig_iron,35306
pig_it,35307
pig_out,35308
pigeon,35309
pigeonhole,35310
pigeons,35311
piggery,35312
piggies,35313
piggish,35314
piggy,35315
piggyback,35316
pigheaded,35317
pigheadedness,35318
piglet,35319
pigment,35320
pigmentation,35321
pigments,35322
pignut,35323
pigpen,35324
pigs,35325
pigs_in_blankets,35326
pigsty,35327
pigswill,35328
pigtail,35329
pigtails,35330
pika,35331
pike,35332
pikes,35333
pikestaff,35334
pilaff,35335
pilaster,35336
pilate,35337
pilates,35338
pilau,35339
pilchard,35340
pile,35341
pile_up,35342
piled,35343
pilei,35344
piles,35345
pilfer,35346
pilferage,35347
pilfered,35348
pilferer,35349
pilgrim,35350
pilgrimage,35351
pilgrims,35352
pill,35353
pillage,35354
pillaged,35355
pillagers,35356
pillages,35357
pillar,35358
pillars,35359
pillion,35360
pillock,35361
pilloried,35362
pillory,35363
pillorying,35364
pillow,35365
pillow_talk,35366
pillowcase,35367
pills,35368
pilose,35369
pilot,35370
pilot_lamp,35371
pilot_light,35372
pilot_project,35373
pilotage,35374
piloted,35375
piloting,35376
pilots,35377
pilsener,35378
pilsner,35379
piltdown_man,35380
pilus,35381
pimento,35382
pimiento,35383
pimp,35384
pimpernel,35385
pimpinella,35386
pimple,35387
pimpled,35388
pimples,35389
pimply,35390
pin,35391
pin-up,35392
pin-ups,35393
pin_down,35394
pin_number,35395
pina_colada,35396
pinafore,35397
pinafores,35398
pinatubo,35399
pinball,35400
pince-nez,35401
pincer,35402
pinch,35403
pinched,35404
pinches,35405
pinching,35406
pindar,35407
pine,35408
pine_marten,35409
pine_nut,35410
pine_tree,35411
pineal_gland,35412
pineapple,35413
pineapples,35414
pined,35415
pines,35416
pineta,35417
pinging,35418
pinhead,35419
pinheads,35420
pining,35421
pinion,35422
pinions,35423
pinite,35424
pink,35425
pink_lady,35426
pink_slips,35427
pinkeye,35428
pinkie,35429
pinkies,35430
pinking,35431
pinkish,35432
pinko,35433
pinnace,35434
pinnacle,35435
pinnacles,35436
pinnae,35437
pinned,35438
pinochle,35439
pinole,35440
pinon,35441
pinot,35442
pinot_blanc,35443
pinot_noir,35444
pinpoint,35445
pinpointing,35446
pinpoints,35447
pins,35448
pins_and_needles,35449
pinscher,35450
pinschers,35451
pinstripe,35452
pint,35453
pintail,35454
pinter,35455
pinto,35456
pinwheel,35457
pioneer,35458
pioneering,35459
pioneers,35460
pious,35461
piously,35462
piousness,35463
pip,35464
pipe,35465
pipe_down,35466
pipe_dream,35467
pipe_dreams,35468
pipe_up,35469
piped,35470
piper,35471
pipes,35472
pipette,35473
piping,35474
pipistrelle,35475
pipit,35476
pipits,35477
pippin,35478
pips,35479
piquant,35480
pique,35481
piqued,35482
piques,35483
piquet,35484
piracy,35485
pirandello,35486
piranha,35487
pirate,35488
pirate_flag,35489
pirate_ship,35490
pirates,35491
piratical,35492
pirating,35493
pirogue,35494
pirogues,35495
pirouette,35496
pirouettes,35497
pirouetting,35498
pisa,35499
pisces,35500
piscine,35501
pissed,35502
pistachio,35503
piste,35504
pistol,35505
pistols,35506
piston,35507
piston_ring,35508
pistons,35509
pit,35510
pit_bull_terrier,35511
pit_stop,35512
pit_viper,35513
pita,35514
pitch,35515
pitch-black,35516
pitch_in,35517
pitchblende,35518
pitched,35519
pitched_battle,35520
pitcher,35521
pitches,35522
pitchfork,35523
pitching,35524
piteous,35525
pitfall,35526
pitfalls,35527
pith,35528
pith_helmet,35529
pithead,35530
pithecanthropus,35531
pithiness,35532
pithy,35533
pitiable,35534
pitiful,35535
pitiless,35536
pitman,35537
piton,35538
pitons,35539
pitprop,35540
pits,35541
pitsaw,35542
pitt,35543
pitta,35544
pittance,35545
pitted,35546
pity,35547
pivot,35548
pivotal,35549
pivoting,35550
pivots,35551
pixie,35552
pixies,35553
pixy,35554
pizza,35555
pizzazz,35556
pizzeria,35557
pizzicato,35558
placard,35559
placards,35560
placate,35561
placated,35562
placates,35563
placating,35564
placation,35565
place,35566
place_mat,35567
place_name,35568
place_of_business,35569
place_of_origin,35570
place_of_worship,35571
placebo,35572
placed,35573
placeman,35574
placement,35575
placements,35576
placer,35577
places,35578
placid,35579
placidity,35580
placidness,35581
placing,35582
plagiarise,35583
plagiarised,35584
plagiarising,35585
plagiarist,35586
plague,35587
plagues,35588
plaice,35589
plaid,35590
plaids,35591
plain,35592
plain_clothes,35593
plain_sailing,35594
plainchant,35595
plainest,35596
plainly,35597
plains,35598
plainsman,35599
plainsong,35600
plainspoken,35601
plaint,35602
plaintiff,35603
plaintive,35604
plaints,35605
plait,35606
plan,35607
plan_of_action,35608
planar,35609
planck,35610
plane,35611
plane_figure,35612
plane_figures,35613
plane_tree,35614
planes,35615
planet,35616
planetary,35617
planetoid,35618
planets,35619
plangent,35620
plank,35621
planking,35622
planks,35623
plankton,35624
planned,35625
planner,35626
planning,35627
plans,35628
plant,35629
plant_disease,35630
plant_family,35631
plant_fibre,35632
plant_food,35633
plant_genus,35634
plant_life,35635
plant_part,35636
plant_product,35637
plant_scientist,35638
plant_tissue,35639
plantagenet,35640
plantagenets,35641
plantain,35642
plantation,35643
planted,35644
planter,35645
planters,35646
plants,35647
plantsman,35648
plaque,35649
plaques,35650
plasma,35651
plaster,35652
plaster_of_paris,35653
plaster_saint,35654
plasterboard,35655
plastered,35656
plasterer,35657
plastering,35658
plasters,35659
plasterwork,35660
plastic,35661
plastic_bag,35662
plastic_laminate,35663
plastic_surgeon,35664
plastics,35665
plastron,35666
plat,35667
plate,35668
plateau,35669
platelet,35670
plates,35671
platform,35672
platforms,35673
plating,35674
platinum,35675
platitude,35676
platitudes,35677
plato,35678
platonic,35679
platoon,35680
platoons,35681
platter,35682
platyhelminthes,35683
platypus,35684
platypuses,35685
plaudit,35686
plaudits,35687
plausible,35688
play,35689
play-actor,35690
play_along,35691
play_around,35692
play_back,35693
play_down,35694
play_up,35695
playact,35696
playback,35697
playboy,35698
playboys,35699
played,35700
played_out,35701
player,35702
players,35703
playfellow,35704
playfellows,35705
playful,35706
playground,35707
playhouse,35708
playhouses,35709
playing,35710
playing_area,35711
playing_card,35712
playing_cards,35713
playing_field,35714
playlists,35715
playmaker,35716
playmate,35717
playoff_game,35718
playpen,35719
playroom,35720
plays,35721
playsuit,35722
plaything,35723
playthings,35724
playtime,35725
playwright,35726
plaza,35727
plea,35728
plead,35729
pleaded,35730
pleader,35731
pleaders,35732
pleading,35733
pleads,35734
pleas,35735
pleasant,35736
pleasantly,35737
pleasantries,35738
pleasantry,35739
please,35740
pleased,35741
pleases,35742
pleasing,35743
pleasurable,35744
pleasure,35745
pleasure_craft,35746
pleasure_ground,35747
pleasure_seeker,35748
pleasure_trip,35749
pleasure_trips,35750
pleasures,35751
pleat,35752
pleated,35753
pleb,35754
plebeian,35755
plebeians,35756
plebiscite,35757
plebiscites,35758
plebs,35759
plectra,35760
plectrum,35761
pledge,35762
pledged,35763
pledger,35764
pledges,35765
pleiades,35766
plenary,35767
plenitude,35768
plenteous,35769
plentiful,35770
plentitude,35771
plenty,35772
plenum,35773
pleonaste,35774
plethora,35775
plethoras,35776
plexiglass,35777
plexor,35778
plexus,35779
pliable,35780
pliant,35781
plied,35782
pliers,35783
plight,35784
plimsoll,35785
plinth,35786
plinths,35787
plod,35788
plodder,35789
plods,35790
plonk,35791
plop,35792
plot,35793
plots,35794
plotted,35795
plotter,35796
plotting,35797
plough,35798
plough_on,35799
ploughed,35800
ploughman,35801
ploughs,35802
plover,35803
ploy,35804
pluck,35805
plucked,35806
pluckiness,35807
plucks,35808
plucky,35809
plug,35810
plug-ugly,35811
plugged,35812
plugging,35813
plughole,35814
plugs,35815
plum,35816
plum_duff,35817
plum_pudding,35818
plum_tree,35819
plumage,35820
plumb,35821
plumb_bob,35822
plumbago,35823
plumber,35824
plumbers,35825
plumbing,35826
plumbing_fixtures,35827
plumbing_system,35828
plumbs,35829
plumcot,35830
plume,35831
plumes,35832
plummet,35833
plummeted,35834
plummy,35835
plumose,35836
plump,35837
plump_for,35838
plumped,35839
plumper,35840
plumpest,35841
plumpness,35842
plums,35843
plunder,35844
plunderage,35845
plundered,35846
plundering,35847
plunders,35848
plunge,35849
plunger,35850
plungers,35851
pluperfect,35852
plural,35853
plus,35854
plus_fours,35855
plush,35856
plutarch,35857
pluto,35858
plutocrat,35859
plutonic,35860
ply,35861
plying,35862
plymouth,35863
pm,35864
pneumatic,35865
pneumonia,35866
po,35867
po-faced,35868
poach,35869
poached,35870
poached_egg,35871
poached_eggs,35872
poacher,35873
poachers,35874
poaches,35875
poaching,35876
pocahontas,35877
pochard,35878
pocket,35879
pocket_billiards,35880
pocketbook,35881
pocketed,35882
pockets,35883
pockmark,35884
pod,35885
podcast,35886
podgier,35887
podgy,35888
podia,35889
podiatrists,35890
podium,35891
pods,35892
poe,35893
poem,35894
poems,35895
poet,35896
poet_laureate,35897
poetess,35898
poetic,35899
poetic_license,35900
poetic_rhythm,35901
poetries,35902
poetry,35903
poets,35904
pogo_stick,35905
pogrom,35906
poignancy,35907
poignant,35908
poilu,35909
poinciana,35910
poinsettia,35911
point,35912
point-blank,35913
point_of_departure,35914
point_of_entry,35915
point_of_intersection,35916
point_of_no_return,35917
point_of_order,35918
point_of_reference,35919
point_of_view,35920
point_out,35921
point_up,35922
pointed,35923
pointed_arch,35924
pointedly,35925
pointer,35926
pointers,35927
pointillist,35928
pointing,35929
pointing_out,35930
pointless,35931
pointlessness,35932
points,35933
poise,35934
poised,35935
poison,35936
poison_gas,35937
poisoned,35938
poisoner,35939
poisoners,35940
poisoning,35941
poisonous,35942
poisonous_plant,35943
poisonous_substance,35944
poitier,35945
poke,35946
poke_fun,35947
poked,35948
poker,35949
poker-faced,35950
poker_game,35951
poker_games,35952
poker_hand,35953
pokes,35954
pokeweed,35955
poking,35956
poland,35957
polar,35958
polar_bear,35959
polar_region,35960
polaris,35961
polarise,35962
polarised,35963
polarity,35964
polaroid,35965
polder,35966
pole,35967
pole_star,35968
pole_vault,35969
poleaxe,35970
polecat,35971
polecats,35972
polemic,35973
polemical,35974
polemics,35975
polemist,35976
polenta,35977
poles,35978
polestar,35979
polianthes,35980
police,35981
police_action,35982
police_car,35983
police_cars,35984
police_constable,35985
police_cruiser,35986
police_dog,35987
police_force,35988
police_officer,35989
police_officers,35990
police_state,35991
police_station,35992
police_van,35993
police_work,35994
policed,35995
policeman,35996
policemen,35997
polices,35998
policies,35999
policing,36000
policy,36001
polio,36002
polish,36003
polish_off,36004
polish_up,36005
polished,36006
polisher,36007
polishes,36008
polishing,36009
politburo,36010
polite,36011
politely,36012
politeness,36013
politesse,36014
politic,36015
political,36016
political_leader,36017
political_leaders,36018
political_movement,36019
political_party,36020
political_platforms,36021
political_system,36022
political_theories,36023
political_theory,36024
politician,36025
politicians,36026
politico,36027
politics,36028
polk,36029
polka,36030
polka_dot,36031
polka_dots,36032
polkas,36033
poll,36034
poll_tax,36035
pollack,36036
polled,36037
pollen,36038
pollex,36039
pollock,36040
polls,36041
pollster,36042
pollutant,36043
pollute,36044
polluted,36045
polluter,36046
pollutes,36047
pollution,36048
pollux,36049
polo,36050
polo-neck,36051
polo_shirt,36052
polonaise,36053
polonium,36054
poltergeist,36055
poltroon,36056
polyanthus,36057
polyester,36058
polyethylene,36059
polygamy,36060
polyglot,36061
polygon,36062
polyhedron,36063
polymath,36064
polymer,36065
polynesian,36066
polyp,36067
polysaccharide,36068
polysyllable,36069
polytechnic,36070
polytheism,36071
polythene,36072
pom,36073
pom-pom,36074
pomade,36075
pomegranate,36076
pomegranates,36077
pomelo,36078
pomeranian,36079
pomfret,36080
pomp,36081
pompadour,36082
pompano,36083
pomposity,36084
pompous,36085
pompously,36086
poncho,36087
pond,36088
pond_lily,36089
ponder,36090
pondered,36091
ponderer,36092
pondering,36093
ponderosa,36094
ponderosa_pine,36095
ponderous,36096
ponders,36097
pondweed,36098
pong,36099
pongid,36100
poniard,36101
pontiac,36102
pontiff,36103
pontiffs,36104
pontifical,36105
pontificate,36106
pontoon,36107
pony,36108
pony_up,36109
ponytail,36110
pooch,36111
poodle,36112
poodles,36113
pooh-pooh,36114
pooh-poohs,36115
pool,36116
pool_player,36117
pooling,36118
pools,36119
poop,36120
poor,36121
poor_devil,36122
poor_people,36123
poor_person,36124
poorer,36125
poorest,36126
poorly,36127
poorness,36128
pop,36129
pop-up,36130
pop_group,36131
pop_in,36132
pop_off,36133
pop_quiz,36134
pop_the_question,36135
pop_up,36136
popcorn,36137
pope,36138
popes,36139
popinjay,36140
poplar,36141
poplars,36142
poplin,36143
popover,36144
popped,36145
popper,36146
poppet,36147
poppy,36148
poppycock,36149
pops,36150
popsicle,36151
populace,36152
popular,36153
popular_music,36154
popularity,36155
popularly,36156
populate,36157
populated,36158
population,36159
populist,36160
populists,36161
porbeagle,36162
porcelain,36163
porch,36164
porches,36165
porcine,36166
porcupine,36167
pore,36168
pores,36169
pork,36170
pork_pie,36171
pork_pies,36172
porker,36173
porn,36174
pornographic,36175
pornography,36176
porous,36177
porphyrio,36178
porpoise,36179
porridge,36180
porringer,36181
port,36182
port_of_spain,36183
port_wine,36184
portable,36185
portable_computer,36186
portage,36187
portal,36188
portal_vein,36189
portals,36190
portcullis,36191
ported,36192
portend,36193
portended,36194
portending,36195
portends,36196
portent,36197
portentous,36198
portents,36199
porter,36200
porterhouse,36201
porterhouse_steak,36202
porters,36203
portfolio,36204
portico,36205
porticos,36206
portiere,36207
portion,36208
portion_out,36209
portions,36210
portlier,36211
portly,36212
portmanteau,36213
portrait,36214
portrait_painter,36215
portraitist,36216
portraits,36217
portraiture,36218
portray,36219
portrayal,36220
portrayed,36221
portrayer,36222
portraying,36223
portrays,36224
ports,36225
portsmouth,36226
portugal,36227
portuguese,36228
pose,36229
posed,36230
poseidon,36231
poser,36232
posers,36233
poses,36234
poseur,36235
posh,36236
posher,36237
posies,36238
posing,36239
posit,36240
posited,36241
positing,36242
position,36243
positioned,36244
positioning,36245
positions,36246
positive,36247
positively,36248
positron,36249
posits,36250
posse,36251
possess,36252
possessed,36253
possesses,36254
possessing,36255
possession,36256
possessions,36257
possessor,36258
posset,36259
possibilities,36260
possibility,36261
possible,36262
possibly,36263
possum,36264
post,36265
post-haste,36266
post_meridiem,36267
postage,36268
postage_stamp,36269
postal,36270
postal_service,36271
postbag,36272
postbags,36273
postcard,36274
postcava,36275
postdoc,36276
posted,36277
poster,36278
poster_boy,36279
poster_boys,36280
posterior,36281
posteriors,36282
postern,36283
posterns,36284
posters,36285
postgraduate,36286
postilion,36287
posting,36288
postman,36289
postmark,36290
postmodernism,36291
postmodernist,36292
postoperative,36293
postpone,36294
postponed,36295
postponement,36296
posts,36297
postscript,36298
postulant,36299
postulate,36300
posture,36301
postures,36302
posy,36303
pot,36304
pot_plant,36305
pot_plants,36306
pot_roast,36307
potables,36308
potage,36309
potages,36310
potash,36311
potassium,36312
potato,36313
potato_chip,36314
potato_chips,36315
potato_race,36316
potatoes,36317
poteen,36318
potency,36319
potent,36320
potentate,36321
potentates,36322
potential,36323
potentially,36324
potentilla,36325
pothead,36326
pother,36327
potherb,36328
potherbs,36329
pothole,36330
potholer,36331
potion,36332
potions,36333
potomac,36334
potoroo,36335
potpourri,36336
pots,36337
potsdam,36338
potsherd,36339
potshot,36340
pottage,36341
pottages,36342
potted,36343
potter,36344
potters,36345
pottery,36346
pottier,36347
potto,36348
potty,36349
pouch,36350
pouches,36351
pouffes,36352
poulenc,36353
poultice,36354
poultry,36355
pounce,36356
pounced,36357
pounces,36358
pound,36359
pound_sterling,36360
poundage,36361
pounded,36362
pounder,36363
pounding,36364
pounds,36365
pour,36366
pour_cold_water_on,36367
pour_out,36368
pourboire,36369
poured,36370
pouring,36371
pours,36372
poussin,36373
pout,36374
pouters,36375
pouts,36376
poverty,36377
poverty-stricken,36378
powder,36379
powder_blue,36380
powder_room,36381
powdered,36382
powders,36383
powdery,36384
power,36385
power_line,36386
power_of_attorney,36387
power_plant,36388
power_points,36389
power_tool,36390
power_unit,36391
power_walking,36392
powerboat,36393
powerful,36394
powerless,36395
powerlessness,36396
powers,36397
powwow,36398
powwows,36399
powys,36400
pox,36401
practicable,36402
practical,36403
practical_joke,36404
practical_jokers,36405
practical_jokes,36406
practically,36407
practice,36408
practice_session,36409
practiced,36410
practices,36411
practise,36412
practised,36413
practises,36414
practising,36415
practitioner,36416
praesidium,36417
pragmatic,36418
pragmatist,36419
prague,36420
prairie,36421
prairie_dog,36422
prairie_dogs,36423
prairie_schooner,36424
prairie_wolf,36425
prairies,36426
praise,36427
praised,36428
praises,36429
praiseworthy,36430
praising,36431
prakrit,36432
praline,36433
pralines,36434
pram,36435
prance,36436
pranced,36437
prancer,36438
prancers,36439
prances,36440
prang,36441
prangs,36442
prank,36443
pranked,36444
prankish,36445
pranks,36446
prankster,36447
prat,36448
prate,36449
prated,36450
prater,36451
praters,36452
prates,36453
pratfall,36454
pratincole,36455
prattle,36456
prattles,36457
prawn,36458
prawns,36459
praxis,36460
pray,36461
prayed,36462
prayer,36463
prayer_book,36464
prayer_service,36465
prayers,36466
praying_mantis,36467
praying_mantises,36468
pre-empt,36469
pre-empts,36470
pre-raphaelite,36471
preach,36472
preached,36473
preacher,36474
preachers,36475
preaches,36476
preaching,36477
preachment,36478
preachy,36479
preadolescent,36480
preamble,36481
prearrange,36482
prearranges,36483
prebend,36484
precarious,36485
precaution,36486
precautionary,36487
precede,36488
precedence,36489
precedent,36490
precedents,36491
preceding,36492
precentor,36493
precept,36494
precepts,36495
precinct,36496
precious,36497
precious_metal,36498
precious_metals,36499
precious_stone,36500
precious_stones,36501
precipice,36502
precipitate,36503
precipitately,36504
precipitation,36505
precis,36506
precise,36507
precisely,36508
precision,36509
preclude,36510
precluded,36511
precludes,36512
precocious,36513
precocity,36514
precognitive,36515
preconception,36516
precursor,36517
predate,36518
predated,36519
predation,36520
predator,36521
predators,36522
predatory,36523
predecessor,36524
predecessors,36525
predestined,36526
predetermine,36527
predetermined,36528
predicament,36529
predicate,36530
predicated,36531
predicates,36532
predication,36533
predict,36534
predictable,36535
predictably,36536
predicted,36537
predicting,36538
prediction,36539
predictions,36540
predictive,36541
predicts,36542
predilection,36543
predilections,36544
predisposition,36545
predominance,36546
predominant,36547
predominate,36548
preemie,36549
preeminent,36550
preen,36551
preened,36552
preening,36553
preens,36554
prefab,36555
prefabricated,36556
prefabs,36557
preface,36558
prefacing,36559
prefatory,36560
prefect,36561
prefects,36562
prefer,36563
preferably,36564
preference,36565
preferences,36566
preferential,36567
preferment,36568
preferred,36569
prefers,36570
prefigure,36571
prefix,36572
pregnancy,36573
pregnant,36574
prehensile,36575
prehistoric,36576
prehistory,36577
prejudge,36578
prejudice,36579
prejudiced,36580
prejudices,36581
prelacy,36582
prelate,36583
prelates,36584
prelim,36585
preliminary,36586
prelude,36587
preludes,36588
premature,36589
prematurely,36590
prematurity,36591
premeditated,36592
premier,36593
premiere,36594
premise,36595
premises,36596
premiss,36597
premisses,36598
premium,36599
premium_bond,36600
premolar,36601
premonition,36602
preoccupation,36603
preoccupied,36604
preoccupy,36605
preordain,36606
prep,36607
preparation,36608
preparations,36609
preparatory,36610
prepare,36611
prepared,36612
preparedness,36613
prepares,36614
preparing,36615
preponderance,36616
preponderate,36617
prepossess,36618
prepossessed,36619
prepossessing,36620
prepossession,36621
preposterous,36622
prepubescent,36623
prerequisite,36624
prerogative,36625
prerogatives,36626
presage,36627
presaged,36628
presages,36629
presbyter,36630
presbyterian,36631
presbyterianism,36632
presbytery,36633
preschool,36634
prescience,36635
prescient,36636
prescribe,36637
prescribed,36638
prescription,36639
preseason,36640
presence,36641
present,36642
present-day,36643
present_perfect,36644
present_tense,36645
presentable,36646
presentation,36647
presentational,36648
presentations,36649
presented,36650
presenter,36651
presenters,36652
presentiment,36653
presentiments,36654
presenting,36655
presently,36656
presents,36657
preservation,36658
preservative,36659
preserve,36660
preserved,36661
preservers,36662
preserves,36663
preserving,36664
preset,36665
preside,36666
presidency,36667
president,36668
presidents,36669
presides,36670
presiding_officer,36671
presidio,36672
press,36673
press-up,36674
press-ups,36675
press_agent,36676
press_association,36677
press_corps,36678
press_cutting,36679
press_down,36680
press_gang,36681
press_on,36682
press_out,36683
press_release,36684
press_stud,36685
pressed,36686
presses,36687
pressing,36688
pressman,36689
pressure,36690
pressure_cooker,36691
pressure_gauge,36692
pressure_group,36693
pressure_unit,36694
pressures,36695
pressurise,36696
pressurised,36697
pressurising,36698
prestidigitation,36699
prestidigitator,36700
prestige,36701
prestigious,36702
presto,36703
presumably,36704
presume,36705
presumed,36706
presuming,36707
presumption,36708
presumptuous,36709
presumptuousness,36710
presupposed,36711
presupposing,36712
pretence,36713
pretences,36714
pretend,36715
pretended,36716
pretender,36717
pretending,36718
pretends,36719
pretense,36720
pretension,36721
pretentious,36722
pretentiousness,36723
preternatural,36724
pretext,36725
pretexts,36726
pretoria,36727
prettier,36728
prettify,36729
prettiness,36730
pretty,36731
pretty-pretty,36732
pretty_much,36733
pretty_up,36734
pretzel,36735
prevail,36736
prevailed,36737
prevailing,36738
prevails,36739
prevalent,36740
prevaricate,36741
prevarication,36742
prevent,36743
prevented,36744
preventing,36745
prevention,36746
prevents,36747
preview,36748
previews,36749
previous,36750
previously,36751
prey,36752
preys,36753
priam,36754
priapic,36755
priapus,36756
price,36757
price_cut,36758
price_increases,36759
price_reduction,36760
price_tag,36761
priceless,36762
prices,36763
pricey,36764
priciest,36765
pricing_system,36766
prick,36767
pricked,36768
prickle,36769
prickling,36770
prickly,36771
prickly_ash,36772
prickly_heat,36773
prickly_pear,36774
pride,36775
pride_of_place,36776
prideful,36777
pried,36778
pries,36779
priest,36780
priesthood,36781
priestly,36782
priests,36783
prig,36784
priggish,36785
priggishness,36786
prigs,36787
prim,36788
prima_ballerinas,36789
prima_donna,36790
prima_donnas,36791
primacy,36792
primaeval,36793
primal,36794
primaries,36795
primarily,36796
primary,36797
primary_care,36798
primate,36799
primates,36800
prime,36801
prime_minister,36802
prime_number,36803
prime_of_life,36804
primed,36805
primer,36806
primes,36807
primeval,36808
priming,36809
primitive,36810
primness,36811
primo,36812
primogenitor,36813
primordial,36814
primp,36815
primps,36816
primrose,36817
primroses,36818
primula,36819
primus,36820
prince,36821
prince_of_darkness,36822
prince_of_wales,36823
princely,36824
princes,36825
princess,36826
princesses,36827
princeton,36828
principal,36829
principality,36830
principle,36831
principled,36832
principles,36833
print,36834
print_media,36835
print_run,36836
printed,36837
printer,36838
printers,36839
printing,36840
printing_ink,36841
printing_machine,36842
printing_process,36843
printing_unit,36844
printmaker,36845
printout,36846
printouts,36847
prints,36848
prior,36849
prioress,36850
priority,36851
priors,36852
priorship,36853
priory,36854
prised,36855
prism,36856
prison,36857
prison_camp,36858
prison_cell,36859
prison_cells,36860
prison_chaplain,36861
prison_guards,36862
prison_term,36863
prisoner,36864
prisoner_of_war,36865
prisoners,36866
prisons,36867
prissy,36868
pristine,36869
privacy,36870
private,36871
private_detectives,36872
private_eye,36873
private_eyes,36874
private_investigator,36875
private_property,36876
privateer,36877
privately,36878
privates,36879
privation,36880
privatise,36881
privatising,36882
privet,36883
privies,36884
privilege,36885
privileged,36886
privileges,36887
privy,36888
privy_council,36889
prize,36890
prize_money,36891
prize_winner,36892
prized,36893
prizes,36894
pro,36895
pro_bono,36896
pro_forma,36897
pro_rata,36898
pro_tem,36899
pro_tempore,36900
proactive,36901
probabilities,36902
probability,36903
probable,36904
probably,36905
probate,36906
probation,36907
probationer,36908
probe,36909
probed,36910
probes,36911
probity,36912
problem,36913
problematic,36914
problems,36915
proboscis,36916
proboscis_monkey,36917
procaine,36918
procedural,36919
procedure,36920
procedures,36921
proceed,36922
proceeded,36923
proceeding,36924
proceedings,36925
proceeds,36926
process,36927
processed_cheese,36928
processes,36929
processing,36930
procession,36931
processions,36932
processor,36933
proclaim,36934
proclaimed,36935
proclaims,36936
proclamation,36937
proclivities,36938
proclivity,36939
proconsul,36940
procrastinate,36941
procrastinated,36942
procrastinating,36943
procrastination,36944
procreate,36945
proctor,36946
procurator,36947
procure,36948
procured,36949
procurement,36950
procurer,36951
procures,36952
procuress,36953
procyon,36954
prod,36955
prodded,36956
prodding,36957
prodigal,36958
prodigality,36959
prodigals,36960
prodigies,36961
prodigious,36962
prodigy,36963
prods,36964
produce,36965
produced,36966
producer,36967
producers,36968
produces,36969
producing,36970
product,36971
product_line,36972
production,36973
productions,36974
productive,36975
products,36976
prof,36977
profane,36978
profaned,36979
profanely,36980
profaner,36981
profanity,36982
profess,36983
professed,36984
profession,36985
professional,36986
professional_life,36987
professionalism,36988
professionals,36989
professor,36990
professorship,36991
proffer,36992
proffered,36993
proficiency,36994
proficient,36995
profile,36996
profiled,36997
profiles,36998
profit,36999
profit_and_loss,37000
profitable,37001
profiteer,37002
profiteered,37003
profiterole,37004
profiteroles,37005
profits,37006
profligate,37007
profound,37008
profundity,37009
profuse,37010
profuseness,37011
profusion,37012
progenitor,37013
progeny,37014
prognoses,37015
prognosis,37016
prognostic,37017
prognosticate,37018
prognosticated,37019
prognosticating,37020
prognostication,37021
program,37022
programme,37023
programmed,37024
programmer,37025
programmers,37026
programmes,37027
programming,37028
programming_language,37029
programs,37030
progress,37031
progressed,37032
progresses,37033
progressing,37034
progression,37035
progressive,37036
progressives,37037
prohibit,37038
prohibited,37039
prohibiting,37040
prohibition,37041
prohibitionist,37042
prohibitive,37043
prohibits,37044
project,37045
projected,37046
projectile,37047
projectiles,37048
projecting,37049
projection,37050
projections,37051
projector,37052
projects,37053
prokofiev,37054
prolactin,37055
prolapses,37056
prole,37057
prolegomenon,37058
proles,37059
proletarian,37060
proletarians,37061
proletariat,37062
proliferate,37063
proliferates,37064
proliferation,37065
prolific,37066
prolix,37067
prolixity,37068
prologue,37069
prolong,37070
prolonged,37071
prolonging,37072
prolongs,37073
prom,37074
promenade,37075
promenades,37076
prometheus,37077
prominence,37078
prominent,37079
promiscuity,37080
promiscuous,37081
promise,37082
promised,37083
promised_land,37084
promises,37085
promising,37086
promontories,37087
promontory,37088
promote,37089
promoted,37090
promoter,37091
promoters,37092
promotes,37093
promoting,37094
promotion,37095
promotional_material,37096
promotions,37097
prompt,37098
prompted,37099
prompting,37100
promptitude,37101
promptly,37102
promptness,37103
prompts,37104
proms,37105
promulgate,37106
prone,37107
proneness,37108
prong,37109
pronghorns,37110
pronoun,37111
pronounce,37112
pronounced,37113
pronouncement,37114
pronouncements,37115
pronounces,37116
pronto,37117
pronunciation,37118
proof,37119
proofed,37120
proofing,37121
prop,37122
prop_up,37123
propaganda,37124
propagate,37125
propagated,37126
propagates,37127
propagator,37128
propane,37129
propel,37130
propellant,37131
propelled,37132
propeller,37133
propellers,37134
propellor,37135
propensity,37136
proper,37137
proper_noun,37138
properly,37139
properly_speaking,37140
propertied,37141
properties,37142
property,37143
property_owner,37144
property_owners,37145
property_right,37146
property_settlement,37147
property_tax,37148
prophecies,37149
prophecy,37150
prophesy,37151
prophet,37152
prophetess,37153
prophetic,37154
prophets,37155
prophylactic,37156
propinquity,37157
propitiate,37158
propitious,37159
propjet,37160
proponent,37161
proportion,37162
proportional_representation,37163
proportionate,37164
proposal,37165
proposals,37166
propose,37167
proposed,37168
proposer,37169
proposes,37170
proposing,37171
proposition,37172
propositions,37173
propound,37174
propounding,37175
propped,37176
proprieties,37177
proprietor,37178
proprietors,37179
proprietress,37180
propriety,37181
props,37182
prorate,37183
prorogue,37184
prorogued,37185
proroguing,37186
pros,37187
prosaic,37188
proscenium,37189
prosciutto,37190
proscribe,37191
proscribed,37192
proscribes,37193
prose,37194
prose_poem,37195
prosecute,37196
prosecuted,37197
prosecutes,37198
prosecution,37199
prosecutor,37200
proselyte,37201
proselytes,37202
proselytise,37203
proserpine,37204
prospect,37205
prospector,37206
prospects,37207
prospectus,37208
prospectuses,37209
prosper,37210
prospered,37211
prosperity,37212
prosperous,37213
prospers,37214
prostaglandin,37215
prostate,37216
prosthetic,37217
prostitute,37218
prostitution,37219
prostrate,37220
prostrated,37221
prostration,37222
prosy,37223
protagonist,37224
protagonists,37225
protea,37226
protean,37227
protease,37228
protect,37229
protected,37230
protecting,37231
protection,37232
protective,37233
protective_cover,37234
protective_covering,37235
protective_covers,37236
protective_garment,37237
protector,37238
protects,37239
protege,37240
protegee,37241
protein,37242
proteins,37243
protest,37244
protestant,37245
protestants,37246
protestation,37247
protestations,37248
protested,37249
protester,37250
protesters,37251
protesting,37252
protests,37253
proteus,37254
protocol,37255
protocols,37256
proton,37257
prototype,37258
prototypes,37259
prototypical,37260
protozoa,37261
protozoan,37262
protract,37263
protracted,37264
protractor,37265
protrude,37266
protrudes,37267
protrusion,37268
protuberance,37269
protuberant,37270
proud,37271
proust,37272
prove,37273
proved,37274
proven,37275
provenance,37276
provencal,37277
provence,37278
provender,37279
proverb,37280
proverbial,37281
proverbs,37282
proves,37283
provide,37284
provided,37285
providence,37286
provident,37287
providential,37288
provider,37289
provides,37290
providing,37291
province,37292
provincial,37293
provincial_capital,37294
proving,37295
provision,37296
provisional,37297
provisions,37298
proviso,37299
provisos,37300
provo,37301
provocateur,37302
provocation,37303
provocative,37304
provoke,37305
provoked,37306
provokes,37307
provoking,37308
provost,37309
prow,37310
prowess,37311
prowl,37312
prowled,37313
prowler,37314
prowlers,37315
prowling,37316
proxies,37317
proximate,37318
proximity,37319
proxy,37320
prozac,37321
prude,37322
prudence,37323
prudent,37324
prudential,37325
prudery,37326
prudes,37327
prudish,37328
prune,37329
pruned,37330
prunella,37331
pruner,37332
prunes,37333
pruning,37334
pruning_shears,37335
prunus,37336
prurient,37337
prussia,37338
prussian_blue,37339
pry,37340
prying,37341
ps,37342
psalm,37343
psalmist,37344
psalms,37345
psalter,37346
psalters,37347
psaltery,37348
pseud,37349
pseudo,37350
pseudonym,37351
pseudonyms,37352
pseudoscience,37353
pseuds,37354
psi,37355
psis,37356
psoas,37357
psyche,37358
psychedelic_drug,37359
psyches,37360
psychiatrist,37361
psychiatrists,37362
psychic,37363
psychics,37364
psycho,37365
psychoanalysis,37366
psychoanalyst,37367
psychological_condition,37368
psychological_state,37369
psychological_warfare,37370
psychologist,37371
psychologists,37372
psychopath,37373
psychosomatic,37374
psychotherapist,37375
psychotic,37376
ptarmigan,37377
ptarmigans,37378
pterodactyls,37379
ptolemaic,37380
ptolemy,37381
ptomain,37382
ptomaine,37383
ptoses,37384
ptsd,37385
pub,37386
pubertal,37387
pubes,37388
pubescence,37389
pubescent,37390
pubic_hair,37391
pubis,37392
public,37393
public_debate,37394
public_exposure,37395
public_eye,37396
public_house,37397
public_houses,37398
public_relations,37399
public_school,37400
public_service,37401
public_services,37402
public_speaker,37403
public_square,37404
public_transport,37405
publican,37406
publicans,37407
publication,37408
publications,37409
publicise,37410
publicised,37411
publicising,37412
publicist,37413
publicity,37414
publicize,37415
publicly,37416
publish,37417
published,37418
publisher,37419
publishing,37420
publishing_company,37421
pubs,37422
puccini,37423
puce,37424
puck,37425
pucker,37426
puckered,37427
pud,37428
pudding,37429
puddings,37430
puddle,37431
pudenda,37432
pudge,37433
pudgy,37434
puerile,37435
puerto_rican,37436
puerto_rico,37437
puff,37438
puff_adder,37439
puffball,37440
puffed,37441
puffer,37442
puffin,37443
puffiness,37444
puffing,37445
puffins,37446
puffs,37447
pug,37448
puget_sound,37449
pugilism,37450
pugilist,37451
pugilists,37452
pugin,37453
pugnacious,37454
pugnacity,37455
puissance,37456
pukka,37457
pulchritudinous,37458
pull,37459
pull-up,37460
pull_a_face,37461
pull_a_fast_one_on,37462
pull_ahead,37463
pull_away,37464
pull_back,37465
pull_down,37466
pull_in,37467
pull_off,37468
pull_out,37469
pull_round,37470
pull_the_plug,37471
pull_through,37472
pull_together,37473
pull_up,37474
pulled,37475
pullers,37476
pullet,37477
pulley,37478
pulling,37479
pulling_out,37480
pullman,37481
pullman_car,37482
pullover,37483
pulls,37484
pulp,37485
pulped,37486
pulpit,37487
pulps,37488
pulsar,37489
pulsate,37490
pulsated,37491
pulsates,37492
pulse,37493
pulse_rate,37494
pulses,37495
pulsing,37496
pulverise,37497
pulverised,37498
pulverized,37499
puma,37500
pumas,37501
pumice,37502
pump,37503
pumped_up,37504
pumpernickel,37505
pumpkin,37506
pumpkin_pie,37507
pumpkins,37508
pumps,37509
pun,37510
punch,37511
punch-up,37512
punches,37513
punching,37514
punctilio,37515
punctilious,37516
punctiliousness,37517
punctual,37518
punctuality,37519
punctually,37520
punctuation,37521
punctuation_mark,37522
puncture,37523
pundit,37524
pundits,37525
pungency,37526
pungent,37527
pungently,37528
punily,37529
puniness,37530
punish,37531
punished,37532
punishes,37533
punishing,37534
punishment,37535
punishments,37536
punitive,37537
punjab,37538
punjabi,37539
punk,37540
punk_rock,37541
punkah,37542
punnet,37543
punning,37544
puns,37545
punster,37546
punsters,37547
punt,37548
punted,37549
punter,37550
punts,37551
puny,37552
pup,37553
pupa,37554
pupate,37555
pupil,37556
pupils,37557
puppet,37558
puppeteer,37559
puppetry,37560
puppets,37561
puppies,37562
puppy,37563
puranic,37564
purcell,37565
purchase,37566
purchased,37567
purchaser,37568
purchases,37569
purdah,37570
pure,37571
pure_gold,37572
puree,37573
pureed,37574
purely,37575
purgative,37576
purgatives,37577
purgatory,37578
purge,37579
purged,37580
purges,37581
purging,37582
purification,37583
purified,37584
purifies,37585
purify,37586
purifying,37587
purim,37588
purists,37589
puritan,37590
puritanic,37591
puritanical,37592
puritans,37593
purity,37594
purl,37595
purlieu,37596
purloin,37597
purloined,37598
purloins,37599
purple,37600
purple_emperor,37601
purple_heart,37602
purplish_red,37603
purport,37604
purpose,37605
purposeful,37606
purposefully,37607
purposeless,37608
purposely,37609
purposes,37610
purse,37611
purser,37612
purslane,37613
pursuant,37614
pursue,37615
pursued,37616
pursuer,37617
pursuit,37618
pursuits,37619
purulent,37620
purveyed,37621
purveyor,37622
purview,37623
pus,37624
pusey,37625
push,37626
push_aside,37627
push_away,37628
push_back,37629
push_forward,37630
push_out,37631
push_up,37632
pushcarts,37633
pushchair,37634
pushed,37635
pusher,37636
pushers,37637
pushes,37638
pushiness,37639
pushing,37640
pushkin,37641
pushover,37642
pushovers,37643
pushy,37644
pusillanimous,37645
puss,37646
pussy,37647
pussy_willow,37648
pussycat,37649
pussyfoot,37650
put,37651
put-down,37652
put-ons,37653
put-up,37654
put_aside,37655
put_away,37656
put_back,37657
put_behind_bars,37658
put_down,37659
put_forward,37660
put_in,37661
put_off,37662
put_on,37663
put_out,37664
put_over,37665
put_right,37666
put_to_death,37667
put_to_work,37668
put_together,37669
put_under,37670
put_up,37671
putative,37672
putin,37673
putrefy,37674
putrescent,37675
putrid,37676
puts,37677
putsch,37678
putt,37679
putter,37680
putterers,37681
putting,37682
puzzle,37683
puzzled,37684
puzzler,37685
puzzles,37686
puzzling,37687
pygmalion,37688
pyjamas,37689
pylon,37690
pyongyang,37691
pyramid,37692
pyramid_scheme,37693
pyramids,37694
pyrenees,37695
pyrex,37696
pyrite,37697
pyrites,37698
pyrolusite,37699
pyromania,37700
pyrope,37701
pyrosis,37702
pyrotechnic,37703
pyrotechnics,37704
pyroxene,37705
pyrrhic,37706
pythagoras,37707
python,37708
qadi,37709
qatar,37710
qatari,37711
qoph,37712
quack,37713
quackery,37714
quacks,37715
quad,37716
quadragesima,37717
quadrangle,37718
quadrangles,37719
quadrant,37720
quadriceps,37721
quadrilateral,37722
quadrille,37723
quadrillion,37724
quadruped,37725
quadruple,37726
quads,37727
quaff,37728
quaffed,37729
quaffs,37730
quagga,37731
quagmire,37732
quahog,37733
quail,37734
quailed,37735
quails,37736
quaint,37737
quake,37738
quaked,37739
quaker,37740
qualification,37741
qualifications,37742
qualified,37743
qualifier,37744
qualifies,37745
qualify,37746
qualities,37747
quality,37748
qualm,37749
qualms,37750
quandary,37751
quango,37752
quantified,37753
quantify,37754
quantities,37755
quantity,37756
quantum,37757
quantum_leap,37758
quarantine,37759
quarantined,37760
quark,37761
quarrel,37762
quarrelled,37763
quarrelling,37764
quarrels,37765
quarrelsome,37766
quarries,37767
quarry,37768
quart,37769
quarter,37770
quarter-tone,37771
quarterback,37772
quartered,37773
quarterlight,37774
quartermaster,37775
quartermasters,37776
quarters,37777
quarterstaff,37778
quartet,37779
quartets,37780
quartette,37781
quartile,37782
quarto,37783
quartz,37784
quasar,37785
quash,37786
quashed,37787
quashing,37788
quasi,37789
quatrain,37790
quaver,37791
quavers,37792
quay,37793
quays,37794
queasy,37795
quebec,37796
queen,37797
queen_victoria,37798
queens,37799
queensland,37800
queer,37801
quell,37802
quelling,37803
quells,37804
quench,37805
queries,37806
querulous,37807
querulousness,37808
query,37809
quesadilla,37810
quest,37811
questing,37812
question,37813
question_master,37814
question_time,37815
questionable,37816
questioned,37817
questioning,37818
questionnaire,37819
questionnaires,37820
questions,37821
quests,37822
queue,37823
queueing,37824
queues,37825
queuing,37826
quibble,37827
quibbled,37828
quibbler,37829
quibbles,37830
quibbling,37831
quiche,37832
quiche_lorraine,37833
quiches,37834
quick,37835
quick-tempered,37836
quick-witted,37837
quick_fix,37838
quicken,37839
quickens,37840
quicker,37841
quickest,37842
quicklime,37843
quickly,37844
quickness,37845
quicksand,37846
quicksilver,37847
quickstep,37848
quid,37849
quid_pro_quo,37850
quidnunc,37851
quiesce,37852
quiescent,37853
quiet,37854
quieten,37855
quietened,37856
quieter,37857
quietly,37858
quietude,37859
quietus,37860
quiff,37861
quill,37862
quill_pen,37863
quilt,37864
quince,37865
quinces,37866
quinine,37867
quinsy,37868
quintal,37869
quintessence,37870
quintessential,37871
quintet,37872
quintets,37873
quip,37874
quipped,37875
quips,37876
quire,37877
quirk,37878
quirks,37879
quirky,37880
quirt,37881
quisling,37882
quislings,37883
quit,37884
quite,37885
quite_a,37886
quito,37887
quits,37888
quitting,37889
quiver,37890
quivered,37891
quivering,37892
quivers,37893
quixotic,37894
quiz,37895
quizmaster,37896
quizzes,37897
quizzically,37898
quodlibet,37899
quoin,37900
quoits,37901
quondam,37902
quota,37903
quotas,37904
quotation,37905
quotation_marks,37906
quote,37907
quoted,37908
quotes,37909
quotidian,37910
quoting,37911
quran,37912
qwerty_keyboard,37913
r,37914
ra,37915
rabat,37916
rabato,37917
rabbeting,37918
rabbi,37919
rabbit,37920
rabbit_ears,37921
rabbit_on,37922
rabbit_punch,37923
rabbiting,37924
rabbits,37925
rabble,37926
rabble-rouser,37927
rabble-rousing,37928
rabelais,37929
rabid,37930
rabidness,37931
raccoon,37932
race,37933
race_car,37934
race_meeting,37935
race_riot,37936
racecards,37937
racecourse,37938
raced,37939
racehorse,37940
racehorses,37941
raceme,37942
racer,37943
racers,37944
races,37945
racetrack,37946
raceway,37947
rachel,37948
rachitic,37949
racial,37950
racial_discrimination,37951
racialists,37952
racine,37953
racing,37954
racing_boat,37955
racing_shell,37956
racing_yacht,37957
racist,37958
racists,37959
rack,37960
racket,37961
racketeer,37962
rackets,37963
rackety,37964
racking,37965
racks,37966
raconteur,37967
racoon,37968
racy,37969
radar,37970
raddles,37971
radial,37972
radials,37973
radian,37974
radiance,37975
radiant,37976
radiate,37977
radiated,37978
radiates,37979
radiating,37980
radiation,37981
radiator,37982
radical,37983
radical_cell,37984
radicals,37985
radicchio,37986
radices,37987
radicle,37988
radii,37989
radio,37990
radio-controlled_aircraft,37991
radio_broadcast,37992
radiogram,37993
radiograph,37994
radiology,37995
radiometer,37996
radiometers,37997
radios,37998
radish,37999
radishes,38000
radium,38001
radius,38002
radon,38003
raffia,38004
raffish,38005
raffle,38006
raffles,38007
raffling,38008
raft,38009
rafter,38010
raftering,38011
rafters,38012
rafts,38013
rag,38014
rag_doll,38015
rag_dolls,38016
rag_trade,38017
ragamuffin,38018
ragamuffins,38019
ragbag,38020
rage,38021
ragee,38022
rages,38023
ragged,38024
ragged_robin,38025
ragging,38026
raging,38027
raglan,38028
ragnarok,38029
ragout,38030
ragpicker,38031
rags,38032
ragtag,38033
ragtime,38034
ragweed,38035
ragweeds,38036
ragwort,38037
rahu,38038
raid,38039
raided,38040
raider,38041
raiders,38042
raids,38043
rail,38044
railcar,38045
railed,38046
railheads,38047
railing,38048
railings,38049
raillery,38050
railroad,38051
railroading,38052
rails,38053
railway,38054
railway_line,38055
railway_station,38056
railways,38057
raiment,38058
raiments,38059
rain,38060
rain_cats_and_dogs,38061
rain_forest,38062
rain_gauge,38063
rain_tree,38064
rainbow,38065
rainbow_trout,38066
rainbows,38067
raincoat,38068
raincoats,38069
rained,38070
rainfall,38071
rainforest,38072
rainforests,38073
rainier,38074
raining,38075
rainless,38076
rainproof,38077
rains,38078
rainstorm,38079
rainwater,38080
rainy,38081
rainy_season,38082
raise,38083
raise_a_stink,38084
raise_the_roof,38085
raise_up,38086
raised,38087
raises,38088
raisin,38089
raising,38090
raisins,38091
raita,38092
raj,38093
raja,38094
rajah,38095
rajahs,38096
rajas,38097
rake,38098
rake_in,38099
raked,38100
rakehell,38101
rakes,38102
raking,38103
rakish,38104
raleigh,38105
rallentando,38106
rallied,38107
rallies,38108
rally,38109
rallying,38110
rallying_cries,38111
rallying_cry,38112
rallying_point,38113
ram,38114
ram_home,38115
ramadan,38116
ramayana,38117
ramble,38118
rambled,38119
rambler,38120
rambles,38121
rambling,38122
rambunctious,38123
rambutan,38124
rameau,38125
ramekin,38126
ramie,38127
ramification,38128
ramifications,38129
ramify,38130
ramjet,38131
rammed,38132
ramming,38133
ramp,38134
rampage,38135
rampaged,38136
rampageous,38137
rampages,38138
rampaging,38139
rampant,38140
rampart,38141
ramparts,38142
rampion,38143
ramrod,38144
ramrods,38145
rams,38146
ramshackle,38147
ramsons,38148
ramus,38149
ran,38150
rana,38151
ranch,38152
ranch_hand,38153
rancher,38154
ranchers,38155
ranches,38156
rancid,38157
rancorous,38158
rancour,38159
rand,38160
randier,38161
random,38162
randomise,38163
randomly,38164
randomness,38165
randy,38166
rang,38167
range,38168
range_of_mountains,38169
range_pole,38170
ranged,38171
ranger,38172
rangers,38173
ranges,38174
rangier,38175
rangoon,38176
rangy,38177
rani,38178
rank,38179
rank_and_file,38180
ranked,38181
ranker,38182
rankest,38183
rankin,38184
rankine,38185
ranking,38186
rankings,38187
rankle,38188
rankled,38189
rankles,38190
rankling,38191
ranks,38192
ransack,38193
ransacked,38194
ransacks,38195
ransom,38196
ransoms,38197
rant,38198
ranting,38199
rants,38200
raoul_dufy,38201
rap,38202
rap_session,38203
rap_sheet,38204
rapacious,38205
rapacity,38206
raphael,38207
rapid,38208
rapid_growth,38209
rapidest,38210
rapidity,38211
rapidly,38212
rapidness,38213
rapids,38214
rapier,38215
rapiers,38216
rapper,38217
rappers,38218
rapping,38219
rapport,38220
rapporteur,38221
rapprochement,38222
raps,38223
rapscallion,38224
rapt,38225
raptor,38226
raptors,38227
rapture,38228
raptures,38229
rapturous,38230
rare,38231
rare_bird,38232
rare_earth,38233
rarebit,38234
rarebits,38235
raree-show,38236
rarefied,38237
rarefy,38238
rarely,38239
rarest,38240
raring,38241
rarities,38242
rarity,38243
ras_tafari,38244
rascal,38245
rascally,38246
rascals,38247
rase,38248
rased,38249
rash,38250
rasher,38251
rashers,38252
rashly,38253
rashness,38254
rasp,38255
raspberry,38256
raspberry_bushes,38257
rasping,38258
rasps,38259
rasputin,38260
raspy,38261
rasta,38262
rastafarian,38263
rastafarianism,38264
rat,38265
rat-a-tat,38266
rat-a-tat-tat,38267
rat-tat,38268
rat_race,38269
rat_snake,38270
ratafia,38271
rataplan,38272
ratatouille,38273
ratch,38274
ratchet,38275
ratchets,38276
rate,38277
rated,38278
ratel,38279
ratepayer,38280
rates,38281
rather,38282
ratholes,38283
ratification,38284
ratified,38285
ratifies,38286
ratify,38287
rating,38288
ratings,38289
ratio,38290
ratiocinate,38291
ratiocinates,38292
ration,38293
ration_out,38294
rational,38295
rationale,38296
rationalisation,38297
rationalise,38298
rationalised,38299
rationalist,38300
rationality,38301
rationally,38302
rationed,38303
rations,38304
ratitae,38305
ratites,38306
ratlike,38307
ratline,38308
rats,38309
ratsbane,38310
rattan,38311
rattans,38312
ratters,38313
rattier,38314
rattigan,38315
ratting,38316
rattle,38317
rattle_off,38318
rattled,38319
rattler,38320
rattlers,38321
rattles,38322
rattlesnake,38323
rattling,38324
ratty,38325
raucous,38326
raucously,38327
raunch,38328
raunchier,38329
raunchy,38330
ravage,38331
ravaged,38332
ravages,38333
rave,38334
rave-ups,38335
ravel,38336
raven,38337
ravenna,38338
ravenous,38339
ravens,38340
raver,38341
raves,38342
ravi_shankar,38343
ravine,38344
ravines,38345
raving,38346
ravioli,38347
ravish,38348
ravished,38349
ravishing,38350
raw,38351
raw_material,38352
raw_recruit,38353
rawhide,38354
rawness,38355
ray,38356
ray_of_light,38357
rayless,38358
raymond_chandler,38359
rayon,38360
rays,38361
raze,38362
razed,38363
razor,38364
razorback,38365
razorbill,38366
razors,38367
razzle,38368
razzmatazz,38369
re,38370
re-echo,38371
re-emerges,38372
re-examine,38373
reabsorb,38374
reach,38375
reach_out,38376
reachable,38377
reached,38378
reaches,38379
reaching,38380
react,38381
reactance,38382
reacted,38383
reacting,38384
reaction,38385
reactionaries,38386
reactionary,38387
reactions,38388
reactivate,38389
reactive,38390
reactor,38391
reacts,38392
read,38393
readable,38394
readapt,38395
reader,38396
readers,38397
readership,38398
readies,38399
readily,38400
readiness,38401
reading,38402
reading_desk,38403
reading_lamp,38404
readings,38405
readjust,38406
readjusting,38407
readjustment,38408
reads,38409
ready,38410
ready-made,38411
ready-to-wear,38412
ready_cash,38413
ready_money,38414
readying,38415
reagan,38416
reagent,38417
reagents,38418
reagin,38419
real,38420
real_estate,38421
real_life,38422
real_tennis,38423
real_thing,38424
realgar,38425
realign,38426
realisation,38427
realise,38428
realised,38429
realising,38430
realism,38431
realist,38432
realistic,38433
reality,38434
reality_check,38435
realize,38436
realizes,38437
realizing,38438
reallocate,38439
really,38440
realm,38441
realms,38442
realness,38443
realtor,38444
realty,38445
ream,38446
reamer,38447
reams,38448
reanimate,38449
reap,38450
reaped,38451
reaper,38452
reapers,38453
reaping,38454
reappear,38455
reappearances,38456
reappears,38457
reaps,38458
rear,38459
rear-end,38460
rear-ended,38461
rear_admiral,38462
rear_admirals,38463
rear_end,38464
rear_ends,38465
rear_lamp,38466
rear_light,38467
rear_window,38468
reared,38469
rearer,38470
rearguard,38471
rearing,38472
rearmost,38473
rearrange,38474
rearrangement,38475
rearranges,38476
rearranging,38477
rears,38478
reason,38479
reason_out,38480
reasonable,38481
reasonably,38482
reasoned,38483
reasoning,38484
reasons,38485
reassembled,38486
reassess,38487
reassign,38488
reassigned,38489
reassurance,38490
reassure,38491
reassured,38492
reatas,38493
reave,38494
reawakened,38495
rebate,38496
rebates,38497
rebecca,38498
rebel,38499
rebelled,38500
rebellion,38501
rebellions,38502
rebellious,38503
rebelliousness,38504
rebels,38505
rebirth,38506
reborn,38507
rebound,38508
rebuff,38509
rebuffed,38510
rebuffing,38511
rebuffs,38512
rebuild,38513
rebuilds,38514
rebuilt,38515
rebuke,38516
rebuked,38517
rebukers,38518
rebukes,38519
rebuking,38520
rebus,38521
rebuses,38522
rebut,38523
rebuttal,38524
rebuttals,38525
rebutting,38526
recalcitrance,38527
recalcitrant,38528
recalculated,38529
recall,38530
recalled,38531
recalling,38532
recalls,38533
recant,38534
recanted,38535
recants,38536
recap,38537
recapitulate,38538
recapitulation,38539
recaps,38540
recapture,38541
recast,38542
recce,38543
recede,38544
receded,38545
recedes,38546
receipt,38547
receipts,38548
receive,38549
received,38550
receiver,38551
receivers,38552
receives,38553
receiving,38554
recent,38555
recently,38556
receptacle,38557
receptacles,38558
reception,38559
reception_room,38560
receptionists,38561
receptive,38562
receptor,38563
recess,38564
recesses,38565
recession,38566
recharge,38567
recherche,38568
recidivist,38569
recidivists,38570
recipe,38571
recipes,38572
recipient,38573
recipients,38574
reciprocal,38575
reciprocate,38576
reciprocated,38577
reciprocates,38578
reciprocation,38579
recital,38580
recitalist,38581
recitals,38582
recitation,38583
recite,38584
recited,38585
recites,38586
reckless,38587
recklessly,38588
recklessness,38589
reckon,38590
reckoned,38591
reckoning,38592
reckons,38593
reclaim,38594
reclaimed,38595
recline,38596
reclined,38597
recliners,38598
reclining,38599
recluse,38600
recluses,38601
reclusive,38602
recognisable,38603
recognise,38604
recognised,38605
recognises,38606
recognition,38607
recognize,38608
recoil,38609
recoils,38610
recollect,38611
recollected,38612
recollection,38613
recollections,38614
recollects,38615
recommencement,38616
recommend,38617
recommendation,38618
recommendations,38619
recommended,38620
recommending,38621
recommends,38622
recompense,38623
recompensed,38624
reconcile,38625
reconciled,38626
reconciliation,38627
recondite,38628
recondition,38629
reconnaissance,38630
reconnaissance_vehicle,38631
reconnoitre,38632
reconsider,38633
reconsideration,38634
reconsidered,38635
reconstruction,38636
record,38637
record-breaker,38638
record-holder,38639
record-holders,38640
record-keeper,38641
record_book,38642
record_companies,38643
record_company,38644
record_player,38645
recorded,38646
recorder,38647
recorders,38648
recording,38649
recording_system,38650
recordings,38651
records,38652
recount,38653
recounted,38654
recounting,38655
recoup,38656
recouped,38657
recouping,38658
recoups,38659
recourse,38660
recover,38661
recovered,38662
recovering,38663
recovers,38664
recovery,38665
recreant,38666
recreate,38667
recreates,38668
recreation,38669
recreation_facility,38670
recreational,38671
recreational_facility,38672
recrimination,38673
recruit,38674
recruited,38675
recruiter,38676
recruiters,38677
recruits,38678
recta,38679
rectangle,38680
rectangles,38681
recti,38682
rectified,38683
rectifier,38684
rectifies,38685
rectify,38686
rectilinear,38687
rectitude,38688
recto,38689
rector,38690
rectories,38691
rectors,38692
recumbent,38693
recuperate,38694
recuperated,38695
recuperating,38696
recur,38697
recurrent,38698
recurring,38699
recusant,38700
recusants,38701
recuse,38702
recycle,38703
recycling,38704
red,38705
red-blooded,38706
red-eye,38707
red-faced,38708
red-hot_poker,38709
red-letter,38710
red-light_district,38711
red_admiral,38712
red_alert,38713
red_army_faction,38714
red_cabbage,38715
red_cedar,38716
red_cross,38717
red_deer,38718
red_dwarf,38719
red_flag,38720
red_fox,38721
red_giant,38722
red_giants,38723
red_grouse,38724
red_guards,38725
red_gum,38726
red_herring,38727
red_herrings,38728
red_hot,38729
red_light,38730
red_line,38731
red_meat,38732
red_mullet,38733
red_panda,38734
red_pandas,38735
red_pepper,38736
red_planet,38737
red_salmon,38738
red_sea,38739
red_setter,38740
red_setters,38741
red_snapper,38742
red_spider,38743
red_tape,38744
red_wine,38745
redact,38746
redacting,38747
redaction,38748
redactor,38749
redacts,38750
redbreast,38751
redbreasts,38752
redbrick_university,38753
redcap,38754
redcaps,38755
redcoat,38756
redden,38757
reddest,38758
reddish,38759
reddish-brown,38760
redecorate,38761
redeem,38762
redeemed,38763
redeemer,38764
redeeming,38765
redemption,38766
redeployment,38767
redeposit,38768
redesign,38769
redesigned,38770
redevelop,38771
redfish,38772
redhead,38773
redheads,38774
redid,38775
redirect,38776
redirects,38777
redistribute,38778
redneck,38779
rednecks,38780
redo,38781
redolence,38782
redolent,38783
redone,38784
redouble,38785
redoubling,38786
redoubt,38787
redoubtable,38788
redoubts,38789
redounded,38790
redox,38791
redpoll,38792
redpolls,38793
redraft,38794
redrafts,38795
redress,38796
redressed,38797
reds,38798
redshank,38799
redstart,38800
redtail,38801
reduce,38802
reduced,38803
reducer,38804
reduces,38805
reducing,38806
reducing_agent,38807
reduction,38808
reductions,38809
redundancy,38810
redundant,38811
redwing,38812
redwood,38813
redwoods,38814
reed,38815
reed_grass,38816
reed_organ,38817
reed_pipe,38818
reedier,38819
reedmace,38820
reeds,38821
reedy,38822
reef,38823
reef_knot,38824
reef_knots,38825
reefer,38826
reefers,38827
reek,38828
reeked,38829
reeking,38830
reeks,38831
reel,38832
reel_off,38833
reelect,38834
reeled,38835
reeling,38836
reels,38837
reentry,38838
reeve,38839
ref,38840
refection,38841
refectories,38842
refectory,38843
refectory_table,38844
refer,38845
referee,38846
referees,38847
reference,38848
reference_book,38849
reference_books,38850
reference_point,38851
reference_work,38852
reference_works,38853
references,38854
referenda,38855
referendum,38856
referral,38857
referrals,38858
referred,38859
refers,38860
refill,38861
refine,38862
refined,38863
refinement,38864
refinements,38865
refinery,38866
refines,38867
refit,38868
refitted,38869
reflation,38870
reflect,38871
reflected,38872
reflecting,38873
reflection,38874
reflections,38875
reflective,38876
reflector,38877
reflects,38878
reflex,38879
reflexive,38880
reform,38881
reform_movement,38882
reformation,38883
reformed,38884
reformer,38885
reformers,38886
reforming,38887
reforms,38888
refractory,38889
refrain,38890
refrained,38891
refraining,38892
refrains,38893
refresh,38894
refreshed,38895
refresher,38896
refresher_course,38897
refreshers,38898
refreshes,38899
refreshing,38900
refreshment,38901
refreshments,38902
refrigerant,38903
refrigerate,38904
refrigeration,38905
refrigerator,38906
refuge,38907
refugee,38908
refugees,38909
refuges,38910
refulgent,38911
refund,38912
refurbish,38913
refusal,38914
refusals,38915
refuse,38916
refuse_collector,38917
refused,38918
refuses,38919
refusing,38920
refutal,38921
refutations,38922
refute,38923
refuted,38924
refutes,38925
refuting,38926
regain,38927
regained,38928
regains,38929
regal,38930
regale,38931
regaled,38932
regales,38933
regalia,38934
regally,38935
regard,38936
regarded,38937
regarding,38938
regardless,38939
regards,38940
regatta,38941
regency,38942
regenerate,38943
regeneration,38944
regent,38945
regents,38946
reggae,38947
regicide,38948
regime,38949
regimen,38950
regiment,38951
regimentals,38952
regimented,38953
regiments,38954
regimes,38955
regina,38956
region,38957
regional,38958
regions,38959
register,38960
registered,38961
registered_post,38962
registering,38963
registers,38964
registrar,38965
registrars,38966
registration,38967
registries,38968
registry,38969
regnant,38970
regress,38971
regressed,38972
regret,38973
regretful,38974
regrets,38975
regrettable,38976
regrettably,38977
regretted,38978
regretting,38979
regroup,38980
regrouped,38981
regular,38982
regular_payment,38983
regular_payments,38984
regular_tetrahedron,38985
regularity,38986
regularly,38987
regulars,38988
regulate,38989
regulated,38990
regulates,38991
regulation,38992
regulations,38993
regulator,38994
regulators,38995
regurgitate,38996
rehabilitate,38997
rehabilitated,38998
rehash,38999
rehearsal,39000
rehearse,39001
rehearsed,39002
rehearses,39003
reheat,39004
reheated,39005
rehousing,39006
reich,39007
reign,39008
reigned,39009
reigning,39010
reigns,39011
reimburse,39012
reimbursement,39013
rein,39014
rein_in,39015
reincarnation,39016
reindeer,39017
reined,39018
reinforce,39019
reinforced,39020
reinforced_concrete,39021
reinforcement,39022
reinforcements,39023
reinforcing,39024
reins,39025
reinstall,39026
reinstalled,39027
reinstate,39028
reinstated,39029
reinstatement,39030
reinterpret,39031
reinvigorating,39032
reissue,39033
reissues,39034
reiterate,39035
reiterated,39036
reiterates,39037
reject,39038
rejected,39039
rejection,39040
rejections,39041
rejects,39042
rejig,39043
rejoice,39044
rejoiced,39045
rejoices,39046
rejoicing,39047
rejoin,39048
rejoinder,39049
rejuvenated,39050
relapse,39051
relapsed,39052
relate,39053
related,39054
related_to,39055
relates,39056
relating,39057
relation,39058
relations,39059
relationship,39060
relationships,39061
relative,39062
relative_frequency,39063
relatively,39064
relatives,39065
relativity,39066
relax,39067
relaxation,39068
relaxation_time,39069
relaxed,39070
relaxer,39071
relaxes,39072
relaxing,39073
relay,39074
relay_race,39075
relay_races,39076
relayed,39077
relaying,39078
relays,39079
release,39080
released,39081
releases,39082
releasing,39083
relegate,39084
relegated,39085
relegation,39086
relent,39087
relented,39088
relenting,39089
relentless,39090
relentlessly,39091
relentlessness,39092
relevance,39093
relevant,39094
relevantly,39095
reliability,39096
reliable,39097
reliably,39098
reliance,39099
reliant,39100
relic,39101
relics,39102
relict,39103
relied,39104
relief,39105
relief_map,39106
relief_pitcher,39107
reliefs,39108
relies,39109
relieve,39110
relieved,39111
reliever,39112
relievers,39113
relieves,39114
relieving,39115
relievo,39116
religion,39117
religious,39118
religious_belief,39119
religious_beliefs,39120
religious_ceremonies,39121
religious_ceremony,39122
religious_cult,39123
religious_doctrine,39124
religious_festival,39125
religious_leader,39126
religious_leaders,39127
religious_music,39128
religious_mystic,39129
religious_offerings,39130
religious_order,39131
religious_orders,39132
religious_person,39133
religious_rite,39134
religious_rites,39135
religious_ritual,39136
religious_school,39137
religious_sect,39138
religious_service,39139
religious_song,39140
religious_text,39141
religious_texts,39142
religious_writing,39143
religious_writings,39144
relined,39145
relinquish,39146
relinquishes,39147
relish,39148
relished,39149
relishes,39150
relishing,39151
reload,39152
relocate,39153
relocated,39154
relocates,39155
relocating,39156
relocation,39157
reluctance,39158
reluctant,39159
rely,39160
rely_on,39161
relying,39162
remain,39163
remainder,39164
remainders,39165
remained,39166
remaining,39167
remains,39168
remanded,39169
remark,39170
remarkable,39171
remarkably,39172
remarked,39173
remarks,39174
rematch,39175
rembrandt,39176
remedial,39177
remedies,39178
remedy,39179
remember,39180
remembered,39181
remembering,39182
remembers,39183
remembrance,39184
remind,39185
reminder,39186
reminders,39187
reminisce,39188
reminiscence,39189
reminiscences,39190
reminiscent,39191
remiss,39192
remission,39193
remissions,39194
remissness,39195
remit,39196
remits,39197
remittal,39198
remittance,39199
remittance_men,39200
remitted,39201
remnant,39202
remnants,39203
remodel,39204
remonstrance,39205
remonstrate,39206
remonstration,39207
remora,39208
remorse,39209
remorseful,39210
remorseless,39211
remote,39212
remote_control,39213
remoteness,39214
remotest,39215
remoulded,39216
remoulding,39217
removable,39218
removal,39219
removals,39220
remove,39221
removed,39222
remover,39223
removes,39224
removing,39225
remunerate,39226
remunerated,39227
remuneration,39228
remus,39229
renaissance,39230
renaissance_man,39231
renal,39232
renascent,39233
rend,39234
render,39235
rendered,39236
rendering,39237
renderings,39238
renders,39239
rendezvous,39240
rendezvoused,39241
rending,39242
rendition,39243
rends,39244
renegade,39245
renegades,39246
renege,39247
reneged,39248
reneges,39249
renew,39250
renewal,39251
renewed,39252
renewing,39253
renews,39254
renin,39255
rennet,39256
renoir,39257
renounce,39258
renounced,39259
renounces,39260
renovate,39261
renovated,39262
renovates,39263
renovation,39264
renown,39265
renowned,39266
rent,39267
rental,39268
rentals,39269
rented,39270
renter,39271
renters,39272
rentier,39273
renting,39274
rents,39275
renunciation,39276
reorder,39277
reordering,39278
reorganisation,39279
reorganise,39280
reorganising,39281
reorient,39282
reorientate,39283
reorientation,39284
rep,39285
repaid,39286
repair,39287
repaired,39288
repairer,39289
repairing,39290
repairman,39291
repairmen,39292
repairs,39293
reparation,39294
reparations,39295
repartee,39296
repast,39297
repasts,39298
repay,39299
repayment,39300
repays,39301
repeal,39302
repealed,39303
repealing,39304
repeals,39305
repeat,39306
repeated,39307
repeatedly,39308
repeater,39309
repeaters,39310
repeating,39311
repeats,39312
repechage,39313
repel,39314
repellant,39315
repelled,39316
repellent,39317
repels,39318
repent,39319
repentance,39320
repentant,39321
repented,39322
repenting,39323
repercussion,39324
repercussions,39325
repertoire,39326
repertory,39327
repetition,39328
repetitious,39329
repetitive,39330
rephrase,39331
rephrased,39332
repine,39333
repined,39334
repines,39335
replace,39336
replaced,39337
replacement,39338
replacements,39339
replaces,39340
replacing,39341
replay,39342
replayed,39343
replays,39344
replenish,39345
replenishment,39346
replete,39347
repletion,39348
replica,39349
replicas,39350
replicate,39351
replicates,39352
replied,39353
replies,39354
reply,39355
replying,39356
report,39357
reportage,39358
reported,39359
reporter,39360
reporters,39361
reporting,39362
reports,39363
repose,39364
reposed,39365
reposition,39366
repositories,39367
repository,39368
repossess,39369
repossessed,39370
repot,39371
repp,39372
reprehend,39373
reprehensible,39374
represent,39375
representation,39376
representations,39377
representative,39378
representative_sample,39379
representatives,39380
represented,39381
representing,39382
represents,39383
repress,39384
repressed,39385
represses,39386
repression,39387
reprieve,39388
reprieved,39389
reprimand,39390
reprimanded,39391
reprimanding,39392
reprimands,39393
reprint,39394
reprisal,39395
reprisals,39396
reprise,39397
reprised,39398
reprises,39399
reproach,39400
reproached,39401
reproaches,39402
reprobate,39403
reprobates,39404
reprocess,39405
reproduce,39406
reproduced,39407
reproduces,39408
reproduction,39409
reproductive,39410
reproductive_cell,39411
reproductive_organ,39412
reproductive_organs,39413
reproof,39414
reproofs,39415
reproval,39416
reprove,39417
reproved,39418
reps,39419
reptile,39420
reptiles,39421
reptilian,39422
reptilians,39423
republic,39424
republican,39425
republicans,39426
republish,39427
repudiate,39428
repudiates,39429
repudiation,39430
repugnance,39431
repugnant,39432
repulse,39433
repulsion,39434
repulsive,39435
repurchase,39436
reputable,39437
reputation,39438
reputations,39439
repute,39440
reputed,39441
request,39442
requested,39443
requesting,39444
requests,39445
requiem,39446
require,39447
required,39448
requirement,39449
requirements,39450
requires,39451
requiring,39452
requisite,39453
requisites,39454
requisition,39455
requital,39456
requite,39457
requited,39458
reran,39459
reread,39460
reredos,39461
reredoses,39462
rerun,39463
res,39464
res_gestae,39465
reschedule,39466
rescind,39467
rescinded,39468
rescinds,39469
rescript,39470
rescue,39471
rescued,39472
rescuer,39473
rescuers,39474
rescues,39475
reseal,39476
research,39477
research_facility,39478
researched,39479
researcher,39480
researchers,39481
researching,39482
reseau,39483
resect,39484
resemblance,39485
resemble,39486
resembled,39487
resembling,39488
resent,39489
resented,39490
resentful,39491
resenting,39492
resentment,39493
resents,39494
reservation,39495
reservations,39496
reserve,39497
reserved,39498
reserves,39499
reservist,39500
reservists,39501
reservoir,39502
reservoirs,39503
reset,39504
resettle,39505
resettled,39506
resettlement,39507
resettles,39508
resettling,39509
reshape,39510
reshaped,39511
reshuffle,39512
reside,39513
resided,39514
residence,39515
residences,39516
residency,39517
resident,39518
residential_area,39519
residential_areas,39520
residents,39521
resides,39522
residua,39523
residual,39524
residuals,39525
residue,39526
residues,39527
residuum,39528
resign,39529
resignation,39530
resigned,39531
resigning,39532
resigns,39533
resilience,39534
resilient,39535
resin,39536
resins,39537
resist,39538
resistance,39539
resistance_unit,39540
resistance_units,39541
resistances,39542
resistant,39543
resisted,39544
resisting,39545
resistor,39546
resistors,39547
resists,39548
resolute,39549
resolutely,39550
resolution,39551
resolutions,39552
resolve,39553
resolved,39554
resolves,39555
resolving,39556
resonance,39557
resonant,39558
resonate,39559
resonated,39560
resonates,39561
resonator,39562
resort,39563
resort_area,39564
resorting,39565
resorts,39566
resound,39567
resounded,39568
resounding,39569
resoundingly,39570
resounds,39571
resource,39572
resourceful,39573
resources,39574
respect,39575
respectable,39576
respected,39577
respectful,39578
respectively,39579
respects,39580
respirator,39581
respiratory_disorder,39582
respiratory_illness,39583
respiratory_infection,39584
respire,39585
respite,39586
resplendent,39587
respond,39588
responded,39589
respondent,39590
respondents,39591
responders,39592
responding,39593
responds,39594
response,39595
responses,39596
responsibilities,39597
responsibility,39598
responsible,39599
responsible_for,39600
responsive,39601
rest,39602
rest_area,39603
rest_areas,39604
rest_home,39605
rest_on,39606
rest_period,39607
rest_stop,39608
rest_stops,39609
restart,39610
restate,39611
restated,39612
restaurant,39613
restaurants,39614
rested,39615
restful,39616
resting,39617
restitutes,39618
restitution,39619
restive,39620
restless,39621
restlessly,39622
restlessness,39623
restoration,39624
restorative,39625
restore,39626
restored,39627
restorer,39628
restorers,39629
restores,39630
restrain,39631
restrained,39632
restrainers,39633
restraining,39634
restrains,39635
restraint,39636
restraints,39637
restrict,39638
restricted,39639
restricting,39640
restriction,39641
restrictions,39642
restrictive,39643
restricts,39644
restroom,39645
restructuring,39646
rests,39647
result,39648
resultant,39649
resulting,39650
results,39651
resume,39652
resumed,39653
resumes,39654
resumption,39655
resurgence,39656
resurgent,39657
resurges,39658
resurrect,39659
resurrected,39660
resurrection,39661
resuscitate,39662
resuscitation,39663
retail,39664
retailed,39665
retailer,39666
retailers,39667
retailing,39668
retails,39669
retain,39670
retainer,39671
retainers,39672
retains,39673
retake,39674
retaliate,39675
retaliating,39676
retaliation,39677
retaliators,39678
retaliatory,39679
retard,39680
retardation,39681
retarded,39682
retards,39683
retch,39684
retched,39685
retches,39686
retention,39687
retentive,39688
rethink,39689
reticence,39690
reticent,39691
reticula,39692
reticulate,39693
reticule,39694
retina,39695
retinol,39696
retinue,39697
retire,39698
retired,39699
retired_person,39700
retiree,39701
retirement,39702
retirement_fund,39703
retires,39704
retiring,39705
retort,39706
retorts,39707
retouch,39708
retrace,39709
retract,39710
retracted,39711
retracting,39712
retraction,39713
retractions,39714
retractor,39715
retracts,39716
retread,39717
retreat,39718
retreated,39719
retreating,39720
retreats,39721
retrench,39722
retrial,39723
retribution,39724
retrieval,39725
retrieve,39726
retrieved,39727
retriever,39728
retrieves,39729
retro,39730
retrograde,39731
retrogress,39732
retros,39733
retrospect,39734
retry,39735
retsina,39736
retsinas,39737
return,39738
return_on_investment,39739
returned,39740
returning,39741
returns,39742
reuben,39743
reunion,39744
reunions,39745
rev,39746
rev_up,39747
revamp,39748
revamped,39749
revamping,39750
revamps,39751
reveal,39752
revealed,39753
revealing,39754
reveals,39755
reveille,39756
reveilles,39757
revel,39758
revelation,39759
revelations,39760
revelatory,39761
reveller,39762
revelry,39763
revels,39764
revenant,39765
revenge,39766
revenue,39767
revenues,39768
reverberant,39769
reverberate,39770
reverberates,39771
reverberating,39772
reverberation,39773
revere,39774
revered,39775
reverence,39776
reverend,39777
reverends,39778
reverent,39779
reverential,39780
reverie,39781
reveries,39782
revers,39783
reversal,39784
reversals,39785
reverse,39786
reversed,39787
reverses,39788
reversing,39789
reversion,39790
revert,39791
reverted,39792
reverts,39793
revery,39794
review,39795
reviewed,39796
reviewer,39797
reviewers,39798
reviewing,39799
reviews,39800
revile,39801
reviled,39802
reviles,39803
revisal,39804
revise,39805
revised,39806
revised_version,39807
revises,39808
revision,39809
revisions,39810
revival,39811
revivalist,39812
revive,39813
revived,39814
revocation,39815
revoke,39816
revoked,39817
revoking,39818
revolt,39819
revolted,39820
revolting,39821
revolts,39822
revolution,39823
revolutionaries,39824
revolutionary,39825
revolutionary_group,39826
revolutionising,39827
revolutions,39828
revolve,39829
revolver,39830
revolvers,39831
revolving,39832
revue,39833
revues,39834
revulsion,39835
reward,39836
rewarded,39837
rewarding,39838
rewards,39839
reword,39840
rework,39841
reworking,39842
reworks,39843
rewrite,39844
rewrites,39845
rewritten,39846
rex,39847
reynard,39848
reynolds,39849
rh,39850
rhapsodic,39851
rhapsodies,39852
rhapsodises,39853
rhapsody,39854
rhea,39855
rheas,39856
rheims,39857
rhein,39858
rhenish,39859
rhenium,39860
rheostat,39861
rheostats,39862
rhesus,39863
rhesuses,39864
rhetoric,39865
rhetorical,39866
rhetorical_device,39867
rhetorics,39868
rheum,39869
rheumatic,39870
rheumatism,39871
rheumy,39872
rhine,39873
rhines,39874
rhinestone,39875
rhinitis,39876
rhino,39877
rhinoceros,39878
rhinos,39879
rhizome,39880
rho,39881
rhode_island,39882
rhode_island_red,39883
rhodes,39884
rhodium,39885
rhododendron,39886
rhodolite,39887
rhomb,39888
rhombi,39889
rhomboid,39890
rhombs,39891
rhombus,39892
rhombuses,39893
rhonchi,39894
rhone,39895
rhubarb,39896
rhubarbs,39897
rhumb,39898
rhumba,39899
rhumbaed,39900
rhyme,39901
rhymed,39902
rhymes,39903
rhymester,39904
rhymesters,39905
rhythm,39906
rhythmic,39907
rhythms,39908
rial,39909
riant,39910
riata,39911
rib,39912
rib_roast,39913
ribald,39914
ribaldry,39915
riband,39916
ribbed,39917
ribbon,39918
ribbonfish,39919
ribbons,39920
ribonuclease,39921
ribosome,39922
ribs,39923
rice,39924
rice_beer,39925
rice_paddy,39926
rich,39927
rich_man,39928
rich_people,39929
rich_person,39930
richard_burton,39931
richard_starkey,39932
richard_strauss,39933
richelieu,39934
richer,39935
riches,39936
richest,39937
richness,39938
ricin,39939
rick,39940
rickets,39941
rickety,39942
ricks,39943
ricksha,39944
rickshaw,39945
rickshaws,39946
ricochet,39947
ricocheted,39948
ricotta,39949
ricrac,39950
rictuses,39951
rid,39952
rid_of,39953
riddance,39954
ridden,39955
riddle,39956
riddled,39957
riddles,39958
ride,39959
ride_out,39960
rider,39961
rider_haggard,39962
riders,39963
rides,39964
ridge,39965
ridgepole,39966
ridges,39967
ridicule,39968
ridiculed,39969
ridicules,39970
ridiculing,39971
ridiculous,39972
ridiculously,39973
riding,39974
riding_crop,39975
ridings,39976
riesling,39977
rife,39978
riff,39979
riffraff,39980
rifle,39981
rifle_butt,39982
rifle_shot,39983
rifled,39984
rifleman,39985
rifleman_bird,39986
rifles,39987
rift,39988
rifts,39989
rig,39990
rig_out,39991
rig_up,39992
riga,39993
rigatoni,39994
rigel,39995
rigged,39996
rigging,39997
right,39998
right-angled,39999
right-hand_man,40000
right-wing,40001
right-winger,40002
right-wingers,40003
right_away,40004
right_brain,40005
right_of_entry,40006
right_of_way,40007
right_on,40008
right_to_vote,40009
right_wing,40010
righted,40011
righteous,40012
righteousness,40013
rightful,40014
righting,40015
rightist,40016
rightly,40017
rights,40018
rigid,40019
rigidity,40020
rigidly,40021
rigmarole,40022
rigorous,40023
rigorously,40024
rigour,40025
rigours,40026
rigs,40027
rile,40028
riled,40029
riling,40030
rilke,40031
rill,40032
rim,40033
rime,40034
rimed,40035
rimose,40036
rimu,40037
rind,40038
rinderpest,40039
ring,40040
ring-tailed_lemur,40041
ring_out,40042
ring_road,40043
ringdove,40044
ringed,40045
ringer,40046
ringers,40047
ringgit,40048
ringhals,40049
ringing,40050
ringleader,40051
ringlet,40052
ringleted,40053
ringlets,40054
ringmaster,40055
ringo_starr,40056
rings,40057
ringside,40058
ringtail,40059
ringworm,40060
rinse,40061
rinsed,40062
rio,40063
rio_bravo,40064
rio_de_janeiro,40065
rio_grande,40066
rioja,40067
riojas,40068
riot,40069
riot_act,40070
rioter,40071
rioters,40072
rioting,40073
riotous,40074
riots,40075
rip,40076
rip-off,40077
rip_off,40078
rip_up,40079
rip_van_winkle,40080
ripe,40081
ripen,40082
ripening,40083
ripest,40084
riposte,40085
ripostes,40086
riposting,40087
ripped,40088
ripper,40089
ripping,40090
ripple,40091
rippled,40092
ripples,40093
rips,40094
ripsaw,40095
rise,40096
rise_up,40097
risen,40098
riser,40099
rises,40100
risible,40101
rising,40102
rising_prices,40103
risings,40104
risk,40105
risk_taker,40106
risk_takers,40107
risked,40108
riskiness,40109
risks,40110
risky,40111
risotto,40112
risque,40113
rissole,40114
rissoles,40115
ritalin,40116
rite,40117
rite_of_passage,40118
ritenuto,40119
rites,40120
ritual,40121
ritualistic,40122
rituals,40123
ritz,40124
ritzier,40125
ritzy,40126
rival,40127
rivalries,40128
rivalry,40129
rivals,40130
riven,40131
river,40132
river_basin,40133
river_trent,40134
rivera,40135
riverbank,40136
rivers,40137
riverside,40138
rivet,40139
riveted,40140
riveting,40141
rivets,40142
riviera,40143
rivulet,40144
riyadh,40145
roach,40146
roaches,40147
road,40148
road_hog,40149
road_map,40150
road_roller,40151
road_surface,40152
road_test,40153
roadblock,40154
roadhouse,40155
roadrunner,40156
roadrunners,40157
roads,40158
roadside,40159
roadstead,40160
roadster,40161
roadsters,40162
roam,40163
roamed,40164
roamer,40165
roaming,40166
roams,40167
roan,40168
roar,40169
roared,40170
roaring,40171
roars,40172
roast,40173
roast_beef,40174
roasted,40175
roasting,40176
roasts,40177
rob,40178
rob_roy,40179
robbed,40180
robber,40181
robberies,40182
robbers,40183
robbery,40184
robbing,40185
robbins,40186
robe,40187
robed,40188
robert,40189
robert_adam,40190
robert_redford,40191
robert_southey,40192
robert_the_bruce,40193
robes,40194
robeson,40195
robespierre,40196
robin,40197
robin_goodfellow,40198
robin_hood,40199
robin_redbreast,40200
robins,40201
robinson,40202
robinson_crusoe,40203
roble,40204
robot,40205
robotic,40206
robots,40207
robs,40208
robust,40209
robustly,40210
roc,40211
rocambole,40212
rochester,40213
rock,40214
rock-steady,40215
rock_and_roll,40216
rock_band,40217
rock_bottom,40218
rock_climber,40219
rock_crystal,40220
rock_group,40221
rock_music,40222
rock_opera,40223
rock_rose,40224
rock_salmon,40225
rock_salt,40226
rock_star,40227
rockabilly,40228
rockefeller,40229
rocker,40230
rockers,40231
rockery,40232
rocket,40233
rocket_engineer,40234
rocket_launcher,40235
rocket_scientist,40236
rocket_scientists,40237
rocketed,40238
rocketry,40239
rockets,40240
rocking,40241
rocking_chair,40242
rockrose,40243
rocks,40244
rockweed,40245
rocky,40246
rocky_mountains,40247
rococo,40248
rod,40249
rode,40250
rodent,40251
rodentia,40252
rodents,40253
rodeo,40254
rodgers,40255
rodin,40256
rods,40257
roe,40258
roe_deer,40259
roebuck,40260
roentgen,40261
roes,40262
rogation,40263
rogers,40264
roget,40265
rogue,40266
roguery,40267
rogues,40268
roguish,40269
roguishly,40270
rohypnol,40271
roi,40272
roil,40273
roiled,40274
roister,40275
roistered,40276
roisterer,40277
roistering,40278
roisters,40279
role,40280
role_model,40281
role_models,40282
roles,40283
roll,40284
roll-on,40285
roll-ons,40286
roll_around,40287
roll_in,40288
roll_out,40289
roll_over,40290
roll_up,40291
rolled,40292
roller,40293
roller_coaster,40294
rollers,40295
rollick,40296
rollicking,40297
rolling,40298
rolling_stock,40299
rolls,40300
roly-poly,40301
roma,40302
romaine,40303
roman,40304
roman_a_clef,40305
roman_building,40306
roman_candle,40307
roman_candles,40308
roman_catholic,40309
roman_deity,40310
roman_emperor,40311
romance,40312
romanced,40313
romancer,40314
romances,40315
romancing,40316
romanesque,40317
romani,40318
romania,40319
romanian,40320
romanians,40321
romans,40322
romantic,40323
romantically,40324
romanticism,40325
romantics,40326
romany,40327
rome,40328
romeo,40329
romish,40330
rommel,40331
romp,40332
romped,40333
romper,40334
rompers,40335
romping,40336
romps,40337
ron,40338
ronald_reagan,40339
rondeau,40340
rondel,40341
rondo,40342
rood,40343
rood_screen,40344
roods,40345
roof,40346
roof_rack,40347
roof_racks,40348
roofed,40349
roofer,40350
roofing,40351
roofing_material,40352
roofs,40353
rooftop,40354
rook,40355
rooked,40356
rookie,40357
rookies,40358
rooking,40359
rooks,40360
room,40361
room_clerks,40362
roominess,40363
rooming,40364
rooms,40365
roomy,40366
roosevelt,40367
roost,40368
rooster,40369
roosters,40370
roosting,40371
root,40372
root_beer,40373
root_canal,40374
root_crop,40375
root_for,40376
root_out,40377
root_vegetable,40378
rootage,40379
rooted,40380
rooting,40381
rootle,40382
rootles,40383
rootless,40384
rootlet,40385
roots,40386
rootstock,40387
rope,40388
rope-maker,40389
rope-makers,40390
rope_down,40391
rope_in,40392
roped,40393
ropemaker,40394
roper,40395
ropes,40396
ropey,40397
ropy,40398
roquefort,40399
rorqual,40400
rorschach,40401
rorschach_test,40402
rosa_parks,40403
rosacea,40404
rosaries,40405
rosary,40406
rose,40407
rose_apple,40408
rose_geranium,40409
rose_oil,40410
rose_quartz,40411
rose_water,40412
roseate,40413
rosebay,40414
rosebush,40415
rosehip,40416
rosehips,40417
rosemary,40418
roseola,40419
roses,40420
rosette,40421
rosettes,40422
rosewood,40423
rosh_hashana,40424
rosin,40425
ross,40426
rossetti,40427
rossini,40428
roster,40429
rosters,40430
rostra,40431
rostrum,40432
rosy,40433
rot,40434
rota,40435
rotarian,40436
rotary,40437
rotary_engine,40438
rotas,40439
rotate,40440
rotated,40441
rotates,40442
rotating,40443
rotation,40444
rotational,40445
rotatory,40446
rote,40447
roth,40448
rotifer,40449
rotisserie,40450
rotogravure,40451
rotor,40452
rots,40453
rotten,40454
rottenness,40455
rotter,40456
rotterdam,40457
rotters,40458
rotting,40459
rottweiler,40460
rotund,40461
rotunda,40462
rotundas,40463
rotundity,40464
rouble,40465
roubles,40466
roue,40467
rouge,40468
rough,40469
rough-and-ready,40470
rough-and-tumble,40471
rough-hewn,40472
rough-housing,40473
rough_rider,40474
rough_up,40475
rough_water,40476
roughage,40477
roughcast,40478
roughed,40479
roughen,40480
rougher,40481
roughest,40482
roughly,40483
roughneck,40484
roughnecks,40485
roughs,40486
roulade,40487
rouleaux,40488
roulette,40489
roulette_wheel,40490
round,40491
round-the-clock,40492
round_off,40493
round_robin,40494
round_shape,40495
round_shapes,40496
round_the_bend,40497
round_the_clock,40498
round_top,40499
round_trip,40500
round_up,40501
round_window,40502
roundabout,40503
roundabout_way,40504
rounded,40505
roundel,40506
roundelay,40507
roundelays,40508
roundels,40509
rounder,40510
rounders,40511
roundhead,40512
roundish,40513
rounds,40514
rouse,40515
roused,40516
rousing,40517
rousseau,40518
roustabout,40519
rout,40520
route,40521
routed,40522
router,40523
routes,40524
routine,40525
routinely,40526
routines,40527
routs,40528
roux,40529
rove,40530
roved,40531
rover,40532
rovers,40533
row,40534
rowan,40535
rowans,40536
rowdies,40537
rowdy,40538
rowed,40539
rowel,40540
rower,40541
rowing,40542
rowing_boat,40543
rowing_boats,40544
rows,40545
royal,40546
royal_blue,40547
royal_court,40548
royal_family,40549
royal_flush,40550
royal_house,40551
royal_jelly,40552
royal_palm,40553
royal_purple,40554
royal_stag,40555
royalist,40556
royals,40557
royalties,40558
royalty,40559
rub,40560
rub-a-dub,40561
rub_along,40562
rub_down,40563
rub_out,40564
rub_up,40565
rubbed,40566
rubber,40567
rubber_stamp,40568
rubber_tree,40569
rubberneck,40570
rubbers,40571
rubberstamped,40572
rubbery,40573
rubbing,40574
rubbish,40575
rubbish_heap,40576
rubbishy,40577
rubble,40578
rubdown,40579
rube,40580
rubella,40581
rubens,40582
rubicon,40583
rubicund,40584
rubies,40585
ruble,40586
rubric,40587
rubs,40588
ruby,40589
ruck,40590
rucks,40591
rucksack,40592
ruckus,40593
ruction,40594
ructions,40595
rudbeckia,40596
rudd,40597
rudder,40598
rudderless,40599
ruddy,40600
rude,40601
rudely,40602
rudeness,40603
ruder,40604
rudiment,40605
rudimentary,40606
rudiments,40607
rudolf_nureyev,40608
rudyard_kipling,40609
rue,40610
rued,40611
rueful,40612
rues,40613
ruff,40614
ruffian,40615
ruffians,40616
ruffle,40617
ruffled,40618
ruffles,40619
ruffling,40620
ruffs,40621
rug,40622
rugby,40623
rugby_football,40624
rugged,40625
rugose,40626
rugs,40627
ruhr,40628
ruin,40629
ruination,40630
ruined,40631
ruing,40632
ruining,40633
ruinous,40634
ruins,40635
rule,40636
rule_of_law,40637
rule_of_thumb,40638
rule_out,40639
ruled,40640
ruler,40641
rulers,40642
rules,40643
ruling,40644
ruling_class,40645
rulings,40646
rum,40647
rum_baba,40648
rumba,40649
rumbas,40650
rumble,40651
rumbled,40652
rumbling,40653
rumblings,40654
rumbustious,40655
rumen,40656
ruminant,40657
ruminants,40658
ruminate,40659
ruminated,40660
ruminates,40661
rumination,40662
ruminator,40663
rummage,40664
rummaged,40665
rummages,40666
rummer,40667
rummy,40668
rumour,40669
rumoured,40670
rumours,40671
rump,40672
rump_steak,40673
rumpelstiltskin,40674
rumple,40675
rumpled,40676
rumples,40677
rumps,40678
rumpus,40679
rumrunner,40680
run,40681
run-down,40682
run-in,40683
run-ins,40684
run-of-the-mill,40685
run-through,40686
run-up,40687
run_a_risk,40688
run_across,40689
run_along,40690
run_around,40691
run_away,40692
run_down,40693
run_into,40694
run_off,40695
run_on,40696
run_out,40697
run_over,40698
run_through,40699
run_up,40700
runabout,40701
runabouts,40702
runaway,40703
runaways,40704
rundown,40705
rundowns,40706
rune,40707
runes,40708
rung,40709
rungs,40710
runic,40711
runnel,40712
runner,40713
runner-up,40714
runner_bean,40715
runners,40716
runners-up,40717
running,40718
running_away,40719
running_shoes,40720
running_stitch,40721
runny,40722
runs,40723
runt,40724
runway,40725
runways,40726
rupee,40727
rupees,40728
rupert,40729
rupiah,40730
rupture,40731
ruptures,40732
rural,40733
rural_area,40734
rural_areas,40735
ruralist,40736
rurally,40737
ruritania,40738
ruritanian,40739
ruse,40740
ruses,40741
rush,40742
rush_along,40743
rushdie,40744
rushed,40745
rushes,40746
rushmore,40747
rusk,40748
ruskin,40749
russell,40750
russet,40751
russia,40752
russian,40753
russian_roulette,40754
russian_wolfhound,40755
rust,40756
rustic,40757
rusticate,40758
rusticated,40759
rustics,40760
rustiness,40761
rustle,40762
rustled,40763
rustler,40764
rustlers,40765
rustles,40766
rustling,40767
rusty,40768
rut,40769
ruta,40770
rutabaga,40771
ruth,40772
ruthenium,40773
rutherford,40774
ruthless,40775
ruthlessly,40776
ruthlessness,40777
rutile,40778
rutland,40779
ruts,40780
rvs,40781
rwanda,40782
rwandan,40783
rye,40784
rye_bread,40785
rye_breads,40786
rye_grass,40787
rye_whisky,40788
ryes,40789
s,40790
sabal,40791
sabayon,40792
sabbath,40793
sabbaths,40794
sabbatical,40795
saber,40796
sable,40797
sables,40798
sabot,40799
sabotage,40800
sabotaged,40801
sabotaging,40802
saboteur,40803
sabots,40804
sabra,40805
sabre,40806
sac,40807
saccharin,40808
saccharine,40809
sacerdotal,40810
sachems,40811
sachet,40812
sachets,40813
sack,40814
sack_race,40815
sackbut,40816
sackcloth,40817
sacked,40818
sackful,40819
sacking,40820
sackings,40821
sacks,40822
sacra,40823
sacrament,40824
sacramental_wine,40825
sacramento,40826
sacraments,40827
sacred,40828
sacred_cow,40829
sacred_text,40830
sacred_texts,40831
sacrifice,40832
sacrificed,40833
sacrilege,40834
sacrilegious,40835
sacristy,40836
sacrosanct,40837
sacrum,40838
sacs,40839
sad,40840
sad_sack,40841
sadden,40842
saddened,40843
sadder,40844
saddhus,40845
saddle,40846
saddle_soap,40847
saddle_stitch,40848
saddleback,40849
saddlebag,40850
saddled,40851
saddles,40852
sade,40853
sadhe,40854
sadhu,40855
sadhus,40856
sadism,40857
sadist,40858
sadistic,40859
sadists,40860
sadly,40861
sadness,40862
safari,40863
safari_park,40864
safaris,40865
safe,40866
safe-conduct,40867
safe_and_sound,40868
safecracker,40869
safeguard,40870
safeguarding,40871
safekeeping,40872
safer,40873
safes,40874
safety,40875
safety_device,40876
safety_feature,40877
safety_lamp,40878
safety_match,40879
safety_matches,40880
safety_pin,40881
saffron,40882
sag,40883
saga,40884
sagacious,40885
sagacity,40886
sagamore,40887
sagas,40888
sage,40889
sage-green,40890
sagebrush,40891
sagely,40892
sages,40893
sagest,40894
sagging,40895
sagittarius,40896
sago,40897
sago_palm,40898
sags,40899
saguaro,40900
sahara,40901
saharan,40902
sahib,40903
said,40904
saiga,40905
saigon,40906
sail,40907
sailboat,40908
sailcloth,40909
sailed,40910
sailing,40911
sailing_boat,40912
sailing_boats,40913
sailing_ship,40914
sailing_vessel,40915
sailing_vessels,40916
sailor,40917
sailors,40918
sailplane,40919
sails,40920
saint,40921
saint-saens,40922
saint_augustine,40923
saint_nicholas,40924
saint_paul,40925
saint_petersburg,40926
sainthood,40927
saintliness,40928
saintly,40929
sake,40930
sakes,40931
saki,40932
sal_volatile,40933
salaam,40934
salacious,40935
salacity,40936
salad,40937
salad_cream,40938
salad_days,40939
salad_dressing,40940
salad_oil,40941
saladin,40942
salads,40943
salal,40944
salamander,40945
salami,40946
salamis,40947
salaried,40948
salaries,40949
salary,40950
sale,40951
salem,40952
salerno,40953
sales,40954
sales_booth,40955
sales_campaign,40956
sales_force,40957
sales_pitch,40958
sales_rep,40959
sales_talk,40960
sales_tax,40961
salesgirl,40962
salesman,40963
salesmen,40964
salespeople,40965
salesperson,40966
saleswomen,40967
salience,40968
salient,40969
saline,40970
salinger,40971
salish,40972
saliva,40973
salivate,40974
salivates,40975
salivation,40976
sallet,40977
sallies,40978
sallow,40979
sally,40980
sally_forth,40981
sally_lunn,40982
salmagundi,40983
salmagundis,40984
salman_rushdie,40985
salmi,40986
salmon,40987
salmon_pink,40988
salmon_trout,40989
salmonella,40990
salome,40991
salon,40992
saloon,40993
salp,40994
salsa,40995
salsas,40996
salsify,40997
salt,40998
salt_away,40999
salt_flat,41000
salt_lake_city,41001
salt_marsh,41002
salt_shaker,41003
salt_tree,41004
saltation,41005
saltbush,41006
salted,41007
saltire,41008
saltires,41009
saltpetre,41010
salts,41011
saltwater,41012
salty,41013
salubrious,41014
saluki,41015
salutary,41016
salutation,41017
salutations,41018
salute,41019
saluted,41020
salutes,41021
salvador,41022
salvage,41023
salvaged,41024
salvages,41025
salvation,41026
salve,41027
salver,41028
salvers,41029
salvia,41030
salvo,41031
sam,41032
samaritan,41033
samba,41034
sambaing,41035
sambar,41036
sambas,41037
sambuca,41038
same,41039
sameness,41040
samisen,41041
samite,41042
samoa,41043
samoan,41044
samosa,41045
samosas,41046
samoyed,41047
samoyeds,41048
sampan,41049
samphire,41050
sample,41051
sampled,41052
sampler,41053
samplers,41054
samples,41055
sampling,41056
samuel,41057
samuel_taylor_coleridge,41058
samurai,41059
san_antonio,41060
san_diego,41061
san_francisco,41062
san_jose,41063
san_juan,41064
san_marino,41065
sanative,41066
sanatorium,41067
sancta,41068
sanctified,41069
sanctifies,41070
sanctify,41071
sanctimonious,41072
sanction,41073
sanctioned,41074
sanctions,41075
sanctity,41076
sanctuaries,41077
sanctuary,41078
sanctum,41079
sand,41080
sand_dab,41081
sand_dabs,41082
sand_eel,41083
sand_flea,41084
sand_hopper,41085
sand_martin,41086
sand_wedge,41087
sandal,41088
sandals,41089
sandalwood,41090
sandbag,41091
sandbank,41092
sandbar,41093
sandblast,41094
sandblasts,41095
sander,41096
sanderling,41097
sanders,41098
sandfly,41099
sandglasses,41100
sanding,41101
sandpaper,41102
sandpapering,41103
sandpiper,41104
sandpit,41105
sands,41106
sandstone,41107
sandwich,41108
sandwich_board,41109
sandwiches,41110
sandy,41111
sane,41112
sang,41113
sangapenum,41114
sangaree,41115
sangria,41116
sangrias,41117
sanguinary,41118
sanguine,41119
sanguineness,41120
sanguineous,41121
sanhedrin,41122
sanicle,41123
sanicles,41124
sanitarium,41125
sanitary,41126
sanitation,41127
sanitise,41128
sanitised,41129
sanitises,41130
sanity,41131
sank,41132
sans_serif,41133
sanskrit,41134
santa,41135
santa_claus,41136
santa_cruz,41137
santa_fe,41138
santiago,41139
santiago_de_chile,41140
sap,41141
saphead,41142
sapheads,41143
sapid,41144
sapience,41145
sapient,41146
sapling,41147
sapodilla,41148
saponaria,41149
sapota,41150
sapper,41151
sappers,41152
sapphic,41153
sapphire,41154
sapphires,41155
sappho,41156
sappy,41157
saprophyte,41158
saps,41159
sapsago,41160
sapsucker,41161
saqqara,41162
saraband,41163
sarabands,41164
saracen,41165
saracens,41166
sarah,41167
sarajevo,41168
sarasvati,41169
sarcasm,41170
sarcastic,41171
sarcomas,41172
sarcophagus,41173
sard,41174
sardine,41175
sardines,41176
sardinia,41177
sardinian,41178
sardonic,41179
sardonyx,41180
saree,41181
sargasso,41182
sargassum,41183
sargent,41184
sari,41185
sarin,41186
saris,41187
sarong,41188
sarongs,41189
saroyan,41190
sarsaparilla,41191
sartre,41192
sash,41193
sashay,41194
sashayed,41195
sashays,41196
sashes,41197
sashimi,41198
saskatchewan,41199
sasquatch,41200
sass,41201
sassafras,41202
sassenach,41203
sassier,41204
sassy,41205
sat,41206
satan,41207
satanic,41208
satanism,41209
satanists,41210
satchel,41211
satchmo,41212
sate,41213
sated,41214
sateen,41215
satellite,41216
satellites,41217
sates,41218
satiate,41219
satiated,41220
satie,41221
satiety,41222
satin,41223
satinet,41224
satinettes,41225
sating,41226
satins,41227
satinwood,41228
satiny,41229
satire,41230
satires,41231
satiric,41232
satirical,41233
satirise,41234
satirises,41235
satirist,41236
satirists,41237
satisfaction,41238
satisfactions,41239
satisfactorily,41240
satisfactory,41241
satisfied,41242
satisfies,41243
satisfy,41244
satisfying,41245
satori,41246
satrap,41247
satraps,41248
satsuma,41249
saturate,41250
saturated,41251
saturates,41252
saturation,41253
saturation_point,41254
saturday,41255
saturn,41256
saturnalia,41257
saturnine,41258
saturnism,41259
satyr,41260
satyric,41261
satyrs,41262
sauce,41263
saucepan,41264
saucepans,41265
saucer,41266
saucer-shaped,41267
sauces,41268
saucier,41269
sauciness,41270
saucy,41271
saudi,41272
saudi_arabia,41273
sauerkraut,41274
sauna,41275
saunter,41276
sauntering,41277
saunters,41278
saurian,41279
saury,41280
sausage,41281
sausage_dog,41282
sausage_meat,41283
sausage_rolls,41284
sausages,41285
saussure,41286
saute,41287
sauteed,41288
sauterne,41289
sauternes,41290
savage,41291
savagery,41292
savages,41293
savanna,41294
savannah,41295
savant,41296
save,41297
saved,41298
saveloy,41299
saver,41300
saves,41301
saving,41302
saving_grace,41303
savings,41304
saviour,41305
saviours,41306
savour,41307
savours,41308
savoury,41309
savoy,41310
savvy,41311
savvying,41312
saw,41313
sawbill,41314
sawbones,41315
sawbucks,41316
sawed,41317
sawhorse,41318
sawn,41319
saws,41320
sawtooth,41321
sawyer,41322
saxe,41323
saxifrage,41324
saxon,41325
saxophone,41326
saxophones,41327
saxophonist,41328
saxophonists,41329
say,41330
say-so,41331
say_farewell,41332
sayers,41333
saying,41334
sayings,41335
sayonara,41336
says,41337
scab,41338
scabbard,41339
scabies,41340
scabious,41341
scabrous,41342
scad,41343
scads,41344
scaffold,41345
scaffolds,41346
scag,41347
scalawag,41348
scald,41349
scalding,41350
scale,41351
scale_down,41352
scaled,41353
scalene,41354
scaleni,41355
scales,41356
scalier,41357
scallion,41358
scallop,41359
scallops,41360
scallywag,41361
scalp,41362
scalpel,41363
scaly,41364
scam,41365
scammer,41366
scamp,41367
scamper,41368
scampered,41369
scampering,41370
scampers,41371
scampi,41372
scamps,41373
scams,41374
scan,41375
scandal,41376
scandalise,41377
scandalised,41378
scandalises,41379
scandalmonger,41380
scandalmongers,41381
scandalous,41382
scandals,41383
scandinavia,41384
scandinavian,41385
scandinavian_country,41386
scandinavians,41387
scanned,41388
scanner,41389
scans,41390
scansion,41391
scant,41392
scantier,41393
scanties,41394
scantiest,41395
scantily,41396
scantiness,41397
scanty,41398
scapegoat,41399
scapegoats,41400
scapegrace,41401
scapula,41402
scar,41403
scarab,41404
scarabs,41405
scaramouch,41406
scaramouche,41407
scarce,41408
scarcely,41409
scarcities,41410
scarcity,41411
scare,41412
scare_away,41413
scared,41414
scaremonger,41415
scaremongers,41416
scares,41417
scarf,41418
scarface,41419
scarfs,41420
scarify,41421
scaring,41422
scarlatina,41423
scarlet,41424
scarlet_fever,41425
scarlet_pimpernel,41426
scarlet_runner,41427
scarp,41428
scarper,41429
scarpered,41430
scarpering,41431
scarpers,41432
scarred,41433
scarring,41434
scars,41435
scary,41436
scat,41437
scathe,41438
scathes,41439
scathing,41440
scatter,41441
scatterbrain,41442
scatterbrained,41443
scattered,41444
scattering,41445
scatters,41446
scattershot,41447
scatting,41448
scatty,41449
scavenge,41450
scavenged,41451
scavenger,41452
scavenges,41453
scavenging,41454
scenario,41455
scenarios,41456
scenarist,41457
scenarists,41458
scene,41459
scene_of_action,41460
scenery,41461
scenes,41462
scenic,41463
scent,41464
scented,41465
scenting,41466
scents,41467
sceptic,41468
sceptical,41469
sceptically,41470
scepticism,41471
sceptics,41472
sceptre,41473
sceptred,41474
schadenfreude,41475
schedule,41476
scheduled,41477
scheduler,41478
schedules,41479
scheduling,41480
schema,41481
schemata,41482
schematic,41483
schematics,41484
scheme,41485
schemed,41486
schemer,41487
schemes,41488
scheming,41489
schenectady,41490
scherzi,41491
scherzo,41492
schiller,41493
schilling,41494
schipperke,41495
schism,41496
schismatic,41497
schisms,41498
schist,41499
schizophrenia,41500
schlep,41501
schleps,41502
schlesinger,41503
schmaltz,41504
schmaltzy,41505
schmo,41506
schmoose,41507
schmooze,41508
schmoozers,41509
schmuck,41510
schnabel,41511
schnapps,41512
schnaps,41513
schnauzer,41514
schnitzel,41515
schnozzle,41516
schoenberg,41517
scholar,41518
scholarly,41519
scholarly_person,41520
scholars,41521
scholarship,41522
scholastic,41523
school,41524
school_assignment,41525
school_of_music,41526
school_of_thought,41527
school_principal,41528
schoolbag,41529
schoolboy,41530
schoolboys,41531
schoolchild,41532
schooled,41533
schoolfellow,41534
schooling,41535
schoolman,41536
schoolmarm,41537
schoolmaster,41538
schoolmasters,41539
schoolmistress,41540
schoolroom,41541
schools,41542
schoolteacher,41543
schooner,41544
schooners,41545
schopenhauer,41546
schubert,41547
schumann,41548
schwa,41549
schweitzer,41550
sciatica,41551
science,41552
science_fiction,41553
science_lab,41554
sciences,41555
scienter,41556
scientific,41557
scientific_discipline,41558
scientific_instrument,41559
scientific_theory,41560
scientist,41561
scientists,41562
scientology,41563
scilla,41564
scimitar,41565
scimitars,41566
scintilla,41567
scintillate,41568
scintillating,41569
scion,41570
scions,41571
scission,41572
scissor,41573
scissors,41574
scissure,41575
sclerosis,41576
sclerotic,41577
scoff,41578
scoffed,41579
scoffer,41580
scoffing,41581
scoffs,41582
scold,41583
scolded,41584
scolders,41585
scolding,41586
scolds,41587
sconce,41588
scone,41589
scones,41590
scoop,41591
scoop_shovel,41592
scoop_up,41593
scoopful,41594
scoops,41595
scoot,41596
scooter,41597
scooters,41598
scope,41599
scopes,41600
scorch,41601
scorched,41602
scorcher,41603
scorches,41604
scorching,41605
score,41606
scored,41607
scorer,41608
scores,41609
scoring,41610
scorn,41611
scorned,41612
scornful,41613
scorning,41614
scorns,41615
scorpio,41616
scorpion,41617
scorpios,41618
scorsese,41619
scot,41620
scot_free,41621
scotch,41622
scotch_and_soda,41623
scotch_broth,41624
scotch_egg,41625
scotch_pancake,41626
scotch_pancakes,41627
scotch_pine,41628
scotch_terrier,41629
scotched,41630
scotches,41631
scoter,41632
scoters,41633
scotland,41634
scotoma,41635
scots,41636
scots_pine,41637
scots_pines,41638
scotsman,41639
scotsmen,41640
scott,41641
scott_joplin,41642
scottie,41643
scotties,41644
scottish,41645
scottish_terrier,41646
scoundrel,41647
scoundrelly,41648
scoundrels,41649
scour,41650
scoured,41651
scourer,41652
scourge,41653
scourged,41654
scourges,41655
scourging,41656
scours,41657
scouse,41658
scouser,41659
scout,41660
scout_car,41661
scouted,41662
scouts,41663
scow,41664
scowl,41665
scowling,41666
scowls,41667
scrabble,41668
scrabbled,41669
scrag,41670
scrag_end,41671
scraggy,41672
scrags,41673
scram,41674
scramble,41675
scrambled,41676
scrambler,41677
scramblers,41678
scrambles,41679
scrambling,41680
scrams,41681
scrap,41682
scrap_iron,41683
scrapbook,41684
scrapbooks,41685
scrape,41686
scrape_up,41687
scraped,41688
scraper,41689
scrapes,41690
scrapheap,41691
scrapheaps,41692
scrapie,41693
scraping,41694
scrapped,41695
scrapper,41696
scrapping,41697
scrappy,41698
scraps,41699
scratch,41700
scratch_pad,41701
scratched,41702
scratcher,41703
scratches,41704
scratching,41705
scratchpads,41706
scratchy,41707
scrawl,41708
scrawnier,41709
scrawniest,41710
scrawny,41711
scream,41712
screamed,41713
screamer,41714
screams,41715
screech,41716
screech_owl,41717
screeched,41718
screeching,41719
screechy,41720
screed,41721
screen,41722
screen_saver,41723
screen_test,41724
screened,41725
screening,41726
screenings,41727
screenplay,41728
screenplays,41729
screens,41730
screenwriters,41731
screw,41732
screw_up,41733
screwball,41734
screwdriver,41735
screwed,41736
screwing,41737
screws,41738
screwtop,41739
screwy,41740
scriabin,41741
scribble,41742
scribbler,41743
scribblers,41744
scribbles,41745
scribe,41746
scribes,41747
scrimmage,41748
scrimp,41749
scrimped,41750
scrimping,41751
scrimpy,41752
scrimshaw,41753
scrip,41754
scrips,41755
script,41756
scripts,41757
scripture,41758
scriptures,41759
scriptwriter,41760
scroll,41761
scroll_saw,41762
scrolls,41763
scrooge,41764
scrounge,41765
scrounger,41766
scroungers,41767
scrounges,41768
scrub,41769
scrub_oak,41770
scrubbed,41771
scrubber,41772
scrubbing,41773
scrubbing_brush,41774
scrubland,41775
scrubs,41776
scruff,41777
scruffs,41778
scruffy,41779
scrum,41780
scrummage,41781
scrumptious,41782
scrumpy,41783
scrums,41784
scrunch,41785
scruple,41786
scruples,41787
scrupulous,41788
scrutineer,41789
scrutinise,41790
scrutinised,41791
scrutinises,41792
scrutinising,41793
scrutinizing,41794
scrutiny,41795
scuba,41796
scuba_diver,41797
scud,41798
scuff,41799
scuffle,41800
scuffles,41801
scuffs,41802
scull,41803
scullery,41804
scullion,41805
sculls,41806
sculpt,41807
sculpted,41808
sculpting,41809
sculptor,41810
sculptors,41811
sculptress,41812
sculpts,41813
sculpture,41814
sculptures,41815
scum,41816
scup,41817
scupper,41818
scuppered,41819
scuppers,41820
scurried,41821
scurries,41822
scurrilous,41823
scurry,41824
scurvy,41825
scut,41826
scutcheon,41827
scute,41828
scuttle,41829
scuttlebutt,41830
scuttled,41831
scuttles,41832
scylla,41833
scythe,41834
scythes,41835
scything,41836
sea,41837
sea-ear,41838
sea-green,41839
sea_anchors,41840
sea_ash,41841
sea_bass,41842
sea_bream,41843
sea_breeze,41844
sea_captain,41845
sea_change,41846
sea_changes,41847
sea_chest,41848
sea_coal,41849
sea_creature,41850
sea_creatures,41851
sea_dog,41852
sea_duck,41853
sea_eagles,41854
sea_god,41855
sea_horse,41856
sea_king,41857
sea_lane,41858
sea_lion,41859
sea_lions,41860
sea_nymph,41861
sea_nymphs,41862
sea_otter,41863
sea_pink,41864
sea_power,41865
sea_ravens,41866
sea_robber,41867
sea_slug,41868
sea_snail,41869
sea_spray,41870
sea_squab,41871
sea_trout,41872
sea_urchin,41873
sea_urchins,41874
sea_wolf,41875
sea_wolves,41876
seabed,41877
seabird,41878
seabirds,41879
seacoasts,41880
seafarer,41881
seafarers,41882
seafaring,41883
seafood,41884
seafront,41885
seagull,41886
seagulls,41887
seahorse,41888
seal,41889
seal_in,41890
sealed,41891
sealing,41892
seals,41893
sealskin,41894
sealyham,41895
sealyham_terrier,41896
seam,41897
seaman,41898
seamen,41899
seamless,41900
seams,41901
seamster,41902
seamsters,41903
seamstress,41904
seamy,41905
seance,41906
seances,41907
seaplane,41908
seaport,41909
sear,41910
search,41911
search_engine,41912
search_engines,41913
search_warrant,41914
searched,41915
searcher,41916
searchers,41917
searches,41918
searching,41919
searchlight,41920
seared,41921
searing,41922
seas,41923
seascape,41924
seashell,41925
seashore,41926
seasickness,41927
seaside,41928
season,41929
seasonal,41930
seasoned,41931
seasoning,41932
seasonings,41933
seasons,41934
seat,41935
seat_belt,41936
seated,41937
seating,41938
seats,41939
seattle,41940
seattle_slew,41941
seawall,41942
seawater,41943
seaway,41944
seaweed,41945
sebum,41946
sec,41947
secant,41948
secateurs,41949
secede,41950
seceded,41951
secern,41952
secession,41953
seckel,41954
seclude,41955
secluded,41956
seclusion,41957
seconal,41958
second,41959
second-class,41960
second-guess,41961
second-guessing,41962
second-in-command,41963
second-rate,41964
second-rater,41965
second_childhood,41966
second_cousin,41967
second_estate,41968
second_fiddle,41969
second_hand,41970
second_lieutenant,41971
second_nature,41972
second_person,41973
second_sight,41974
second_string,41975
second_thoughts,41976
second_wind,41977
secondary,41978
seconded,41979
secondi,41980
secondly,41981
secondment,41982
seconds,41983
secrecy,41984
secret,41985
secret_agent,41986
secret_agents,41987
secret_approval,41988
secret_ballot,41989
secret_code,41990
secret_police,41991
secret_service,41992
secret_society,41993
secretaire,41994
secretariat,41995
secretaries,41996
secretary,41997
secretary_bird,41998
secrete,41999
secreted,42000
secretes,42001
secretion,42002
secretions,42003
secretive,42004
secretly,42005
secrets,42006
secs,42007
sect,42008
sectarian,42009
section,42010
sectionalism,42011
sectioned,42012
sections,42013
sector,42014
sects,42015
secular,42016
secure,42017
secured,42018
securely,42019
securer,42020
secures,42021
securing,42022
securities,42023
security,42024
security_council,42025
security_guard,42026
security_guards,42027
security_measure,42028
security_measures,42029
sedan,42030
sedan_chair,42031
sedans,42032
sedate,42033
sedated,42034
sedately,42035
sedates,42036
sedative,42037
sedatives,42038
sedentary,42039
seder,42040
sedge,42041
sedge_warbler,42042
sedges,42043
sediment,42044
sediments,42045
sedition,42046
seditious,42047
seduce,42048
seduced,42049
seducer,42050
seduces,42051
seduction,42052
seductive,42053
seductress,42054
seductresses,42055
see,42056
see-through,42057
see_eye_to_eye,42058
see_red,42059
see_the_light,42060
see_through,42061
see_to_it,42062
seed,42063
seed_coat,42064
seedcakes,42065
seedcase,42066
seeded,42067
seeder,42068
seeders,42069
seeding,42070
seedlings,42071
seeds,42072
seedy,42073
seeing,42074
seeing_red,42075
seek,42076
seek_out,42077
seeker,42078
seekers,42079
seeking,42080
seeks,42081
seel,42082
seem,42083
seemed,42084
seeming,42085
seemingly,42086
seemliness,42087
seemly,42088
seems,42089
seen,42090
seep,42091
seepage,42092
seeped,42093
seeps,42094
seer,42095
seers,42096
seersucker,42097
sees,42098
seesaw,42099
seesawed,42100
seesawing,42101
seesaws,42102
seethe,42103
seethed,42104
seethes,42105
seething,42106
segment,42107
segmented,42108
segmenting,42109
segments,42110
segovia,42111
segregate,42112
segregated,42113
segregation,42114
segue,42115
segues,42116
seigneur,42117
seine,42118
seismic,42119
seismogram,42120
seize,42121
seized,42122
seizes,42123
seizing,42124
seizure,42125
seizures,42126
seldom,42127
select,42128
selected,42129
selecting,42130
selection,42131
selective,42132
selects,42133
selenium,42134
self,42135
self-absorbed,42136
self-aggrandisement,42137
self-assertive,42138
self-assurance,42139
self-assured,42140
self-aware,42141
self-centred,42142
self-complacent,42143
self-confidence,42144
self-confident,42145
self-conscious,42146
self-consciousness,42147
self-control,42148
self-denial,42149
self-denying,42150
self-deprecating,42151
self-destruction,42152
self-determination,42153
self-discipline,42154
self-disciplined,42155
self-effacement,42156
self-effacing,42157
self-employed,42158
self-employed_person,42159
self-esteem,42160
self-evident,42161
self-examination,42162
self-government,42163
self-importance,42164
self-important,42165
self-indulgence,42166
self-indulgent,42167
self-interest,42168
self-justification,42169
self-love,42170
self-loving,42171
self-opinionated,42172
self-possessed,42173
self-possession,42174
self-propelled,42175
self-referent,42176
self-regard,42177
self-regulating,42178
self-reliance,42179
self-respect,42180
self-restraint,42181
self-righteous,42182
self-rule,42183
self-sacrifice,42184
self-satisfied,42185
self-seeker,42186
self-seeking,42187
self-styled,42188
self-sufficiency,42189
self-sufficient,42190
self-willed,42191
self-worth,42192
selfish,42193
selfish_person,42194
selfishness,42195
selfless,42196
selflessness,42197
selfsame,42198
sell,42199
sell_out,42200
sell_short,42201
sell_up,42202
seller,42203
sellers,42204
selling,42205
sellotape,42206
sellotaped,42207
sellouts,42208
sells,42209
selvage,42210
selvas,42211
semantic,42212
semantics,42213
semaphore,42214
semblance,42215
semester,42216
semi,42217
semibreve,42218
semicircle,42219
semicolon,42220
semifinal,42221
semifinals,42222
seminal,42223
seminar,42224
seminarian,42225
seminaries,42226
seminars,42227
seminary,42228
semiquaver,42229
semis,42230
semite,42231
semitone,42232
semitones,42233
semolina,42234
senate,42235
senates,42236
senator,42237
senators,42238
send,42239
send-off,42240
send-offs,42241
send_a_message,42242
send_away,42243
send_back,42244
send_down,42245
send_for,42246
send_in,42247
send_off,42248
send_on,42249
send_out,42250
send_packing,42251
sender,42252
sending,42253
sends,42254
sendup,42255
senecio,42256
senegal,42257
senegalese,42258
senescent,42259
seneschal,42260
senile,42261
senility,42262
senior,42263
senior_citizen,42264
senior_citizens,42265
seniority,42266
seniors,42267
senna,42268
senor,42269
senoras,42270
senorita,42271
senoritas,42272
sens,42273
sensate,42274
sensation,42275
sensational,42276
sensationalism,42277
sensationalist,42278
sensations,42279
sense,42280
sense_of_direction,42281
sense_of_humour,42282
sense_of_purpose,42283
sense_of_taste,42284
sense_organ,42285
sensed,42286
senseless,42287
senselessly,42288
senselessness,42289
senses,42290
sensibility,42291
sensible,42292
sensing,42293
sensitive,42294
sensitive_plant,42295
sensitively,42296
sensitivity,42297
sensor,42298
sensors,42299
sensual,42300
sensualist,42301
sent,42302
sentence,42303
sentences,42304
sententious,42305
sentience,42306
sentient,42307
sentiment,42308
sentimental,42309
sentimentalist,42310
sentimentalists,42311
sentimentality,42312
sentimentally,42313
sentiments,42314
sentinel,42315
sentinels,42316
sentries,42317
sentry,42318
seoul,42319
sepal,42320
separable,42321
separate,42322
separated,42323
separately,42324
separateness,42325
separates,42326
separating,42327
separation,42328
separatist,42329
sepia,42330
sepsis,42331
sept,42332
septa,42333
septal,42334
septate,42335
september,42336
septet,42337
septette,42338
septic,42339
septs,42340
septum,42341
sepulchral,42342
sepulchre,42343
sequel,42344
sequelae,42345
sequels,42346
sequence,42347
sequencing,42348
sequentially,42349
sequester,42350
sequestrate,42351
sequestration,42352
sequin,42353
sequined,42354
sequoia,42355
sera,42356
seraglio,42357
serape,42358
seraph,42359
seraphic,42360
seraphim,42361
serb,42362
serbia,42363
serbian,42364
serbo-croat,42365
sere,42366
serenade,42367
serenaded,42368
serenades,42369
serendipitous,42370
serendipity,42371
serene,42372
serener,42373
serengeti,42374
serenity,42375
serf,42376
serfs,42377
serge,42378
sergeant,42379
sergeant_at_arms,42380
sergeants,42381
serges,42382
serial,42383
serial_killer,42384
series,42385
serious,42386
serious_music,42387
seriously,42388
seriousness,42389
sermon,42390
sermonize,42391
serosa,42392
serotine,42393
serous,42394
serpent,42395
serpentine,42396
serpents,42397
serrate,42398
serrated,42399
serried,42400
serum,42401
servant,42402
servants,42403
serve,42404
served,42405
server,42406
servers,42407
serves,42408
service,42409
service_areas,42410
service_book,42411
service_charges,42412
service_stations,42413
serviceable,42414
serviceman,42415
servicemen,42416
services,42417
serviette,42418
servile,42419
servility,42420
serving,42421
serving_dish,42422
servitude,42423
servo,42424
sesame,42425
sessile,42426
session,42427
sessions,42428
sestet,42429
set,42430
set-aside,42431
set-to,42432
set_ablaze,42433
set_about,42434
set_apart,42435
set_aside,42436
set_down,42437
set_forth,42438
set_free,42439
set_in,42440
set_in_motion,42441
set_in_stone,42442
set_off,42443
set_on,42444
set_on_fire,42445
set_out,42446
set_piece,42447
set_pieces,42448
set_to_music,42449
set_up,42450
set_upon,42451
seta,42452
setae,42453
setback,42454
setbacks,42455
seth,42456
sets,42457
sett,42458
settee,42459
settees,42460
setter,42461
setters,42462
setting,42463
settings,42464
settle,42465
settle_down,42466
settle_on,42467
settled,42468
settlement,42469
settlements,42470
settler,42471
settlers,42472
settles,42473
settling,42474
setts,42475
setups,42476
sevastopol,42477
seven,42478
sevens,42479
seventeen,42480
seventeenths,42481
seventh,42482
seventh_heaven,42483
sevenths,42484
seventies,42485
seventy,42486
sever,42487
several,42488
severance,42489
severe,42490
severed,42491
severely,42492
severing,42493
severity,42494
severn,42495
severs,42496
seville,42497
seville_orange,42498
sew,42499
sewage,42500
sewed,42501
sewer,42502
sewer_rat,42503
sewer_rats,42504
sewerage,42505
sewers,42506
sewing,42507
sewing_machine,42508
sewn,42509
sex,42510
sex_appeal,42511
sex_cell,42512
sex_drive,42513
sex_hormone,42514
sex_kitten,42515
sex_symbol,42516
sexagenarian,42517
sexed,42518
sexiness,42519
sexism,42520
sexist,42521
sexless,42522
sext,42523
sextant,42524
sextet,42525
sexton,42526
sexual,42527
sexual_activity,42528
sexual_desire,42529
sexual_intercourse,42530
sexual_practice,42531
sexy,42532
seychelles,42533
sgraffito,42534
shabbiness,42535
shabby,42536
shack,42537
shackle,42538
shackled,42539
shackles,42540
shackling,42541
shacks,42542
shad,42543
shaddock,42544
shade,42545
shaded,42546
shades,42547
shades_of,42548
shadow,42549
shadow_cabinet,42550
shadowed,42551
shadower,42552
shadowing,42553
shadows,42554
shadowy,42555
shads,42556
shady,42557
shaft,42558
shafted,42559
shafts,42560
shag,42561
shagged,42562
shaggy,42563
shaggy_dog_story,42564
shaheed,42565
shake,42566
shake-up,42567
shake_hands,42568
shake_up,42569
shakedowns,42570
shaken,42571
shaker,42572
shakers,42573
shakes,42574
shakespeare,42575
shakespearean,42576
shaking,42577
shako,42578
shakti,42579
shaky,42580
shale,42581
shale_oil,42582
shallot,42583
shallots,42584
shallow,42585
sham,42586
shaman,42587
shamanism,42588
shamans,42589
shamble,42590
shambles,42591
shambling,42592
shambolic,42593
shame,42594
shamed,42595
shamefaced,42596
shameful,42597
shamefully,42598
shameless,42599
shamelessly,42600
shaming,42601
shammer,42602
shammy,42603
shampoo,42604
shampooing,42605
shamrock,42606
shamus,42607
shandies,42608
shandy,42609
shang,42610
shanghai,42611
shanghaied,42612
shangri-la,42613
shannon,42614
shanties,42615
shantung,42616
shanty,42617
shape,42618
shape_up,42619
shaped,42620
shapeless,42621
shapely,42622
shaper,42623
shapes,42624
shaping,42625
shard,42626
shards,42627
share,42628
share-out,42629
sharecropper,42630
shared,42631
shared_out,42632
shareholder,42633
shareholding,42634
shareholdings,42635
shares,42636
shareware,42637
shari,42638
sharia,42639
sharing,42640
shark,42641
sharks,42642
sharkskin,42643
sharp,42644
sharp-eyed,42645
sharp-tasting,42646
sharpen,42647
sharpened,42648
sharpener,42649
sharpens,42650
sharper,42651
sharpest,42652
sharply,42653
sharpness,42654
sharps,42655
sharpshooter,42656
shasta,42657
shatter,42658
shattered,42659
shattering,42660
shatters,42661
shave,42662
shaved,42663
shaven,42664
shaver,42665
shaving,42666
shaving_foam,42667
shaw,42668
shawl,42669
shawm,42670
shawnee,42671
she-devil,42672
she-goat,42673
sheaf,42674
shear,42675
sheared,42676
shearer,42677
shearers,42678
shearing,42679
shears,42680
shearwater,42681
shearwaters,42682
sheath,42683
sheathe,42684
sheathed,42685
sheathes,42686
sheathing,42687
sheaths,42688
sheaves,42689
shebang,42690
shebangs,42691
shebeen,42692
shed,42693
shed_light_on,42694
sheds,42695
sheen,42696
sheep,42697
sheep_dip,42698
sheep_tick,42699
sheepcote,42700
sheepdog,42701
sheepfold,42702
sheepish,42703
sheepshead,42704
sheepshearings,42705
sheepskin,42706
sheer,42707
sheet,42708
sheet_anchor,42709
sheet_music,42710
sheeting,42711
sheets,42712
sheffield,42713
sheikh,42714
sheikhdom,42715
sheikhs,42716
shekel,42717
sheldrake,42718
shelducks,42719
shelf,42720
shell,42721
shell_out,42722
shell_shock,42723
shellac,42724
shelley,42725
shellfish,42726
shelling,42727
shells,42728
shelter,42729
sheltered,42730
shelters,42731
shelve,42732
shelved,42733
shelves,42734
shelving,42735
shemozzle,42736
shenanigan,42737
shenanigans,42738
shepard,42739
shepherd,42740
shepherds,42741
sheraton,42742
sherbet,42743
sherbets,42744
sheridan,42745
sheriff,42746
sheriffs,42747
sherlock,42748
sherlock_holmes,42749
sherman,42750
sherpa,42751
sherpas,42752
sherries,42753
sherry,42754
sherwood,42755
shetland,42756
shetland_pony,42757
shetlands,42758
shiatsu,42759
shibboleth,42760
shield,42761
shielded,42762
shielding,42763
shields,42764
shies,42765
shift,42766
shifted,42767
shiftiness,42768
shifting,42769
shiftless,42770
shifts,42771
shifty,42772
shih-tzu,42773
shiitake,42774
shiites,42775
shillelagh,42776
shilling,42777
shillyshally,42778
shiloh,42779
shimmer,42780
shimmering,42781
shimmers,42782
shimmied,42783
shimmy,42784
shin,42785
shin_bone,42786
shinbone,42787
shindig,42788
shindigs,42789
shindy,42790
shine,42791
shiner,42792
shiners,42793
shines,42794
shingle,42795
shingles,42796
shining,42797
shinned,42798
shinto,42799
shiny,42800
ship,42801
ship's_officer,42802
ship_canal,42803
ship_money,42804
shipbuilder,42805
shipmate,42806
shipment,42807
shipments,42808
shipowner,42809
shipping,42810
shipping_company,42811
ships,42812
shipshape,42813
shipyard,42814
shiraz,42815
shire,42816
shirk,42817
shirked,42818
shirker,42819
shirking,42820
shirley_temple,42821
shirt,42822
shirts,42823
shirtsleeve,42824
shirty,42825
shish_kebab,42826
shit,42827
shittim,42828
shiv,42829
shiva,42830
shiver,42831
shivered,42832
shivering,42833
shivers,42834
shivery,42835
shivs,42836
shmo,42837
shmoozing,42838
shoal,42839
shock,42840
shock_absorber,42841
shock_treatment,42842
shock_wave,42843
shocked,42844
shocker,42845
shocking,42846
shockingly,42847
shocks,42848
shod,42849
shoddily,42850
shoddy,42851
shoe,42852
shoebill,42853
shoebox,42854
shoehorn,42855
shoelace,42856
shoemaker,42857
shoes,42858
shoestring,42859
shogun,42860
shona,42861
shone,42862
shoo,42863
shook,42864
shoot,42865
shoot_down,42866
shoot_the_breeze,42867
shoot_up,42868
shooter,42869
shooters,42870
shooting,42871
shooting_brake,42872
shooting_gallery,42873
shooting_range,42874
shooting_star,42875
shooting_stars,42876
shoots,42877
shop,42878
shop_assistant,42879
shop_floor,42880
shop_steward,42881
shopkeeper,42882
shopkeepers,42883
shoplift,42884
shoplifter,42885
shoplifters,42886
shoplifting,42887
shopped,42888
shopper,42889
shoppers,42890
shopping,42891
shopping_bags,42892
shopping_centre,42893
shopping_centres,42894
shopping_mall,42895
shops,42896
shore,42897
shore_bird,42898
shore_birds,42899
shore_leave,42900
shore_up,42901
shoreline,42902
shorelines,42903
shores,42904
shorn,42905
short,42906
short-change,42907
short-circuiting,42908
short-lived,42909
short-stop,42910
short-tempered,42911
short-term,42912
short-termer,42913
short_account,42914
short_and_sweet,42915
short_iron,42916
short_letter,42917
short_sleep,42918
short_stories,42919
short_story,42920
short_wave,42921
shortage,42922
shortages,42923
shortbread,42924
shortbreads,42925
shortcake,42926
shortcakes,42927
shortcoming,42928
shortcomings,42929
shorten,42930
shortened,42931
shortening,42932
shorter,42933
shortest,42934
shortfall,42935
shorthand,42936
shortly,42937
shortness,42938
shorts,42939
shortstop,42940
shot,42941
shot_put,42942
shotgun,42943
shotguns,42944
shots,42945
shoulder,42946
shoulder_bag,42947
shoulder_blade,42948
shoulder_pad,42949
shoulder_strap,42950
shouldered,42951
shouldering,42952
shoulders,42953
shout,42954
shout_down,42955
shout_out,42956
shouted,42957
shouting,42958
shouts,42959
shove,42960
shove-halfpenny,42961
shovel,42962
shoveller,42963
shovelling,42964
shovers,42965
shoves,42966
shoving,42967
show,42968
show-off,42969
show-stopper,42970
show_business,42971
show_off,42972
show_the_door,42973
show_trial,42974
show_up,42975
showboat,42976
showcase,42977
showcases,42978
showdown,42979
showed,42980
shower,42981
showered,42982
showering,42983
showers,42984
showery,42985
showgirls,42986
showiness,42987
showing,42988
showings,42989
showjumping,42990
showman,42991
shown,42992
showpiece,42993
showpieces,42994
shows,42995
showy,42996
shrank,42997
shrapnel,42998
shred,42999
shredded,43000
shredder,43001
shreds,43002
shrew,43003
shrewd,43004
shrewdly,43005
shrewdness,43006
shrewish,43007
shrews,43008
shriek,43009
shrieked,43010
shrieks,43011
shrift,43012
shrike,43013
shrill,43014
shrillest,43015
shrillness,43016
shrimp,43017
shrimper,43018
shrimps,43019
shrine,43020
shrines,43021
shrink,43022
shrink_back,43023
shrink_from,43024
shrinkage,43025
shrinking,43026
shrinking_violet,43027
shrinks,43028
shrive,43029
shrivel,43030
shrivel_up,43031
shrivels,43032
shriven,43033
shroud,43034
shrouded,43035
shrouding,43036
shrouds,43037
shrovetide,43038
shrub,43039
shrubbery,43040
shrubs,43041
shrug,43042
shrug_off,43043
shrunk,43044
shrunken,43045
shtick,43046
shucks,43047
shudder,43048
shuddered,43049
shuddering,43050
shuffle,43051
shuffled,43052
shuffles,43053
shufti,43054
shun,43055
shunned,43056
shunning,43057
shuns,43058
shunt,43059
shunter,43060
shush,43061
shut,43062
shut_away,43063
shut_down,43064
shut_in,43065
shut_off,43066
shut_out,43067
shut_up,43068
shutdown,43069
shuteye,43070
shutter,43071
shutters,43072
shuttle,43073
shy,43074
shy_away_from,43075
shy_person,43076
shyer,43077
shylock,43078
shyly,43079
shyness,43080
shyster,43081
si_unit,43082
si_units,43083
siam,43084
siamese,43085
siamese_cat,43086
sibelius,43087
siberia,43088
siberian,43089
sibilant,43090
sibling,43091
siblings,43092
sibyl,43093
sic,43094
sicily,43095
sick,43096
sick_benefit,43097
sick_joke,43098
sick_jokes,43099
sick_pay,43100
sick_person,43101
sicken,43102
sickened,43103
sickening,43104
sickens,43105
sicker,43106
sickle,43107
sickles,43108
sickly,43109
sickness,43110
sidalcea,43111
side,43112
side-slip,43113
side_arm,43114
side_arms,43115
side_by_side,43116
side_dish,43117
side_dishes,43118
side_door,43119
side_drum,43120
side_effect,43121
side_order,43122
side_road,43123
side_street,43124
sidearm,43125
sideboard,43126
sideboards,43127
sideburn,43128
sideburns,43129
sidecar,43130
sidecars,43131
sidekick,43132
sidekicks,43133
sidelight,43134
sideline,43135
sidelined,43136
sidelines,43137
sides,43138
sidestep,43139
sidestepped,43140
sidestepping,43141
sidesteps,43142
sideswipe,43143
sidetrack,43144
sidewalk,43145
sideways,43146
sidewinder,43147
siding,43148
sidings,43149
sidle,43150
sidle_up,43151
sidles,43152
sidney,43153
siege,43154
sienna,43155
sierra,43156
sierra_leone,43157
sierra_nevada,43158
sierras,43159
siesta,43160
siestas,43161
sieve,43162
sieves,43163
sift,43164
sifting,43165
sifts,43166
sigh,43167
sighed,43168
sighing,43169
sight,43170
sighted,43171
sighting,43172
sightings,43173
sights,43174
sightseer,43175
sightseers,43176
sightsees,43177
sigma,43178
sign,43179
sign_away,43180
sign_in,43181
sign_language,43182
sign_off,43183
sign_on,43184
sign_up,43185
signal,43186
signalled,43187
signalling,43188
signals,43189
signatory,43190
signature,43191
signature_tune,43192
signatures,43193
signboards,43194
signed,43195
signet,43196
signet_ring,43197
signets,43198
significance,43199
significant,43200
significant_other,43201
significantly,43202
signified,43203
signify,43204
signifying,43205
signing,43206
signings,43207
signior,43208
signor,43209
signora,43210
signorina,43211
signpost,43212
signs,43213
sika,43214
sikhs,43215
silage,43216
sild,43217
silence,43218
silenced,43219
silencer,43220
silences,43221
silene,43222
silent,43223
silent_treatment,43224
silently,43225
silesia,43226
silhouette,43227
silhouettes,43228
silica,43229
silica_gel,43230
silicate,43231
silicon,43232
silicone,43233
silk,43234
silk_stocking,43235
silks,43236
silkscreen,43237
silkworm,43238
silky,43239
sill,43240
sillier,43241
silliest,43242
silliness,43243
silly,43244
silo,43245
silt,43246
silver,43247
silver-tongued,43248
silver_birches,43249
silver_fir,43250
silver_lining,43251
silver_nitrate,43252
silver_screen,43253
silverback,43254
silverside,43255
silversides,43256
silversmith,43257
silversmiths,43258
silverware,43259
silvery,43260
simenon,43261
simian,43262
simians,43263
similar,43264
similarities,43265
similarity,43266
similarly,43267
simile,43268
similitude,43269
simmer,43270
simmered,43271
simmering,43272
simmers,43273
simnel,43274
simon,43275
simoom,43276
simoon,43277
simper,43278
simpering,43279
simple,43280
simple-minded,43281
simple_fracture,43282
simple_machine,43283
simpler,43284
simplest,43285
simpleton,43286
simpletons,43287
simplicity,43288
simplify,43289
simplistic,43290
simply,43291
simpson,43292
simulacra,43293
simulacrum,43294
simulate,43295
simulated,43296
simulates,43297
simulation,43298
simulcast,43299
simultaneous,43300
simultaneously,43301
sin,43302
sinai,43303
sinatra,43304
sinbad,43305
sincere,43306
sincerely,43307
sincerity,43308
sine,43309
sine_curve,43310
sine_die,43311
sine_qua_non,43312
sines,43313
sinew,43314
sinews,43315
sinewy,43316
sinful,43317
sing,43318
singalong,43319
singapore,43320
singaporean,43321
singe,43322
singeing,43323
singer,43324
singers,43325
singhalese,43326
singing,43327
singing_voice,43328
single,43329
single-handedly,43330
single-minded,43331
single_out,43332
singles,43333
singlet,43334
singleton,43335
singlets,43336
singly,43337
sings,43338
singsong,43339
singular,43340
singularity,43341
sinhala,43342
sinister,43343
sinistral,43344
sink,43345
sink_in,43346
sinkhole,43347
sinking,43348
sinking_feeling,43349
sinks,43350
sinless,43351
sinn_fein,43352
sinned,43353
sinner,43354
sinners,43355
sinning,43356
sino-tibetan,43357
sins,43358
sinuous,43359
sinus,43360
sinuses,43361
sinusitis,43362
sion,43363
siouan_language,43364
sioux,43365
sioux_city,43366
sip,43367
siphon,43368
siphon_off,43369
sir,43370
sir_edwin_lutyens,43371
sir_galahad,43372
sir_lancelot,43373
sire,43374
siren,43375
siren_call,43376
sirenian,43377
sirens,43378
sirius,43379
sirloin,43380
sirloins,43381
sirocco,43382
sirs,43383
sis,43384
sisal,43385
sisals,43386
siskin,43387
siskins,43388
sissoo,43389
sissy,43390
sister,43391
sisterhood,43392
sisterly,43393
sisters,43394
sistine_chapel,43395
sit,43396
sit-down,43397
sit-in,43398
sit-ins,43399
sit-up,43400
sit-ups,43401
sit_around,43402
sit_back,43403
sit_down,43404
sit_in,43405
sit_out,43406
sit_tight,43407
sit_up,43408
sitar,43409
sitars,43410
sitcom,43411
sitcoms,43412
site,43413
sited,43414
sites,43415
siting,43416
sitka,43417
sits,43418
sitter,43419
sitters,43420
sitting,43421
sitting_bull,43422
sitting_room,43423
situate,43424
situated,43425
situates,43426
situation,43427
situation_comedy,43428
situations,43429
sitwell,43430
siva,43431
six,43432
six-footer,43433
six-footers,43434
six-gun,43435
six-shooter,43436
sixer,43437
sixpence,43438
sixteen,43439
sixth,43440
sixth-former,43441
sixth_sense,43442
sixths,43443
sixties,43444
sixtieth,43445
sixty,43446
sixty-four,43447
sizable,43448
size,43449
sizeable,43450
sizes,43451
sizing,43452
sizzled,43453
sizzling,43454
skate,43455
skateboarding,43456
skater,43457
skaters,43458
skates,43459
skedaddle,43460
skedaddling,43461
skeet,43462
skein,43463
skeletal,43464
skeleton,43465
skeleton_in_the_cupboard,43466
skeptic,43467
sketch,43468
sketch_map,43469
sketchbook,43470
sketched,43471
sketches,43472
sketchiest,43473
sketching,43474
sketchy,43475
skew,43476
skew-whiff,43477
skewed,43478
skewer,43479
skewered,43480
skewers,43481
skews,43482
ski,43483
ski-plane,43484
ski_jump,43485
ski_jumper,43486
ski_lift,43487
ski_lodge,43488
ski_mask,43489
ski_race,43490
ski_resort,43491
ski_run,43492
skid,43493
skid_lid,43494
skid_row,43495
skidders,43496
skids,43497
skied,43498
skier,43499
skiff,43500
skiffle,43501
skiffs,43502
skiing,43503
skiing_race,43504
skilful,43505
skilfully,43506
skill,43507
skilled,43508
skilled_worker,43509
skilled_workers,43510
skillet,43511
skillful,43512
skillfully,43513
skills,43514
skim,43515
skimp,43516
skimpier,43517
skimpiest,43518
skimpily,43519
skimps,43520
skimpy,43521
skin,43522
skin-deep,43523
skin-tight,43524
skin_and_bones,43525
skin_disease,43526
skin_disorder,43527
skin_eruption,43528
skin_graft,43529
skin_test,43530
skinflint,43531
skinhead,43532
skink,43533
skinks,43534
skinned,43535
skinner,43536
skinnier,43537
skinning,43538
skinny,43539
skins,43540
skint,43541
skintight,43542
skip,43543
skip_town,43544
skipjack,43545
skipped,43546
skipper,43547
skippered,43548
skippers,43549
skipping,43550
skips,43551
skirl,43552
skirmish,43553
skirmisher,43554
skirmishes,43555
skirret,43556
skirt,43557
skirted,43558
skirting,43559
skirts,43560
skis,43561
skit,43562
skits,43563
skitter,43564
skittish,43565
skittle,43566
skittles,43567
skive,43568
skivvies,43569
skivvy,43570
skopje,43571
skua,43572
skulduggery,43573
skull,43574
skullcap,43575
skullcaps,43576
skulls,43577
skunk,43578
skunks,43579
sky,43580
sky-blue,43581
sky_pilots,43582
skydiver,43583
skydiving,43584
skylab,43585
skylark,43586
skylarking,43587
skylight,43588
skylights,43589
skyline,43590
skyrocket,43591
skyscraper,43592
skyward,43593
skywards,43594
slab,43595
slack,43596
slacken,43597
slackened,43598
slackening,43599
slacker,43600
slackers,43601
slacking,43602
slacks,43603
slain,43604
slake,43605
slaked,43606
slalom,43607
slam,43608
slam_dunk,43609
slammer,43610
slander,43611
slandered,43612
slanderer,43613
slandering,43614
slanderous,43615
slanders,43616
slang,43617
slangy,43618
slant,43619
slanted,43620
slanting,43621
slap,43622
slap-bang,43623
slap-up,43624
slapdash,43625
slapped,43626
slapper,43627
slaps,43628
slapstick,43629
slash,43630
slashed,43631
slashes,43632
slate,43633
slated,43634
slater,43635
slates,43636
slather,43637
slating,43638
slattern,43639
slatternly,43640
slaughter,43641
slaughterhouse,43642
slaughtering,43643
slaughters,43644
slav,43645
slave,43646
slave_driver,43647
slave_state,43648
slaver,43649
slavered,43650
slavering,43651
slavers,43652
slavery,43653
slaves,43654
slavish,43655
slavishly,43656
slavonic,43657
slaw,43658
slay,43659
slayer,43660
slaying,43661
slays,43662
sleaze,43663
sleazier,43664
sleaziness,43665
sleazy,43666
sled,43667
sled_dog,43668
sledge,43669
sledgehammer,43670
sledgehammers,43671
sledges,43672
sleds,43673
sleek,43674
sleekly,43675
sleep,43676
sleep_around,43677
sleep_disorder,43678
sleep_off,43679
sleep_with,43680
sleeper,43681
sleepers,43682
sleepiest,43683
sleepiness,43684
sleeping,43685
sleeping_accommodation,43686
sleeping_bag,43687
sleeping_beauty,43688
sleeping_car,43689
sleeping_partner,43690
sleeping_pill,43691
sleeping_room,43692
sleepless,43693
sleeplessness,43694
sleepover,43695
sleeps,43696
sleepwear,43697
sleepy,43698
sleepyhead,43699
sleeve,43700
sleigh,43701
sleighs,43702
sleight,43703
sleight_of_hand,43704
sleights,43705
slender,43706
slenderer,43707
slenderise,43708
slept,43709
sleuth,43710
sleuthhound,43711
sleuths,43712
slew,43713
slewed,43714
slews,43715
slice,43716
sliced,43717
slicer,43718
slices,43719
slicing,43720
slick,43721
slickers,43722
slid,43723
slide,43724
slide_rule,43725
sliders,43726
slides,43727
sliding,43728
slight,43729
slighted,43730
slightest,43731
slighting,43732
slightly,43733
slim,43734
slim-waisted,43735
slim_chances,43736
slim_down,43737
slime,43738
slimier,43739
slimmer,43740
slimy,43741
sling,43742
slingback,43743
slingbacks,43744
slings,43745
slingshot,43746
slink,43747
slip,43748
slip-up,43749
slip-ups,43750
slip_away,43751
slip_by,43752
slip_of_the_tongue,43753
slip_on,43754
slip_road,43755
slip_up,43756
slipover,43757
slippage,43758
slipped_disc,43759
slipper,43760
slipperiness,43761
slippers,43762
slippery,43763
slippy,43764
slips,43765
slipshod,43766
slipstream,43767
slit,43768
slither,43769
slithers,43770
slits,43771
sliver,43772
slivers,43773
slob,43774
slobber,43775
slobbering,43776
sloe,43777
sloe_gin,43778
slog,43779
slogan,43780
slogans,43781
slogger,43782
slogs,43783
sloop,43784
sloops,43785
slope,43786
sloped,43787
slopes,43788
sloping,43789
slopped,43790
sloppiness,43791
sloppy,43792
slops,43793
slosh,43794
sloshed,43795
sloshes,43796
slot,43797
sloth,43798
sloth_bear,43799
slothful,43800
slots,43801
slotting,43802
slouch,43803
slouch_hat,43804
slouched,43805
slough,43806
sloughs,43807
slovak,43808
slovakia,43809
slovaks,43810
slovene,43811
slovenia,43812
slovenian,43813
slovenly,43814
slovenly_woman,43815
slow,43816
slow-moving,43817
slow_down,43818
slow_match,43819
slowcoach,43820
slowcoaches,43821
slowdown,43822
slowdowns,43823
slower,43824
slowest,43825
slowing,43826
slowly,43827
slowpoke,43828
sludge,43829
slug,43830
sluggard,43831
sluggards,43832
sluggish,43833
sluggishness,43834
slugs,43835
sluice,43836
sluiced,43837
slum,43838
slum_area,43839
slumber,43840
slumber_party,43841
slumbered,43842
slumbering,43843
slumberous,43844
slump,43845
slumped,43846
slumps,43847
slums,43848
slung,43849
slur,43850
slurps,43851
slurred,43852
slurs,43853
slush,43854
slushy,43855
sly,43856
slyboots,43857
slyness,43858
smack,43859
smacked,43860
smacker,43861
smackers,43862
smacking,43863
smacks,43864
small,43865
small-minded,43866
small-scale,43867
small-time,43868
small_beer,43869
small_boat,43870
small_boats,43871
small_change,43872
small_changes,43873
small_farmer,43874
small_fortune,43875
small_fry,43876
small_intestine,43877
small_person,43878
small_ship,43879
small_talk,43880
small_town,43881
smaller,43882
smallest,43883
smallholder,43884
smallholders,43885
smallholding,43886
smallish,43887
smallness,43888
smallpox,43889
smalls,43890
smarm,43891
smarmy,43892
smart,43893
smart_aleck,43894
smart_alecks,43895
smart_bomb,43896
smart_set,43897
smarten_up,43898
smarter,43899
smartest,43900
smartly,43901
smartness,43902
smarts,43903
smash,43904
smash-up,43905
smash-ups,43906
smash_hit,43907
smash_hits,43908
smashed,43909
smasher,43910
smashes,43911
smashing,43912
smatter,43913
smattering,43914
smear,43915
smear_test,43916
smeared,43917
smearing,43918
smears,43919
smell,43920
smelliest,43921
smelling,43922
smells,43923
smelly,43924
smelt,43925
smelted,43926
smelter,43927
smetana,43928
smew,43929
smews,43930
smidgen,43931
smidgeon,43932
smile,43933
smiled,43934
smiles,43935
smiley,43936
smirch,43937
smirk,43938
smirks,43939
smite,43940
smites,43941
smith,43942
smithereens,43943
smithies,43944
smiths,43945
smithy,43946
smiting,43947
smitten,43948
smock,43949
smocks,43950
smog,43951
smoggy,43952
smoke,43953
smoke_alarm,43954
smoke_bomb,43955
smoke_out,43956
smoked,43957
smoked_herrings,43958
smoker,43959
smokes,43960
smokescreen,43961
smokescreens,43962
smokiest,43963
smoking,43964
smoking_jackets,43965
smollett,43966
smooch,43967
smooches,43968
smooth,43969
smooth-spoken,43970
smooth-tongued,43971
smooth_out,43972
smoothed,43973
smoother,43974
smoothie,43975
smoothies,43976
smoothing,43977
smoothly,43978
smooths,43979
smorgasbord,43980
smote,43981
smother,43982
smothered,43983
smothering,43984
smothers,43985
smoulder,43986
smouldering,43987
smoulders,43988
smudge,43989
smudged,43990
smug,43991
smuggle,43992
smuggled,43993
smuggler,43994
smuggles,43995
smuggling,43996
smugly,43997
smut,43998
smuttiness,43999
smutty,44000
snack,44001
snack_bar,44002
snack_food,44003
snacked,44004
snacks,44005
snaffle,44006
snaffled,44007
snaffling,44008
snafu,44009
snag,44010
snagged,44011
snagging,44012
snags,44013
snail,44014
snail_mail,44015
snails,44016
snake,44017
snake_in_the_grass,44018
snakebite,44019
snakebites,44020
snaked,44021
snakes,44022
snakes_and_ladders,44023
snakewood,44024
snap,44025
snap_back,44026
snap_up,44027
snapdragon,44028
snapped,44029
snapper,44030
snappers,44031
snappier,44032
snapping,44033
snappish,44034
snappy,44035
snaps,44036
snapshot,44037
snapshots,44038
snare,44039
snare_drum,44040
snared,44041
snarer,44042
snares,44043
snarf,44044
snarl,44045
snarled,44046
snarling,44047
snarls,44048
snatch,44049
snatched,44050
snatcher,44051
snatches,44052
snatching,44053
snazzy,44054
sneak,44055
sneaker,44056
sneakers,44057
sneakily,44058
sneaking,44059
sneaks,44060
sneaky,44061
sneer,44062
sneered,44063
sneering,44064
sneers,44065
sneeze,44066
sneezeweed,44067
sneezing,44068
snick,44069
snicker,44070
snickered,44071
snickering,44072
snickers,44073
snicks,44074
snide,44075
snider,44076
sniffing,44077
sniffle,44078
sniffy,44079
snifter,44080
snigger,44081
snip,44082
snipe,44083
sniper,44084
snipers,44085
snipped,44086
snippet,44087
snippets,44088
snips,44089
snit,44090
snitch,44091
snitched,44092
snivel,44093
snivelling,44094
snivels,44095
snob,44096
snobbery,44097
snobbish,44098
snobby,44099
snog,44100
snogging,44101
snogs,44102
snooker,44103
snookered,44104
snookers,44105
snooks,44106
snoop,44107
snooped,44108
snooping,44109
snoops,44110
snoopy,44111
snoot,44112
snootiness,44113
snooty,44114
snooze,44115
snoozing,44116
snore,44117
snorkel,44118
snort,44119
snorter,44120
snorting,44121
snorts,44122
snotty,44123
snout,44124
snow,44125
snow-white,44126
snow_bunting,44127
snow_goose,44128
snow_job,44129
snow_leopard,44130
snow_leopards,44131
snow_peas,44132
snowball,44133
snowballed,44134
snowballs,44135
snowboarders,44136
snowcap,44137
snowdrift,44138
snowdrop,44139
snowdrops,44140
snowfall,44141
snowflakes,44142
snowman,44143
snowmobile,44144
snowplough,44145
snowshoe_rabbit,44146
snowstorm,44147
snowy_egret,44148
snub,44149
snubbed,44150
snubbing,44151
snubs,44152
snuck,44153
snuff_it,44154
snuff_out,44155
snug,44156
snuggling,44157
snugly,44158
so,44159
so-and-so,44160
so-called,44161
so-so,44162
so_far,44163
so_long,44164
so_to_speak,44165
soak,44166
soak_up,44167
soakage,44168
soaked,44169
soaking,44170
soaks,44171
soap,44172
soap_dishes,44173
soap_opera,44174
soap_operas,44175
soap_powder,44176
soapbox,44177
soaps,44178
soapstone,44179
soapsuds,44180
soapy,44181
soar,44182
soared,44183
soave,44184
sob,44185
sob_stories,44186
sobbed,44187
sobbing,44188
sober,44189
sober_up,44190
sobering,44191
soberness,44192
sobriety,44193
sobriquet,44194
sobriquets,44195
sobs,44196
socage,44197
soccer,44198
soccer_player,44199
sociability,44200
sociable,44201
social,44202
social_affairs,44203
social_class,44204
social_climber,44205
social_climbers,44206
social_club,44207
social_event,44208
social_events,44209
social_gathering,44210
social_group,44211
social_groups,44212
social_insects,44213
social_occasion,44214
social_occasions,44215
social_scientist,44216
social_scientists,44217
social_security,44218
social_service,44219
social_status,44220
social_system,44221
social_welfare,44222
social_worker,44223
social_workers,44224
socialise,44225
socialised,44226
socialiser,44227
socialises,44228
socialism,44229
socialist,44230
socialists,44231
socialite,44232
socials,44233
societies,44234
society,44235
sock,44236
socket,44237
sockets,44238
sockeye,44239
sockeye_salmon,44240
sockeyes,44241
socks,44242
socle,44243
socrates,44244
sod,44245
soda,44246
soda_lime,44247
soda_pop,44248
soda_water,44249
sodalite,44250
sodalities,44251
sodality,44252
sodas,44253
sodden,44254
sodium,44255
sodium_carbonate,44256
sodium_chloride,44257
sodium_nitrate,44258
sodium_nitrates,44259
sofa,44260
sofa_bed,44261
sofa_beds,44262
sofas,44263
soffit,44264
sofia,44265
soft,44266
soft-soap,44267
soft_drink,44268
soft_palate,44269
soft_soap,44270
soft_spot,44271
soft_touch,44272
soft_touches,44273
softback,44274
softball,44275
soften,44276
softened,44277
softener,44278
softeners,44279
softening,44280
softens,44281
softie,44282
softly,44283
softness,44284
software,44285
software_engineer,44286
software_program,44287
software_system,44288
softy,44289
soggier,44290
soggiest,44291
soggy,44292
soh,44293
soho,44294
sohs,44295
soi-disant,44296
soil,44297
soil_conditioner,44298
soiled,44299
soiree,44300
sojourn,44301
sol,44302
solace,44303
solaced,44304
solaria,44305
sold,44306
solder,44307
soldered,44308
soldering,44309
soldering_iron,44310
solders,44311
soldier,44312
soldiers,44313
soldiery,44314
sole,44315
solecism,44316
solely,44317
solemn,44318
solemnise,44319
solemnity,44320
solemnly,44321
solenoid,44322
solent,44323
solferino,44324
solicit,44325
solicited,44326
solicitor,44327
solicitors,44328
solicitous,44329
solicitousness,44330
solicits,44331
solicitude,44332
solid,44333
solid_figure,44334
solid_ground,44335
solid_solution,44336
solidarity,44337
solidi,44338
solidify,44339
solidity,44340
solidly,44341
solids,44342
solidus,44343
soliloquy,44344
solitaire,44345
solitary,44346
solitude,44347
solo,44348
soloist,44349
solomon,44350
solon,44351
solos,44352
solstice,44353
solution,44354
solutions,44355
solve,44356
solved,44357
solvent,44358
solver,44359
solvers,44360
solving,44361
soma,44362
somali,44363
somalia,44364
somalian,44365
somalis,44366
somatic,44367
sombre,44368
sombrero,44369
sombreros,44370
some,44371
somebody,44372
someday,44373
somehow,44374
someone,44375
somersault,44376
somerset,44377
somerset_maugham,44378
sometime,44379
sometimes,44380
somewhat,44381
somewhere,44382
somme,44383
sommelier,44384
somnolence,44385
somnolent,44386
son,44387
son-in-law,44388
sonar,44389
sonata,44390
sonatas,44391
sonatina,44392
sondheim,44393
song,44394
song_and_dance,44395
song_of_songs,44396
song_thrush,44397
songbird,44398
songbirds,44399
songbook,44400
songbooks,44401
songful,44402
songs,44403
songster,44404
songsters,44405
songstress,44406
songstresses,44407
songwriter,44408
sonic,44409
sonic_boom,44410
sonnet,44411
sonneteer,44412
sonnets,44413
sonny,44414
sonority,44415
sonorous,44416
sons,44417
sons-in-law,44418
soon,44419
sooner,44420
soonest,44421
soot,44422
sooth,44423
soothe,44424
soothed,44425
soothes,44426
soothing,44427
soothsayer,44428
sootier,44429
sooty,44430
sop,44431
sophia_loren,44432
sophism,44433
sophist,44434
sophisticated,44435
sophistication,44436
sophocles,44437
sophomore,44438
soporific,44439
soppy,44440
sopranino,44441
soprano,44442
sopranos,44443
sops,44444
sorb,44445
sorbate,44446
sorbet,44447
sorbets,44448
sorbonne,44449
sorcerer,44450
sorcerers,44451
sorceress,44452
sorceresses,44453
sorcery,44454
sordid,44455
sordino,44456
sore,44457
sore_throat,44458
sorely,44459
sorghum,44460
sororal,44461
sorrel,44462
sorriest,44463
sorriness,44464
sorrow,44465
sorrowful,44466
sorrows,44467
sorry,44468
sort,44469
sort_of,44470
sort_out,44471
sorted,44472
sortie,44473
sorties,44474
sorting,44475
sorts,44476
soss,44477
sot,44478
sots,44479
sottish,44480
sotto_voce,44481
souari,44482
soubrette,44483
soubriquet,44484
souchong,44485
souffle,44486
sought,44487
sought-after,44488
sought_after,44489
souk,44490
souks,44491
soul,44492
soul-destroying,44493
soul-searching,44494
soul-stirring,44495
soul_food,44496
soul_mate,44497
soulful,44498
souls,44499
sound,44500
sound_bites,44501
sound_judgement,44502
sound_judgment,44503
sound_off,44504
sound_out,44505
sound_recording,44506
sound_reproduction,44507
sound_system,44508
sound_unit,44509
sound_wave,44510
sounded,44511
sounding,44512
soundless,44513
soundness,44514
soundproof,44515
sounds,44516
soundtrack,44517
soup,44518
soup_bowls,44519
soup_plate,44520
soupcon,44521
soupcons,44522
soups,44523
sour,44524
sour_cream,44525
sour_grapes,44526
sour_mash,44527
source,44528
source_of_illumination,44529
sources,44530
sourdough,44531
sourness,44532
sourpuss,44533
sours,44534
sourwood,44535
sousa,44536
sousaphone,44537
souse,44538
soused,44539
soutane,44540
south,44541
south-east,44542
south_africa,44543
south_african,44544
south_american,44545
south_american_country,44546
south_americans,44547
south_carolina,44548
south_korea,44549
southeasterly,44550
southern,44551
southerner,44552
southerners,44553
southpaw,44554
souvenir,44555
souvenirs,44556
sovereign,44557
sovereigns,44558
sovereignty,44559
soviet,44560
sow,44561
sowed,44562
sower,44563
soweto,44564
sowing,44565
sown,44566
soy_sauce,44567
soya,44568
soya_bean,44569
soybean,44570
soybeans,44571
sozzled,44572
spa,44573
space,44574
space-time,44575
space_age,44576
space_bar,44577
space_cadet,44578
space_program,44579
space_rocket,44580
space_station,44581
space_vehicle,44582
spacecraft,44583
spaced,44584
spaced-out,44585
spaceman,44586
spaces,44587
spaceship,44588
spaceships,44589
spacewalk,44590
spacious,44591
spacy,44592
spade,44593
spadefish,44594
spades,44595
spadework,44596
spaghetti,44597
spain,44598
spam,44599
spams,44600
span,44601
spandex,44602
spangle,44603
spangly,44604
spaniard,44605
spaniards,44606
spaniel,44607
spaniels,44608
spanish,44609
spanish_armada,44610
spanish_civil_war,44611
spanish_fly,44612
spanish_moss,44613
spanish_onion,44614
spanish_onions,44615
spank,44616
spanking,44617
spanned,44618
spanner,44619
spanning,44620
spar,44621
spare,44622
spare_part,44623
spare_parts,44624
spare_time,44625
spared,44626
sparer,44627
spares,44628
sparing,44629
sparingly,44630
spark,44631
spark_off,44632
spark_plug,44633
sparking,44634
sparkle,44635
sparkled,44636
sparkler,44637
sparklers,44638
sparkling,44639
sparkling_wine,44640
sparkly,44641
sparks,44642
sparred,44643
sparring,44644
sparring_partner,44645
sparrow,44646
sparrow_hawk,44647
sparrows,44648
spars,44649
sparse,44650
sparsely,44651
sparsity,44652
sparta,44653
spartan,44654
spartans,44655
spas,44656
spasm,44657
spasmodic,44658
spasms,44659
spat,44660
spatchcock,44661
spate,44662
spates,44663
spathes,44664
spats,44665
spatter,44666
spattered,44667
spatula,44668
spawn,44669
spawning,44670
spawns,44671
spay,44672
spayed,44673
spays,44674
speak,44675
speak_for,44676
speak_of_the_devil,44677
speak_out,44678
speak_up,44679
speakeasy,44680
speaker,44681
speaker_systems,44682
speakers,44683
speaking,44684
speaks,44685
spear,44686
spear_carrier,44687
spearfish,44688
spearhead,44689
spearheads,44690
spearing,44691
spearmint,44692
spears,44693
spec,44694
special,44695
special_branch,44696
special_delivery,44697
specialised,44698
specialist,44699
specialists,44700
speciality,44701
specialized,44702
specials,44703
specialty,44704
specie,44705
species,44706
specific,44707
specifically,44708
specification,44709
specified,44710
specifies,44711
specify,44712
specimen,44713
specimens,44714
specious,44715
specious_argument,44716
speck,44717
speckle,44718
speckled,44719
speckled_trout,44720
speckles,44721
specks,44722
specs,44723
spectacle,44724
spectacles,44725
spectacular,44726
spectate,44727
spectator,44728
spectators,44729
spectra,44730
spectral,44731
spectre,44732
spectres,44733
spectrum,44734
spectrums,44735
specula,44736
speculate,44737
speculated,44738
speculating,44739
speculation,44740
speculations,44741
speculative,44742
speculator,44743
speculum,44744
sped,44745
speech,44746
speech_defect,44747
speech_defects,44748
speech_disorder,44749
speech_pattern,44750
speeches,44751
speechifying,44752
speechless,44753
speed,44754
speed_up,44755
speedboat,44756
speedboats,44757
speedier,44758
speedily,44759
speeding,44760
speedometer,44761
speeds,44762
speedway,44763
speedwell,44764
speedwells,44765
speedy,44766
spell,44767
spell_out,44768
spellbind,44769
spellbinder,44770
spellbinding,44771
spellbound,44772
speller,44773
spelling,44774
spells,44775
spelt,44776
spend,44777
spend_a_penny,44778
spender,44779
spenders,44780
spending,44781
spending_money,44782
spends,44783
spendthrift,44784
spendthrifts,44785
spenser,44786
spent,44787
sperm,44788
sperm_whale,44789
spermaceti,44790
spew,44791
spewing,44792
sphere,44793
sphere_of_influence,44794
spheres,44795
spheric,44796
spherical,44797
spheroid,44798
spheroids,44799
sphingid,44800
sphinx,44801
spica,44802
spicas,44803
spice,44804
spice_rack,44805
spiced,44806
spices,44807
spicier,44808
spiciest,44809
spiciness,44810
spick-and-span,44811
spicy,44812
spider,44813
spider_crab,44814
spider_monkey,44815
spider_web,44816
spiders,44817
spidery,44818
spied,44819
spiel,44820
spielberg,44821
spiels,44822
spies,44823
spiffing,44824
spiffy,44825
spigot,44826
spike,44827
spike_heel,44828
spiked,44829
spikenard,44830
spikes,44831
spill,44832
spill_the_beans,44833
spillage,44834
spilled,44835
spillikins,44836
spillover,44837
spills,44838
spillway,44839
spin,44840
spin-offs,44841
spin_out,44842
spin_the_bottle,44843
spina_bifida,44844
spinach,44845
spinal,44846
spinal_column,44847
spinal_tap,44848
spindle,44849
spindles,44850
spindrift,44851
spine,44852
spineless,44853
spines,44854
spinet,44855
spinnaker,44856
spinner,44857
spinners,44858
spinney,44859
spinneys,44860
spinning,44861
spinoza,44862
spins,44863
spinster,44864
spinsters,44865
spiny,44866
spiny_anteater,44867
spiny_lobster,44868
spiracle,44869
spiraea,44870
spiral,44871
spiralled,44872
spirals,44873
spirea,44874
spireas,44875
spires,44876
spirit,44877
spirit_lamp,44878
spirit_level,44879
spirited,44880
spiritless,44881
spirits,44882
spiritual,44883
spiritual_leader,44884
spiritualism,44885
spiritualist,44886
spiritualists,44887
spirula,44888
spit,44889
spit_and_polish,44890
spit_out,44891
spite,44892
spited,44893
spiteful,44894
spitefulness,44895
spites,44896
spitfire,44897
spitting_image,44898
spittle,44899
spittoon,44900
spitz,44901
spiv,44902
splash,44903
splash_around,44904
splashdown,44905
splashed,44906
splashes,44907
splashing,44908
splashy,44909
splat,44910
splatter,44911
splay,44912
splayed,44913
splaying,44914
spleen,44915
spleenwort,44916
splendid,44917
splendidly,44918
splendiferous,44919
splendour,44920
splenetic,44921
splice,44922
spliced,44923
splices,44924
splicing,44925
spliff,44926
spliffs,44927
splint,44928
splinter,44929
splinter_group,44930
splinters,44931
splints,44932
split,44933
split-pea,44934
split_decision,44935
split_infinitive,44936
split_personality,44937
split_second,44938
split_up,44939
splits,44940
splitting,44941
splodge,44942
splotch,44943
splotches,44944
splurge,44945
splutter,44946
spluttered,44947
spock,44948
spode,44949
spoil,44950
spoiled,44951
spoiler,44952
spoilers,44953
spoiling,44954
spoils,44955
spoilsport,44956
spoilt,44957
spoke,44958
spoken,44959
spokes,44960
spokeshave,44961
spokesman,44962
spokesperson,44963
spokeswoman,44964
spondaic,44965
spondee,44966
spondees,44967
sponge,44968
sponge_cake,44969
sponge_down,44970
sponge_up,44971
sponged,44972
sponger,44973
spongers,44974
sponges,44975
spongier,44976
spongy,44977
sponsor,44978
sponsored,44979
sponsors,44980
sponsorship,44981
spontaneous,44982
spontaneously,44983
spoof,44984
spoofing,44985
spoofs,44986
spook,44987
spooked,44988
spooks,44989
spooky,44990
spool,44991
spoon,44992
spoonbill,44993
spoonbills,44994
spoonerisms,44995
spoonfeed,44996
spoonfuls,44997
spoons,44998
spoor,44999
spoors,45000
sporadic,45001
sporadically,45002
spores,45003
spork,45004
sporran,45005
sporrans,45006
sport,45007
sporting,45008
sportive,45009
sports,45010
sports_car,45011
sports_coat,45012
sports_equipment,45013
sports_fans,45014
sports_jacket,45015
sports_meeting,45016
sports_stadium,45017
sportsman,45018
sportsmanlike,45019
sportsmanship,45020
sportsmen,45021
sportswear,45022
sportswoman,45023
sporty,45024
spot,45025
spot_checks,45026
spotless,45027
spotlight,45028
spots,45029
spotted,45030
spotted_dick,45031
spotter,45032
spotters,45033
spotty,45034
spousal,45035
spouse,45036
spouses,45037
spout,45038
spouts,45039
sprain,45040
sprained,45041
sprains,45042
sprang,45043
sprat,45044
sprats,45045
sprawl,45046
sprawling,45047
sprawls,45048
spray,45049
spray_can,45050
spray_gun,45051
sprayed,45052
sprayer,45053
sprayers,45054
sprays,45055
spread,45056
spread_out,45057
spreading,45058
spreads,45059
spreadsheet,45060
spree,45061
sprig,45062
sprightliness,45063
sprightly,45064
spring,45065
spring-cleaning,45066
spring_balance,45067
spring_chicken,45068
spring_chickens,45069
spring_onion,45070
spring_roll,45071
spring_to_mind,45072
spring_up,45073
springboard,45074
springbok,45075
springer,45076
springer_spaniel,45077
springfield,45078
springing,45079
springs,45080
springtide,45081
springtime,45082
springy,45083
sprinkle,45084
sprinkled,45085
sprinkler,45086
sprinkles,45087
sprinkling,45088
sprint,45089
sprinted,45090
sprinter,45091
sprinters,45092
sprinting,45093
sprints,45094
sprit,45095
sprite,45096
sprites,45097
spritz,45098
spritzer,45099
sprocket,45100
sprockets,45101
sprog,45102
sprogs,45103
sprout,45104
sprouting,45105
sprouts,45106
spruce,45107
spruce_pine,45108
spruce_up,45109
spruced,45110
spruced_up,45111
sprue,45112
sprung,45113
spry,45114
spud,45115
spuds,45116
spume,45117
spumes,45118
spun,45119
spun_yarn,45120
spunk,45121
spunky,45122
spur,45123
spur-of-the-moment,45124
spurge,45125
spurious,45126
spuriously,45127
spurn,45128
spurned,45129
spurning,45130
spurns,45131
spurred,45132
spurs,45133
spurt,45134
spurts,45135
sputnik,45136
sputtered,45137
sputtering,45138
sputum,45139
spy,45140
spyglass,45141
spyglasses,45142
spyhole,45143
spying,45144
spymasters,45145
squab,45146
squabble,45147
squabbled,45148
squabbles,45149
squabbling,45150
squad,45151
squadron,45152
squads,45153
squalid,45154
squall,45155
squalls,45156
squally,45157
squalor,45158
squama,45159
squander,45160
squandered,45161
squandering,45162
squanders,45163
square,45164
square-bashing,45165
square_deal,45166
square_mile,45167
square_off,45168
square_one,45169
square_up,45170
squared,45171
squares,45172
squarish,45173
squash,45174
squash_rackets,45175
squashed,45176
squashes,45177
squashy,45178
squat,45179
squats,45180
squatter,45181
squawk,45182
squawk_box,45183
squawked,45184
squeak,45185
squeaker,45186
squeaking,45187
squeaky,45188
squeal,45189
squealed,45190
squealer,45191
squealing,45192
squeals,45193
squeamish,45194
squeeze,45195
squeeze_box,45196
squeeze_out,45197
squeezed,45198
squeezes,45199
squelch,45200
squelched,45201
squib,45202
squid,45203
squiffy,45204
squint,45205
squint-eye,45206
squinting,45207
squire,45208
squirearchy,45209
squires,45210
squirm,45211
squirmed,45212
squirms,45213
squirrel,45214
squirrel_away,45215
squirrels,45216
squirt,45217
squirted,45218
squirts,45219
squishy,45220
sri_lanka,45221
sri_lankan,45222
sri_lankans,45223
ss,45224
st_bernard,45225
stab,45226
stabbed,45227
stabiles,45228
stabilise,45229
stability,45230
stable,45231
stable_gear,45232
stableboy,45233
stableman,45234
stablemate,45235
stabler,45236
stables,45237
stabs,45238
staccato,45239
stack,45240
stacking,45241
stacks,45242
stadia,45243
stadium,45244
staff,45245
staffa,45246
staffer,45247
staffing,45248
staffordshire_terrier,45249
staffs,45250
stag,45251
stag_beetle,45252
stag_beetles,45253
stage,45254
stage_name,45255
stage_right,45256
stage_set,45257
stage_whisper,45258
stage_whispers,45259
stagecoach,45260
stagecraft,45261
staged,45262
stagehand,45263
stager,45264
stages,45265
stagey,45266
stagger,45267
staggered,45268
staggering,45269
staggeringly,45270
staggers,45271
staghound,45272
staginess,45273
staging,45274
stagnancy,45275
stagnant,45276
stagnate,45277
stagnates,45278
stagnation,45279
stags,45280
staid,45281
stain,45282
stained,45283
stainer,45284
stainless,45285
stainless_steel,45286
stains,45287
stair,45288
staircase,45289
staircases,45290
stairhead,45291
stairs,45292
stairway,45293
stairwell,45294
stake,45295
staked,45296
stakeout,45297
stakes,45298
staking,45299
stalactites,45300
stale,45301
staled,45302
stalemate,45303
staler,45304
stalin,45305
staling,45306
stalingrad,45307
stalinism,45308
stalinist,45309
stalk,45310
stalked,45311
stalkers,45312
stalking,45313
stalking-horse,45314
stalks,45315
stall,45316
stalling,45317
stallion,45318
stallions,45319
stalls,45320
stalwart,45321
stamen,45322
stamina,45323
stamp,45324
stamp_album,45325
stamp_collector,45326
stamp_down,45327
stamp_duty,45328
stamp_out,45329
stamp_tax,45330
stamped,45331
stampede,45332
stampeded,45333
stampedes,45334
stamping,45335
stamping_ground,45336
stamps,45337
stance,45338
stances,45339
stanchion,45340
stanchions,45341
stand,45342
stand-alone,45343
stand-in,45344
stand-up,45345
stand_by,45346
stand_fast,45347
stand_firm,45348
stand_for,45349
stand_in,45350
stand_out,45351
stand_pat,45352
stand_still,45353
stand_up,45354
standard,45355
standard-bearer,45356
standard_procedure,45357
standard_time,45358
standardise,45359
standardizes,45360
standards,45361
standbys,45362
standee,45363
standing,45364
standing_order,45365
standing_ovation,45366
standing_stone,45367
standing_stones,45368
standings,45369
standoff,45370
standoffish,45371
standoffishness,45372
standoffs,45373
standpoint,45374
stands,45375
standstill,45376
stanhope,45377
stank,45378
stanley,45379
stanza,45380
stapes,45381
staple,45382
staple_gun,45383
stapler,45384
staples,45385
star,45386
star-of-bethlehem,45387
star_anise,45388
star_apple,45389
star_chamber,45390
star_sign,45391
starboard,45392
starboards,45393
starch,45394
starched,45395
starches,45396
starchy,45397
stardom,45398
stardust,45399
stare,45400
stared,45401
stares,45402
starfish,45403
stargaze,45404
stargazer,45405
stargazers,45406
staring,45407
stark,45408
stark_naked,45409
starkers,45410
starkly,45411
starless,45412
starlets,45413
starlight,45414
starling,45415
starlings,45416
starlit,45417
starr,45418
starred,45419
starring,45420
starry,45421
starry-eyed,45422
stars,45423
stars_and_bars,45424
stars_and_stripes,45425
starship,45426
start,45427
start_out,45428
start_up,45429
started,45430
starter,45431
starters,45432
starting,45433
starting_point,45434
startle,45435
startled,45436
startles,45437
startling,45438
starts,45439
starvation,45440
starve,45441
starved,45442
starving,45443
stash,45444
stash_away,45445
stashed,45446
stashes,45447
stashing,45448
stasis,45449
state,45450
state-of-the-art,45451
state_boundary,45452
state_capital,45453
state_department,45454
state_of_affairs,45455
state_of_matter,45456
state_of_mind,45457
state_of_the_art,45458
state_of_war,45459
stated,45460
stateless,45461
stateliness,45462
stately,45463
stately_home,45464
statement,45465
statements,45466
staten_island,45467
stater,45468
states,45469
statesman,45470
statesmanlike,45471
statesmen,45472
stateswoman,45473
static,45474
statin,45475
statins,45476
station,45477
station_wagon,45478
stationary,45479
stationed,45480
stationer,45481
stationery,45482
stations,45483
statistic,45484
statistician,45485
statisticians,45486
statistics,45487
stator,45488
statuary,45489
statue,45490
statue_of_liberty,45491
statues,45492
statuesque,45493
statuette,45494
statuettes,45495
stature,45496
statures,45497
status,45498
status_quo,45499
statuses,45500
statute,45501
statute_law,45502
statutes,45503
statutory,45504
staunch,45505
staunched,45506
staunchly,45507
stavanger,45508
stave,45509
stave_off,45510
staves,45511
stay,45512
stay-at-home,45513
stay_away,45514
stay_of_execution,45515
stay_on,45516
stay_put,45517
stayed,45518
staying,45519
staying_power,45520
stays,45521
stead,45522
steadfast,45523
steadfastness,45524
steadied,45525
steadier,45526
steadily,45527
steadiness,45528
steady,45529
steady-going,45530
steak,45531
steak_au_poivre,45532
steak_tartare,45533
steakhouse,45534
steal,45535
stealer,45536
stealing,45537
steals,45538
stealth,45539
stealthy,45540
steam,45541
steam_bath,45542
steam_engine,45543
steam_engines,45544
steam_iron,45545
steam_locomotive,45546
steam_organ,45547
steamboat,45548
steamed,45549
steamer,45550
steamers,45551
steamier,45552
steaming,45553
steamroll,45554
steamroller,45555
steams,45556
steamship,45557
steamships,45558
steamy,45559
stearic,45560
stearin,45561
steed,45562
steel,45563
steel_band,45564
steel_drum,45565
steel_guitar,45566
steel_mill,45567
steel_mills,45568
steel_wool,45569
steeled,45570
steeling,45571
steels,45572
steelworks,45573
steely,45574
steelyard,45575
steelyards,45576
steenbok,45577
steep,45578
steeped,45579
steeple,45580
steeplechase,45581
steeplechaser,45582
steeplechasers,45583
steeples,45584
steeply,45585
steer,45586
steerage,45587
steered,45588
steerer,45589
steering,45590
steering_wheel,45591
steers,45592
stegosaur,45593
stein,45594
steinbeck,45595
steinbok,45596
steins,45597
steinway,45598
stela,45599
stelae,45600
stele,45601
stella,45602
stellar,45603
stem,45604
stemma,45605
stemmata,45606
stemmed,45607
stems,45608
sten_gun,45609
stench,45610
stenches,45611
stencil,45612
stencilled,45613
stendhal,45614
stenographer,45615
stenography,45616
stenosis,45617
stent,45618
stentor,45619
stentorian,45620
step,45621
step-by-step,45622
step-up,45623
step-ups,45624
step_by_step,45625
step_down,45626
step_forward,45627
step_in,45628
step_on,45629
step_on_it,45630
step_out,45631
step_up,45632
stepbrother,45633
stephen,45634
stephen_hawking,45635
stephen_leacock,45636
stephen_sondheim,45637
stephenson,45638
stepmother,45639
steppe,45640
stepped,45641
steppes,45642
steps,45643
stepsister,45644
stepson,45645
steradian,45646
stereo,45647
stereophonic,45648
stereoscope,45649
stereotype,45650
stereotyped,45651
sterile,45652
sterilise,45653
sterilised,45654
sterilising,45655
sterility,45656
sterling,45657
stern,45658
sterna,45659
sternal,45660
sterne,45661
sternly,45662
sternness,45663
sternum,45664
sternums,45665
sternutation,45666
steroid,45667
steroids,45668
sterol,45669
stet,45670
stethoscope,45671
stetson,45672
stetsons,45673
stevedore,45674
stevedores,45675
stevenson,45676
stew,45677
steward,45678
stewardess,45679
stewards,45680
stewardship,45681
stewed,45682
stewing,45683
stews,45684
stick,45685
stick-in-the-mud,45686
stick-on,45687
stick_around,45688
stick_insect,45689
stick_insects,45690
stick_out,45691
stick_to,45692
stick_together,45693
stick_up,45694
stick_with,45695
sticker,45696
stickers,45697
stickily,45698
stickiness,45699
sticking,45700
sticking_out,45701
sticking_plaster,45702
stickle,45703
stickleback,45704
sticklebacks,45705
stickler,45706
sticklers,45707
stickpin,45708
sticks,45709
stickweeds,45710
sticky,45711
sticky_end,45712
sties,45713
stiff,45714
stiff-necked,45715
stiff_upper_lip,45716
stiffen,45717
stiffened,45718
stiffener,45719
stiffeners,45720
stiffens,45721
stiffest,45722
stiffness,45723
stifle,45724
stifled,45725
stifling,45726
stigma,45727
stigmas,45728
stigmata,45729
stigmatic,45730
stigmatise,45731
stiletto,45732
stiletto_heels,45733
stilettos,45734
still,45735
still_life,45736
stilled,45737
stiller,45738
stillness,45739
stills,45740
stilt,45741
stilted,45742
stilton,45743
stimulant,45744
stimulants,45745
stimulate,45746
stimulated,45747
stimulates,45748
stimulating,45749
stimulation,45750
stimuli,45751
stimulus,45752
sting,45753
stinger,45754
stingier,45755
stingily,45756
stinging,45757
stinging_nettle,45758
stinging_nettles,45759
stingray,45760
stingrays,45761
stingy,45762
stink,45763
stink_bomb,45764
stinker,45765
stinking,45766
stinkpot,45767
stinks,45768
stinky,45769
stint,45770
stinting,45771
stints,45772
stipend,45773
stipends,45774
stipple,45775
stippled,45776
stippler,45777
stipulate,45778
stipulated,45779
stipulation,45780
stipulations,45781
stir,45782
stir_fry,45783
stir_frying,45784
stir_up,45785
stirred,45786
stirred_up,45787
stirrer,45788
stirrers,45789
stirring,45790
stirrings,45791
stirrup,45792
stirrup_cup,45793
stirrup_pump,45794
stirrups,45795
stirs,45796
stitch,45797
stitched,45798
stitcher,45799
stitches,45800
stitching,45801
stitchwort,45802
stoat,45803
stochastic,45804
stock,45805
stock-still,45806
stock_car,45807
stock_exchange,45808
stock_market,45809
stockade,45810
stockbroker_belt,45811
stocked,45812
stockholder,45813
stockholders,45814
stockholm,45815
stockier,45816
stockinet,45817
stocking,45818
stocking_filler,45819
stocking_fillers,45820
stockings,45821
stockist,45822
stockists,45823
stockmen,45824
stockpile,45825
stockpiled,45826
stockpiles,45827
stockpiling,45828
stockpot,45829
stocks,45830
stocktaker,45831
stocky,45832
stodge,45833
stodgy,45834
stogie,45835
stoic,45836
stoical,45837
stoicism,45838
stoke,45839
stoked,45840
stoker,45841
stokes,45842
stoking,45843
stokowski,45844
stole,45845
stolen,45846
stolen_property,45847
stolid,45848
stolidest,45849
stolidly,45850
stolidness,45851
stolon,45852
stoma,45853
stomach,45854
stomach_upset,45855
stomachache,45856
stomached,45857
stomachs,45858
stomata,45859
stomp,45860
stone,45861
stone-cold,45862
stone_age,45863
stone_pit,45864
stonechat,45865
stonecrop,45866
stoned,45867
stonefly,45868
stonehenge,45869
stonemason,45870
stoner,45871
stones,45872
stonewall,45873
stonewalling,45874
stonewalls,45875
stoneware,45876
stonework,45877
stony,45878
stony_coral,45879
stonyhearted,45880
stood,45881
stooge,45882
stooges,45883
stool,45884
stool_pigeon,45885
stool_pigeons,45886
stoolie,45887
stools,45888
stoop,45889
stooped,45890
stooping,45891
stoops,45892
stop,45893
stop_dead,45894
stop_press,45895
stop_up,45896
stopcock,45897
stopgap,45898
stopgaps,45899
stopover,45900
stoppage,45901
stoppages,45902
stoppard,45903
stopped,45904
stopper,45905
stoppering,45906
stoppers,45907
stopping,45908
stops,45909
stopwatch,45910
storage,45911
storage_area,45912
storage_device,45913
storage_space,45914
storage_tank,45915
store,45916
stored,45917
storehouse,45918
storekeeper,45919
storeroom,45920
storerooms,45921
stores,45922
storey,45923
storeys,45924
storied,45925
stories,45926
storing,45927
stork,45928
storks,45929
storm,45930
storm_sashes,45931
storm_trooper,45932
stormed,45933
stormiest,45934
storms,45935
stormy,45936
stormy_petrel,45937
story,45938
storybook,45939
storyline,45940
storylines,45941
storyteller,45942
storytellers,45943
stotinka,45944
stoup,45945
stout,45946
stoutness,45947
stouts,45948
stove,45949
stovepipe,45950
stoves,45951
stow,45952
stowage,45953
stowaway,45954
stowed,45955
strabismus,45956
strad,45957
straddle,45958
straddling,45959
strafe,45960
strafed,45961
straggle,45962
stragglers,45963
straggling,45964
straggly,45965
straight,45966
straight_flush,45967
straight_flushes,45968
straight_line,45969
straight_off,45970
straightedge,45971
straighten,45972
straighten_out,45973
straightened,45974
straightener,45975
straightening,45976
straightens,45977
straightforward,45978
straightness,45979
strain,45980
strained,45981
strainer,45982
strainers,45983
straining,45984
strains,45985
strait,45986
strait-laced,45987
straiten,45988
straitened,45989
straitjacket,45990
straitlaced,45991
straits,45992
strand,45993
stranded,45994
stranding,45995
strands,45996
strange,45997
strange_particles,45998
strangely,45999
strangeness,46000
stranger,46001
strangers,46002
strangest,46003
strangle,46004
strangled,46005
stranglehold,46006
strangler,46007
stranglers,46008
strangles,46009
strangulation,46010
strap,46011
strapless,46012
strappado,46013
strappados,46014
strapped,46015
strapping,46016
straps,46017
strasbourg,46018
strata,46019
stratagem,46020
stratagems,46021
strategic,46022
strategies,46023
strategist,46024
strategists,46025
strategy,46026
strati,46027
stratified,46028
stratum,46029
stratus,46030
strauss,46031
stravinsky,46032
straw,46033
straw_hat,46034
straw_hats,46035
straw_man,46036
straw_poll,46037
strawberries,46038
strawberry,46039
strawflowers,46040
stray,46041
straying,46042
strays,46043
streak,46044
streaked,46045
streaker,46046
streaks,46047
streaky,46048
stream,46049
streamed,46050
streamer,46051
streaming,46052
streamlet,46053
streamline,46054
streamlined,46055
streams,46056
streep,46057
street,46058
street_child,46059
street_cred,46060
street_urchin,46061
streetcar,46062
streets,46063
streetwise,46064
strength,46065
strengthen,46066
strengthened,46067
strengthener,46068
strengthening,46069
strengthens,46070
strengths,46071
strenuous,46072
streptobacillus,46073
streptococci,46074
streptomycin,46075
stress,46076
stressed,46077
stresses,46078
stressful,46079
stressing,46080
stretch,46081
stretch_out,46082
stretched,46083
stretcher,46084
stretchers,46085
stretches,46086
stretching,46087
stretchy,46088
streusel,46089
strew,46090
strewn,46091
strews,46092
stria,46093
striate,46094
striated,46095
stricken,46096
strickle,46097
strict,46098
stricter,46099
strictly,46100
strictly_speaking,46101
strictness,46102
stricture,46103
strictures,46104
stride,46105
stridency,46106
strident,46107
stridently,46108
strides,46109
striding,46110
strife,46111
strike,46112
strike_a_chord,46113
strike_back,46114
strike_off,46115
strike_out,46116
strike_up,46117
strikebreaker,46118
striker,46119
strikers,46120
strikes,46121
striking,46122
strikingly,46123
string,46124
string_along,46125
string_bass,46126
string_bean,46127
string_of_beads,46128
string_of_words,46129
string_orchestra,46130
string_up,46131
stringed_instrument,46132
stringency,46133
stringent,46134
stringently,46135
stringer,46136
stringing,46137
strings,46138
stringy,46139
strip,46140
strip_lighting,46141
strip_malls,46142
stripe,46143
striped,46144
stripes,46145
stripling,46146
striplings,46147
stripped,46148
stripper,46149
strippers,46150
stripping,46151
strips,46152
striptease,46153
stripteaser,46154
strive,46155
striven,46156
striver,46157
strives,46158
striving,46159
strobe,46160
strobili,46161
strode,46162
stroke,46163
stroked,46164
strokes,46165
stroking,46166
stroll,46167
strolled,46168
stroller,46169
strollers,46170
strolling,46171
stromata,46172
strong,46173
strong-arm,46174
strong-smelling,46175
strong_belief,46176
strong_breeze,46177
strong_drink,46178
strong_drinks,46179
strong_point,46180
strong_points,46181
strong_suit,46182
strongbox,46183
strongboxes,46184
stronger,46185
strongest,46186
stronghold,46187
strongholds,46188
strongly,46189
strongman,46190
strongroom,46191
strop,46192
strophe,46193
strophes,46194
stropped,46195
stroppy,46196
strops,46197
strove,46198
struck,46199
structural,46200
structural_member,46201
structure,46202
structured,46203
structures,46204
strudel,46205
strudels,46206
struggle,46207
struggled,46208
struggles,46209
struggling,46210
strum,46211
struma,46212
strumpet,46213
strums,46214
strung,46215
strut,46216
struts,46217
strutted,46218
strychnine,46219
stuart,46220
stuarts,46221
stub,46222
stubbed,46223
stubbly,46224
stubborn,46225
stubbornly,46226
stubbornness,46227
stubbs,46228
stubby,46229
stucco,46230
stuck,46231
stuck-up,46232
stud,46233
stud_poker,46234
student,46235
students,46236
studied,46237
studies,46238
studio,46239
studio_apartment,46240
studios,46241
studious,46242
studiously,46243
studs,46244
study,46245
studying,46246
stuff,46247
stuff_and_nonsense,46248
stuffed,46249
stuffed_shirt,46250
stuffiness,46251
stuffing,46252
stuffs,46253
stuffy,46254
stultify,46255
stumble,46256
stumbled,46257
stumblers,46258
stumbles,46259
stumbling_block,46260
stumbling_blocks,46261
stump,46262
stumped,46263
stumper,46264
stumpier,46265
stumping,46266
stumps,46267
stumpy,46268
stun,46269
stun_gun,46270
stung,46271
stunned,46272
stunner,46273
stunners,46274
stunning,46275
stuns,46276
stunt,46277
stunt_flying,46278
stunt_man,46279
stunted,46280
stunts,46281
stupa,46282
stupas,46283
stupefaction,46284
stupefied,46285
stupefies,46286
stupefy,46287
stupefying,46288
stupendous,46289
stupendously,46290
stupid,46291
stupid_person,46292
stupider,46293
stupidest,46294
stupidities,46295
stupidity,46296
stupidly,46297
stupids,46298
stupor,46299
sturdy,46300
sturgeon,46301
stutter,46302
stutterers,46303
stutters,46304
stuttgart,46305
sty,46306
stye,46307
styes,46308
stygian,46309
style,46310
style_of_architecture,46311
styled,46312
styles,46313
stylet,46314
stylets,46315
styli,46316
styling,46317
stylised,46318
stylish,46319
stylishness,46320
stylist,46321
stylistic,46322
stylists,46323
stylus,46324
styluses,46325
stymie,46326
stymies,46327
styptic,46328
styrene,46329
styrenes,46330
styrofoam,46331
styron,46332
styx,46333
suave,46334
sub,46335
sub_judice,46336
sub_rosa,46337
subaltern,46338
subalterns,46339
subatomic,46340
subatomic_particle,46341
subatomic_particles,46342
subbed,46343
subcontract,46344
subculture,46345
subdeacon,46346
subdivision,46347
subdue,46348
subdued,46349
subdues,46350
subduing,46351
subedit,46352
subeditors,46353
subgenera,46354
subgenus,46355
subject,46356
subject_matter,46357
subjects,46358
subjugate,46359
subjugation,46360
sublease,46361
sublet,46362
sublieutenants,46363
sublimate,46364
sublime,46365
submarine,46366
submariner,46367
submerge,46368
submerged,46369
submerges,46370
submission,46371
submissions,46372
submissive,46373
submissiveness,46374
submit,46375
submits,46376
submitted,46377
subnormal,46378
subordinate,46379
subordinates,46380
suborn,46381
subphylum,46382
subpoena,46383
subs,46384
subscribe,46385
subscribed,46386
subscriber,46387
subscribing,46388
subscription,46389
subsection,46390
subsequent,46391
subsequently,46392
subservient,46393
subside,46394
subsided,46395
subsidence,46396
subsides,46397
subsidiaries,46398
subsidiary,46399
subsidies,46400
subsiding,46401
subsidise,46402
subsidised,46403
subsidy,46404
subsist,46405
subsistence,46406
substance,46407
substandard,46408
substantial,46409
substantially,46410
substantiate,46411
substantiates,46412
substantive,46413
substitute,46414
substituted,46415
substitutes,46416
substratum,46417
subsume,46418
subsumed,46419
subterfuge,46420
subterranean,46421
subtitle,46422
subtle,46423
subtleties,46424
subtlety,46425
subtract,46426
subtraction,46427
subunit,46428
suburb,46429
suburbia,46430
suburbs,46431
subversion,46432
subversive,46433
subversive_activity,46434
subversives,46435
subvert,46436
subway,46437
subway_systems,46438
subwoofer,46439
subwoofers,46440
succeed,46441
succeeded,46442
succeeder,46443
succeeding,46444
succeeds,46445
success,46446
successes,46447
successful,46448
succession,46449
successor,46450
successors,46451
succinct,46452
succinctly,46453
succour,46454
succoured,46455
succours,46456
succubi,46457
succulent,46458
succulents,46459
succumb,46460
succumbed,46461
succumbs,46462
such,46463
suchlike,46464
suck,46465
suck_up,46466
sucker,46467
suckers,46468
suckling,46469
sucks,46470
sucrose,46471
sudan,46472
sudanese,46473
sudden,46474
suddenly,46475
suddenness,46476
sudoku,46477
sudor,46478
sudors,46479
suds,46480
sue,46481
suede,46482
suer,46483
suers,46484
sues,46485
suet,46486
suet_pudding,46487
suez,46488
suez_canal,46489
suffer,46490
suffered,46491
sufferer,46492
suffering,46493
sufferings,46494
suffers,46495
suffice,46496
sufficiency,46497
sufficient,46498
sufficiently,46499
suffix,46500
suffocate,46501
suffocates,46502
suffocating,46503
suffragan,46504
suffrage,46505
suffuse,46506
sufi,46507
sufis,46508
sugar,46509
sugar-coated,46510
sugar_beet,46511
sugar_cane,46512
sugar_daddy,46513
sugar_peas,46514
sugarcoat,46515
sugared,46516
sugarloaf,46517
sugarplum,46518
sugars,46519
sugary,46520
suggest,46521
suggested,46522
suggesting,46523
suggestion,46524
suggestions,46525
suggestive,46526
suggests,46527
sui_generis,46528
suicide,46529
suit,46530
suitability,46531
suitable,46532
suitably,46533
suitcase,46534
suitcases,46535
suite,46536
suited,46537
suites,46538
suitor,46539
suitors,46540
suits,46541
sukiyaki,46542
sulci,46543
sulk,46544
sulked,46545
sulkiness,46546
sulks,46547
sulky,46548
sullen,46549
sullenest,46550
sullied,46551
sully,46552
sulphate,46553
sulphur,46554
sultan,46555
sultana,46556
sultanas,46557
sultanate,46558
sultry,46559
sum,46560
sum_of_money,46561
sum_total,46562
sum_up,46563
sumac,46564
sumach,46565
sumachs,46566
sumatra,46567
sumatran,46568
sumerian,46569
summaries,46570
summarise,46571
summarises,46572
summarize,46573
summarizes,46574
summary,46575
summer,46576
summer_camp,46577
summer_house,46578
summer_school,46579
summer_solstice,46580
summerhouse,46581
summers,46582
summertime,46583
summery,46584
summing_up,46585
summit,46586
summits,46587
summon,46588
summoned,46589
summons,46590
summonses,46591
sumo,46592
sumos,46593
sump,46594
sumps,46595
sumptuous,46596
sums,46597
sun,46598
sun_blocker,46599
sun_dance,46600
sun_god,46601
sun_king,46602
sun_lamp,46603
sunbathe,46604
sunbathed,46605
sunbather,46606
sunbeam,46607
sunbeams,46608
sunblock,46609
sunburn,46610
sundae,46611
sunday,46612
sunday-go-to-meeting,46613
sunday_best,46614
sundays,46615
sunder,46616
sundered,46617
sundew,46618
sundial,46619
sundown,46620
sundowner,46621
sundress,46622
sundries,46623
sundry,46624
sunfish,46625
sunflower,46626
sung,46627
sunglasses,46628
sunk,46629
sunken,46630
sunlamp,46631
sunlamps,46632
sunless,46633
sunlight,46634
sunlit,46635
sunni,46636
sunnier,46637
sunnite,46638
sunny,46639
sunrise,46640
sunscreen,46641
sunset,46642
sunshade,46643
sunshine,46644
sunspot,46645
sunstroke,46646
suntan,46647
suntanned,46648
suntrap,46649
suntraps,46650
sunup,46651
suomi,46652
sup,46653
super,46654
superabundance,46655
superannuated,46656
superb,46657
supercargo,46658
supercharged,46659
supercilious,46660
superego,46661
superficial,46662
superficially,46663
superfluity,46664
superfluous,46665
superfluously,46666
superhuman,46667
superintend,46668
superintendent,46669
superintendents,46670
superintends,46671
superior,46672
superiority,46673
superiors,46674
superlative,46675
superman,46676
supermarket,46677
supermarkets,46678
supermom,46679
supernal,46680
supernatural,46681
supernatural_being,46682
supernova,46683
supernovae,46684
superpower,46685
supersede,46686
superseded,46687
supersonic,46688
superstar,46689
superstars,46690
supertonic,46691
supervise,46692
supervised,46693
supervises,46694
supervising,46695
supervision,46696
supervisor,46697
supervisors,46698
supervisory,46699
supine,46700
supped,46701
supper,46702
suppers,46703
supping,46704
supplant,46705
supplants,46706
supple,46707
suppled,46708
supplement,46709
supplemental,46710
supplementary,46711
supplements,46712
suppleness,46713
suppliant,46714
suppliants,46715
supplicant,46716
supplicate,46717
supplication,46718
supplied,46719
supplier,46720
suppliers,46721
supplies,46722
supply,46723
supply_lines,46724
supply_officers,46725
supplying,46726
support,46727
supported,46728
supporter,46729
supporters,46730
supporting,46731
supporting_players,46732
supporting_structure,46733
supportive,46734
supports,46735
suppose,46736
supposed,46737
supposedly,46738
supposes,46739
supposing,46740
supposition,46741
suppositional,46742
suppositions,46743
suppress,46744
suppressed,46745
suppresses,46746
suppression,46747
suppressor,46748
suppurate,46749
supra,46750
supremacist,46751
supremacy,46752
supreme,46753
supreme_authority,46754
supreme_being,46755
supreme_beings,46756
supremely,46757
supremo,46758
supremos,46759
sura,46760
surcease,46761
surcharge,46762
surcoat,46763
surd,46764
sure,46765
sure-fire,46766
sure_enough,46767
sure_thing,46768
surefooted,46769
surely,46770
surety,46771
surf,46772
surface,46773
surface_area,46774
surfaced,46775
surfaces,46776
surfeit,46777
surfer,46778
surfing,46779
surge,46780
surged,46781
surgeon,46782
surgeonfish,46783
surgeons,46784
surgeries,46785
surgery,46786
surgical,46787
surgical_instrument,46788
surgical_procedure,46789
surgical_procedures,46790
surgical_spirit,46791
surinam,46792
suriname,46793
surliness,46794
surly,46795
surmise,46796
surmises,46797
surmount,46798
surmounted,46799
surmounts,46800
surname,46801
surpass,46802
surpassed,46803
surpassing,46804
surplice,46805
surplus,46806
surpluses,46807
surprise,46808
surprise_attack,46809
surprised,46810
surprises,46811
surprising,46812
surprisingly,46813
surreal,46814
surrealism,46815
surrealist,46816
surrealistic,46817
surrender,46818
surrendered,46819
surrendering,46820
surrenders,46821
surreptitious,46822
surreptitiously,46823
surrey,46824
surreys,46825
surrogate,46826
surround,46827
surrounded,46828
surrounding,46829
surroundings,46830
surrounds,46831
surtax,46832
surveil,46833
surveillance,46834
survey,46835
surveyed,46836
surveying,46837
surveying_instrument,46838
surveyor,46839
surveys,46840
survival,46841
survive,46842
survived,46843
survives,46844
surviving,46845
survivor,46846
surya,46847
sus,46848
sushi,46849
suspect,46850
suspected,46851
suspecting,46852
suspects,46853
suspend,46854
suspended,46855
suspended_animation,46856
suspender,46857
suspender_belt,46858
suspenders,46859
suspending,46860
suspends,46861
suspense,46862
suspenses,46863
suspension,46864
suspensions,46865
suspicion,46866
suspicions,46867
suspicious,46868
suspiciously,46869
suss,46870
suss_out,46871
sussex,46872
sussex_spaniel,46873
sustain,46874
sustainable,46875
sustained,46876
sustains,46877
sustenance,46878
susurration,46879
sutra,46880
sutras,46881
suture,46882
sutures,46883
suzerain,46884
svelte,46885
svengali,46886
swab,46887
swabs,46888
swaddle,46889
swaddled,46890
swag,46891
swagger,46892
swaggered,46893
swaggerer,46894
swaggering,46895
swagman,46896
swahili,46897
swain,46898
swains,46899
swale,46900
swallow,46901
swallow_up,46902
swallowed,46903
swallowing,46904
swallows,46905
swallowtail,46906
swam,46907
swami,46908
swamp,46909
swamplands,46910
swamps,46911
swampy,46912
swan,46913
swan_song,46914
swank,46915
swanky,46916
swans,46917
swansea,46918
swanson,46919
swap,46920
swapped,46921
swapping,46922
swaps,46923
sward,46924
swarm,46925
swarmed,46926
swarming,46927
swarms,46928
swart,46929
swarthiest,46930
swarthy,46931
swashbuckler,46932
swashbucklers,46933
swashbuckling,46934
swastika,46935
swat,46936
swat_team,46937
swatch,46938
swath,46939
swathe,46940
swaths,46941
swatter,46942
swatting,46943
sway,46944
sways,46945
swazi,46946
swaziland,46947
swear,46948
swear_in,46949
swear_off,46950
swearing,46951
swears,46952
swearword,46953
swearwords,46954
sweat,46955
sweated,46956
sweater,46957
sweaters,46958
sweating,46959
sweatpants,46960
sweats,46961
sweatshirt,46962
sweatshop,46963
swede,46964
sweden,46965
swedes,46966
swedish,46967
swedish_massage,46968
sweeney_todd,46969
sweep,46970
sweep_up,46971
sweeper,46972
sweepers,46973
sweeping,46974
sweeps,46975
sweepstakes,46976
sweet,46977
sweet-smelling,46978
sweet-talk,46979
sweet-talked,46980
sweet-talking,46981
sweet-talks,46982
sweet_basil,46983
sweet_bay,46984
sweet_chestnut,46985
sweet_cicely,46986
sweet_corn,46987
sweet_fanny_adams,46988
sweet_flag,46989
sweet_grass,46990
sweet_nothings,46991
sweet_pea,46992
sweet_peas,46993
sweet_pepper,46994
sweet_potato,46995
sweet_talk,46996
sweet_talker,46997
sweet_william,46998
sweetbread,46999
sweetbrier,47000
sweeten,47001
sweetener,47002
sweeteners,47003
sweetening,47004
sweetens,47005
sweeter,47006
sweetest,47007
sweetheart,47008
sweethearts,47009
sweetie,47010
sweeties,47011
sweetmeat,47012
sweetness,47013
sweetpea,47014
sweetpeas,47015
sweets,47016
sweetsop,47017
swell,47018
swell_up,47019
swelled,47020
swelling,47021
swellings,47022
swells,47023
swelter,47024
sweltering,47025
swept,47026
swerve,47027
swerves,47028
swift,47029
swiftlet,47030
swiftly,47031
swiftness,47032
swifts,47033
swig,47034
swigs,47035
swill,47036
swilling,47037
swim,47038
swimmer,47039
swimmers,47040
swimming,47041
swimming_costume,47042
swimming_costumes,47043
swimming_pool,47044
swimming_pools,47045
swimsuit,47046
swimsuits,47047
swimwear,47048
swinburne,47049
swindle,47050
swindled,47051
swindler,47052
swindlers,47053
swindles,47054
swindling,47055
swine,47056
swine_flu,47057
swineherd,47058
swing,47059
swingeing,47060
swinger,47061
swingers,47062
swinging,47063
swings,47064
swinish,47065
swipe,47066
swiped,47067
swipes,47068
swiping,47069
swirl,47070
swirling,47071
swirls,47072
swish,47073
swiss,47074
swiss_canton,47075
swiss_cheese,47076
swiss_franc,47077
swiss_pine,47078
swiss_roll,47079
swiss_rolls,47080
switch,47081
switch_off,47082
switch_on,47083
switchblade,47084
switchboards,47085
switched,47086
switches,47087
switching,47088
swivel,47089
swivels,47090
swiz,47091
swizzle,47092
swizzle_sticks,47093
swollen,47094
swoon,47095
swooned,47096
swoons,47097
swooped,47098
swooping,47099
swoops,47100
swop,47101
sword,47102
sword_of_damocles,47103
swordfish,47104
swordplay,47105
swords,47106
swordsman,47107
swore,47108
swot,47109
swot_up,47110
swots,47111
swung,47112
sybarite,47113
sycamore,47114
sycamores,47115
sycophant,47116
sycophantic,47117
sycophants,47118
sydney,47119
syllabi,47120
syllable,47121
syllabub,47122
syllabubs,47123
syllabus,47124
syllabuses,47125
sylphlike,47126
sylvan,47127
symbiotic,47128
symbol,47129
symbolic,47130
symbolic_representations,47131
symbolism,47132
symbols,47133
symmetric,47134
symmetrical,47135
symmetry,47136
sympathetic,47137
sympathetic_vibration,47138
sympathies,47139
sympathise,47140
sympathy,47141
symphonist,47142
symphony,47143
symphony_orchestra,47144
symposia,47145
symposium,47146
symptom,47147
synagogue,47148
sync,47149
synchronicity,47150
synchronised,47151
synchronises,47152
syncope,47153
syndic,47154
syndicate,47155
syndicates,47156
syndrome,47157
synergist,47158
synergy,47159
synge,47160
synod,47161
synods,47162
synonym,47163
synopses,47164
synopsis,47165
synoptical,47166
syntax,47167
synthesis,47168
synthesise,47169
synthesiser,47170
synthetic,47171
synthetic_substance,47172
syphilis,47173
syphon,47174
syphoned,47175
syphoning,47176
syracuse,47177
syria,47178
syrian,47179
syringa,47180
syringe,47181
syringes,47182
syrup,47183
syrupy,47184
system,47185
system_of_measurement,47186
system_of_rules,47187
system_of_weights,47188
system_of_weights_and_measures,47189
systematic,47190
systematically,47191
systematising,47192
systemic,47193
systemise,47194
systems,47195
systole,47196
syzygy,47197
t,47198
t-bar,47199
t-bone_steak,47200
t-shirt,47201
t-shirts,47202
t-squares,47203
t._s._eliot,47204
tab,47205
tabard,47206
tabards,47207
tabasco,47208
tabby,47209
tabby_cat,47210
tabernacle,47211
table,47212
table_lamps,47213
table_linen,47214
table_mat,47215
table_salt,47216
table_tennis,47217
table_wine,47218
tableau,47219
tablecloth,47220
tablecloths,47221
tabled,47222
tableland,47223
tables,47224
tablespoons,47225
tablet,47226
tablets,47227
tableware,47228
tabloid,47229
tabloids,47230
taboo,47231
tabooli,47232
taboos,47233
tabor,47234
tabour,47235
tabs,47236
tabu,47237
tabula_rasa,47238
tabular,47239
tabulate,47240
tabulation,47241
tabulators,47242
tacamahacs,47243
tachometer,47244
tacit,47245
tacitly,47246
taciturn,47247
taciturnly,47248
tacitus,47249
tack,47250
tacked,47251
tackiness,47252
tacking,47253
tackle,47254
tackled,47255
tackles,47256
tacks,47257
tacky,47258
taco,47259
tacos,47260
tact,47261
tactful,47262
tactfully,47263
tactfulness,47264
tactic,47265
tactical,47266
tactician,47267
tacticians,47268
tactics,47269
tactile,47270
tactless,47271
tactual,47272
tad,47273
tadpole,47274
tae_kwon_do,47275
taekwondo,47276
taeniae,47277
taffeta,47278
taffetas,47279
taft,47280
tag,47281
tag_line,47282
tag_lines,47283
tagalog,47284
tagged,47285
tagging,47286
tagliatelle,47287
tagore,47288
tags,47289
tagus,47290
tahini,47291
tahiti,47292
tahitian,47293
tahitians,47294
tai,47295
tai_chi,47296
tail,47297
tail_coat,47298
tail_end,47299
tail_lamp,47300
tailback,47301
tailed,47302
tailor,47303
tailor-made,47304
tailored,47305
tailoring,47306
tailors,47307
tailpiece,47308
tailrace,47309
tails,47310
tailspin,47311
taint,47312
tainted,47313
taints,47314
taipan,47315
taipei,47316
taira,47317
tais,47318
taiwan,47319
taiwanese,47320
taj_mahal,47321
tajikistan,47322
taka,47323
takahe,47324
take,47325
take-away,47326
take-home_pay,47327
take_a_breath,47328
take_a_breather,47329
take_a_chance,47330
take_a_firm_stand,47331
take_advantage,47332
take_after,47333
take_aim,47334
take_apart,47335
take_arms,47336
take_away,47337
take_back,47338
take_care,47339
take_charge,47340
take_control,47341
take_down,47342
take_exception,47343
take_five,47344
take_flight,47345
take_for,47346
take_for_granted,47347
take_heart,47348
take_hold_of,47349
take_home,47350
take_in,47351
take_into_account,47352
take_issue,47353
take_it_easy,47354
take_it_on_the_chin,47355
take_note,47356
take_notes,47357
take_notice,47358
take_off,47359
take_office,47360
take_on,47361
take_out,47362
take_over,47363
take_pains,47364
take_part,47365
take_place,47366
take_shape,47367
take_stock,47368
take_ten,47369
take_the_air,47370
take_the_floor,47371
take_time_off,47372
take_to,47373
take_to_task,47374
take_turns,47375
take_up,47376
takeaway,47377
takeaways,47378
taken,47379
taken_for_granted,47380
taken_up,47381
takeoff,47382
takeoffs,47383
takeouts,47384
takeover,47385
takeover_bids,47386
takes,47387
taking,47388
taking_apart,47389
taking_over,47390
takings,47391
talbot,47392
talc,47393
talcum,47394
tale,47395
talebearer,47396
talent,47397
talent_scout,47398
talent_scouts,47399
talented,47400
talents,47401
tales,47402
taletellers,47403
taliban,47404
talipot,47405
talisman,47406
talismans,47407
talk,47408
talk_about,47409
talk_down,47410
talk_into,47411
talk_of_the_town,47412
talk_over,47413
talk_turkey,47414
talkative,47415
talked,47416
talker,47417
talkers,47418
talkie,47419
talkies,47420
talking,47421
talking_point,47422
talks,47423
tall,47424
tall_order,47425
tallahassee,47426
tallboy,47427
tallboys,47428
taller,47429
tallest,47430
tallied,47431
tallies,47432
tallinn,47433
tallis,47434
tallith,47435
tallow,47436
tally,47437
tallymen,47438
talmud,47439
talon,47440
taloned,47441
talons,47442
talus,47443
tam,47444
tam-tam,47445
tamale,47446
tamarack,47447
tamaracks,47448
tamarillo,47449
tamarin,47450
tamarind,47451
tamarinds,47452
tamarisk,47453
tambour,47454
tambourine,47455
tambours,47456
tame,47457
tamed,47458
tamely,47459
tames,47460
tamil,47461
tamil_nadu,47462
taming,47463
tamp,47464
tamper,47465
tampered,47466
tampering,47467
tampion,47468
tan,47469
tanach,47470
tanager,47471
tanbark,47472
tandem,47473
tandems,47474
tandoor,47475
tang,47476
tanga,47477
tangelo,47478
tangelos,47479
tangent,47480
tangential,47481
tangents,47482
tangerine,47483
tangerines,47484
tangible,47485
tangier,47486
tangiers,47487
tanginess,47488
tangle,47489
tangle_with,47490
tangled,47491
tangles,47492
tango,47493
tangoes,47494
tangoing,47495
tangos,47496
tangram,47497
tangrams,47498
tangs,47499
tangy,47500
tank,47501
tank_top,47502
tankard,47503
tankards,47504
tanker,47505
tankers,47506
tanking,47507
tanks,47508
tanned,47509
tanner,47510
tanners,47511
tannery,47512
tanning,47513
tannoy,47514
tannoys,47515
tansy,47516
tantalise,47517
tantalum,47518
tantamount,47519
tantra,47520
tantrum,47521
tantrums,47522
tanzania,47523
taoiseach,47524
taoism,47525
tap,47526
tap_dancer,47527
tap_water,47528
tapas,47529
tapdancing,47530
tape,47531
tape_deck,47532
taped,47533
tapeline,47534
tapenade,47535
taper,47536
taper_off,47537
tapered,47538
tapers,47539
tapes,47540
tapestries,47541
tapestry,47542
tapeworm,47543
tapeworms,47544
taphouse,47545
taping,47546
tapioca,47547
tapir,47548
tapirs,47549
tapis,47550
tapping,47551
taproom,47552
taprooms,47553
taps,47554
tapster,47555
tar,47556
tara,47557
taradiddle,47558
tarantella,47559
tarantino,47560
tarantula,47561
taraxacum,47562
tarboosh,47563
tardiest,47564
tardigrade,47565
tardily,47566
tardiness,47567
tardy,47568
tares,47569
target,47570
target_area,47571
targeted,47572
targeting,47573
targets,47574
tarheel,47575
tariff,47576
tariffs,47577
tarmac,47578
tarmacadam,47579
tarn,47580
tarnish,47581
tarnished,47582
tarnishes,47583
taro,47584
tarot,47585
tarots,47586
tarp,47587
tarpaulin,47588
tarpaulins,47589
tarpon,47590
tarps,47591
tarradiddle,47592
tarragon,47593
tarries,47594
tarry,47595
tarrying,47596
tars,47597
tarsi,47598
tarsus,47599
tart,47600
tart_up,47601
tartan,47602
tartar,47603
tartare_sauce,47604
tartarus,47605
tartlet,47606
tartness,47607
tartrate,47608
tartrates,47609
tarts,47610
tartuffe,47611
tarweed,47612
tarzan,47613
tashkent,47614
task,47615
task_force,47616
tasked,47617
tasking,47618
taskmaster,47619
tasks,47620
tasman,47621
tasman_sea,47622
tasmania,47623
tasmanian,47624
tasmanian_devil,47625
tasmanian_devils,47626
tasmanian_wolf,47627
tassel,47628
tasselled,47629
tassels,47630
taste,47631
taste_bud,47632
tasted,47633
tasteful,47634
tastefulness,47635
tasteless,47636
tastelessly,47637
tastelessness,47638
taster,47639
tasters,47640
tastes,47641
tasting,47642
tasty,47643
tat,47644
tatar,47645
tate,47646
tater,47647
taters,47648
tati,47649
tatou,47650
tatous,47651
tatterdemalion,47652
tattered,47653
tatters,47654
tattier,47655
tatting,47656
tattle,47657
tattler,47658
tattles,47659
tattletale,47660
tattling,47661
tattoo,47662
tattooed,47663
tattoos,47664
tatty,47665
tau,47666
taught,47667
taunt,47668
taunted,47669
taunting,47670
taupe,47671
taurine,47672
taurus,47673
taut,47674
tautog,47675
tautological,47676
tautology,47677
tavern,47678
taverns,47679
taw,47680
tawdrier,47681
tawdriness,47682
tawdry,47683
tawny,47684
tawny_eagle,47685
tawny_owl,47686
taws,47687
tawse,47688
tax,47689
tax_collector,47690
tax_collectors,47691
tax_credit,47692
tax_cut,47693
tax_haven,47694
tax_return,47695
taxation,47696
taxed,47697
taxes,47698
taxi,47699
taxi_rank,47700
taxicab,47701
taxidermy,47702
taxidriver,47703
taximan,47704
taximeter,47705
taxing,47706
taxis,47707
taxonomic_groups,47708
taxonomist,47709
taxonomy,47710
taxpayer,47711
tay,47712
tayra,47713
tb,47714
tbilisi,47715
tchaikovsky,47716
te_deum,47717
tea,47718
tea_break,47719
tea_caddy,47720
tea_chest,47721
tea_chests,47722
tea_cloth,47723
tea_garden,47724
tea_leaf,47725
tea_leaves,47726
tea_parties,47727
tea_party,47728
tea_rose,47729
tea_roses,47730
tea_service,47731
tea_set,47732
tea_towel,47733
tea_tray,47734
tea_trolley,47735
teaberry,47736
teacake,47737
teach,47738
teach-in,47739
teacher,47740
teachers,47741
teaches,47742
teaching,47743
teaching_aid,47744
teaching_aids,47745
teaching_method,47746
teachings,47747
teacup,47748
teacups,47749
teahouse,47750
teak,47751
teal,47752
teals,47753
team,47754
team_spirit,47755
team_up,47756
teamed,47757
teammate,47758
teams,47759
teamster,47760
teamwork,47761
teapot,47762
tear,47763
tear_apart,47764
tear_down,47765
tear_gas,47766
tear_into,47767
tear_off,47768
tear_up,47769
tearaway,47770
tearaways,47771
tearful,47772
tearfully,47773
tearing,47774
tearless,47775
tearoom,47776
tears,47777
teary,47778
teas,47779
tease,47780
teased,47781
teasel,47782
teaser,47783
teasers,47784
teases,47785
teasing,47786
teaspoons,47787
teat,47788
tec,47789
tech,47790
techie,47791
technical,47792
technician,47793
technique,47794
techniques,47795
techno,47796
technobabble,47797
technocrat,47798
technologist,47799
technology,47800
techy,47801
tecumseh,47802
ted,47803
ted_hughes,47804
teddies,47805
teddy,47806
teddy_bear,47807
tedious,47808
tedium,47809
tee,47810
tee_off,47811
tee_shirt,47812
tee_up,47813
teem,47814
teemed,47815
teeming,47816
teen,47817
teenage,47818
teenager,47819
teenagers,47820
teeniest,47821
teens,47822
teensy,47823
teentsy,47824
teeny,47825
teeny-weeny,47826
teepee,47827
tees,47828
teeter,47829
teetered,47830
teeters,47831
teeth,47832
teethe,47833
teetotal,47834
teetotalism,47835
teetotaller,47836
teetotum,47837
teff,47838
teflon,47839
teg,47840
tegu,47841
teheran,47842
tehran,47843
tel_aviv,47844
telecast,47845
telecasts,47846
telecom,47847
telegram,47848
telegrams,47849
telegraph,47850
telegraph_line,47851
telegraphs,47852
telegraphy,47853
telemetry,47854
teleost,47855
telepathic,47856
telepathist,47857
telephone,47858
telephone_system,47859
telephoned,47860
telephones,47861
telephoto,47862
telescope,47863
telescopes,47864
televise,47865
televises,47866
television,47867
television_equipment,47868
telex,47869
tell,47870
tell_apart,47871
tell_off,47872
tell_on,47873
teller,47874
tellies,47875
telling,47876
tells,47877
telltale,47878
tellus,47879
telly,47880
telugu,47881
temazepam,47882
temerity,47883
temp,47884
temper,47885
tempera,47886
temperament,47887
temperamental,47888
temperance,47889
temperate,47890
temperature,47891
temperature_scale,47892
tempered,47893
tempering,47894
tempers,47895
tempest,47896
tempests,47897
tempestuous,47898
tempi,47899
template,47900
templates,47901
temple,47902
temple_of_artemis,47903
temples,47904
tempo,47905
temporal,47906
temporally,47907
temporalty,47908
temporarily,47909
temporary,47910
temporary_expedient,47911
temporary_state,47912
temporary_workers,47913
temporise,47914
tempos,47915
tempt,47916
temptation,47917
temptations,47918
tempted,47919
tempter,47920
tempting,47921
temptress,47922
tempts,47923
tempura,47924
tempuras,47925
ten,47926
ten_commandments,47927
tenable,47928
tenacious,47929
tenacity,47930
tenancies,47931
tenancy,47932
tenant,47933
tenant_farmer,47934
tenanted,47935
tenantry,47936
tenants,47937
tench,47938
tenches,47939
tend,47940
tended,47941
tendencies,47942
tendency,47943
tendentious,47944
tender,47945
tendered,47946
tenderfoot,47947
tenderhearted,47948
tendering,47949
tenderise,47950
tenderising,47951
tenderloin,47952
tenderly,47953
tenderness,47954
tenders,47955
tending,47956
tendon,47957
tendonitis,47958
tendril,47959
tendrils,47960
tends,47961
tenebrous,47962
tenement,47963
tenerife,47964
tenet,47965
tenets,47966
tenner,47967
tenners,47968
tennessee,47969
tenniel,47970
tennis,47971
tennis_ball,47972
tennis_elbow,47973
tennis_player,47974
tennis_pro,47975
tennis_shoe,47976
tennis_shot,47977
tennis_stroke,47978
tennyson,47979
tenon,47980
tenor,47981
tenors,47982
tenpin,47983
tenpin_bowling,47984
tens,47985
tense,47986
tense_up,47987
tensed,47988
tenseness,47989
tenses,47990
tensile,47991
tension,47992
tensions,47993
tensor,47994
tensors,47995
tent,47996
tentacle,47997
tentative,47998
tenterhooks,47999
tenters,48000
tenth,48001
tents,48002
tenuous,48003
tenuously,48004
tenure,48005
tenures,48006
tepee,48007
tepees,48008
tepid,48009
tepidly,48010
tequila,48011
terabyte,48012
teras,48013
teratoma,48014
terbium,48015
tercel,48016
tercentenary,48017
tercet,48018
terence,48019
teresa,48020
tereshkova,48021
tergiversate,48022
teriyaki,48023
term,48024
term_of_office,48025
termagant,48026
termagants,48027
termed,48028
terminal,48029
terminally,48030
terminals,48031
terminate,48032
terminated,48033
terminates,48034
termination,48035
terminations,48036
terminator,48037
termini,48038
terminologies,48039
terminology,48040
terminus,48041
termite,48042
termites,48043
terms,48044
tern,48045
terns,48046
terpsichore,48047
terra_firma,48048
terrace,48049
terraces,48050
terrain,48051
terrains,48052
terrapin,48053
terrarium,48054
terrene,48055
terrestrial,48056
terrible,48057
terribly,48058
terrier,48059
terriers,48060
terrific,48061
terrified,48062
terrify,48063
terrifying,48064
terrine,48065
terrines,48066
territorial_army,48067
territorial_division,48068
territories,48069
territory,48070
terror,48071
terror-stricken,48072
terrorise,48073
terrorist,48074
terrorist_groups,48075
terrors,48076
terry,48077
terse,48078
tersely,48079
terseness,48080
tertiary,48081
terylene,48082
terza_rima,48083
tes,48084
tesla,48085
tesla_coils,48086
tessellate,48087
tessera,48088
tesserae,48089
test,48090
test_case,48091
test_cases,48092
test_copy,48093
test_drive,48094
test_match,48095
test_matches,48096
test_paper,48097
test_papers,48098
testa,48099
testament,48100
testate,48101
testator,48102
tested,48103
testee,48104
tester,48105
testers,48106
testes,48107
testicle,48108
testifier,48109
testify,48110
testimonial,48111
testimonials,48112
testimony,48113
testiness,48114
testing,48115
testis,48116
tests,48117
testudo,48118
testy,48119
tet,48120
tetanic,48121
tetanus,48122
tetchiness,48123
tetchy,48124
tete-a-tete,48125
tete_a_tete,48126
tether,48127
tethered,48128
tethering,48129
tethers,48130
tethys,48131
tetra,48132
tetrad,48133
tetrads,48134
tetragon,48135
tetragram,48136
tetrahedra,48137
tetrahedron,48138
tetrameter,48139
tetrasaccharide,48140
tetris,48141
tetrode,48142
teuton,48143
teutonic,48144
texan,48145
texans,48146
texas,48147
text,48148
textbook,48149
textile,48150
textiles,48151
texts,48152
texture,48153
thackeray,48154
thai,48155
thailand,48156
thais,48157
thalami,48158
thallium,48159
thames,48160
thanatos,48161
thane,48162
thank,48163
thank_you,48164
thanked,48165
thankful,48166
thankless,48167
thanks,48168
thanksgiving,48169
that_is_to_say,48170
thatch,48171
thatcher,48172
thatcherite,48173
thatcherites,48174
thatching,48175
thaw,48176
thawed,48177
thaws,48178
the_alps,48179
the_boot,48180
the_city,48181
the_devil,48182
the_gambia,48183
the_hague,48184
the_hills,48185
the_holy_see,48186
the_like,48187
the_netherlands,48188
the_other_way_around,48189
the_pits,48190
the_right_way,48191
the_states,48192
the_street,48193
theater,48194
theatre,48195
theatre_of_war,48196
theatres,48197
theatrical,48198
theatrical_performance,48199
theatrical_production,48200
theatrical_role,48201
theatricality,48202
theatricals,48203
theban,48204
theft,48205
thefts,48206
theism,48207
theist,48208
theistic,48209
theists,48210
thematic,48211
theme,48212
theme_park,48213
theme_song,48214
themes,48215
then,48216
then_again,48217
theobroma,48218
theocracy,48219
theodolite,48220
theodore_dreiser,48221
theologian,48222
theologians,48223
theology,48224
theorem,48225
theorems,48226
theoretic,48227
theoretical,48228
theoretically,48229
theoreticians,48230
theories,48231
theorise,48232
theorised,48233
theoriser,48234
theorisers,48235
theorising,48236
theorist,48237
theorists,48238
theorize,48239
theory,48240
theory_of_evolution,48241
theosophy,48242
therapeutic,48243
therapist,48244
therapy,48245
there,48246
thereabouts,48247
thereafter,48248
thereby,48249
therefore,48250
therein,48251
theremin,48252
theresa,48253
thereto,48254
therm,48255
thermal,48256
thermal_printers,48257
thermals,48258
thermidor,48259
thermions,48260
thermistors,48261
thermometer,48262
thermopylae,48263
thermos,48264
thermoses,48265
thermosetting,48266
thermostat,48267
thermostats,48268
theropod,48269
theropoda,48270
thesauri,48271
thesaurus,48272
thesauruses,48273
theses,48274
theseus,48275
thesis,48276
thespian,48277
thessalonians,48278
theta,48279
thetis,48280
thiamin,48281
thick,48282
thick-skinned,48283
thick_skin,48284
thicken,48285
thickened,48286
thickener,48287
thickening,48288
thickens,48289
thickest,48290
thicket,48291
thickets,48292
thickhead,48293
thickheads,48294
thickness,48295
thickset,48296
thief,48297
thieve,48298
thieved,48299
thievery,48300
thieves,48301
thieving,48302
thigh,48303
thill,48304
thimble,48305
thimblerig,48306
thin,48307
thin_air,48308
thin_person,48309
thing,48310
thingamabob,48311
thingamajig,48312
things,48313
thingumajigs,48314
thingummy,48315
think,48316
think_about,48317
think_back,48318
think_of,48319
think_over,48320
think_twice,48321
think_up,48322
thinker,48323
thinking,48324
thinks,48325
thinly,48326
thinned,48327
thinner,48328
thinness,48329
thinnest,48330
thiocyanate,48331
third,48332
third-rate,48333
third_degree,48334
third_estate,48335
third_eye,48336
third_party,48337
third_person,48338
third_reich,48339
thirds,48340
thirst,48341
thirsts,48342
thirsty,48343
thirteen,48344
thirties,48345
thirtieth,48346
thirty,48347
this_evening,48348
thistle,48349
thither,48350
thole,48351
thomas,48352
thomas_edison,48353
thomas_gray,48354
thomas_kyd,48355
thomas_mann,48356
thomas_paine,48357
thomas_wolfe,48358
thong,48359
thongs,48360
thor,48361
thoraces,48362
thorax,48363
thoraxes,48364
thoreau,48365
thorn,48366
thornton_wilder,48367
thorny,48368
thorough,48369
thoroughbred,48370
thoroughbreds,48371
thoroughfare,48372
thoroughgoing,48373
thoroughly,48374
thorpe,48375
thou,48376
though,48377
thought,48378
thought-provoking,48379
thought_process,48380
thoughtful,48381
thoughtfully,48382
thoughtfulness,48383
thoughtless,48384
thoughtlessly,48385
thoughtlessness,48386
thoughts,48387
thousand,48388
thousand_island_dressing,48389
thousands,48390
thrace,48391
thraldom,48392
thrall,48393
thrash,48394
thrash_about,48395
thrash_out,48396
thrashed,48397
thrashes,48398
thrashing,48399
thrashings,48400
thread,48401
threadbare,48402
threading,48403
threads,48404
threadworm,48405
thready,48406
threat,48407
threaten,48408
threatened,48409
threatening,48410
threatens,48411
threats,48412
three,48413
three-card_monte,48414
three-day_event,48415
three_times,48416
threescore,48417
threesome,48418
threesomes,48419
threnodies,48420
threnody,48421
thresh,48422
threshed,48423
thresher,48424
thresher_shark,48425
threshold,48426
thresholds,48427
threw,48428
threw_out,48429
thrice,48430
thrift,48431
thrifty,48432
thrill,48433
thrilled,48434
thriller,48435
thrillers,48436
thrilling,48437
thrills,48438
thrip,48439
thrive,48440
thriven,48441
thrives,48442
thriving,48443
throat,48444
throatier,48445
throaty,48446
throb,48447
throbbing,48448
throbs,48449
throe,48450
throes,48451
thrombi,48452
thrombosis,48453
thrombus,48454
throne,48455
thrones,48456
throng,48457
thronged,48458
thronging,48459
throngs,48460
throstle,48461
throttle,48462
throttles,48463
throttling,48464
through,48465
through_and_through,48466
throughout,48467
throughput,48468
throw,48469
throw_a_fit,48470
throw_away,48471
throw_in,48472
throw_in_the_towel,48473
throw_off,48474
throw_out,48475
throw_overboard,48476
throw_rug,48477
throw_together,48478
throw_up,48479
throwaway,48480
throwback,48481
thrower,48482
throwing,48483
throwing_away,48484
throwing_out,48485
thrown,48486
thrown_out,48487
throws,48488
throws_out,48489
throwster,48490
thrum,48491
thrumming,48492
thrums,48493
thrush,48494
thrust,48495
thrust_stage,48496
thrusts,48497
thud,48498
thug,48499
thuggery,48500
thugs,48501
thumb,48502
thumbed,48503
thumbnail,48504
thumbs,48505
thumbscrew,48506
thump,48507
thumped,48508
thumping,48509
thumps,48510
thunder,48511
thunderbolt,48512
thundered,48513
thunderer,48514
thundering,48515
thunderous,48516
thunders,48517
thunderstruck,48518
thundery,48519
thursday,48520
thursdays,48521
thus,48522
thus_far,48523
thwack,48524
thwacks,48525
thwart,48526
thwarted,48527
thwarting,48528
thwarts,48529
thylacine,48530
thyme,48531
thymi,48532
thymine,48533
thymus,48534
thyroxin,48535
tiara,48536
tiaras,48537
tiber,48538
tiberius,48539
tibet,48540
tibetan,48541
tibetans,48542
tibia,48543
tibias,48544
tic,48545
tick,48546
tick-tack-toe,48547
tick_off,48548
tick_over,48549
ticker,48550
ticker_tape,48551
tickers,48552
ticket,48553
tickets,48554
ticking,48555
tickle,48556
tickle_pink,48557
tickled,48558
tickler,48559
tickles,48560
ticklish,48561
ticks,48562
tics,48563
tictac,48564
tidal,48565
tidal_basin,48566
tidal_wave,48567
tidbit,48568
tiddler,48569
tiddlers,48570
tiddly,48571
tiddlywinks,48572
tide,48573
tide_over,48574
tide_rip,48575
tides,48576
tidewater,48577
tideway,48578
tidied,48579
tidier,48580
tidies,48581
tidiest,48582
tidiness,48583
tiding,48584
tidings,48585
tidy,48586
tidy_tips,48587
tidy_up,48588
tidying,48589
tie,48590
tie-in,48591
tie-ins,48592
tie-up,48593
tie-ups,48594
tie_beam,48595
tie_clip,48596
tie_clips,48597
tie_down,48598
tie_up,48599
tied,48600
tied_up,48601
tiepins,48602
tier,48603
tierce,48604
tiercel,48605
tiered,48606
tiers,48607
ties,48608
tiff,48609
tiffany,48610
tiffin,48611
tiffins,48612
tiffs,48613
tiger,48614
tiger_cat,48615
tiger_lily,48616
tiger_moth,48617
tigerish,48618
tigers,48619
tight,48620
tight-fitting,48621
tighten,48622
tighten_up,48623
tightening,48624
tightens,48625
tighter,48626
tightlipped,48627
tightly,48628
tightness,48629
tightrope,48630
tights,48631
tightwad,48632
tigon,48633
tigress,48634
tigresses,48635
tigris,48636
tilapia,48637
tilde,48638
tildes,48639
tile,48640
tiled,48641
tiler,48642
tiles,48643
tilia,48644
till,48645
tillage,48646
tillandsias,48647
tiller,48648
tills,48649
tilt,48650
tilted,48651
tilting,48652
tilts,48653
timbale,48654
timbales,48655
timber,48656
timber_tree,48657
timbre,48658
time,48659
time-consuming,48660
time-honoured,48661
time-out,48662
time_and_again,48663
time_and_time_again,48664
time_being,48665
time_bomb,48666
time_frame,48667
time_lag,48668
time_lags,48669
time_limit,48670
time_machine,48671
time_of_day,48672
time_of_life,48673
time_of_year,48674
time_off,48675
time_out,48676
time_period,48677
time_scale,48678
time_sheet,48679
time_to_come,48680
timekeeper,48681
timekeepers,48682
timeless,48683
timely,48684
timepiece,48685
timer,48686
timers,48687
times,48688
timeserver,48689
timetable,48690
timetables,48691
timeworn,48692
timid,48693
timidity,48694
timidly,48695
timidness,48696
timing,48697
timor,48698
timorous,48699
timothy,48700
timpani,48701
tin,48702
tin_can,48703
tin_hat,48704
tin_opener,48705
tin_whistle,48706
tinamou,48707
tinct,48708
tincture,48709
tinctured,48710
tinctures,48711
tinder,48712
tine,48713
tinea,48714
tineids,48715
tines,48716
tinfoil,48717
tinge,48718
tinges,48719
tingle,48720
tingles,48721
tingling,48722
tiniest,48723
tinker,48724
tinkers,48725
tinkle,48726
tinned,48727
tinned_meat,48728
tinnier,48729
tinnitus,48730
tinny,48731
tinpot,48732
tins,48733
tinsel,48734
tinselly,48735
tinsmith,48736
tint,48737
tintack,48738
tintings,48739
tintinnabulated,48740
tintinnabulation,48741
tintoretto,48742
tints,48743
tiny,48744
tip,48745
tip-off,48746
tip-top,48747
tip_off,48748
tipped,48749
tipper,48750
tippet,48751
tipple,48752
tippled,48753
tippler,48754
tipples,48755
tips,48756
tipsier,48757
tipstaff,48758
tipster,48759
tipsy,48760
tipsy_cake,48761
tiptoe,48762
tiptop,48763
tirade,48764
tirades,48765
tiramisu,48766
tirana,48767
tire,48768
tire_out,48769
tired,48770
tired_of,48771
tiredness,48772
tireless,48773
tires,48774
tiresome,48775
tiring,48776
tiro,48777
tis,48778
tisane,48779
tisanes,48780
tishri,48781
tisiphone,48782
tissue,48783
tissued,48784
tissues,48785
tit,48786
tit_for_tat,48787
titan,48788
titaness,48789
titania,48790
titanic,48791
titanium,48792
titanium_dioxide,48793
titans,48794
titbit,48795
titbits,48796
titfer,48797
tithe,48798
tithe_barn,48799
titi,48800
titian,48801
titians,48802
titillate,48803
titillated,48804
titillates,48805
titillation,48806
titivate,48807
titivates,48808
titlark,48809
title,48810
title-holder,48811
title-holders,48812
title_deed,48813
title_of_respect,48814
title_role,48815
titled,48816
titles,48817
titling,48818
titmice,48819
titmouse,48820
tito,48821
titrate,48822
titration,48823
titter,48824
tittered,48825
tittle,48826
tittle-tattle,48827
titular,48828
titus,48829
tizzy,48830
to-do,48831
to-dos,48832
to_a_fault,48833
to_a_great_extent,48834
to_a_greater_extent,48835
to_a_t,48836
to_all_intents_and_purposes,48837
to_and_fro,48838
to_be_precise,48839
to_be_sure,48840
to_begin_with,48841
to_boot,48842
to_date,48843
to_order,48844
to_the_hilt,48845
to_the_letter,48846
to_wit,48847
toad,48848
toadfish,48849
toadies,48850
toads,48851
toadstool,48852
toadstools,48853
toady,48854
toast,48855
toasted,48856
toaster,48857
toastmaster,48858
toasts,48859
tobacco,48860
tobacco_user,48861
tobacconists,48862
tobago,48863
tobit,48864
toboggan,48865
toboggans,48866
toby,48867
toby_jug,48868
toccata,48869
toccatas,48870
tocsin,48871
tod,48872
today,48873
toddies,48874
toddle,48875
toddler,48876
toddlers,48877
toddy,48878
toe,48879
toe-to-toe,48880
toe_the_line,48881
toecap,48882
toed,48883
toehold,48884
toeing,48885
toenail,48886
toenails,48887
toes,48888
toff,48889
toffee,48890
toffee-nosed,48891
toffees,48892
toffs,48893
tofu,48894
toga,48895
togas,48896
together,48897
togetherness,48898
toggle,48899
toggled,48900
toggles,48901
togo,48902
togolese,48903
togs,48904
toil,48905
toiled,48906
toilers,48907
toilet,48908
toiletries,48909
toiletry,48910
toilets,48911
toiling,48912
toilsome,48913
tokay,48914
tokays,48915
toke,48916
token,48917
tokens,48918
tokyo,48919
told,48920
toledo,48921
tolerable,48922
tolerably,48923
tolerance,48924
tolerant,48925
tolerantly,48926
tolerate,48927
tolerated,48928
tolerates,48929
tolerating,48930
toleration,48931
tolkien,48932
toll,48933
toll_road,48934
tollbar,48935
tolling,48936
tolls,48937
tolstoy,48938
toltec,48939
tom,48940
tom-tom,48941
tom_and_jerry,48942
tom_collins,48943
tom_hanks,48944
tom_thumb,48945
tomahawk,48946
tomatillo,48947
tomato,48948
tomato_ketchup,48949
tomato_sauce,48950
tomatoes,48951
tomb,48952
tombola,48953
tombolas,48954
tomboy,48955
tomboyish,48956
tombs,48957
tombstone,48958
tomcat,48959
tomcats,48960
tome,48961
tomes,48962
tomfool,48963
tomfoolery,48964
tommyrot,48965
tomorrow,48966
tomtit,48967
ton,48968
tonality,48969
tone,48970
tone_down,48971
tone_of_voice,48972
tone_poem,48973
tone_poems,48974
tone_up,48975
toner,48976
toners,48977
tones,48978
tonga,48979
tongan,48980
tongs,48981
tongue,48982
tongue-in-cheek,48983
tongue-lashing,48984
tongue-tied,48985
tongued,48986
tongues,48987
tonic,48988
tonic_water,48989
tonics,48990
tonight,48991
tonnage,48992
tonne,48993
tonnes,48994
tons,48995
tonsil,48996
tonsillectomy,48997
tonsillitis,48998
tonsils,48999
tonsorial,49000
tonsure,49001
tonsured,49002
tony_blair,49003
too,49004
too_bad,49005
too_big_for_one's_breeches,49006
too_much,49007
too_soon,49008
took,49009
tool,49010
tool_chest,49011
tool_kit,49012
tooled,49013
tools,49014
toot,49015
tooth,49016
tooth_and_nail,49017
tooth_decay,49018
toothache,49019
toothbrush,49020
toothed_whale,49021
toothless,49022
toothpaste,49023
toothsome,49024
tootles,49025
toots,49026
top,49027
top-flight,49028
top-heavy,49029
top-notch,49030
top-quality,49031
top-secret,49032
top-up,49033
top_banana,49034
top_bananas,49035
top_brass,49036
top_dog,49037
top_dogs,49038
top_executive,49039
top_hat,49040
top_hats,49041
topaz,49042
topcoat,49043
tope,49044
toped,49045
topee,49046
topeka,49047
toper,49048
topers,49049
topes,49050
topi,49051
topiary,49052
topic,49053
topical,49054
topicality,49055
topics,49056
topknot,49057
topless,49058
topmast,49059
topmost,49060
toponym,49061
topper,49062
toppers,49063
topping,49064
topple,49065
toppled,49066
toppling,49067
tops,49068
topsail,49069
topside,49070
topsides,49071
topsoil,49072
topsy-turvy,49073
toque,49074
tor,49075
torah,49076
torch,49077
torchbearer,49078
torched,49079
torches,49080
tore,49081
toreador,49082
toreadors,49083
torero,49084
tores,49085
tories,49086
torment,49087
tormented,49088
tormenter,49089
tormenting,49090
tormentor,49091
tormentors,49092
torments,49093
torn,49094
tornado,49095
tornadoes,49096
tornados,49097
toroidal,49098
toronto,49099
torpedo,49100
torpedoed,49101
torpedoes,49102
torpid,49103
torpor,49104
torquato_tasso,49105
torque,49106
torr,49107
torrent,49108
torrential,49109
torrents,49110
torrid,49111
torrid_zone,49112
torrid_zones,49113
torsi,49114
torsion,49115
torsions,49116
torsk,49117
torso,49118
torsos,49119
tort,49120
torte,49121
tortellini,49122
tortes,49123
tortilla,49124
tortilla_chip,49125
tortoise,49126
tortoises,49127
tortoiseshell,49128
tortoiseshell_butterfly,49129
tortuous,49130
torture,49131
tortured,49132
torturer,49133
tortures,49134
torturous,49135
torus,49136
tory,49137
toscanini,49138
tosh,49139
toss,49140
toss-up,49141
toss_off,49142
toss_out,49143
tossed,49144
tosses,49145
tossing,49146
tostada,49147
tot,49148
tot_up,49149
total,49150
totalitarian,49151
totalitarianism,49152
totality,49153
totalled,49154
totally,49155
totals,49156
tote,49157
tote_bag,49158
toted,49159
totem,49160
totem_pole,49161
totemic,49162
totems,49163
totes,49164
toting,49165
tots,49166
totter,49167
totters,49168
tottery,49169
toucan,49170
touch,49171
touch-and-go,49172
touch_base,49173
touch_down,49174
touch_on,49175
touch_screen,49176
touch_up,49177
touchable,49178
touchdown,49179
touched,49180
touches,49181
touchily,49182
touching,49183
touchstone,49184
touchy,49185
tough,49186
tough_guy,49187
tough_guys,49188
toughen,49189
toughened,49190
toughening,49191
tougher,49192
toughest,49193
toughness,49194
toughs,49195
toulouse,49196
toulouse-lautrec,49197
toupee,49198
tour,49199
tour_de_force,49200
tour_de_france,49201
tour_guide,49202
toured,49203
tourer,49204
tourers,49205
touring,49206
tourism,49207
tourist,49208
tourist_attraction,49209
tourists,49210
tourmaline,49211
tournament,49212
tournaments,49213
tournedos,49214
tourney,49215
tourniquet,49216
tours,49217
tousle,49218
tousled,49219
tousling,49220
tout,49221
tow,49222
towage,49223
towboat,49224
towed,49225
towel,49226
towelling,49227
towels,49228
tower,49229
tower_of_london,49230
towered,49231
towering,49232
towers,49233
towhead,49234
towhee,49235
towline,49236
town,49237
town_clerks,49238
town_crier,49239
town_gas,49240
town_house,49241
townie,49242
towns,49243
townsfolk,49244
township,49245
towpath,49246
tows,49247
toxic,49248
toxic_condition,49249
toxin,49250
toy,49251
toy_poodle,49252
toy_soldier,49253
toy_spaniel,49254
toy_with,49255
toyed,49256
toyota,49257
toys,49258
trace,49259
traced,49260
tracer,49261
tracery,49262
traces,49263
trachea,49264
tracing,49265
track,49266
track_down,49267
track_event,49268
track_record,49269
tracked,49270
tracked_vehicle,49271
tracker,49272
tracking,49273
tracks,49274
tract,49275
tractarian,49276
traction,49277
traction_engine,49278
tractor,49279
tractors,49280
tracts,49281
tracy,49282
trad,49283
trade,49284
trade-in,49285
trade-offs,49286
trade_gap,49287
trade_in,49288
trade_name,49289
trade_union,49290
trade_wind,49291
traded,49292
trademark,49293
trademarks,49294
trader,49295
traders,49296
trades,49297
tradescantia,49298
tradesman,49299
tradesmen,49300
trading,49301
trading_post,49302
tradition,49303
traditional,49304
traditionalist,49305
traditionally,49306
traditions,49307
traduce,49308
traduced,49309
traducing,49310
trafalgar,49311
traffic,49312
traffic_cop,49313
traffic_jam,49314
traffic_light,49315
trafficking,49316
traffics,49317
tragedian,49318
tragedians,49319
tragedienne,49320
tragediennes,49321
tragedies,49322
tragedy,49323
tragic,49324
tragically,49325
tragicomedy,49326
tragopan,49327
trail,49328
trailblazer,49329
trailblazers,49330
trailed,49331
trailer,49332
trailers,49333
trailing,49334
trails,49335
train,49336
train_of_thought,49337
train_set,49338
trainbearer,49339
trained,49340
trainee,49341
trainees,49342
trainer,49343
trainers,49344
training,49345
training_college,49346
trains,49347
traipse,49348
trait,49349
traitor,49350
traitorous,49351
traitors,49352
traits,49353
trajan,49354
trajectory,49355
tram,49356
tramcar,49357
tramcars,49358
tramlines,49359
trammel,49360
trammels,49361
tramp,49362
tramp_steamer,49363
trample,49364
trampled,49365
trampling,49366
trampoline,49367
tramps,49368
trams,49369
trance,49370
tranche,49371
tranches,49372
tranquil,49373
tranquillise,49374
tranquillised,49375
tranquilliser,49376
tranquillisers,49377
tranquillity,49378
tranquillizer,49379
transact,49380
transaction,49381
transactions,49382
transcend,49383
transcendence,49384
transcendent,49385
transcendental,49386
transcendentalist,49387
transcribe,49388
transcriber,49389
transcript,49390
transcription,49391
transect,49392
transept,49393
transfer,49394
transferable,49395
transference,49396
transferral,49397
transferred,49398
transferring,49399
transfers,49400
transfix,49401
transfixed,49402
transfixes,49403
transfixing,49404
transform,49405
transformation,49406
transformations,49407
transformed,49408
transformer,49409
transformers,49410
transforming,49411
transfuse,49412
transfused,49413
transgress,49414
transgressed,49415
transgression,49416
transgressions,49417
transience,49418
transient,49419
transiently,49420
transistor,49421
transit,49422
transition,49423
transitional,49424
transitory,49425
transits,49426
translate,49427
translated,49428
translation,49429
translations,49430
translator,49431
translucent,49432
transmigration,49433
transmigrations,49434
transmission,49435
transmit,49436
transmits,49437
transmitted,49438
transmitter,49439
transmitters,49440
transmitting,49441
transmutation,49442
transmute,49443
transmuted,49444
transom,49445
transparency,49446
transparent,49447
transparently,49448
transpire,49449
transpired,49450
transplant,49451
transplantation,49452
transplants,49453
transponder,49454
transport,49455
transportation,49456
transported,49457
transporter,49458
transports,49459
transposable,49460
transpose,49461
transposition,49462
transverse,49463
transversely,49464
trap,49465
trap_door,49466
trapeze,49467
trapezia,49468
trapezium,49469
trapezoid,49470
trapped,49471
trapper,49472
trapping,49473
trappings,49474
trappist,49475
trappists,49476
traps,49477
trash,49478
trash_cans,49479
trashed,49480
trashes,49481
trashier,49482
trashiest,49483
trashy,49484
trauma,49485
traumatic,49486
traumatise,49487
traumatised,49488
traumatising,49489
travail,49490
travailed,49491
travails,49492
travel,49493
travel_plan,49494
travelled,49495
traveller,49496
travellers,49497
travelling,49498
travelling_bag,49499
travelling_bags,49500
travelling_salesman,49501
travels,49502
traversal,49503
traverse,49504
traversed,49505
traverses,49506
travesties,49507
travesty,49508
trawl,49509
trawler,49510
trawlers,49511
tray,49512
treacheries,49513
treacherous,49514
treachery,49515
treacle,49516
tread,49517
treading,49518
treadle,49519
treadmill,49520
treadmills,49521
treads,49522
treason,49523
treasonable,49524
treasonous,49525
treasure,49526
treasure_hunt,49527
treasured,49528
treasurer,49529
treasures,49530
treasuries,49531
treasury,49532
treasury_department,49533
treat,49534
treated,49535
treaties,49536
treating,49537
treatise,49538
treatises,49539
treatment,49540
treatments,49541
treats,49542
treaty,49543
treble,49544
trebled,49545
trebling,49546
trebuchet,49547
trebuchets,49548
tree,49549
tree-living,49550
tree_fern,49551
tree_frog,49552
tree_house,49553
tree_of_heaven,49554
tree_onion,49555
tree_shrew,49556
tree_surgeon,49557
tree_trunk,49558
treed,49559
treeless,49560
trees,49561
treetop,49562
treetops,49563
trefoil,49564
trefoils,49565
trek,49566
trekker,49567
treks,49568
trellis,49569
trellised,49570
trema,49571
tremble,49572
trembled,49573
trembler,49574
trembles,49575
trembling,49576
tremendous,49577
tremendously,49578
tremolo,49579
tremor,49580
tremors,49581
tremulous,49582
trench,49583
trench_coat,49584
trench_warfare,49585
trenchancy,49586
trenchant,49587
trencher,49588
trenchers,49589
trenches,49590
trend,49591
trended,49592
trending,49593
trends,49594
trendsetting,49595
trendy,49596
trent,49597
trepan,49598
trepanned,49599
trespass,49600
trespassed,49601
trespasser,49602
trespasses,49603
trespassing,49604
tress,49605
tresses,49606
trestle,49607
trestle_bridge,49608
trevelyan,49609
trews,49610
triad,49611
triage,49612
trial,49613
trial_and_error,49614
trial_period,49615
trial_run,49616
trial_runs,49617
trials,49618
triangle,49619
triangles,49620
triangular,49621
triassic,49622
tribades,49623
tribal,49624
tribal_chief,49625
tribalism,49626
tribe,49627
tribes,49628
tribesman,49629
tribunal,49630
tribunals,49631
tribune,49632
tributary,49633
tribute,49634
tributes,49635
trice,49636
triceps,49637
triceratops,49638
triceratopses,49639
trick,49640
trick_out,49641
tricked,49642
trickeries,49643
trickery,49644
tricking,49645
trickle,49646
tricks,49647
trickster,49648
tricksters,49649
tricksy,49650
tricky,49651
tricolor,49652
tricolour,49653
tricorn,49654
tricot,49655
tricycle,49656
trident,49657
tridents,49658
tried,49659
trier,49660
tries,49661
trifle,49662
trifler,49663
trifles,49664
trifling,49665
trig,49666
trigger,49667
trigger-happy,49668
triggered,49669
triggering,49670
triggerman,49671
triggers,49672
triglyceride,49673
trigonometric_function,49674
trike,49675
trilby,49676
trill,49677
trilling,49678
trillion,49679
trilliums,49680
trills,49681
trilobite,49682
trilogies,49683
trilogy,49684
trim,49685
trim_back,49686
trimaran,49687
trimarans,49688
trimester,49689
trimmed,49690
trimmer,49691
trimming,49692
trimmings,49693
trims,49694
trinidad,49695
trinidadian,49696
trinitrotoluene,49697
trinity,49698
trinket,49699
trinkets,49700
trio,49701
triode,49702
triodes,49703
trip,49704
trip_out,49705
trip_up,49706
tripe,49707
triple,49708
triple_crown,49709
triple_jump,49710
triple_sec,49711
triple_time,49712
tripled,49713
triplet,49714
triplets,49715
tripod,49716
tripods,49717
tripoli,49718
tripos,49719
tripped,49720
tripper,49721
trippers,49722
tripping,49723
trips,49724
triptych,49725
trireme,49726
triremes,49727
trisect,49728
tristan,49729
trite,49730
triteness,49731
tritium,49732
triton,49733
triumph,49734
triumphal,49735
triumphant,49736
triumphed,49737
triumphs,49738
trivalent,49739
trivet,49740
trivia,49741
trivial,49742
trivialised,49743
triviality,49744
trivially,49745
troat,49746
troche,49747
trochee,49748
trod,49749
trodden,49750
troglodyte,49751
troglodytes,49752
troika,49753
trojan,49754
trojan_war,49755
troll,49756
troller,49757
trolley,49758
trolleybus,49759
trolleys,49760
trolling,49761
trollop,49762
trollope,49763
trollops,49764
trolls,49765
trombone,49766
trombones,49767
trombonist,49768
troop,49769
trooped,49770
trooper,49771
troops,49772
trope,49773
trophies,49774
trophy,49775
tropic,49776
tropical,49777
tropics,49778
troposphere,49779
trot,49780
trot_out,49781
troth,49782
trots,49783
trotsky,49784
trotskyist,49785
trotskyites,49786
trotted,49787
trotter,49788
trotters,49789
trotting,49790
troubadour,49791
trouble,49792
trouble-free,49793
troubled,49794
troublemaker,49795
troublemakers,49796
troubler,49797
troubles,49798
troubleshooter,49799
troublesome,49800
troubling,49801
trough,49802
troughs,49803
trounce,49804
trounced,49805
trounces,49806
trouncing,49807
troupe,49808
trouper,49809
troupers,49810
troupes,49811
trouser,49812
trousered,49813
trousering,49814
trousers,49815
trousseau,49816
trout,49817
trouts,49818
trove,49819
trowel,49820
trowels,49821
troy,49822
truancy,49823
truant,49824
truants,49825
truce,49826
truck,49827
truck_driver,49828
trucker,49829
trucks,49830
truculence,49831
truculent,49832
trudge,49833
trudges,49834
true,49835
true-blue,49836
true_rib,49837
true_to_life,49838
truelove,49839
truffle,49840
truffles,49841
truism,49842
truisms,49843
truly,49844
truman,49845
trump,49846
trump_card,49847
trump_cards,49848
trump_up,49849
trumped-up,49850
trumpery,49851
trumpet,49852
trumpeted,49853
trumpeter,49854
trumpeter_swans,49855
trumpeters,49856
trumpets,49857
trumps,49858
truncate,49859
truncates,49860
truncation,49861
truncheon,49862
trundle,49863
trundling,49864
trunk,49865
trunk_road,49866
trunk_route,49867
trunks,49868
truss,49869
trussed,49870
trusses,49871
trussing,49872
trust,49873
trust_deed,49874
trust_fund,49875
trusted,49876
trustee,49877
trustees,49878
trustful,49879
trusting,49880
trustworthy,49881
trusty,49882
truth,49883
truth_serum,49884
truthful,49885
truthfulness,49886
try,49887
try-on,49888
try_out,49889
try_square,49890
trying,49891
tryout,49892
tryouts,49893
trypsin,49894
tryst,49895
trysts,49896
tsar,49897
tsarina,49898
tsarinas,49899
tsaritsa,49900
tsars,49901
tsetse,49902
tsetse_fly,49903
tsk,49904
tsuga,49905
tsunami,49906
tsunamis,49907
tt,49908
tuareg,49909
tuatara,49910
tub,49911
tub-thumper,49912
tuba,49913
tubas,49914
tubbier,49915
tubby,49916
tube,49917
tubed,49918
tuber,49919
tubercle,49920
tuberculosis,49921
tuberose,49922
tuberous,49923
tubers,49924
tubes,49925
tubing,49926
tubs,49927
tuck,49928
tuck_in,49929
tuck_shop,49930
tucker,49931
tucker_out,49932
tucking,49933
tucks,49934
tucson,49935
tudor,49936
tudors,49937
tuesday,49938
tuff,49939
tuffet,49940
tuft,49941
tufted,49942
tug,49943
tug-of-war,49944
tugboat,49945
tugged,49946
tuggers,49947
tugging,49948
tugs,49949
tuition,49950
tulip,49951
tulip_tree,49952
tulips,49953
tulle,49954
tulsa,49955
tulu,49956
tum,49957
tumble,49958
tumbled,49959
tumbler,49960
tumblers,49961
tumbleweed,49962
tumbling,49963
tumbrel,49964
tumbril,49965
tumefied,49966
tumesce,49967
tumescent,49968
tumid,49969
tummies,49970
tummy,49971
tumour,49972
tumours,49973
tumult,49974
tumulus,49975
tun,49976
tuna,49977
tuna_fish,49978
tundra,49979
tune,49980
tune_in,49981
tuneful,49982
tuneless,49983
tuner,49984
tunes,49985
tungstate,49986
tungsten,49987
tunic,49988
tunics,49989
tunis,49990
tunisia,49991
tunisian,49992
tunnel,49993
tunnels,49994
tunny,49995
tuns,49996
tup,49997
tupelo,49998
turban,49999
turbid,50000
turbine,50001
turbines,50002
turbofan,50003
turbojet,50004
turbojets,50005
turboprop,50006
turbot,50007
turbulence,50008
turbulent,50009
tureen,50010
tureens,50011
turf,50012
turf_out,50013
turf_war,50014
turgenev,50015
turgid,50016
turin,50017
turing,50018
turk,50019
turkey,50020
turkey_buzzard,50021
turkey_trot,50022
turkeys,50023
turkish,50024
turkish_delight,50025
turmeric,50026
turmoil,50027
turn,50028
turn-ons,50029
turn_a_blind_eye,50030
turn_around,50031
turn_away,50032
turn_back,50033
turn_down,50034
turn_in,50035
turn_of_events,50036
turn_of_phrase,50037
turn_off,50038
turn_on,50039
turn_out,50040
turn_over,50041
turn_tail,50042
turn_to,50043
turn_turtle,50044
turn_up,50045
turnabout,50046
turncoat,50047
turncoats,50048
turned,50049
turned_on,50050
turned_out,50051
turner,50052
turning,50053
turning_away,50054
turning_point,50055
turning_points,50056
turnip,50057
turnips,50058
turnkey,50059
turnkeys,50060
turnout,50061
turnover,50062
turnovers,50063
turnpike,50064
turnround,50065
turns,50066
turnspit,50067
turnstile,50068
turnstiles,50069
turnstone,50070
turntables,50071
turpentine,50072
turpin,50073
turpitude,50074
turps,50075
turquoise,50076
turret,50077
turtle,50078
turtledove,50079
turtles,50080
tuscaloosa,50081
tuscan,50082
tuscany,50083
tuscarora,50084
tush,50085
tusk,50086
tusk_shell,50087
tusker,50088
tuskers,50089
tussaud,50090
tussle,50091
tussled,50092
tussles,50093
tussling,50094
tussock,50095
tussore,50096
tut,50097
tut-tut,50098
tutankhamen,50099
tutee,50100
tutees,50101
tutelage,50102
tutor,50103
tutored,50104
tutorial,50105
tutorials,50106
tutoring,50107
tutors,50108
tutorship,50109
tutsi,50110
tutti-frutti,50111
tutu,50112
tuxedo,50113
tv,50114
tv_audience,50115
tv_channel,50116
tv_set,50117
tv_show,50118
tv_shows,50119
tv_station,50120
twaddle,50121
twain,50122
twang,50123
twangs,50124
tweak,50125
tweaked,50126
tweaking,50127
tweaks,50128
twee,50129
tweed,50130
tweedle,50131
tweeds,50132
tweedy,50133
tweet,50134
tweeted,50135
tweeter,50136
tweeters,50137
tweeting,50138
tweets,50139
twelfth,50140
twelfth_night,50141
twelfths,50142
twelve,50143
twelvemonth,50144
twenties,50145
twentieth,50146
twenty,50147
twenty-four_hours,50148
twenty-one,50149
twenty-three,50150
twenty-twenty,50151
twenty-two,50152
twerp,50153
twerps,50154
twice,50155
twiddle,50156
twiddles,50157
twig,50158
twigged,50159
twiggiest,50160
twigs,50161
twilight,50162
twilight_of_the_gods,50163
twilight_zone,50164
twilights,50165
twilit,50166
twill,50167
twin,50168
twine,50169
twined,50170
twiner,50171
twinge,50172
twinged,50173
twinges,50174
twinging,50175
twinkle,50176
twinkled,50177
twinkling,50178
twins,50179
twirl,50180
twirls,50181
twirp,50182
twist,50183
twisted,50184
twister,50185
twisters,50186
twisting,50187
twists,50188
twisty,50189
twit,50190
twitch,50191
twitches,50192
twitching,50193
twits,50194
twitter,50195
twittered,50196
twittering,50197
twitters,50198
two,50199
two-by-four,50200
two-dimensional,50201
two-faced,50202
two-piece,50203
two-seater,50204
two-sided,50205
two-step,50206
two-steps,50207
two-time,50208
two-timed,50209
two-timer,50210
two-timers,50211
two-timing,50212
two-wheeler,50213
two-year-old,50214
two_iron,50215
two_weeks,50216
twofold,50217
twos,50218
twosome,50219
tycoon,50220
tying,50221
tying_up,50222
tyke,50223
tyler,50224
tympana,50225
tympanic_membrane,50226
tyne,50227
type,50228
typecast,50229
typeface,50230
types,50231
typescript,50232
typeset,50233
typesetter,50234
typesetters,50235
typewriter,50236
typhoid,50237
typhoon,50238
typhus,50239
typic,50240
typical,50241
typically,50242
typified,50243
typify,50244
typo,50245
typos,50246
tyrannic,50247
tyrannical,50248
tyrannise,50249
tyrannised,50250
tyrannises,50251
tyrannous,50252
tyranny,50253
tyrant,50254
tyrant_flycatcher,50255
tyrants,50256
tyre,50257
tyres,50258
tyro,50259
tyrolean,50260
tyrolese,50261
tyros,50262
tyson,50263
tzar,50264
tzarina,50265
u,50266
u-boat,50267
u-boats,50268
u-turn,50269
uakaris,50270
ubiquitous,50271
ubiquity,50272
udder,50273
udometer,50274
uganda,50275
ugandan,50276
ugandans,50277
ugli,50278
ugliness,50279
ugly,50280
ugly_duckling,50281
ugrian,50282
ugric,50283
ukase,50284
ukases,50285
uke,50286
ukes,50287
ukraine,50288
ukrainian,50289
ukrainians,50290
ukulele,50291
ulan_bator,50292
ulcer,50293
ulcers,50294
ulex,50295
ulitis,50296
ulna,50297
ulnae,50298
ulnar,50299
ulster,50300
ulsters,50301
ulterior,50302
ultimata,50303
ultimate,50304
ultimately,50305
ultimatum,50306
ultimo,50307
ultra,50308
ultraconservative,50309
ultramarine,50310
ultramodern,50311
ultrasound,50312
ululate,50313
ululated,50314
ululates,50315
ululating,50316
ulysses,50317
ulysses_simpson_grant,50318
uma,50319
umbel,50320
umbellifers,50321
umber,50322
umbilical,50323
umbo,50324
umbra,50325
umbrae,50326
umbrage,50327
umbras,50328
umbrella,50329
umbrellas,50330
umbria,50331
umbrian,50332
umlaut,50333
umpire,50334
umpired,50335
umpires,50336
umpteen,50337
unabashed,50338
unabated,50339
unable,50340
unabridged,50341
unacceptable,50342
unaccompanied,50343
unaccountably,50344
unaccustomed,50345
unadorned,50346
unadulterated,50347
unadventurous,50348
unaffected,50349
unaffectionate,50350
unafraid,50351
unaided,50352
unaired,50353
unalike,50354
unalloyed,50355
unaltered,50356
unambiguous,50357
unambiguously,50358
unanimated,50359
unanimous,50360
unanticipated,50361
unappealing,50362
unappreciated,50363
unapproachable,50364
unarm,50365
unarmed,50366
unashamed,50367
unasked,50368
unassertive,50369
unassisted,50370
unassuming,50371
unattached,50372
unattainable,50373
unattended,50374
unattractive,50375
unauthorised,50376
unavailable,50377
unavailing,50378
unavoidable,50379
unavoidably,50380
unaware,50381
unawareness,50382
unawares,50383
unbalanced,50384
unbaptised,50385
unbar,50386
unbearable,50387
unbeatable,50388
unbeaten,50389
unbecoming,50390
unbelief,50391
unbelievable,50392
unbeliever,50393
unbelievers,50394
unbelieving,50395
unbending,50396
unbends,50397
unbiased,50398
unbiassed,50399
unbinds,50400
unblemished,50401
unblock,50402
unblocked,50403
unblocking,50404
unblushing,50405
unbolt,50406
unbolts,50407
unbound,50408
unbowed,50409
unbox,50410
unbroken,50411
unbuckle,50412
unburden,50413
unbutton,50414
unbuttoned,50415
uncalled-for,50416
uncanny,50417
uncapped,50418
uncared-for,50419
uncaring,50420
unceasing,50421
unceasingly,50422
uncensored,50423
unceremonious,50424
uncertain,50425
uncertainties,50426
uncertainty,50427
unchain,50428
unchallenged,50429
unchangeable,50430
unchanged,50431
unchanging,50432
uncharacteristic,50433
uncharitable,50434
uncharted,50435
unchartered,50436
unchaste,50437
unchecked,50438
unci,50439
uncivil,50440
uncivilised,50441
unclad,50442
unclaimed,50443
unclasp,50444
uncle,50445
uncle_remus,50446
uncle_sam,50447
uncle_tom,50448
unclean,50449
unclear,50450
uncles,50451
unclip,50452
unclipped,50453
uncloak,50454
unclog,50455
unclogs,50456
unclothe,50457
unclothed,50458
unclothing,50459
unclouded,50460
unco,50461
uncoil,50462
uncoils,50463
uncomfortable,50464
uncommon,50465
uncommonly,50466
uncommunicative,50467
uncomplaining,50468
uncomplicated,50469
uncomplimentary,50470
uncompromising,50471
unconcern,50472
unconcerned,50473
unconditional,50474
uncongenial,50475
unconnected,50476
unconscionable,50477
unconscious,50478
unconsidered,50479
uncontaminated,50480
uncontrollable,50481
uncontrolled,50482
unconventional,50483
unconvinced,50484
unconvincing,50485
uncooked,50486
uncool,50487
uncooperative,50488
uncordial,50489
uncork,50490
uncorks,50491
uncorrupted,50492
uncouple,50493
uncouth,50494
uncover,50495
uncovered,50496
uncovering,50497
uncovers,50498
uncrate,50499
uncritical,50500
unction,50501
unctuous,50502
uncultivated,50503
uncultured,50504
uncurl,50505
uncut,50506
undamaged,50507
undated,50508
undaunted,50509
undecided,50510
undefeated,50511
undefended,50512
undemanding,50513
undemocratic,50514
undemonstrative,50515
undeniable,50516
undeniably,50517
undependable,50518
under,50519
under_attack,50520
under_the_weather,50521
under_way,50522
under_wraps,50523
underact,50524
underclass,50525
underclasses,50526
underclothing,50527
undercoat,50528
undercover,50529
undercover_agent,50530
undercover_work,50531
undercurrent,50532
undercurrents,50533
undercut,50534
underdeveloped,50535
underdog,50536
underdone,50537
underestimate,50538
underfed,50539
underfoot,50540
undergarment,50541
undergarments,50542
undergird,50543
undergo,50544
undergoing,50545
undergrad,50546
undergraduate,50547
undergraduates,50548
underground,50549
undergrowth,50550
underhand,50551
underived,50552
underlay,50553
underlie,50554
underline,50555
underlined,50556
underling,50557
underlings,50558
underlying,50559
undermine,50560
undermined,50561
undermining,50562
underneath,50563
undernourished,50564
underpants,50565
underpass,50566
underpin,50567
underpins,50568
underplay,50569
underprivileged,50570
underrate,50571
underrated,50572
underscore,50573
underscoring,50574
undersea,50575
underseal,50576
undersecretary,50577
underside,50578
undersized,50579
underskirt,50580
underskirts,50581
understand,50582
understandable,50583
understanding,50584
understandings,50585
understands,50586
understate,50587
understated,50588
understatement,50589
understatements,50590
understood,50591
understudy,50592
undertake,50593
undertaker,50594
undertaking,50595
undertakings,50596
undertone,50597
undertones,50598
undertow,50599
undervalue,50600
underwater,50601
underwear,50602
underwent,50603
underworld,50604
underwrite,50605
underwriter,50606
underwritten,50607
undeserved,50608
undesirable,50609
undesirables,50610
undetected,50611
undeterred,50612
undeveloped,50613
undid,50614
undies,50615
undifferentiated,50616
undignified,50617
undiluted,50618
undiminished,50619
undine,50620
undines,50621
undiplomatic,50622
undisciplined,50623
undisclosed,50624
undiscovered,50625
undisguised,50626
undistinguished,50627
undisturbed,50628
undo,50629
undock,50630
undoing,50631
undomesticated,50632
undone,50633
undoubtedly,50634
undramatic,50635
undreamt,50636
undress,50637
undressed,50638
undue,50639
undulate,50640
undulates,50641
undulating,50642
undulation,50643
unduly,50644
undyed,50645
undying,50646
unearned_income,50647
unearth,50648
unearthed,50649
unearthing,50650
unearthly,50651
unearths,50652
unease,50653
uneasiness,50654
uneasy,50655
uneatable,50656
uneconomical,50657
unedifying,50658
unedited,50659
uneducated,50660
unemotional,50661
unemotional_person,50662
unemployed,50663
unemployment,50664
unencumbered,50665
unending,50666
unenlightened,50667
unenthusiastic,50668
unenthusiastically,50669
unenviable,50670
unequal,50671
unequaled,50672
unequalled,50673
unequivocal,50674
unerring,50675
unerringly,50676
unesco,50677
unethical,50678
unethically,50679
uneven,50680
unevenness,50681
uneventful,50682
unexceptionable,50683
unexceptional,50684
unexcited,50685
unexciting,50686
unexpansive,50687
unexpected,50688
unexpectedly,50689
unfading,50690
unfailing,50691
unfair,50692
unfairly,50693
unfairness,50694
unfaithful,50695
unfaithfulness,50696
unfamiliar,50697
unfamiliarity,50698
unfashionable,50699
unfasten,50700
unfathomable,50701
unfavourable,50702
unfed,50703
unfeeling,50704
unfeigned,50705
unfettered,50706
unfilled,50707
unfinished,50708
unfinished_business,50709
unfit,50710
unflappable,50711
unfledged,50712
unfocused,50713
unfold,50714
unfolded,50715
unfolding,50716
unfolds,50717
unforced,50718
unforeseen,50719
unforgettable,50720
unforgiving,50721
unfortunate,50722
unfortunate_person,50723
unfortunately,50724
unfounded,50725
unfriendliness,50726
unfriendly,50727
unfruitful,50728
unfurl,50729
unfurling,50730
ungainly,50731
ungallant,50732
ungenerous,50733
ungentle,50734
ungentlemanly,50735
ungodly,50736
ungovernable,50737
ungoverned,50738
ungraceful,50739
ungrateful,50740
unguarded,50741
unguent,50742
unguents,50743
ungulate,50744
ungulates,50745
unhallowed,50746
unhand,50747
unhappiness,50748
unhappy,50749
unharmed,50750
unhealthy,50751
unheard,50752
unheard-of,50753
unhelpful,50754
unhesitating,50755
unhesitatingly,50756
unhindered,50757
unhinge,50758
unhinged,50759
unhitch,50760
unhitched,50761
unhitching,50762
unholiness,50763
unholy,50764
unhook,50765
unhooked,50766
unhooks,50767
unhoped-for,50768
unhorse,50769
unhurried,50770
unhurt,50771
unhygienic,50772
uniat,50773
unicorn,50774
unicorns,50775
unidentifiable,50776
unidentified,50777
unified,50778
uniform,50779
uniformity,50780
uniformly,50781
uniforms,50782
unify,50783
unilateral,50784
unilluminated,50785
unimaginable,50786
unimaginative,50787
unimpaired,50788
unimpeachable,50789
unimportance,50790
unimportant,50791
unimpressive,50792
uninformed,50793
uninhabited,50794
uninhibited,50795
uninjured,50796
uninspired,50797
uninspiring,50798
unintelligent,50799
unintelligible,50800
unintended,50801
unintentionally,50802
uninterested,50803
uninteresting,50804
uninterrupted,50805
uninviting,50806
union,50807
union_jack,50808
union_member,50809
union_soldier,50810
unionise,50811
unionist,50812
unions,50813
unique,50814
uniquely,50815
unironed,50816
unison,50817
unisons,50818
unit,50819
unit_trust,50820
unit_trusts,50821
unitarian,50822
unite,50823
united,50824
united_kingdom,50825
united_nations,50826
united_states,50827
unitedly,50828
unites,50829
uniting,50830
units,50831
unity,50832
univalve,50833
universal,50834
universe,50835
universities,50836
university,50837
unix,50838
unjust,50839
unjustifiable,50840
unjustified,50841
unkempt,50842
unkept,50843
unkeyed,50844
unkind,50845
unkindly,50846
unkindness,50847
unknot,50848
unknowing,50849
unknowingly,50850
unknown,50851
unknown_quantity,50852
unlatched,50853
unlawful,50854
unleaded_petrol,50855
unlearn,50856
unlearned,50857
unlearnt,50858
unleash,50859
unleashed,50860
unleashes,50861
unleavened_bread,50862
unlettered,50863
unlicensed,50864
unlikable,50865
unlike,50866
unlikely,50867
unlikeness,50868
unlimited,50869
unlisted,50870
unlit,50871
unload,50872
unloads,50873
unlock,50874
unlocked,50875
unlocks,50876
unloose,50877
unloosed,50878
unloosen,50879
unloosens,50880
unloosing,50881
unlucky,50882
unmade,50883
unmake,50884
unman,50885
unmanly,50886
unmanned,50887
unmannerly,50888
unmarked,50889
unmarred,50890
unmarried,50891
unmarried_woman,50892
unmask,50893
unmasked,50894
unmasking,50895
unmasks,50896
unmatched,50897
unmeasured,50898
unmelodic,50899
unmentionable,50900
unmentionables,50901
unmerciful,50902
unmethodical,50903
unmindful,50904
unmistakable,50905
unmistakably,50906
unmitigated,50907
unmixed,50908
unmoved,50909
unmusical,50910
unnamed,50911
unnatural,50912
unnecessarily,50913
unnecessary,50914
unneeded,50915
unnerve,50916
unnerved,50917
unnerves,50918
unnoted,50919
unnoticed,50920
unobjectionable,50921
unobliging,50922
unobservant,50923
unobserved,50924
unobtrusive,50925
unobtrusively,50926
unoccupied,50927
unofficial,50928
unofficially,50929
unoiled,50930
unopen,50931
unopened,50932
unopposed,50933
unoriginal,50934
unornamented,50935
unorthodox,50936
unpack,50937
unpaid,50938
unpaired,50939
unpalatable,50940
unparalleled,50941
unperturbed,50942
unpick,50943
unpin,50944
unplanned,50945
unplanted,50946
unpleasant,50947
unpleasant_person,50948
unpleasant_persons,50949
unpleasant_woman,50950
unpleasantness,50951
unplug,50952
unplugged,50953
unpolished,50954
unpopular,50955
unpopularity,50956
unposed,50957
unprecedented,50958
unpredictability,50959
unpredictable,50960
unprejudiced,50961
unpremeditated,50962
unprepared,50963
unprepossessing,50964
unpretentious,50965
unpretentiousness,50966
unpreventable,50967
unprincipled,50968
unproductive,50969
unprofessional,50970
unprofitable,50971
unpromising,50972
unproven,50973
unprovoked,50974
unpunctual,50975
unpunished,50976
unqualified,50977
unquestionable,50978
unquestionably,50979
unravel,50980
unravelled,50981
unravelling,50982
unread,50983
unreadable,50984
unreal,50985
unrealistic,50986
unreality,50987
unreason,50988
unreasonable,50989
unreasonably,50990
unrecognisable,50991
unrecognised,50992
unrefined,50993
unregenerate,50994
unregistered,50995
unrehearsed,50996
unrelated,50997
unrelaxed,50998
unrelenting,50999
unreliable,51000
unremarkable,51001
unremorseful,51002
unrepentant,51003
unreserved,51004
unreservedly,51005
unresolved,51006
unresponsive,51007
unrest,51008
unrestrained,51009
unrestricted,51010
unrewarding,51011
unripe,51012
unripened,51013
unrivaled,51014
unrivalled,51015
unroll,51016
unrolls,51017
unromantic,51018
unruffled,51019
unruliness,51020
unruly,51021
unsaddle,51022
unsaddled,51023
unsafe,51024
unsaid,51025
unsatisfactory,51026
unsatisfied,51027
unsaved,51028
unsavoury,51029
unsay,51030
unsays,51031
unscathed,51032
unscientific,51033
unscramble,51034
unscrew,51035
unscripted,51036
unscrupulous,51037
unseal,51038
unsealed,51039
unseals,51040
unseasonable,51041
unseat,51042
unseated,51043
unseats,51044
unsecured,51045
unseeing,51046
unseemly,51047
unseen,51048
unselfconscious,51049
unselfish,51050
unsentimental,51051
unsettle,51052
unsettled,51053
unsettles,51054
unsettling,51055
unsexing,51056
unshackled,51057
unshakable,51058
unshaped,51059
unshaved,51060
unshaven,51061
unsheathe,51062
unshockable,51063
unshod,51064
unsightly,51065
unsigned,51066
unsinkable,51067
unskilled,51068
unskillful,51069
unsmiling,51070
unsmooth,51071
unsociable,51072
unsoiled,51073
unsophisticated,51074
unsought,51075
unsound,51076
unsparing,51077
unspeakable,51078
unspecific,51079
unspecified,51080
unspectacular,51081
unspoiled,51082
unspoilt,51083
unspoken,51084
unsportsmanlike,51085
unstable,51086
unstarred,51087
unsteadiness,51088
unsteady,51089
unstinting,51090
unstirred,51091
unstoppable,51092
unstrained,51093
unstrap,51094
unstructured,51095
unstuck,51096
unstudied,51097
unsubstantiated,51098
unsubtle,51099
unsuccessful,51100
unsuccessfully,51101
unsuitable,51102
unsuited,51103
unsullied,51104
unsung,51105
unsupported,51106
unsure,51107
unsurpassable,51108
unsurpassed,51109
unsurprising,51110
unswayed,51111
unswerving,51112
unsympathetic,51113
unsympathetically,51114
unsystematic,51115
untainted,51116
untamed,51117
untangle,51118
untarnished,51119
untaught,51120
untaxed,51121
untenable,51122
untended,51123
unthinking,51124
unthinkingly,51125
untidiest,51126
untidiness,51127
untidy,51128
untie,51129
untied,51130
unties,51131
until_now,51132
untimely,51133
untired,51134
untiring,51135
untitled,51136
untold,51137
untouchable,51138
untouched,51139
untoward,51140
untraceable,51141
untrammelled,51142
untreated,51143
untried,51144
untrimmed,51145
untroubled,51146
untrue,51147
untrustworthy,51148
untrusty,51149
untruth,51150
untruthful,51151
untruthfulness,51152
untruths,51153
untutored,51154
untwine,51155
untwines,51156
untwist,51157
untwists,51158
untying,51159
untypical,51160
unusable,51161
unused,51162
unusual,51163
unusual_person,51164
unusually,51165
unvaried,51166
unvarying,51167
unveil,51168
unveiled,51169
unveiling,51170
unwanted,51171
unwarmed,51172
unwarranted,51173
unwashed,51174
unwavering,51175
unweaned,51176
unwed,51177
unwelcome,51178
unwelcome_guest,51179
unwelcome_person,51180
unwell,51181
unwholesome,51182
unwieldy,51183
unwilling,51184
unwind,51185
unwinding,51186
unwinds,51187
unwise,51188
unwitting,51189
unwonted,51190
unworldly,51191
unworthy,51192
unwound,51193
unwrap,51194
unwrapped,51195
unwritten,51196
unyielding,51197
unzip,51198
up,51199
up-and-coming,51200
up-to-date,51201
up-to-the-minute,51202
up_and_down,51203
up_here,51204
up_in_the_air,51205
up_on,51206
up_to,51207
up_to_now,51208
upanishad,51209
upbeat,51210
upbraid,51211
upbraided,51212
upbraiders,51213
upbraids,51214
upbringing,51215
upcoming,51216
upcountry,51217
update,51218
updated,51219
updating,51220
updike,51221
upend,51222
upended,51223
upends,51224
upfront,51225
upgrade,51226
upgraded,51227
upgrading,51228
upheaval,51229
upheave,51230
upheld,51231
uphill,51232
uphold,51233
upholder,51234
upholding,51235
upholds,51236
upholster,51237
upholstery,51238
upkeep,51239
upland,51240
uplands,51241
uplift,51242
uplifted,51243
uplifting,51244
uplifts,51245
uplinks,51246
upmarket,51247
upmost,51248
upped,51249
upper,51250
upper-class,51251
upper_class,51252
upper_classes,51253
upper_crust,51254
upper_hand,51255
upper_limit,51256
upper_side,51257
upper_surface,51258
uppercase,51259
uppercut,51260
uppermost,51261
uppers,51262
upping,51263
uppish,51264
uppishly,51265
uppishness,51266
uppity,51267
upraise,51268
upraised,51269
upraising,51270
upright,51271
upright_piano,51272
uprightness,51273
uprights,51274
uprising,51275
uprisings,51276
uproar,51277
uproarious,51278
uproot,51279
uprooted,51280
uprooting,51281
uprose,51282
ups,51283
upscale,51284
upset,51285
upsets,51286
upsetter,51287
upsetting,51288
upshot,51289
upshots,51290
upside,51291
upside_down,51292
upsilon,51293
upstage,51294
upstairs,51295
upstanding,51296
upstart,51297
upstarts,51298
upsurge,51299
uptake,51300
upthrust,51301
uptick,51302
upticks,51303
uptight,51304
uptown,51305
upturn,51306
upturns,51307
upward,51308
upwards,51309
uracil,51310
urals,51311
uranium,51312
uranus,51313
urban,51314
urban_area,51315
urban_areas,51316
urban_legend,51317
urbane,51318
urbanity,51319
urchin,51320
urchins,51321
urdu,51322
urea,51323
urethane,51324
urethra,51325
urethritis,51326
urge,51327
urge_on,51328
urged,51329
urgency,51330
urgent,51331
urgently,51332
urges,51333
urging,51334
urinated,51335
urination,51336
urine,51337
url,51338
urn,51339
urns,51340
urologist,51341
urologists,51342
ursa_minor,51343
ursus,51344
urtica,51345
urticaria,51346
uruguay,51347
us,51348
us_government,51349
usa,51350
usable,51351
usableness,51352
usaf,51353
usage,51354
usages,51355
usance,51356
use,51357
use_up,51358
useable,51359
used,51360
used_to,51361
useful,51362
usefully,51363
usefulness,51364
useless,51365
uselessness,51366
user,51367
users,51368
uses,51369
usher,51370
usher_in,51371
ushered,51372
usherettes,51373
ushering,51374
ushers,51375
using,51376
using_up,51377
ussr,51378
ustinov,51379
usual,51380
usually,51381
usurer,51382
usurious,51383
usurp,51384
usurped,51385
usurper,51386
usurping,51387
utah,51388
utahan,51389
ute,51390
utensil,51391
utensils,51392
uteri,51393
uterus,51394
utes,51395
utile,51396
utilisation,51397
utilise,51398
utilised,51399
utilitarian,51400
utilities,51401
utility,51402
utmost,51403
utopia,51404
utopian,51405
utopians,51406
utrecht,51407
uts,51408
uttar_pradesh,51409
utter,51410
utterance,51411
utterances,51412
uttered,51413
utterer,51414
uttering,51415
utterly,51416
uttermost,51417
utters,51418
uvula,51419
uxorial,51420
uxoricide,51421
uzbek,51422
uzbekistan,51423
uzi,51424
v,51425
v_neck,51426
vacancies,51427
vacancy,51428
vacant,51429
vacate,51430
vacates,51431
vacation,51432
vacation_spots,51433
vaccinate,51434
vaccinated,51435
vaccine,51436
vacillate,51437
vacillated,51438
vacillating,51439
vacillation,51440
vacuity,51441
vacuous,51442
vacuum,51443
vacuum_cleaner,51444
vacuum_flask,51445
vacuum_pump,51446
vade_mecum,51447
vagabond,51448
vagabondage,51449
vagabonds,51450
vagaries,51451
vagary,51452
vagi,51453
vagrant,51454
vagrants,51455
vague,51456
vain,51457
vainglorious,51458
vainglory,51459
vaisya,51460
valance,51461
vale,51462
valediction,51463
valedictory,51464
valence,51465
valencia,51466
valentine,51467
valentines,51468
valerian,51469
vales,51470
valet,51471
valets,51472
valetudinarian,51473
valiance,51474
valiant,51475
valid,51476
validate,51477
validated,51478
validates,51479
validity,51480
valise,51481
valkyrie,51482
valkyries,51483
valletta,51484
valley,51485
valleys,51486
valour,51487
valparaiso,51488
valuable,51489
valuables,51490
valuate,51491
valuation,51492
valuations,51493
value,51494
value-added_tax,51495
valued,51496
valuer,51497
values,51498
valve,51499
valves,51500
vamoose,51501
vamoosing,51502
vamp,51503
vampire,51504
vampire_bat,51505
vamps,51506
van,51507
van_allen,51508
van_gogh,51509
vanadium,51510
vancouver,51511
vandal,51512
vandalise,51513
vandalised,51514
vandalises,51515
vandalism,51516
vandalized,51517
vandals,51518
vandyke,51519
vane,51520
vanes,51521
vanessa,51522
vanguard,51523
vanilla,51524
vanillas,51525
vanish,51526
vanished,51527
vanishing,51528
vanishing_cream,51529
vanity,51530
vanity_fair,51531
vanquish,51532
vanquished,51533
vanquishes,51534
vans,51535
vantage_point,51536
vantages,51537
vanuatu,51538
vapid,51539
vaporise,51540
vaporised,51541
vaporize,51542
vaporous,51543
vapour,51544
vapours,51545
vaquero,51546
varese,51547
variable,51548
variance,51549
variant,51550
variation,51551
variations,51552
varicella,51553
varied,51554
variegate,51555
variegated,51556
varies,51557
varietal,51558
varieties,51559
variety,51560
variety_meats,51561
variety_show,51562
variety_shows,51563
various,51564
varlet,51565
varmint,51566
varnas,51567
varnish,51568
varnished,51569
varnishes,51570
varsity,51571
vary,51572
vas,51573
vase,51574
vasectomy,51575
vaseline,51576
vases,51577
vasopressin,51578
vassal,51579
vassals,51580
vast,51581
vastly,51582
vastness,51583
vat,51584
vatican,51585
vatican_city,51586
vatican_ii,51587
vats,51588
vaudeville,51589
vaughan_williams,51590
vault,51591
vaulted,51592
vaults,51593
vaunt,51594
veal,51595
veda,51596
vedanta,51597
veer,51598
veered,51599
veering,51600
veers,51601
veg,51602
vega,51603
vegetable,51604
vegetable_marrow,51605
vegetable_matter,51606
vegetable_patch,51607
vegetable_soup,51608
vegetables,51609
vegetarian,51610
vegetate,51611
vegetation,51612
veggie,51613
veggies,51614
vehemence,51615
vehement,51616
vehicle,51617
vehicles,51618
veil,51619
veiled,51620
veils,51621
vein,51622
veined,51623
velcro,51624
veldt,51625
veldts,51626
vellum,51627
velocipede,51628
velocity,51629
velodrome,51630
velour,51631
velum,51632
velvet,51633
velveteen,51634
vena_cava,51635
venal,51636
venality,51637
vend,51638
vendee,51639
vendetta,51640
vending_machine,51641
vendor,51642
vendors,51643
vends,51644
vendue,51645
veneer,51646
veneered,51647
veneers,51648
venerable,51649
venerate,51650
venerated,51651
veneration,51652
venereal,51653
venetian,51654
venetian_blind,51655
veneto,51656
venezuela,51657
vengeance,51658
vengeful,51659
venial,51660
venice,51661
venison,51662
venn,51663
venom,51664
venomous,51665
vent,51666
ventilate,51667
ventilator,51668
ventrally,51669
ventricle,51670
ventricles,51671
ventriloquist,51672
vents,51673
venture,51674
venture_capital,51675
ventured,51676
ventures,51677
venturesome,51678
venue,51679
venues,51680
venus,51681
veracious,51682
veracity,51683
veranda,51684
verandah,51685
verandahs,51686
verandas,51687
veratrum,51688
verb,51689
verbal,51690
verbal_expression,51691
verbal_noun,51692
verbalise,51693
verbatim,51694
verbiage,51695
verbose,51696
verbosity,51697
verboten,51698
verbs,51699
verdant,51700
verdi,51701
verdict,51702
verdigris,51703
verge,51704
verger,51705
veridical,51706
verification,51707
verify,51708
verifying,51709
verily,51710
veritable,51711
verity,51712
verlaine,51713
vermeer,51714
vermicelli,51715
vermilion,51716
vermillion,51717
vermin,51718
verminous,51719
vermont,51720
vermonter,51721
vermouth,51722
vernacular,51723
vernal,51724
verne,51725
vernier,51726
verona,51727
veronese,51728
veronica,51729
verrucae,51730
versace,51731
versailles,51732
versatile,51733
versatility,51734
verse,51735
verse_form,51736
versed,51737
verses,51738
versifier,51739
version,51740
versions,51741
verso,51742
vertebra,51743
vertebrae,51744
vertebral,51745
vertebrate,51746
vertex,51747
vertexes,51748
vertical,51749
vertically,51750
vertices,51751
vertigo,51752
vervain,51753
verve,51754
vervet,51755
very,51756
very_fast,51757
very_important_person,51758
very_light,51759
very_much,51760
very_much_like,51761
very_well,51762
vesical,51763
vesicle,51764
vesicular,51765
vespa,51766
vesper,51767
vespers,51768
vessel,51769
vessels,51770
vest,51771
vesta,51772
vestal,51773
vestibule,51774
vestige,51775
vestiges,51776
vestment,51777
vestments,51778
vestry,51779
vesuvius,51780
vet,51781
vetch,51782
veteran,51783
veteran_soldier,51784
veterans,51785
veto,51786
vetoed,51787
vetoes,51788
vetoing,51789
vets,51790
vetted,51791
vex,51792
vexation,51793
vexations,51794
vexatious,51795
vexed,51796
vexes,51797
vexing,51798
via_media,51799
viability,51800
viable,51801
viaduct,51802
viaducts,51803
viagra,51804
vial,51805
vials,51806
viand,51807
viands,51808
vibe,51809
vibes,51810
vibist,51811
vibraharp,51812
vibrancy,51813
vibrant,51814
vibrate,51815
vibrated,51816
vibrating,51817
vibration,51818
vibrations,51819
vibratory,51820
vibrio,51821
vicar,51822
vicar_of_christ,51823
vicarage,51824
vicarious,51825
vicars,51826
vice,51827
vice_chancellor,51828
vice_president,51829
vice_squad,51830
vice_versa,51831
viceroy,51832
vices,51833
vichyssoise,51834
vicinal,51835
vicinity,51836
vicious,51837
vicious_circle,51838
victim,51839
victimisation,51840
victimise,51841
victims,51842
victor,51843
victor_hugo,51844
victoria,51845
victoria_cross,51846
victoria_plum,51847
victoria_sponge,51848
victorian,51849
victoriana,51850
victories,51851
victorious,51852
victory,51853
victuals,51854
vicuna,51855
vidal,51856
videlicet,51857
video,51858
video_game,51859
videos,51860
videotaped,51861
vie,51862
vied,51863
vienna,51864
vietnam,51865
vietnamese,51866
view,51867
viewed,51868
viewer,51869
viewers,51870
viewfinder,51871
viewing,51872
viewpoint,51873
views,51874
vigil,51875
vigilance,51876
vigilant,51877
vigilante,51878
vigilantes,51879
vigilantly,51880
vigils,51881
vignette,51882
vigor,51883
vigorous,51884
vigorously,51885
vigour,51886
viking,51887
vikings,51888
vile,51889
vilification,51890
vilified,51891
vilify,51892
vilifying,51893
villa,51894
village,51895
villager,51896
villain,51897
villainous,51898
villains,51899
villainy,51900
villein,51901
villeinage,51902
vim,51903
vinaigrette,51904
vinca,51905
vindicate,51906
vindicated,51907
vindication,51908
vindictive,51909
vine,51910
vinegar,51911
vinegars,51912
vinegary,51913
vines,51914
vineyard,51915
vingt-et-un,51916
vino,51917
vintage,51918
vintages,51919
vintner,51920
vinyl,51921
vinyls,51922
viol,51923
viola,51924
viola_da_gamba,51925
violas,51926
violate,51927
violated,51928
violating,51929
violation,51930
violator,51931
violence,51932
violent,51933
violent_disorder,51934
violent_storm,51935
violent_storms,51936
violently,51937
violet,51938
violin,51939
violin_maker,51940
violin_section,51941
violinist,51942
violinists,51943
violins,51944
violist,51945
violists,51946
violoncello,51947
vip,51948
viper,51949
vipers,51950
vips,51951
virago,51952
viral_infection,51953
vireo,51954
virgil,51955
virgin,51956
virgin_birth,51957
virginal,51958
virginia,51959
virginia_creeper,51960
virginia_woolf,51961
virginity,51962
virgins,51963
virgo,51964
virile,51965
virility,51966
virtu,51967
virtual,51968
virtually,51969
virtue,51970
virtues,51971
virtuosi,51972
virtuosity,51973
virtuoso,51974
virtuosos,51975
virtuous,51976
virtuously,51977
virulence,51978
virus,51979
viruses,51980
vis-a-vis,51981
visa,51982
visaed,51983
visage,51984
visaged,51985
visages,51986
viscera,51987
visceral,51988
viscid,51989
viscount,51990
viscountess,51991
viscounts,51992
viscous,51993
vishnu,51994
visible,51995
visibly,51996
vision,51997
visionaries,51998
visionary,51999
visions,52000
visit,52001
visitation,52002
visited,52003
visitor,52004
visitors,52005
visor,52006
visors,52007
vista,52008
vistas,52009
vistula,52010
visual,52011
visual_defect,52012
visual_images,52013
visual_impairment,52014
visualisation,52015
visualise,52016
visualised,52017
visualises,52018
visually,52019
visually_challenged,52020
vital,52021
vital_force,52022
vital_organ,52023
vital_organs,52024
vital_sign,52025
vital_signs,52026
vitalise,52027
vitality,52028
vitally,52029
vitals,52030
vitamin,52031
vitamin_a,52032
vitamin_c,52033
vitamin_e,52034
vitamins,52035
vitelli,52036
vitiate,52037
vitiated,52038
vitiates,52039
vitreous,52040
vitrine,52041
vitriol,52042
vitriolic,52043
vituperate,52044
viva,52045
viva_voce,52046
vivace,52047
vivacious,52048
vivacity,52049
vivaldi,52050
viverra,52051
vivid,52052
vividly,52053
vivify,52054
vixen,52055
vixens,52056
vizier,52057
vladimir_putin,52058
vocabulary,52059
vocal,52060
vocal_band,52061
vocal_music,52062
vocalise,52063
vocalised,52064
vocaliser,52065
vocalist,52066
vocalize,52067
vocally,52068
vocation,52069
vocative,52070
vociferate,52071
vociferating,52072
vociferous,52073
vodka,52074
vogue,52075
voguish,52076
voice,52077
voice_boxes,52078
voice_part,52079
voiced,52080
voiceless,52081
voicemail,52082
voices,52083
voicing,52084
void,52085
voids,52086
voile,52087
vol-au-vent,52088
volans,52089
volatile,52090
volatility,52091
volcanic,52092
volcanic_crater,52093
volcanic_glass,52094
volcanic_rock,52095
volcano,52096
vole,52097
voles,52098
volition,52099
volley,52100
volleyball,52101
voltage,52102
voltages,52103
voltaire,52104
volte-face,52105
volume,52106
volumes,52107
voluminous,52108
voluntary,52109
volunteer,52110
volunteered,52111
volunteers,52112
voluptuary,52113
voluptuous,52114
vomit,52115
vomiting,52116
vomits,52117
voodoo,52118
voracious,52119
voracity,52120
vortex,52121
vortices,52122
votaries,52123
votary,52124
vote,52125
vote_in,52126
voted,52127
voter,52128
voters,52129
votes,52130
voting,52131
voting_right,52132
voting_rights,52133
votive,52134
vouch,52135
vouched,52136
voucher,52137
vouchers,52138
vouchsafe,52139
vouchsafed,52140
vow,52141
vowing,52142
vows,52143
vox_populi,52144
voyage,52145
voyager,52146
voyagers,52147
voyages,52148
vroom,52149
vulgar,52150
vulgarian,52151
vulgarism,52152
vulgarity,52153
vulnerability,52154
vulnerable,52155
vulpine,52156
vulture,52157
vying,52158
wabash,52159
wacko,52160
wacky,52161
wad,52162
wadding,52163
waddle,52164
waddles,52165
wade,52166
wader,52167
waders,52168
wadi,52169
wading_bird,52170
wading_birds,52171
wafer,52172
wafers,52173
waffle,52174
waffle_iron,52175
waffled,52176
waffler,52177
waffles,52178
waft,52179
wafted,52180
wafting,52181
wafts,52182
wag,52183
wage,52184
waged,52185
wager,52186
wagered,52187
wagerer,52188
wagering,52189
wages,52190
wagging,52191
waggish,52192
waggoner,52193
wagner,52194
wagon,52195
wagon-lit,52196
wagon_train,52197
wagoner,52198
wags,52199
wagtail,52200
wagtails,52201
wahoo,52202
waif,52203
waifs,52204
waikiki,52205
wail,52206
wailed,52207
wailer,52208
wailing,52209
wails,52210
wain,52211
wainscot,52212
waist,52213
waistband,52214
waistbands,52215
waistcoat,52216
waistcoats,52217
waistline,52218
wait,52219
wait_on,52220
waited,52221
waiter,52222
waiters,52223
waiting,52224
waiting_area,52225
waiting_room,52226
waiting_rooms,52227
waitress,52228
waitresses,52229
waits,52230
waive,52231
waiver,52232
waives,52233
waiving,52234
wake,52235
wake-up_call,52236
wake-up_calls,52237
wake_up,52238
wakeful,52239
wakeless,52240
waken,52241
wakes,52242
waking,52243
waking_up,52244
waldorf_salad,52245
wales,52246
walk,52247
walk_about,52248
walk_in,52249
walk_of_life,52250
walk_out,52251
walk_over,52252
walked,52253
walker,52254
walkers,52255
walking,52256
walking_stick,52257
walkout,52258
walkover,52259
walks,52260
walkway,52261
wall,52262
wall_bracket,52263
wall_hanging,52264
wall_in,52265
wall_painting,52266
wall_paintings,52267
wall_panel,52268
wall_street,52269
wallabies,52270
wallaby,52271
waller,52272
wallet,52273
walleye,52274
wallflower,52275
wallies,52276
wallop,52277
walloped,52278
walloping,52279
wallops,52280
wallow,52281
wallowing,52282
wallows,52283
wally,52284
walnut,52285
walpole,52286
walrus,52287
walt_disney,52288
walter_de_la_mare,52289
walter_mitty,52290
walter_raleigh,52291
walter_scott,52292
walton,52293
waltz,52294
waltzer,52295
waltzing,52296
wan,52297
wand,52298
wander,52299
wandered,52300
wanderer,52301
wanderers,52302
wandering,52303
wanderings,52304
wanderlust,52305
wanders,52306
wane,52307
waned,52308
wangle,52309
wangled,52310
wannabe,52311
wannabee,52312
wannabes,52313
want,52314
want_ad,52315
want_ads,52316
wanted,52317
wanting,52318
wanton,52319
wantonly,52320
wantonness,52321
wants,52322
wapiti,52323
wapitis,52324
war,52325
war_chest,52326
war_correspondent,52327
war_cries,52328
war_cry,52329
war_game,52330
war_god,52331
war_machine,52332
war_paint,52333
war_zone,52334
waratah,52335
warble,52336
warbled,52337
warbler,52338
warblers,52339
warbles,52340
warbling,52341
ward,52342
ward_off,52343
warden,52344
wardens,52345
warder,52346
wardress,52347
wardrobe,52348
wardrobes,52349
wardroom,52350
wards,52351
ware,52352
warehouse,52353
warehouses,52354
wares,52355
warfare,52356
warfarin,52357
warhead,52358
warhol,52359
warhorse,52360
warhorses,52361
warily,52362
wariness,52363
warlike,52364
warlock,52365
warlocks,52366
warlord,52367
warm,52368
warm-up,52369
warm_up,52370
warmed,52371
warmer,52372
warmest,52373
warming,52374
warmly,52375
warmonger,52376
warmongers,52377
warms,52378
warmth,52379
warn,52380
warned,52381
warner,52382
warning,52383
warning_device,52384
warning_devices,52385
warning_light,52386
warning_signal,52387
warning_signals,52388
warnings,52389
warns,52390
warp,52391
warped,52392
warplane,52393
warrant,52394
warranted,52395
warranties,52396
warranting,52397
warrants,52398
warranty,52399
warren,52400
warrior,52401
warriors,52402
wars,52403
wars_of_the_roses,52404
warsaw,52405
warship,52406
warships,52407
wart,52408
warthog,52409
warty,52410
wary,52411
was,52412
wasabi,52413
wash,52414
wash_away,52415
wash_out,52416
washbasin,52417
washboard,52418
washed,52419
washed-out,52420
washer,52421
washes,52422
washing,52423
washing_machine,52424
washing_powder,52425
washington,52426
washout,52427
washroom,52428
wasp,52429
waspish,52430
wasps,52431
wassail,52432
wassailer,52433
wassailing,52434
wassails,52435
wastage,52436
waste,52437
waste_material,52438
waste_of_time,52439
waste_paper,52440
waste_pipe,52441
waste_pipes,52442
waste_product,52443
waste_products,52444
wasted,52445
wasteful,52446
wastefulness,52447
wasteland,52448
wastelands,52449
waster,52450
wastes,52451
wasting,52452
wasting_away,52453
wastrel,52454
wastrels,52455
watch,52456
watch_chain,52457
watch_over,52458
watchdog,52459
watched,52460
watcher,52461
watchers,52462
watches,52463
watchful,52464
watching,52465
watchmaker,52466
watchman,52467
watchmen,52468
watchstrap,52469
watchtower,52470
watchword,52471
water,52472
water_bearer,52473
water_bird,52474
water_boatmen,52475
water_bottle,52476
water_clock,52477
water_closet,52478
water_closets,52479
water_down,52480
water_gas,52481
water_hazard,52482
water_heater,52483
water_ice,52484
water_ices,52485
water_level,52486
water_lilies,52487
water_lily,52488
water_main,52489
water_mains,52490
water_mill,52491
water_nymph,52492
water_nymphs,52493
water_parsnip,52494
water_pipe,52495
water_pistol,52496
water_plant,52497
water_plants,52498
water_polo,52499
water_rat,52500
water_ski,52501
water_supply,52502
water_tanks,52503
water_tower,52504
water_under_the_bridge,52505
water_voles,52506
waterbird,52507
waterbirds,52508
watercolour,52509
watercolours,52510
watercourse,52511
watercourses,52512
watercress,52513
watered,52514
waterfall,52515
waterfalls,52516
waterford,52517
waterfowl,52518
waterfront,52519
waterfronts,52520
watergate,52521
watering,52522
watering_hole,52523
watering_holes,52524
waterless,52525
waterlogged,52526
waterloo,52527
watermelon,52528
waterproof,52529
waterproofing,52530
waters,52531
watershed,52532
waterside,52533
watertight,52534
waterway,52535
waterways,52536
waterworks,52537
watery,52538
wats,52539
watson,52540
watt,52541
wattage,52542
watteau,52543
wattle,52544
wattle_and_daub,52545
waugh,52546
waul,52547
wave,52548
waved,52549
wavelet,52550
waver,52551
wavered,52552
wavering,52553
waves,52554
waving,52555
wavy,52556
wax,52557
wax_myrtle,52558
waxed,52559
waxes,52560
waxing,52561
waxwing,52562
waxwork,52563
waxworks,52564
waxy,52565
way,52566
way-out,52567
way_of_life,52568
way_out,52569
wayfarer,52570
wayfaring_tree,52571
waylaid,52572
waylay,52573
wayne,52574
ways,52575
ways_and_means,52576
wayside,52577
wayward,52578
weak,52579
weak-kneed,52580
weak_points,52581
weak_spot,52582
weaken,52583
weakened,52584
weakening,52585
weakens,52586
weaker,52587
weakling,52588
weaklings,52589
weakly,52590
weakness,52591
weaknesses,52592
weald,52593
weals,52594
wealth,52595
wealthier,52596
wealthiest,52597
wealthy,52598
wealthy_man,52599
wealthy_person,52600
wean,52601
weapon,52602
weaponry,52603
weapons,52604
wear,52605
wear_and_tear,52606
wear_away,52607
wear_down,52608
wear_on,52609
wear_out,52610
wear_the_trousers,52611
wear_thin,52612
wearied,52613
wearies,52614
weariness,52615
wearing,52616
wearisome,52617
wears,52618
weary,52619
wearying,52620
weasel,52621
weasels,52622
weather,52623
weather-beaten,52624
weather_chart,52625
weather_conditions,52626
weather_forecast,52627
weather_station,52628
weatherboards,52629
weathered,52630
weathering,52631
weatherman,52632
weathers,52633
weave,52634
weaver,52635
weavers,52636
weaving,52637
web,52638
web-footed,52639
webb,52640
webbings,52641
webcams,52642
webers,52643
webmasters,52644
webs,52645
website,52646
webster,52647
wed,52648
wedded,52649
wedding,52650
wedding_ceremony,52651
wedding_parties,52652
wedding_present,52653
wedding_ring,52654
weddings,52655
wedge,52656
wedge-shaped,52657
wedged,52658
wedges,52659
wedgie,52660
wedgwood,52661
wedlock,52662
wednesday,52663
weds,52664
wee,52665
wee-weed,52666
weed,52667
weed_out,52668
weedkillers,52669
weeds,52670
weedy,52671
week,52672
week_after_week,52673
weekdays,52674
weekend,52675
weekends,52676
weeklies,52677
weekly,52678
weeks,52679
weep,52680
weepier,52681
weeping,52682
weeping_willow,52683
weeps,52684
weepy,52685
wees,52686
weevil,52687
weft,52688
weigh,52689
weigh_down,52690
weighed_down,52691
weighing,52692
weighing_machine,52693
weighs,52694
weight,52695
weighted,52696
weightier,52697
weightiness,52698
weightless,52699
weightlifter,52700
weightlifting,52701
weights,52702
weighty,52703
weimar,52704
weimaraner,52705
weir,52706
weird,52707
weird_sisters,52708
weirder,52709
weirdly,52710
weirdo,52711
weirdos,52712
welcome,52713
welcomed,52714
welcomes,52715
welcoming,52716
weld,52717
welded,52718
welder,52719
welfare,52720
welkin,52721
well,52722
well-adjusted,52723
well-balanced,52724
well-behaved,52725
well-bred,52726
well-defined,52727
well-disposed,52728
well-dressed,52729
well-educated,52730
well-endowed,52731
well-fed,52732
well-formed,52733
well-founded,52734
well-groomed,52735
well-heeled,52736
well-informed,52737
well-kept,52738
well-knit,52739
well-known,52740
well-mannered,52741
well-meaning,52742
well-nigh,52743
well-off,52744
well-ordered,52745
well-proportioned,52746
well-read,52747
well-rounded,52748
well-set,52749
well-spoken,52750
well-timed,52751
well-to-do,52752
well-wisher,52753
well-worn,52754
well_up,52755
wellbeing,52756
welles,52757
wellington,52758
wellington_boot,52759
wellness,52760
wells,52761
wellspring,52762
welsh,52763
welsh_corgi,52764
welsh_rabbit,52765
welsh_rarebit,52766
welshed,52767
welshman,52768
welt,52769
welter,52770
welterweight,52771
weltschmerz,52772
wen,52773
wench,52774
wend,52775
wended,52776
went,52777
wept,52778
werewolf,52779
werewolves,52780
weser,52781
wesleyan,52782
wessex,52783
west,52784
west_african,52785
west_end,52786
west_germanic_language,52787
west_indian,52788
west_midlands,52789
west_virginia,52790
western,52791
western_isles,52792
western_sahara,52793
westerner,52794
westerners,52795
westminster,52796
wet,52797
wet-nurse,52798
wet_blanket,52799
wet_blankets,52800
wet_nurse,52801
wether,52802
wetland,52803
wetlands,52804
wetness,52805
wets,52806
wetter,52807
wetting,52808
whack,52809
whacked,52810
whackier,52811
whacking,52812
whacko,52813
whacks,52814
whale,52815
whaleboat,52816
whaler,52817
whales,52818
wham,52819
whammy,52820
wharf,52821
wharton,52822
what_for,52823
what_is_more,52824
whatchamacallit,52825
whatnot,52826
whatsoever,52827
wheal,52828
wheat,52829
wheat_germ,52830
wheat_rusts,52831
wheatear,52832
wheaten,52833
wheedle,52834
wheedled,52835
wheedles,52836
wheedling,52837
wheel,52838
wheelbarrow,52839
wheeler_dealer,52840
wheeling,52841
wheels,52842
wheelwright,52843
wheeze,52844
whelk,52845
whelks,52846
whelp,52847
whelping,52848
whereabouts,52849
wherefore,52850
wherewithal,52851
wherry,52852
whet,52853
whets,52854
whetstone,52855
whetted,52856
whey,52857
whiff,52858
whiffs,52859
while,52860
while_away,52861
whim,52862
whimper,52863
whimpering,52864
whimpers,52865
whims,52866
whimsey,52867
whimsical,52868
whimsy,52869
whinchat,52870
whine,52871
whined,52872
whines,52873
whining,52874
whinnies,52875
whip,52876
whip-round,52877
whip_hand,52878
whip_up,52879
whipcord,52880
whiplash,52881
whipped,52882
whippersnapper,52883
whippet,52884
whippets,52885
whipping,52886
whipping_boy,52887
whipping_cream,52888
whippoorwill,52889
whippy,52890
whips,52891
whipsaw,52892
whir,52893
whirl,52894
whirled,52895
whirligig,52896
whirlpool,52897
whirlpools,52898
whirlwind,52899
whirlwinds,52900
whirlybird,52901
whirr,52902
whirred,52903
whisk,52904
whisker,52905
whiskers,52906
whiskery,52907
whiskey,52908
whiskey_sour,52909
whiskeys,52910
whiskies,52911
whisks,52912
whisky,52913
whisper,52914
whispered,52915
whispering,52916
whispers,52917
whist,52918
whistle,52919
whistle-blower,52920
whistle-blowers,52921
whistled,52922
whistler,52923
whistles,52924
whistling,52925
whit,52926
white,52927
white_admiral,52928
white_ant,52929
white_bread,52930
white_dwarf,52931
white_elephant,52932
white_feather,52933
white_hellebore,52934
white_horse,52935
white_horses,52936
white_house,52937
white_lie,52938
white_man,52939
white_meat,52940
white_metal,52941
white_pines,52942
white_russian,52943
white_wine,52944
white_wines,52945
whitebait,52946
whitecap,52947
whited,52948
whitehall,52949
whiten,52950
whiteness,52951
whitens,52952
whiter,52953
whites,52954
whitest,52955
whitewash,52956
whiting,52957
whitish,52958
whitlow,52959
whitman,52960
whitsun,52961
whitsuntide,52962
whittier,52963
whittle,52964
whiz,52965
whizz,52966
whizzes,52967
who,52968
whodunit,52969
whodunits,52970
whole,52971
whole_number,52972
whole_numbers,52973
whole_tone,52974
wholehearted,52975
wholeheartedly,52976
wholeheartedness,52977
wholemeal,52978
wholesale,52979
wholesaler,52980
wholesome,52981
wholly,52982
whoop,52983
whoop_it_up,52984
whoopee,52985
whooping,52986
whoops,52987
whopper,52988
whoppers,52989
whopping,52990
whorl,52991
whortleberries,52992
why,52993
whys,52994
wicca,52995
wichita,52996
wicked,52997
wickedly,52998
wickedness,52999
wicker,53000
wicket,53001
wickets,53002
wickiup,53003
wicks,53004
wide,53005
wide-angle,53006
wide-angle_lens,53007
wide-eyed,53008
wide-open,53009
wide-ranging,53010
wide_of_the_mark,53011
widely,53012
widely_distributed,53013
widen,53014
widespread,53015
widest,53016
widgeon,53017
widget,53018
widow,53019
width,53020
widths,53021
wield,53022
wielded,53023
wielding,53024
wields,53025
wieldy,53026
wiener,53027
wiener_schnitzel,53028
wife,53029
wifely,53030
wifi,53031
wig,53032
wigeon,53033
wigging,53034
wiggle,53035
wiggling,53036
wight,53037
wigs,53038
wigwam,53039
wigwams,53040
wilbur_wright,53041
wild,53042
wild-eyed,53043
wild_ass,53044
wild_boar,53045
wild_card,53046
wild_cherry,53047
wild_dog,53048
wild_dogs,53049
wild_flower,53050
wild_garlic,53051
wild_goat,53052
wild_horse,53053
wild_man,53054
wild_mango,53055
wild_mustard,53056
wild_oats,53057
wild_olive,53058
wild_olives,53059
wild_ox,53060
wild_sheep,53061
wild_thyme,53062
wild_west_show,53063
wildcat,53064
wildcats,53065
wilde,53066
wildebeest,53067
wilder,53068
wilderness,53069
wildest,53070
wildfire,53071
wildflower,53072
wildflowers,53073
wildfowl,53074
wilding,53075
wildlife,53076
wildly,53077
wildness,53078
wile,53079
wiles,53080
wilful,53081
wiliness,53082
will,53083
will_power,53084
william_blake,53085
william_caxton,53086
william_golding,53087
william_hogarth,53088
william_tell,53089
williams,53090
willies,53091
willing,53092
willingly,53093
willow,53094
willowherb,53095
willows,53096
willowy,53097
willpowers,53098
willy-nilly,53099
wilson,53100
wilt,53101
wilted,53102
wilton,53103
wilts,53104
wily,53105
wimbledon,53106
wimp,53107
wimpish,53108
wimple,53109
wimples,53110
wimps,53111
wimpy,53112
win,53113
win_back,53114
win_over,53115
wince,53116
winced,53117
winch,53118
winched,53119
winches,53120
winchester,53121
wincing,53122
wind,53123
wind_farm,53124
wind_generator,53125
wind_instrument,53126
wind_instruments,53127
wind_up,53128
windbag,53129
windbreak,53130
windcheater,53131
windfall,53132
windfalls,53133
windflowers,53134
windiest,53135
winding,53136
windjammer,53137
windlass,53138
windless,53139
windmill,53140
windmills,53141
window,53142
window_dressing,53143
window_frame,53144
window_frames,53145
windowpane,53146
windows,53147
windpipe,53148
winds,53149
windsor,53150
windsor_tie,53151
windsors,53152
windstorm,53153
windswept,53154
windward,53155
windward_islands,53156
windy,53157
windy_city,53158
wine,53159
wine_and_dine,53160
wine_bar,53161
wine_bottle,53162
wine_bottles,53163
wine_cask,53164
wine_casks,53165
wine_cellar,53166
wine_waiter,53167
wineglass,53168
winemaker,53169
winepress,53170
wines,53171
wing,53172
wing-shaped,53173
wing_nut,53174
winged,53175
winger,53176
wingers,53177
wingman,53178
wingmen,53179
wings,53180
wingspan,53181
wink,53182
winking,53183
winkle,53184
winkles,53185
winkling,53186
winnebago,53187
winner,53188
winners,53189
winning,53190
winnings,53191
winnipeg,53192
winnow,53193
wino,53194
winos,53195
wins,53196
winslow,53197
winslow_homer,53198
winsome,53199
winter,53200
wintergreen,53201
wintertime,53202
wintry,53203
wipe,53204
wipe_off,53205
wipe_out,53206
wiped,53207
wiped_out,53208
wipeout,53209
wiper,53210
wipers,53211
wipes,53212
wiping,53213
wire,53214
wire_wool,53215
wired,53216
wirehair,53217
wireless,53218
wires,53219
wiretap,53220
wiretapper,53221
wiretaps,53222
wiring,53223
wirings,53224
wiry,53225
wisconsin,53226
wisconsinite,53227
wisdom,53228
wise,53229
wise_guy,53230
wise_guys,53231
wise_man,53232
wise_men,53233
wiseacre,53234
wiseacres,53235
wisecrack,53236
wisecracking,53237
wisecracks,53238
wisely,53239
wiser,53240
wisest,53241
wish,53242
wish_list,53243
wishbones,53244
wished,53245
wishes,53246
wishful_thinker,53247
wishing,53248
wishy-washy,53249
wisp,53250
wispiest,53251
wispy,53252
wistaria,53253
wisteria,53254
wistful,53255
wistfulness,53256
wit,53257
witch,53258
witch-hunt,53259
witch_doctor,53260
witch_hazel,53261
witchcraft,53262
witches,53263
witching,53264
with-it,53265
with_child,53266
withal,53267
withdraw,53268
withdrawal,53269
withdrawal_symptoms,53270
withdrawing,53271
withdrawn,53272
withdraws,53273
withdrew,53274
withe,53275
wither,53276
withered,53277
withering,53278
withers,53279
withheld,53280
withhold,53281
within,53282
without_a_stitch,53283
without_doubt,53284
withstand,53285
withstanding,53286
withstands,53287
witless,53288
witness,53289
witnessed,53290
witnesses,53291
witnessing,53292
wits,53293
wittgenstein,53294
witticism,53295
witticisms,53296
wittiness,53297
witty,53298
wizard,53299
wizardry,53300
wizards,53301
wizened,53302
woad,53303
wobble,53304
wobbled,53305
wobbling,53306
wobbly,53307
wodehouse,53308
woe,53309
woebegone,53310
woeful,53311
woes,53312
wok,53313
woke,53314
woken,53315
wolf,53316
wolfe,53317
wolfed,53318
wolfgang_amadeus_mozart,53319
wolfish,53320
wolfman,53321
wolfram,53322
wolverine,53323
wolverines,53324
wolves,53325
woman,53326
womanise,53327
womaniser,53328
womanish,53329
womanising,53330
womanly,53331
womb,53332
wombat,53333
women,53334
won,53335
won_ton,53336
wonder,53337
wonderful,53338
wonderfully,53339
wondering,53340
wonderland,53341
wonderment,53342
wonders,53343
wondrous,53344
wonky,53345
wont,53346
wonted,53347
woo,53348
wood,53349
wood_anemone,53350
wood_ant,53351
wood_avens,53352
wood_spirit,53353
woodbine,53354
woodchuck,53355
woodcut,53356
woodcutter,53357
wooded,53358
wooden,53359
wooden_leg,53360
wooden_shoe,53361
wooden_spoon,53362
woodland,53363
woodlands,53364
woodlice,53365
woodlouse,53366
woodman,53367
woodpecker,53368
woods,53369
woodshed,53370
woodsman,53371
woodsmen,53372
woodwind_instrument,53373
woodwind_instruments,53374
woodwork,53375
woodworker,53376
woodworkers,53377
woodworking,53378
woody,53379
woody_allen,53380
woody_guthrie,53381
woody_plant,53382
wooed,53383
wooer,53384
woof,53385
woofer,53386
wooing,53387
wool,53388
woolf,53389
woolgathering,53390
woollen,53391
woolly,53392
woolly_bear,53393
woozy,53394
worcester,53395
worcestershire,53396
word,53397
word-perfect,53398
word_for_word,53399
word_game,53400
word_meanings,53401
word_of_farewell,53402
word_of_mouth,53403
word_picture,53404
word_processor,53405
wordbook,53406
wordbooks,53407
wordfinders,53408
wording,53409
wordless,53410
wordlessly,53411
wordplay,53412
words,53413
wordsmith,53414
wordsmiths,53415
wordsworth,53416
wordy,53417
work,53418
work-shy,53419
work_at,53420
work_force,53421
work_of_art,53422
work_out,53423
work_surface,53424
work_to_rule,53425
work_units,53426
work_up,53427
workable,53428
workaday,53429
workaholics,53430
workbox,53431
worked,53432
worked_up,53433
worker,53434
workers,53435
workforce,53436
workhorse,53437
working,53438
working_capital,53439
working_classes,53440
working_girl,53441
working_group,53442
working_man,53443
working_out,53444
working_party,53445
workman,53446
workmanship,53447
workmates,53448
workout,53449
workplace,53450
workplaces,53451
workroom,53452
works,53453
workshop,53454
workshops,53455
workspace,53456
worktable,53457
workwear,53458
world,53459
world-weariness,53460
world_cup,53461
world_power,53462
worldly,53463
worldly_goods,53464
worlds,53465
worldwide,53466
worm,53467
worm-eaten,53468
worms,53469
wormwood,53470
worn,53471
worn-out,53472
worn_out,53473
worried,53474
worriedly,53475
worrier,53476
worries,53477
worry,53478
worrying,53479
worse,53480
worsen,53481
worsened,53482
worship,53483
worshipful,53484
worshipped,53485
worshipper,53486
worshippers,53487
worshipping,53488
worships,53489
worst,53490
worsted,53491
worsts,53492
worth,53493
worthful,53494
worthiest,53495
worthiness,53496
worthless,53497
worthwhile,53498
worthy,53499
worts,53500
wotan,53501
would-be,53502
wound,53503
wound_up,53504
wounded,53505
wounding,53506
wounds,53507
wove,53508
wow,53509
wowed,53510
wrack,53511
wraith,53512
wraiths,53513
wrangle,53514
wrangles,53515
wrangling,53516
wrap,53517
wrap_up,53518
wrapped_up,53519
wrapper,53520
wrappers,53521
wrapping,53522
wraps,53523
wrasse,53524
wrasses,53525
wrath,53526
wreak,53527
wreath,53528
wreathe,53529
wreathed,53530
wreck,53531
wreckage,53532
wrecked,53533
wrecker,53534
wreckers,53535
wrecking,53536
wrecks,53537
wren,53538
wrench,53539
wrenched,53540
wrenches,53541
wrens,53542
wrest,53543
wresting,53544
wrestle,53545
wrestled,53546
wrestler,53547
wrestles,53548
wrestling,53549
wrestling_hold,53550
wrestling_match,53551
wrests,53552
wretch,53553
wretched,53554
wretchedness,53555
wretches,53556
wrick,53557
wriggled,53558
wriggling,53559
wright,53560
wring,53561
wringer,53562
wrinkle,53563
wrinkled,53564
wrinkles,53565
wrinkling,53566
wrist,53567
wristband,53568
writ,53569
writ_large,53570
write,53571
write-off,53572
write_down,53573
write_off,53574
write_up,53575
writer,53576
writer's_block,53577
writers,53578
writes,53579
writhe,53580
writhed,53581
writhes,53582
writing,53583
writing_desk,53584
writing_implement,53585
writing_style,53586
writing_system,53587
writing_table,53588
writings,53589
written,53590
written_account,53591
written_accounts,53592
written_agreements,53593
written_communication,53594
written_material,53595
wrong,53596
wrongdoer,53597
wrongdoers,53598
wrongdoing,53599
wrongdoings,53600
wrongful,53601
wrongly,53602
wrongs,53603
wrote,53604
wrought,53605
wrung,53606
wry,53607
wryly,53608
wuss,53609
wusses,53610
wyatt,53611
wych_elm,53612
wye,53613
wykehamist,53614
wyoming,53615
wyomingite,53616
wyvern,53617
wyverns,53618
x,53619
x-ray,53620
x-rayed,53621
x-raying,53622
xanthate,53623
xavier,53624
xenarthra,53625
xenon,53626
xenophobic,53627
xenopus,53628
xerophyte,53629
xerox,53630
xeroxes,53631
xeroxing,53632
xhosa,53633
xian,53634
xiphiidae,53635
xmas,53636
xx,53637
xylene,53638
xylophone,53639
y-axis,53640
yacht,53641
yachted,53642
yachting,53643
yachts,53644
yachtsman,53645
yachtsmen,53646
yack,53647
yacks,53648
yahoo,53649
yahoos,53650
yahweh,53651
yak,53652
yakety-yak,53653
yakking,53654
yaks,53655
yakut,53656
yale,53657
yalta,53658
yam,53659
yammer,53660
yammered,53661
yammering,53662
yammers,53663
yams,53664
yangtze,53665
yank,53666
yankee,53667
yankees,53668
yanking,53669
yanks,53670
yaounde,53671
yap,53672
yaps,53673
yard,53674
yardage,53675
yardarm,53676
yardbird,53677
yardie,53678
yardman,53679
yards,53680
yardstick,53681
yardsticks,53682
yarmulke,53683
yarn,53684
yarns,53685
yarrow,53686
yashmak,53687
yawl,53688
yawn,53689
yawned,53690
yawning,53691
yaws,53692
yea,53693
yeah,53694
year,53695
year-end,53696
year_dot,53697
yearbook,53698
yearling,53699
yearlings,53700
yearlong,53701
yearly,53702
yearn,53703
yearned,53704
yearner,53705
yearning,53706
yearnings,53707
yearns,53708
years,53709
yeast,53710
yeastier,53711
yeasty,53712
yeats,53713
yell,53714
yelled,53715
yelling,53716
yellow,53717
yellow-bellied,53718
yellow_bunting,53719
yellow_fever,53720
yellow_pages,53721
yellow_peril,53722
yellow_sea,53723
yellowfin,53724
yellowfin_tuna,53725
yellowhammer,53726
yellowhammers,53727
yellowish,53728
yellowish-white,53729
yellowish_green,53730
yellows,53731
yellowstone,53732
yells,53733
yelp,53734
yelping,53735
yelps,53736
yemen,53737
yemeni,53738
yen,53739
yenned,53740
yenning,53741
yens,53742
yeoman,53743
yeomanry,53744
yeomen,53745
yerevan,53746
yes,53747
yes-man,53748
yes-men,53749
yeses,53750
yeshiva,53751
yesterday,53752
yesterdays,53753
yesteryear,53754
yet,53755
yeti,53756
yetis,53757
yew,53758
yews,53759
yggdrasil,53760
yiddish,53761
yield,53762
yield_up,53763
yielded,53764
yielding,53765
yields,53766
ylang-ylang,53767
yo-yo,53768
yob,53769
yobbo,53770
yobs,53771
yodel,53772
yodelled,53773
yodeller,53774
yodels,53775
yoga,53776
yoghourt,53777
yoghurt,53778
yogi,53779
yogic,53780
yogurt,53781
yogurts,53782
yoke,53783
yoked,53784
yokel,53785
yokelish,53786
yokels,53787
yokes,53788
yoking,53789
yoko_ono,53790
yokohama,53791
yolk,53792
yolks,53793
yonder,53794
yore,53795
york,53796
yorkshire,53797
yorkshire_terrier,53798
yorktown,53799
yoruba,53800
yosemite,53801
you_bet,53802
young,53803
young_bird,53804
young_birds,53805
young_fish,53806
young_girl,53807
young_girls,53808
young_ladies,53809
young_lady,53810
young_man,53811
young_men,53812
young_person,53813
young_turk,53814
young_turks,53815
young_woman,53816
young_women,53817
younger,53818
youngest,53819
youngster,53820
youngsters,53821
youth,53822
youthful,53823
youths,53824
yowl,53825
ypres,53826
ytterbium,53827
yttrium,53828
yuan,53829
yucatan,53830
yucca,53831
yugoslav,53832
yugoslavia,53833
yukon,53834
yule_log,53835
yuletide,53836
yummy,53837
yuppie,53838
yurt,53839
zabaglione,53840
zagreb,53841
zaire,53842
zaman,53843
zambezi,53844
zambia,53845
zambian,53846
zany,53847
zapata,53848
zapped,53849
zapper,53850
zapping,53851
zarfs,53852
zeal,53853
zealot,53854
zealotry,53855
zealots,53856
zealous,53857
zealously,53858
zebra,53859
zebra_crossing,53860
zebra_finch,53861
zebras,53862
zebrawoods,53863
zebu,53864
zebus,53865
zeds,53866
zeitgeist,53867
zend-avesta,53868
zenith,53869
zeno,53870
zephyr,53871
zeppelin,53872
zero,53873
zero_in,53874
zeros,53875
zest,53876
zestful,53877
zesty,53878
zeta,53879
zeugma,53880
zeus,53881
zidovudine,53882
ziggurat,53883
zigzag,53884
zigzags,53885
zilch,53886
zimbabwe,53887
zimbabweans,53888
zinc,53889
zinc_oxide,53890
zinfandel,53891
zing,53892
zingiber,53893
zinnia,53894
zion,53895
zionism,53896
zip,53897
zipped,53898
zippo,53899
zippy,53900
zips,53901
zircon,53902
zirconium,53903
zit,53904
zither,53905
zithers,53906
ziti,53907
zloty,53908
zodiac,53909
zola,53910
zombie,53911
zone,53912
zones,53913
zoo,53914
zoologist,53915
zoology,53916
zoom,53917
zoomed,53918
zooming,53919
zooms,53920
zoos,53921
zorils,53922
zoroaster,53923
zoroastrian,53924
zucchini,53925
zulu,53926
zulus,53927
zwieback,53928
zydeco,53929
